tree
version=v4
num_class=1
num_tree_per_iteration=1
label_index=0
max_feature_idx=115
objective=regression
feature_names=Column_0 Column_1 Column_2 Column_3 Column_4 Column_5 Column_6 Column_7 Column_8 Column_9 Column_10 Column_11 Column_12 Column_13 Column_14 Column_15 Column_16 Column_17 Column_18 Column_19 Column_20 Column_21 Column_22 Column_23 Column_24 Column_25 Column_26 Column_27 Column_28 Column_29 Column_30 Column_31 Column_32 Column_33 Column_34 Column_35 Column_36 Column_37 Column_38 Column_39 Column_40 Column_41 Column_42 Column_43 Column_44 Column_45 Column_46 Column_47 Column_48 Column_49 Column_50 Column_51 Column_52 Column_53 Column_54 Column_55 Column_56 Column_57 Column_58 Column_59 Column_60 Column_61 Column_62 Column_63 Column_64 Column_65 Column_66 Column_67 Column_68 Column_69 Column_70 Column_71 Column_72 Column_73 Column_74 Column_75 Column_76 Column_77 Column_78 Column_79 Column_80 Column_81 Column_82 Column_83 Column_84 Column_85 Column_86 Column_87 Column_88 Column_89 Column_90 Column_91 Column_92 Column_93 Column_94 Column_95 Column_96 Column_97 Column_98 Column_99 Column_100 Column_101 Column_102 Column_103 Column_104 Column_105 Column_106 Column_107 Column_108 Column_109 Column_110 Column_111 Column_112 Column_113 Column_114 Column_115
feature_infos=[-1:4] [-1:5] [-1:5] [-1:5] [-1:5] [-1:5] [-1:3] [-2:5] [1:3] [-1:4] [-2:5] [-1:5] [-2:4] [-2:5] [1:5] [-1:5] [-1:5] [-1:5] [-1:5] [1:4] [-1:4] [-1:4] [-1:5] none [1:4] [-1:4] [1:4] [1:3] [-1:3] [-1:5] [-1:3] [-1:4] [-1:5] [-1:3] [-1:3] [-1:3] none none none none [2:4] [-1:4] [1:3] [1:3] [1:3] none [1:3] [1:3] [2:4] [3:5] [-1:3] [-1:3] [2:4] [2:4] [1:3] [2:4] [2:4] [1:5] [1:5] [-1:5] [-1:5] [1:5] [-1:4] [-1:4] [-1:4] [-1:3] [1:3] [-1:4] [-1:3] [2:4] [1:3] [-1:4] [-1:4] [1:4] [2:3] [-1:3] [2:4] [-1:3] [-1:4] [-1:3] [-1:4] [-1:5] [-1:4] [-2:5] [-2:4] [-2:5] none [-2:4] [-2:5] [-2:5] [-2:4] [1:3] [1:5] [1:5] [1:5] [1:3] [1:5] [1:4] [-2:4] [2:4] [2008:2026] [0:18] [0:1] [0:1] [0:8] [0:1] [0:1] [0:264] [0:264] [0:270] [0:270] [1:8] [0:1] [1:9] [0:20] none
tree_sizes=5280 5353 5340 5361 5387 5342 5350 5396 5343 5363 5377 5373 5373 5364 5375 5409 5349 5373 5402 5361 5451 5388 5421 5417 5416 5378 5434 5433 5405 5421 5480 5447 5422 5452 5447 5423 5447 5448 5449 5448 5452 5392 5469 5444 5450 5458 5403 5463 5448 5456 5394 5420 5418 5454 5421 5417 5414 5420 5448 5446 5474 5513 5522 5536 5532 5514 5479 5428 5491 5490 5427 5540 5456 5527 5498 5506 5498 5522 5502 5520 5527 5458 5419 5565 5476 5577 5538 5572 5513 5643 5507 5514 5491 5506 5533 5466 5478 5557 5491 5629 5552 5540 5511 5603 5472 5574 5561 5482 5523 5547 5485 5505 5505 5499 5466 5543 5498 5493 5545 5529 5586 5557 5582 5552 5547 5545 5530 5528 5602 5545 5484 5497 5497 5575 5574 5491 5530 5507 5506 5579

Tree=0
num_leaves=63
num_cat=0
split_feature=87 85 22 15 94 55 65 61 93 52 57 100 66 100 61 111 100 66 17 17 67 100 65 100 14 66 52 46 63 100 102 100 61 104 104 15 17 14 65 61 41 22 100 100 44 63 22 91 100 109 112 103 65 104 28 48 68 46 43 104 100 100
split_gain=790384 421505 131777 77369.2 58976.2 51438.6 58031.9 40828.1 35498.9 32953.2 22875.5 33441.2 16859.7 27832.9 16808.2 15232.1 14805.8 24458.4 19047.2 9893.15 13035 9044.38 14257.4 8481.25 8286.83 10204.2 8156.18 8119.74 7081.95 13217.8 6096.99 5669.75 5420.58 5103.11 4650.69 4919.76 4886.87 7376.85 4287.86 4197.18 3946.6 3884.06 3733.83 3932.82 3724.46 3461.01 3436.38 3091.61 3072.87 3051.46 3940.35 2983.51 2816.77 2807.15 2589.34 2569.28 3433.46 2527.15 2503.72 2418.79 2317.1 2287.03
threshold=1.0000000180025095e-35 4.0000000000000009 1.0000000180025095e-35 3.0000000000000004 4.0000000000000009 3.0000000000000004 2.0000000000000004 4.5000000000000009 3.0000000000000004 3.0000000000000004 4.0000000000000009 2011.5000000000002 2.0000000000000004 2018.5000000000002 3.5000000000000004 1.0000000180025095e-35 2023.5000000000002 2.0000000000000004 3.0000000000000004 3.0000000000000004 2.5000000000000004 2022.5000000000002 2.0000000000000004 2024.5000000000002 4.0000000000000009 2.0000000000000004 3.0000000000000004 2.0000000000000004 2.5000000000000004 2018.5000000000002 1.0000000180025095e-35 2024.5000000000002 3.5000000000000004 7.5000000000000009 7.5000000000000009 3.0000000000000004 3.0000000000000004 2.0000000000000004 2.0000000000000004 3.5000000000000004 2.0000000000000004 1.0000000180025095e-35 2012.5000000000002 2020.5000000000002 2.0000000000000004 2.5000000000000004 1.0000000180025095e-35 2.0000000000000004 2017.5000000000002 94.500000000000014 1.0000000180025095e-35 1.0000000180025095e-35 2.0000000000000004 1.0000000180025095e-35 2.0000000000000004 3.0000000000000004 2.0000000000000004 2.0000000000000004 2.0000000000000004 7.5000000000000009 2024.5000000000002 2022.5000000000002
decision_type=2 2 2 2 2 2 2 2 2 2 2 2 2 2 2 10 2 2 2 2 2 2 2 2 2 2 2 2 2 2 2 2 2 2 2 2 2 2 2 2 2 2 2 2 2 2 2 2 2 10 10 2 2 2 2 2 2 2 2 2 2 2
left_child=2 46 23 -4 26 6 12 -8 42 10 14 -12 58 -14 -7 19 17 57 28 59 24 34 31 30 25 -21 40 -27 -19 -30 49 -23 -29 53 -11 -36 37 39 -26 -37 52 -28 -5 -44 -40 -39 -2 -22 -20 -1 -51 -35 -3 -32 -49 56 -43 -13 -6 -10 -18 -45
right_child=1 4 3 8 5 9 7 -9 15 21 11 16 13 -15 -16 -17 60 18 48 20 47 22 -24 -25 38 27 41 32 29 -31 33 -33 -34 51 35 36 -38 45 44 -41 -42 55 43 61 -46 -47 -48 54 -50 50 -52 -53 -54 -55 -56 -57 -58 -59 -60 -61 -62 -63
leaf_value=2.6354022790470655 2.6418309029553315 3.5250208158518888 2.6482269331308963 3.2353076570615609 4.2841982550856414 3.3819349762152324 5.229505499314163 8.1561656561893869 2.8690819058064654 3.0949227923721541 6.564390865793996 3.723109034668191 4.1517063174816089 6.4470008383088855 4.68811098257898 2.8315763862768049 4.1165540847729485 4.8365206091951025 4.0008959076121426 3.2024284631692108 3.1162998209798731 4.3015677853518275 5.4341512450170288 2.7524442682244556 3.2493201639989464 3.5430053874278649 2.7639111081690637 4.0305936692389528 6.4262626137557906 5.0498758034401678 3.025676252303211 3.4409134748523593 5.0751502148359124 2.6098060005838879 3.1681921046811716 5.1154115639336739 3.6576681734424072 4.1820635582500252 3.4179275810847591 4.1271718951917871 4.4378374110900909 4.0568574733429701 2.6781608794897349 3.5054019126243068 4.155598688912602 3.5775019113301987 3.0001630294034642 3.2355858145779273 4.7082215570958823 2.6599970125107104 3.095376069058573 2.6700862793038098 4.0983461275638966 2.5838940773067951 3.7648765691469799 3.1351142425509413 3.3099057962739016 4.3078114777029377 3.6926531633673103 3.1052404121895791 3.4971121272552939 2.8961268157333175
leaf_weight=10242 698 82 2263 37 53 70 26 22 128 26 22 42 28 25 38 339 36 28 28 37 535 50 21 985 183 29 32 23 37 33 36 31 27 18951 29 21 156 40 44 22 20 25 648 20 28 58 74 68 34 139 83 2302 29 30444 35 56 40 33 27 709 26 67
leaf_count=10242 698 82 2263 37 53 70 26 22 128 26 22 42 28 25 38 339 36 28 28 37 535 50 21 985 183 29 32 23 37 33 36 31 27 18951 29 21 156 40 44 22 20 25 648 20 28 58 74 68 34 139 83 2302 29 30444 35 56 40 33 27 709 26 67
internal_value=2.65628 3.60755 2.62682 2.86827 4.14174 4.31289 5.08061 6.57089 3.03666 4.15516 4.47048 4.68342 4.54276 5.23439 3.84152 3.13964 4.54409 4.72542 5.07466 3.19621 3.30164 3.8586 4.27318 2.60687 3.53731 3.88767 3.50172 4.20861 5.50857 5.77739 2.60457 3.97218 4.59465 2.59753 3.73847 3.78979 3.85049 4.06382 3.37793 4.6098 3.7913 3.25379 2.74521 2.72054 3.7048 3.82426 2.67618 3.16459 4.38878 2.63938 2.82277 2.61634 3.67481 2.58442 3.41544 3.38334 3.59719 3.98038 4.08455 3.06913 3.85679 3.03619
internal_weight=70520 2118 68402 5220 1346 1062 181 48 2957 881 427 319 133 53 108 2185 297 235 160 1846 1009 454 102 63182 371 116 284 79 98 70 62197 81 50 51733 352 326 297 141 255 43 131 153 772 735 72 98 772 638 62 10464 222 21253 111 30480 103 121 65 75 80 837 62 87
internal_count=70520 2118 68402 5220 1346 1062 181 48 2957 881 427 319 133 53 108 2185 297 235 160 1846 1009 454 102 63182 371 116 284 79 98 70 62197 81 50 51733 352 326 297 141 255 43 131 153 772 735 72 98 772 638 62 10464 222 21253 111 30480 103 121 65 75 80 837 62 87
is_linear=0
shrinkage=1


Tree=1
num_leaves=63
num_cat=0
split_feature=87 85 15 113 94 17 65 16 77 52 111 114 113 113 16 57 100 40 49 77 11 113 66 63 100 14 49 63 52 65 100 114 28 100 51 77 52 113 19 77 17 67 66 28 46 11 113 16 11 11 114 111 8 40 28 100 102 48 11 28 114 47
split_gain=713321 380408 119323 70942.1 53226 34834.5 27279.6 64400.6 29199.3 28707.3 25563.9 18951 13752.4 13658.2 12922 12608.9 12162.9 11805.4 12105.7 12324 9922.49 9770.86 9352.89 9340.04 9300.37 9104.16 13966.4 7433.69 7360.95 6809.41 7648.37 6759.04 6239.83 5898.55 5646.55 5417.61 5235.39 6989.41 4869.33 4339.61 3956.41 4862.42 3718.19 3685.05 3521.73 3505.36 3241.77 3117.3 3101.33 2918.98 2870.18 2621.1 2559.54 3848.6 2544.12 2480.45 2383.58 2318.78 4198.73 2200.62 2170.42 1973.07
threshold=1.0000000180025095e-35 4.0000000000000009 3.0000000000000004 3.5000000000000004 4.0000000000000009 3.0000000000000004 2.0000000000000004 4.5000000000000009 2.5000000000000004 3.0000000000000004 1.0000000180025095e-35 9.5000000000000018 2.5000000000000004 4.5000000000000009 3.5000000000000004 4.0000000000000009 2023.5000000000002 3.5000000000000004 4.0000000000000009 2.5000000000000004 1.0000000180025095e-35 4.5000000000000009 2.0000000000000004 2.5000000000000004 2015.5000000000002 4.0000000000000009 4.0000000000000009 2.5000000000000004 3.0000000000000004 2.0000000000000004 2013.5000000000002 17.500000000000004 2.0000000000000004 2024.5000000000002 2.5000000000000004 2.5000000000000004 3.0000000000000004 4.5000000000000009 3.5000000000000004 2.5000000000000004 3.0000000000000004 2.5000000000000004 2.0000000000000004 2.0000000000000004 2.0000000000000004 1.0000000180025095e-35 3.5000000000000004 4.5000000000000009 1.0000000180025095e-35 2.0000000000000004 18.500000000000004 1.0000000180025095e-35 2.0000000000000004 3.5000000000000004 2.0000000000000004 2010.5000000000002 1.0000000180025095e-35 3.0000000000000004 2.0000000000000004 2.0000000000000004 17.500000000000004 2.0000000000000004
decision_type=2 2 2 2 2 2 2 2 2 2 10 2 2 2 2 2 2 2 2 2 2 2 2 2 2 2 2 2 2 2 2 2 2 2 2 2 2 2 2 2 2 2 2 2 2 2 2 2 2 2 2 10 2 2 2 2 2 2 2 2 2 2
left_child=2 48 12 20 28 6 9 8 -8 16 14 -7 33 -10 38 -13 17 24 -19 -20 -4 61 -16 29 -6 26 32 -21 35 30 -17 -26 -24 56 -22 -3 37 -25 -5 -32 55 49 -39 -27 60 -30 -14 -38 -2 -42 59 -36 53 -23 -44 -40 -1 58 -47 -28 -37 -11
right_child=1 4 3 10 5 11 7 -9 13 21 -12 15 46 -15 22 23 -18 18 19 27 34 52 25 36 31 43 50 -29 45 -31 39 -33 -34 -35 51 44 47 42 40 -41 41 -43 54 -45 -46 57 -48 -49 -50 -51 -52 -53 -54 -55 -56 -57 -58 -59 -60 -61 -62 -63
leaf_value=-0.035062056821900528 -0.014137292833449078 0.65503861581285794 -0.0255796118076623 0.052559759940213717 1.1914087940226583 2.570203612027345 0.9933627427866063 4.6474448045094814 3.3119126237271468 1.045924570575937 0.098597849419076358 0.72077852682425425 -0.017900989337320431 1.87269994802773 0.43237351353602832 2.2377672722706428 1.2116486124694348 1.598110066652298 2.0210689425468447 2.8393573965345111 9.7523188392488927e-05 2.2245630213192533 1.175735262150948 0.87362093266687912 1.690041423837344 0.49317375886267129 0.38493285994738979 4.1697433210554582 0.10183891007327475 2.3053981227259484 1.8553488219777745 2.8895183729088827 2.2514266662964864 0.076071287026658815 0.33721316865161427 1.970229873841717 0.80489054434363139 1.2208582618962165 0.73370199895674182 1.0803267615298704 1.0324898094071873 0.39187916210663598 2.3995036303997042 0.82063133644664465 0.91121512171812358 1.2771780716584011 0.037256798193052929 1.3917425866784721 0.32627822333644774 0.57071365369483829 1.2645797913273178 0.080887575378415719 1.2467771787252842 1.4275778900493277 1.6115401509404184 0.27038623017062902 -0.066726777366155884 0.45448187504495891 0.47260477763991204 0.90442761762274637 1.3074687556425733 0.58382476920431314
leaf_weight=6939 698 48 2070 111 34 27 48 27 34 77 543 104 10384 32 358 26 34 20 21 21 287 28 26 38 24 213 47 21 32 31 24 23 28 784 408 21 103 23 31 73 56 276 21 144 32 34 3583 29 74 88 21 132 33 33 20 424 41413 56 31 36 30 33
leaf_count=6939 698 48 2070 111 34 27 48 27 34 77 543 104 10384 32 358 26 34 20 21 21 287 28 26 38 24 213 47 21 32 31 24 23 28 784 408 21 103 23 31 73 56 276 21 144 32 34 3583 29 74 88 21 132 33 33 20 424 41413 56 31 36 30 33
internal_value=-0.000412685 0.903295 -0.0283951 0.199495 1.41077 1.57337 1.85333 2.45173 1.93169 1.64344 0.40041 1.28046 -0.0475319 2.61411 0.488567 1.20968 2.07232 2.25075 2.66983 3.01006 0.0329093 1.22718 0.628663 1.34073 1.82133 0.765113 1.08112 3.50455 0.802761 1.64313 1.47621 2.27702 1.7335 -0.0599766 0.179308 1.07786 1.14172 1.41076 0.364527 1.27208 0.404102 0.514764 1.72969 0.625257 1.32238 0.56722 -0.00375118 0.93382 0.0184932 0.750293 0.742379 0.274556 1.60151 1.79341 2.01513 0.301953 -0.0621826 0.690296 0.893459 0.610256 1.58037 0.907295
internal_weight=70520 2118 68402 5299 1346 1062 543 141 114 402 2402 519 63103 66 1859 492 198 164 83 63 2897 204 873 388 81 515 158 42 284 154 123 47 54 49136 827 131 234 102 986 97 875 420 64 357 83 153 13967 132 772 144 104 540 94 61 41 455 48352 121 65 83 51 110
internal_count=70520 2118 68402 5299 1346 1062 543 141 114 402 2402 519 63103 66 1859 492 198 164 83 63 2897 204 873 388 81 515 158 42 284 154 123 47 54 49136 827 131 234 102 986 97 875 420 64 357 83 153 13967 132 772 144 104 540 94 61 41 455 48352 121 65 83 51 110
is_linear=0
shrinkage=0.05


Tree=2
num_leaves=63
num_cat=0
split_feature=87 85 15 57 55 52 11 70 72 57 100 100 114 100 66 17 114 113 111 14 11 100 113 66 17 46 113 63 14 8 14 57 114 101 14 66 48 113 100 100 113 68 100 28 113 11 100 113 106 46 114 40 11 100 113 46 114 113 100 100 63 17
split_gain=643772 343318 107689 65093.7 45177.5 33742.1 26615.1 26189.3 31194.8 21272.9 27665.5 18380 22794 12899.2 16371.5 15275.1 16210.6 12411.5 12045 11372.4 11324.8 11472.8 10400.2 10193.6 7645.03 7632.89 8728.12 6375.3 6358.27 6269.92 5682.33 10348 5327.43 5323.44 5029.61 5804.53 5874.86 4763.08 3976.88 8001.33 3913.69 3682.21 4817.67 3491.66 3437.9 3106.41 3049.4 2925.7 2905.73 3383.67 5178.64 2873.13 2798.95 2739.99 2537.42 2403.25 2329.97 2220.53 2138.11 2124.83 2066.29 2927.17
threshold=1.0000000180025095e-35 4.0000000000000009 3.0000000000000004 4.0000000000000009 3.0000000000000004 3.0000000000000004 1.0000000180025095e-35 2.0000000000000004 3.5000000000000004 4.0000000000000009 2011.5000000000002 2014.5000000000002 17.500000000000004 2023.5000000000002 2.0000000000000004 3.0000000000000004 17.500000000000004 2.5000000000000004 1.0000000180025095e-35 4.0000000000000009 1.0000000180025095e-35 2022.5000000000002 4.5000000000000009 2.0000000000000004 3.0000000000000004 2.0000000000000004 4.5000000000000009 2.5000000000000004 4.0000000000000009 2.0000000000000004 2.0000000000000004 4.0000000000000009 14.500000000000002 1.5000000000000002 4.0000000000000009 2.0000000000000004 3.0000000000000004 4.5000000000000009 2017.5000000000002 2022.5000000000002 3.5000000000000004 2.0000000000000004 2021.5000000000002 2.0000000000000004 4.5000000000000009 2.0000000000000004 2018.5000000000002 3.5000000000000004 1.0000000180025095e-35 2.0000000000000004 11.500000000000002 3.5000000000000004 1.0000000180025095e-35 2012.5000000000002 4.5000000000000009 2.0000000000000004 17.500000000000004 1.5000000000000002 2020.5000000000002 2013.5000000000002 2.5000000000000004 3.0000000000000004
decision_type=2 2 2 2 2 2 2 2 2 2 2 2 2 2 2 2 2 2 10 2 2 2 2 2 2 2 2 2 2 2 2 2 2 2 2 2 2 2 2 2 2 2 2 2 2 2 2 2 2 2 2 2 2 2 2 2 2 2 2 2 2 2
left_child=2 52 17 40 7 9 -5 8 -3 24 -11 -10 23 14 -12 16 41 33 22 -9 -7 30 48 -13 25 26 -6 32 -17 -29 31 -22 -23 -1 35 -24 43 46 -38 -40 58 -16 -43 -37 -21 -18 55 -19 -8 -50 -51 -33 -2 -42 -30 59 -56 -35 -4 -32 61 -39
right_child=1 4 3 6 5 20 18 19 11 10 13 12 -14 -15 15 28 45 47 -20 44 21 27 34 -25 -26 -27 -28 29 54 -31 37 51 -34 57 -36 36 38 60 39 -41 53 42 -44 -45 -46 -47 -48 -49 49 50 -52 -53 -54 -55 56 -57 -58 -59 -60 -61 -62 -63
leaf_value=0.07226772296126048 -0.013430428670660558 1.1151718709617853 -0.047337573909482782 0.062844274994486193 2.1948563871845121 0.11781428903341294 0.36608288496261054 2.143549096797194 1.653301291370934 3.3340774331435874 1.1985855251243434 3.1133919661953335 2.0777150507867339 1.0061056600375611 2.330364772125527 2.1697513021528723 2.6454818598248746 -0.017005939644329161 0.16292243972717779 0.48818977589790641 2.2014802609171187 1.3999459435485981 0.49640481924024327 4.5821946846114265 0.52663106356215272 0.70882493789131584 0.93919217664003374 1.7326438834590296 0.74735288247466092 0.82405571846804604 0.63539826985862524 0.63894229121506219 2.5274730718135836 -0.071369164132476334 0.54143759422485949 1.0696687939443759 0.45487597105093303 1.660462947189808 1.7448577291965486 0.55898466410510472 0.53875777100523314 1.0464442138160979 2.1174550544647945 1.9011033436526423 1.2799844898026567 3.4601243543624878 0.26327915234225141 0.035393958463226211 0.34782474094937588 1.4188450718298555 0.50306921628744983 1.2293992855813769 0.30996431460654417 0.0890562309745076 1.0664621358116468 0.49615744369587411 1.820532730817795 -0.04973599427789023 0.13110627122623947 1.2421117317291999 0.82507412432055727 0.95923639514847947
leaf_weight=784 698 32 1722 605 31 38 1009 28 22 24 97 21 25 77 27 24 22 10384 337 26 21 22 88 27 56 37 25 31 20 49 27 38 20 20870 464 28 48 22 25 33 36 21 21 23 29 25 49 3583 58 26 38 45 74 573 21 54 20 27482 186 31 95 46
leaf_count=784 698 32 1722 605 31 38 1009 28 22 24 97 21 25 77 27 24 22 10384 337 26 21 22 88 27 56 37 25 31 20 49 27 38 20 20870 464 28 48 22 25 33 36 21 21 23 29 25 49 3583 58 26 38 45 74 573 21 54 20 27482 186 31 95 46
internal_value=-0.000392051 0.85813 -0.0269753 0.18952 1.34024 1.21569 0.356209 2.01397 2.46537 1.49796 1.68833 2.92017 3.30196 1.583 1.73207 1.98952 2.36263 -0.0451553 0.437736 1.32328 0.952621 1.0103 0.488069 3.93959 0.988176 1.2661 1.63429 1.43802 1.48032 1.17613 0.888377 1.20994 1.93686 -0.0569778 0.638207 0.821476 1.00368 0.785159 0.791528 1.07014 0.00528207 1.87481 1.58195 1.44463 0.905682 3.0788 0.592263 -0.00356362 0.393951 0.62443 0.875103 0.95907 0.0175685 0.11564 1.20907 0.736194 1.4343 -0.0590734 -0.0299421 0.959676 0.975688 1.1861
internal_weight=70520 2118 68402 5299 1346 1136 2782 210 127 548 399 95 73 375 298 201 116 63103 2177 83 588 550 1840 48 149 93 56 122 85 80 428 104 42 49136 709 245 157 324 106 58 2517 69 42 51 55 47 161 13967 1131 122 64 83 772 609 61 112 41 48352 1908 58 163 68
internal_count=70520 2118 68402 5299 1346 1136 2782 210 127 548 399 95 73 375 298 201 116 63103 2177 83 588 550 1840 48 149 93 56 122 85 80 428 104 42 49136 709 245 157 324 106 58 2517 69 42 51 55 47 161 13967 1131 122 64 83 772 609 61 112 41 48352 1908 58 163 68
is_linear=0
shrinkage=0.05


Tree=3
num_leaves=63
num_cat=0
split_feature=87 85 15 80 94 55 65 16 52 113 70 66 80 101 16 101 66 114 113 111 72 101 65 16 66 68 16 52 68 43 46 11 101 101 77 46 101 101 11 113 114 72 46 70 113 62 113 11 101 46 101 16 114 101 40 102 101 101 114 48 101 113
split_gain=581005 309845 97189.1 58747.1 46470.5 40999.5 48261.8 34078.9 25003 24334.5 22108.2 22412.8 17415.5 26888.8 14597.9 11396.1 19559.8 18271.3 11201.4 9444.12 7880.04 7215.63 11597.2 7197.71 8760.28 7183.11 6510.11 5842.8 5689.01 5525.93 6889.1 5052.1 4806.87 4804.41 4798.74 4108.17 5156.89 7757.64 10409.1 3532.1 3487.23 3224.35 3184.86 3178.29 3132.42 2716.47 2640.44 2526.06 2487.94 2298.95 2245.41 2242.14 2214.17 2118.76 2081.39 2077.87 1984.53 1929.65 1903.63 1897.75 1861.9 1800.28
threshold=1.0000000180025095e-35 4.0000000000000009 3.0000000000000004 3.5000000000000004 4.0000000000000009 3.0000000000000004 2.0000000000000004 4.5000000000000009 3.0000000000000004 3.5000000000000004 2.0000000000000004 2.0000000000000004 3.5000000000000004 14.500000000000002 3.5000000000000004 2.5000000000000004 2.0000000000000004 18.500000000000004 2.5000000000000004 1.0000000180025095e-35 3.5000000000000004 3.5000000000000004 2.0000000000000004 3.5000000000000004 2.0000000000000004 2.0000000000000004 3.5000000000000004 3.0000000000000004 2.0000000000000004 2.0000000000000004 2.0000000000000004 1.0000000180025095e-35 1.5000000000000002 1.5000000000000002 2.5000000000000004 2.0000000000000004 7.5000000000000009 11.500000000000002 2.0000000000000004 3.5000000000000004 11.500000000000002 3.5000000000000004 2.0000000000000004 2.0000000000000004 4.5000000000000009 2.5000000000000004 3.5000000000000004 1.0000000180025095e-35 12.500000000000002 2.0000000000000004 11.500000000000002 2.5000000000000004 16.500000000000004 1.5000000000000002 3.5000000000000004 1.0000000180025095e-35 7.5000000000000009 5.5000000000000009 17.500000000000004 3.0000000000000004 8.5000000000000018 4.5000000000000009
decision_type=2 2 2 2 2 2 2 2 2 2 2 2 2 2 2 2 2 2 2 10 2 2 2 2 2 2 2 2 2 2 2 2 2 2 2 2 2 2 2 2 2 2 2 2 2 2 2 2 2 2 2 2 2 2 2 2 2 2 2 2 2 2
left_child=2 47 18 39 27 6 10 -8 12 31 11 52 14 15 -7 53 49 20 33 23 26 22 32 51 -25 29 -18 34 -22 30 -26 -5 -10 -1 -3 36 -23 38 -38 57 54 -19 58 45 59 -32 -20 -2 50 -17 56 -11 -6 -14 -27 -35 -41 -4 -36 -29 -30 -37
right_child=1 4 3 9 5 8 7 -9 21 19 -12 -13 13 -15 -16 16 17 41 46 -21 28 35 -24 24 25 40 -28 44 60 -31 43 -33 -34 55 42 61 37 -39 -40 48 -42 -43 -44 -45 -46 -47 -48 -49 -50 -51 -52 -53 -54 -55 -56 -57 -58 -59 -60 -61 -62 -63
leaf_value=0.068654336694750351 -0.012758908749399254 0.55225856979377574 0.12455095707974646 0.024784427074539921 1.1223928902298212 0.5819042230184589 2.2440986794921067 4.9179392371665358 0.63567101652583768 0.23141614139558297 0.86415231716153884 3.1814087135717273 0.67292839804520976 3.431449162418192 1.7991717061321986 0.86729369928084665 2.832964981865624 2.4487291105415512 -0.016155642345918896 0.17144959632859713 2.0738905191421511 0.53964895989213679 2.4433850184792565 0.40206553097365494 0.70931340586394076 0.71005626509586972 1.5995209877938033 0.55496521857651804 1.359685263152306 0.55783030086375296 2.088010965860807 0.25081923571476822 1.428131556212902 -0.030798148612691367 1.7907822450002033 0.58724874219728973 2.37441756217568 0.89342003560556871 1.0832444538538522 0.11307512054918334 0.52553704122803802 3.254349126280458 0.78932213574880739 1.0065065535051483 0.84573862367206143 1.3234276355022478 0.033624260863115089 0.29446609094738962 0.46763655995329229 1.4249720788701918 -0.032527469715901786 0.43306024441196 1.82541138785226 1.2652650132775307 1.3590806873781343 -0.060362561162817512 0.44812976504271884 -0.044970695242164987 1.1700910909970601 0.13570612210270791 0.71799421876668934 0.91198861032409217
leaf_weight=784 698 48 186 488 24 70 26 22 31 185 56 32 26 22 38 42 23 23 10384 263 21 35 21 332 43 30 20 55 26 47 26 501 50 6939 21 89 27 82 37 266 263 27 32 21 45 21 3583 74 45 33 245 541 21 36 21 41413 53 1722 30 53 20 82
leaf_count=784 698 48 186 488 24 70 26 22 31 185 56 32 26 22 38 42 23 23 10384 263 21 35 21 332 43 30 20 55 26 47 26 501 50 6939 21 89 27 82 37 266 263 27 32 21 45 21 3583 74 45 33 245 541 21 36 21 41413 53 1722 30 53 20 82
internal_value=-0.000372448 0.815224 -0.0256266 0.180044 1.27322 1.42515 2.11055 3.46961 1.28434 0.338398 1.62007 2.16982 1.55899 1.74479 1.0102 1.61985 1.77894 2.09125 -0.0428975 0.448226 1.73102 1.02601 1.39631 0.495802 0.598855 0.737275 2.25927 0.705104 1.39199 1.01225 1.20466 0.139287 1.12484 -0.0541289 0.950198 0.918709 1.08474 1.21541 1.62796 0.00501796 0.598913 2.88376 1.18033 1.5179 0.495253 1.74639 -0.00338544 0.0166901 0.109858 1.11267 0.0813114 0.381677 1.45047 1.01687 0.977302 -0.0561198 0.168743 -0.028445 1.42567 0.349218 1.08069 0.742972
internal_weight=70520 2118 68402 5299 1346 1062 181 48 881 2782 133 77 427 319 108 297 235 160 63103 1793 110 454 102 1530 804 472 43 284 67 158 111 989 81 49136 131 352 181 146 64 2517 314 50 83 68 153 47 13967 772 609 75 564 726 45 62 51 48352 319 1908 51 108 46 171
internal_count=70520 2118 68402 5299 1346 1062 181 48 881 2782 133 77 427 319 108 297 235 160 63103 1793 110 454 102 1530 804 472 43 284 67 158 111 989 81 49136 131 352 181 146 64 2517 314 50 83 68 153 47 13967 772 609 75 564 726 45 62 51 48352 319 1908 51 108 46 171
is_linear=0
shrinkage=0.05


Tree=4
num_leaves=63
num_cat=0
split_feature=87 85 11 85 94 55 70 72 111 52 57 100 16 100 113 113 100 66 17 14 100 63 110 94 94 16 28 14 63 66 49 101 94 70 104 73 17 14 16 100 68 8 77 52 16 63 113 113 16 57 100 16 100 100 111 11 63 100 113 104 100 100
split_gain=524357 279635 87907.4 52376.3 41939.7 37002 28261.5 33269.6 23466.4 22565.2 15717.4 24267.1 13174.6 11369 10971.8 10600.6 10285 17652.8 14147.8 8229.73 6512.1 8855.67 6421.53 6112.85 11441.7 5951.91 6865.5 5632.08 7241.7 5087.52 8681.81 4820.42 3927.51 4698.04 3907.97 4157.94 3672.8 5982.08 3558.3 3534.79 3376.47 3183.96 2947.41 5996.27 2864.06 2805.93 2773.17 2679.13 2570.26 2550.11 2474.6 2282.42 2281.57 6927.55 2501.53 2279.77 2229.37 2228.52 2165.49 3553.86 2130.96 2094.54
threshold=1.0000000180025095e-35 4.0000000000000009 1.0000000180025095e-35 4.0000000000000009 4.0000000000000009 3.0000000000000004 2.0000000000000004 3.5000000000000004 1.0000000180025095e-35 3.0000000000000004 4.0000000000000009 2011.5000000000002 3.5000000000000004 2018.5000000000002 4.5000000000000009 2.5000000000000004 2023.5000000000002 2.0000000000000004 3.0000000000000004 4.0000000000000009 2022.5000000000002 2.5000000000000004 65.250000000000014 2.0000000000000004 4.0000000000000009 3.5000000000000004 2.0000000000000004 2.0000000000000004 2.5000000000000004 2.0000000000000004 4.0000000000000009 1.5000000000000002 2.0000000000000004 2.0000000000000004 7.5000000000000009 2.5000000000000004 3.0000000000000004 2.0000000000000004 3.5000000000000004 2024.5000000000002 2.0000000000000004 2.0000000000000004 2.5000000000000004 3.0000000000000004 4.5000000000000009 2.5000000000000004 4.5000000000000009 3.5000000000000004 4.5000000000000009 4.0000000000000009 2017.5000000000002 3.5000000000000004 2014.5000000000002 2018.5000000000002 4.5000000000000009 1.0000000180025095e-35 2.5000000000000004 2020.5000000000002 1.5000000000000002 1.0000000180025095e-35 2012.5000000000002 2024.5000000000002
decision_type=2 2 2 2 2 2 2 2 10 2 2 2 2 2 2 2 2 2 2 2 2 2 8 2 2 2 2 2 2 2 2 2 2 2 2 2 2 2 2 2 2 2 2 2 2 2 2 2 2 2 2 2 2 2 10 2 2 2 2 2 2 2
left_child=2 55 15 57 22 6 7 -6 14 10 12 -12 -7 44 23 31 17 -13 27 -8 34 -22 -3 -5 61 -16 56 -19 -29 -28 -31 -1 33 40 -11 -36 37 38 -37 51 41 -24 -42 -44 -9 -39 -21 -17 -32 -26 -20 -23 -49 54 -54 -2 -27 -4 -33 -60 -38 -25
right_child=1 4 3 8 5 9 19 13 -10 20 11 16 -14 -15 25 47 -18 18 50 46 21 39 32 24 49 26 29 28 -30 30 48 58 -34 -35 35 36 60 45 -40 -41 42 -43 43 -45 -46 -47 -48 52 -50 -51 -52 -53 53 -55 -56 -57 -58 -59 59 -61 -62 -63
leaf_value=0.06850449794312799 -0.01212096189817195 0.014141994330919151 -0.015344021376110979 0.15019814781077076 0.94445615267753602 0.55280901783279013 1.9518874597070472 2.9673011965372349 0.070579600407782592 0.28284968877067934 3.259876603565433 1.0570385819673538 1.7092131322936011 3.7641195910051466 0.40132521191347115 -0.012852167556057904 0.96602249612370805 1.8286846656352282 1.0474868596930589 0.44233062494368786 1.9853569387074779 0.9031881399452687 1.4913509265943008 0.64991850027349218 0.022729854512156228 0.81048265703174538 0.55532990117226877 1.9409441856046517 3.0345214592974363 1.8470695812503497 1.0187593832616755 -0.064908700267390873 0.20882866147520215 0.46213265978638818 0.34837122169034235 2.1177688011101314 0.46485896182911735 1.2670037414832043 1.2078459181568839 0.50895088386411469 0.46360344783890817 0.79345690722648921 1.5475443587853359 0.41158358227638969 2.192155050085141 0.72265468329062754 1.208434479435285 -0.00040223373912858391 0.37463771942115964 0.29728773605163122 1.68223337040228 1.6234179653904655 0.59863749236267594 0.052673405773710782 0.12221027758971947 0.27974279048173012 0.43471871107321214 0.18263019256471461 0.57745894102948159 -0.044320749217285869 0.90784791339158033 0.18287681260934244
leaf_weight=829 698 33 2193 408 25 70 28 22 728 26 22 75 38 32 379 9999 62 33 28 21 34 22 44 313 102 49 62 24 41 30 59 21673 29 63 29 21 35 40 22 24 42 26 26 21 26 58 27 1580 21 495 34 22 84 1301 41 74 203 152 23 27652 121 26
leaf_count=829 698 33 2193 408 25 70 28 22 728 26 22 75 38 32 379 9999 62 33 28 21 34 22 44 313 102 49 62 24 41 30 59 21673 29 63 29 21 35 40 22 24 42 26 26 21 26 58 27 1580 21 495 34 22 84 1301 41 74 203 152 23 27652 121 26
internal_value=-0.000353826 0.774462 -0.0243452 0.172856 1.20956 1.35389 2.00502 2.53657 0.315895 1.22012 1.48104 1.65755 0.959692 3.03411 0.399076 -0.0406377 1.53886 1.68999 1.98669 1.27065 0.974711 1.32649 0.669849 0.311708 0.38211 0.545306 0.674005 2.36066 2.63074 0.917539 1.12169 -0.0510643 0.756058 0.827542 0.872774 0.919823 0.975621 1.16057 1.65223 0.997061 0.972328 1.23213 0.767986 1.03999 2.54743 0.944838 0.873264 -0.00040908 0.849677 0.250378 1.39557 1.2633 0.040981 0.0868333 0.442369 0.0158556 0.507784 -0.00251158 -0.0530729 -0.043804 0.808459 0.614098
internal_weight=70520 2118 68402 5220 1346 1062 181 105 2875 881 427 319 108 80 2147 63182 297 235 160 76 454 102 284 1344 936 803 424 98 65 172 110 50177 251 222 352 326 297 141 43 68 159 70 89 47 48 98 48 13005 80 597 62 44 3006 1426 125 772 252 2345 49348 27675 156 339
internal_count=70520 2118 68402 5220 1346 1062 181 105 2875 881 427 319 108 80 2147 63182 297 235 160 76 454 102 284 1344 936 803 424 98 65 172 110 50177 251 222 352 326 297 141 43 68 159 70 89 47 48 98 48 13005 80 597 62 44 3006 1426 125 772 252 2345 49348 27675 156 339
is_linear=0
shrinkage=0.05


Tree=5
num_leaves=63
num_cat=0
split_feature=85 11 111 48 94 55 65 52 52 66 16 100 114 110 16 106 99 14 68 70 46 66 100 68 40 73 41 114 100 57 114 100 100 65 40 66 14 97 49 16 100 57 79 114 77 106 68 100 16 70 68 68 63 16 43 16 67 70 100 54 100 104
split_gain=412001 187965 70099.1 59643.5 46051.9 31228.6 49263.7 25558.5 22148.6 22017.7 19075.4 14707 9853.84 8318.7 7257.18 6978.32 6940.57 6874.75 6316.23 6222.72 6094.77 5548.41 8510.73 7819.9 13212.9 5521.04 5520.02 5376.91 5032.64 4930.18 5144 4662.9 15581 11049.3 11294.2 4609.14 5027.27 5618.19 5472.45 4458.2 4403.6 4334.07 4271.29 7818.77 4036.06 3719.61 4197.33 3669.24 3429.95 3306.61 3305.18 3250.98 3235.83 3194.17 3143.55 2897.47 2712.2 2550.8 2321.49 2727.65 2264.3 2221.33
threshold=4.0000000000000009 1.0000000180025095e-35 3.5000000000000004 3.0000000000000004 4.0000000000000009 3.0000000000000004 2.0000000000000004 3.0000000000000004 3.0000000000000004 2.0000000000000004 3.5000000000000004 2020.5000000000002 12.500000000000002 69.750000000000014 3.5000000000000004 1.0000000180025095e-35 3.0000000000000004 4.0000000000000009 2.0000000000000004 2.0000000000000004 2.0000000000000004 2.0000000000000004 2018.5000000000002 2.0000000000000004 3.5000000000000004 2.5000000000000004 1.0000000180025095e-35 15.500000000000002 2024.5000000000002 4.0000000000000009 18.500000000000004 2018.5000000000002 2014.5000000000002 2.0000000000000004 3.5000000000000004 2.0000000000000004 4.0000000000000009 1.5000000000000002 4.0000000000000009 4.5000000000000009 2020.5000000000002 4.0000000000000009 2.0000000000000004 16.500000000000004 2.5000000000000004 1.0000000180025095e-35 2.0000000000000004 2017.5000000000002 2.5000000000000004 2.0000000000000004 2.0000000000000004 2.0000000000000004 2.5000000000000004 1.5000000000000002 2.0000000000000004 3.5000000000000004 2.5000000000000004 2.0000000000000004 2014.5000000000002 2.0000000000000004 2018.5000000000002 7.5000000000000009
decision_type=2 2 10 2 2 2 2 2 2 2 2 2 2 10 2 2 2 2 2 2 2 2 2 2 2 2 2 2 2 2 2 2 2 2 2 2 2 2 2 2 2 2 2 2 2 2 2 2 2 2 2 2 2 2 2 2 2 2 2 2 2 2
left_child=26 25 3 4 15 6 19 12 10 -8 27 18 -7 48 53 41 -14 -15 -12 39 50 44 23 -23 -25 -2 40 -5 49 -22 47 32 -27 34 -34 -16 37 38 -37 -6 -1 -3 -29 -44 -18 -33 -47 -31 -4 51 55 -17 -49 -10 -20 -9 -42 -32 -38 60 -60 -28
right_child=1 2 13 8 5 7 9 20 14 -11 11 -13 16 17 35 28 21 -19 54 -21 29 22 -24 24 -26 31 61 42 -30 30 57 45 33 -35 -36 36 58 -39 -40 -41 56 -43 43 -45 -46 46 -48 52 -50 -51 -52 -53 -54 -55 -56 -57 -58 -59 59 -61 -62 -63
leaf_value=-0.026090675396005833 -0.048964951754614787 0.17496578752091438 -0.036146409115274482 0.25714507581045232 1.9186545789241791 2.11774047209403 4.3785674129213605 0.55968666729302363 0.073154800251722926 2.1151240565560081 1.4980129724941575 2.0737770102079955 0.54399400959091804 1.2437398455904001 0.37778790291882114 1.8306440454721451 0.55849655240308493 0.31859871206254192 0.96573970315029034 0.77147267546918663 0.46043842783154443 2.4971069647868478 1.1337400443806518 0.57422782156778418 2.1259098598185711 0.020157431857128229 -0.062975167005925786 0.13620406351983547 0.26624837948576263 0.60971548042054913 1.9344969366987546 0.020840070356423435 0.54977186120325516 -0.03785514658689499 1.922529646375313 1.2453396289735228 0.2101392086595297 1.6307090184518271 0.50996620970778161 1.0803404969901875 0.063261240545535322 0.55063575607457615 1.716200377301059 0.66468515557547414 1.2865082189202943 0.063862138199196616 0.80982783536116276 1.4853198444884685 0.19073887399492048 0.6372086300210168 0.4789134843306882 1.0355750312407812 0.88380386210599193 0.3463120209692106 0.33814915041439236 1.3061489995855551 0.43479663199530205 1.1454995824676009 1.091667146542493 0.3972934091850272 0.60272333472011952 -0.036265540709611292
leaf_weight=30603 1207 99 301 99 35 37 21 26 128 22 39 40 31 28 316 20 32 71 53 45 43 30 82 23 34 175 19318 24 23 59 21 861 31 25 29 37 53 21 80 29 887 342 22 90 47 44 33 36 373 26 175 36 59 653 32 26 52 20 34 106 78 13038
leaf_count=30603 1207 99 301 99 35 37 21 26 128 22 39 40 31 28 316 20 32 71 53 45 43 30 82 23 34 175 19318 24 23 59 21 861 31 25 29 37 53 21 80 29 887 342 22 90 47 44 33 36 373 26 175 36 59 653 32 26 52 20 34 106 78 13038
internal_value=0.00104306 0.378331 0.581875 0.680007 0.918239 1.13167 1.78738 1.00406 0.495049 3.22053 0.826273 1.24011 1.35103 0.152278 0.407295 0.553523 1.24935 0.580255 0.971189 1.22201 0.768267 1.33752 1.49922 1.84369 1.49979 0.0265091 -0.0377025 0.537465 0.919854 0.945052 1.05192 0.10255 0.289913 0.845293 1.21327 0.521214 0.632028 0.877679 0.74252 1.53879 -0.0228182 0.466302 0.741522 0.871233 0.991617 0.0506157 0.383562 0.91941 0.0894147 1.10318 0.582914 1.31953 1.11175 0.301544 0.72947 0.932918 0.0838362 1.54962 0.506936 0.579093 0.751153 -0.0522124
internal_weight=70460 6562 4157 3384 1479 933 152 781 1905 43 399 164 316 773 1506 546 279 99 124 109 465 248 169 87 57 2405 63898 235 105 238 195 1198 260 85 60 725 409 138 117 64 31542 441 136 112 79 938 77 154 674 82 227 56 95 781 85 52 939 41 271 218 112 32356
internal_count=70460 6562 4157 3384 1479 933 152 781 1905 43 399 164 316 773 1506 546 279 99 124 109 465 248 169 87 57 2405 63898 235 105 238 195 1198 260 85 60 725 409 138 117 64 31542 441 136 112 79 938 77 154 674 82 227 56 95 781 85 52 939 41 271 218 112 32356
is_linear=0
shrinkage=0.05


Tree=6
num_leaves=63
num_cat=0
split_feature=87 85 113 15 55 65 8 52 111 70 66 94 43 57 16 113 100 100 44 16 113 113 100 66 100 63 77 113 114 46 17 66 94 17 43 11 100 43 100 8 100 16 16 100 22 111 113 72 113 62 11 85 102 114 77 63 100 17 54 94 54 51
split_gain=495820 241877 69382.9 44653.6 37814.8 44087.6 61277.3 39345.2 16125.8 16114.4 17087.6 12251.5 16222.7 10775.3 21548.5 14877.7 10263.9 10175.6 9645.95 8583.88 9072.42 8334.67 7374.48 7031.47 13220.6 6231.53 5678.95 5633.46 5314.15 5062.72 4840.19 4456.99 5508.05 4623.63 6008.27 4410.86 4659.17 4072.75 6655.13 11820.4 3601.8 3185.45 3015.85 2935.39 2828.11 2812.86 2803.12 2661.51 2281.5 2156.31 2140.21 2128.78 2073.18 2005.39 7169.2 3624.26 5282.68 3620.41 3509.56 1909.14 1788.64 1768.11
threshold=1.0000000180025095e-35 4.0000000000000009 3.5000000000000004 3.0000000000000004 3.0000000000000004 2.0000000000000004 2.0000000000000004 3.0000000000000004 1.0000000180025095e-35 2.0000000000000004 2.0000000000000004 4.0000000000000009 2.0000000000000004 4.0000000000000009 3.5000000000000004 4.5000000000000009 2017.5000000000002 2018.5000000000002 2.0000000000000004 3.5000000000000004 6.5000000000000009 3.5000000000000004 2020.5000000000002 2.0000000000000004 2014.5000000000002 2.5000000000000004 2.5000000000000004 2.5000000000000004 13.500000000000002 2.0000000000000004 3.0000000000000004 2.0000000000000004 2.0000000000000004 3.0000000000000004 2.0000000000000004 2.0000000000000004 2018.5000000000002 2.0000000000000004 2023.5000000000002 2.0000000000000004 2022.5000000000002 1.5000000000000002 2.5000000000000004 2018.5000000000002 3.0000000000000004 1.0000000180025095e-35 2.5000000000000004 3.5000000000000004 5.5000000000000009 2.5000000000000004 2.0000000000000004 1.0000000180025095e-35 1.0000000180025095e-35 18.500000000000004 2.5000000000000004 2.5000000000000004 2014.5000000000002 3.0000000000000004 2.0000000000000004 4.0000000000000009 2.0000000000000004 2.5000000000000004
decision_type=2 2 2 2 2 2 2 2 10 2 2 2 2 2 2 2 2 2 2 2 2 2 2 2 2 2 2 2 2 2 2 2 2 2 2 2 2 2 2 2 2 2 2 2 2 10 2 2 2 2 2 2 2 2 2 2 2 2 2 2 2 2
left_child=2 46 22 -4 5 9 -7 11 19 10 30 25 13 14 -13 18 23 -12 28 42 29 45 27 -17 -25 -6 -27 52 -15 -21 -3 -31 -33 59 35 -35 -37 38 41 -40 -24 -23 -5 -28 -29 49 -2 -18 -39 -9 -11 -46 -1 55 -55 -43 -57 -58 -56 -34 -14 -53
right_child=1 4 3 8 7 6 -8 21 -10 50 17 12 60 15 -16 16 47 -19 -20 20 -22 37 40 24 -26 26 43 44 -30 31 -32 32 33 34 -36 36 -38 48 39 -41 -42 53 -44 -45 51 -47 -48 -49 -50 -51 -52 61 -54 54 58 56 57 -59 -60 -61 -62 -63
leaf_value=-0.023152680045751051 -0.028134241656060571 1.4648419734309703 0.029570695804227429 0.16304917760875445 0.3665780471637845 4.0405032849311828 0.75520971160043371 0.64900278086597862 0.064424309343099603 0.94886537763205459 1.6856817128865615 0.55711002795533704 0.71123868745565422 1.685126025016819 2.1889671009965244 1.8989965890462583 1.4286688141333752 3.1897947622971103 2.1812463459248348 0.34278000858789193 1.5491883862018587 0.30076952952405683 0.3503120236697474 2.1652874834537505 3.8900022625923159 0.51855076149753898 1.915454490695681 -0.012661068521835434 0.73445947091190189 0.38658435090565713 0.48457640793174506 0.31897535909374714 0.81193544723350441 1.7236538429908894 0.58389053823436077 0.4886837672442198 1.4845558042111604 0.58081332097242544 2.4268329459428788 0.79600479835271842 0.039801743341174776 0.54822554269007273 0.34406534224358426 1.0978262877982596 0.01878863727075181 -0.094032153611381855 0.18314960284021198 2.0248544308874346 1.0803432457424977 0.1338563365063497 0.36010622731570541 -0.0067154353750603539 -0.05268813626821231 0.39941834147003563 1.0700803713329756 0.61839697390146886 1.8057606051365536 0.9933752310927958 1.9344028735938281 0.26681138308097924 1.1161568535740176 0.4580735692754388
leaf_weight=6914 536 34 3612 355 40 40 22 74 525 33 23 55 50 21 32 26 39 22 24 395 20 23 98 25 20 23 21 10893 49 162 20 64 29 34 48 24 23 149 20 25 1986 70 654 23 112 24 222 36 27 28 29 28 42236 22 24 46 24 32 23 36 60 76
leaf_count=6914 536 34 3612 355 40 40 22 74 525 33 23 55 50 21 32 26 39 22 24 395 20 23 98 25 20 23 21 10893 49 162 20 64 29 34 48 24 23 149 20 25 1986 70 654 23 112 24 222 36 27 28 29 28 42236 22 24 46 24 32 23 36 60 76
internal_value=0.00099091 0.751138 -0.0224608 0.140213 1.14576 1.74185 2.87475 1.03067 0.308908 1.30558 1.70144 1.33994 1.45736 1.63405 1.15733 1.80685 2.12273 2.42103 1.31623 0.378514 0.4971 0.755305 -0.0380672 2.55361 2.93183 0.860414 1.15524 -0.0412652 1.01966 0.471282 1.10178 0.592135 0.721201 0.853894 1.02716 1.28984 0.976025 0.84943 0.958781 1.52082 0.0544035 0.862979 0.280378 1.48806 -0.00910857 0.392995 0.0337457 1.71484 0.657446 0.50759 0.673478 0.170046 -0.0485333 0.916634 1.14435 0.825281 1.01542 1.34154 1.49305 0.510021 0.932103 0.332938
internal_weight=70460 2136 68324 5981 1378 223 62 1155 2369 161 99 544 437 327 87 240 146 45 94 1844 835 611 62343 71 45 107 67 60259 70 815 54 420 258 194 129 81 47 485 309 45 2084 264 1009 44 11109 126 758 75 176 102 62 216 49150 241 69 172 102 56 47 65 110 104
internal_count=70460 2136 68324 5981 1378 223 62 1155 2369 161 99 544 437 327 87 240 146 45 94 1844 835 611 62343 71 45 107 67 60259 70 815 54 420 258 194 129 81 47 485 309 45 2084 264 1009 44 11109 126 758 75 176 102 62 216 49150 241 69 172 102 56 47 65 110 104
is_linear=0
shrinkage=0.05


Tree=7
num_leaves=63
num_cat=0
split_feature=87 85 113 15 55 65 8 52 111 70 52 114 94 43 80 16 113 101 44 16 113 66 113 68 101 63 113 114 74 68 68 66 43 62 62 101 101 101 14 104 104 16 16 114 85 92 104 113 68 94 66 70 16 65 42 94 94 102 66 114 71 109
split_gain=447478 218294 62618.1 40299.8 34127.9 39789 55302.7 35509.1 14553.6 14543.2 16634.8 11197.2 11057 14641 9724.71 19447.5 13427.1 9267.21 8705.47 7746.95 8187.86 7611.18 7522.04 6817.42 6655.47 5623.96 5084.19 4796.02 4569.11 4294.52 4275.9 8767.77 7896.99 4213.04 4095.5 4990.65 8646.77 3250.62 3074.08 2894.01 2879.9 2850.73 2622.35 2576.75 2360.65 2988.18 2279.06 2182.88 1998.65 1964.33 2135.23 3304.71 1954.95 1932.18 2287.96 1880.42 1911.23 1871.04 1699.52 1783.87 1652.94 3597.18
threshold=1.0000000180025095e-35 4.0000000000000009 3.5000000000000004 3.0000000000000004 3.0000000000000004 2.0000000000000004 2.0000000000000004 3.0000000000000004 1.0000000180025095e-35 2.0000000000000004 3.0000000000000004 16.500000000000004 4.0000000000000009 2.0000000000000004 3.5000000000000004 3.5000000000000004 4.5000000000000009 7.5000000000000009 2.0000000000000004 3.5000000000000004 6.5000000000000009 2.0000000000000004 3.5000000000000004 2.0000000000000004 5.5000000000000009 2.5000000000000004 2.5000000000000004 13.500000000000002 2.5000000000000004 2.0000000000000004 2.0000000000000004 2.0000000000000004 2.0000000000000004 2.5000000000000004 2.5000000000000004 2.5000000000000004 1.5000000000000002 3.5000000000000004 4.0000000000000009 7.5000000000000009 7.5000000000000009 1.5000000000000002 2.5000000000000004 17.500000000000004 4.0000000000000009 4.0000000000000009 7.5000000000000009 2.5000000000000004 2.0000000000000004 2.0000000000000004 2.0000000000000004 2.0000000000000004 2.5000000000000004 2.0000000000000004 2.0000000000000004 4.0000000000000009 2.0000000000000004 1.0000000180025095e-35 2.0000000000000004 15.500000000000002 1.0000000180025095e-35 123.50000000000001
decision_type=2 2 2 2 2 2 2 2 10 2 2 2 2 2 2 2 2 2 2 2 2 2 2 2 2 2 2 2 2 2 2 2 2 2 2 2 2 2 2 2 2 2 2 2 2 2 2 2 2 2 2 2 2 2 2 2 2 2 2 2 2 10
left_child=2 39 24 60 5 9 -7 12 19 10 -3 -12 25 14 15 -14 18 -18 27 40 28 -19 42 -23 37 -6 57 -16 -21 -27 31 -30 33 -33 35 36 -24 -1 -11 -2 -5 -37 -9 -44 -28 -46 -43 -41 -36 -48 -51 -52 -42 -32 -55 56 -47 -26 -54 -60 61 -4
right_child=1 4 3 8 7 6 -8 22 -10 38 11 -13 13 -15 16 -17 17 21 -20 20 -22 23 34 -25 26 29 44 -29 30 -31 53 32 -34 -35 48 41 -38 -39 -40 47 52 46 43 -45 45 55 49 -49 -50 50 51 -53 58 54 -56 -57 -58 -59 59 -61 -62 -63
leaf_value=0.037811656577764252 -0.045925672616423406 2.5762862155514381 0.061514718424154902 0.036440584509788702 0.34824914894998077 3.8384781208634382 0.71744922941381284 0.05643633654297784 0.061203095031680456 1.0982624257388323 0.5371464680113337 1.8203633218784543 0.52925452894785197 0.88549797953868448 1.6008697576466062 2.0795187592506408 1.4889148769654195 1.6776279620585903 2.0721840303391219 0.32564100786619177 1.4717289930582047 3.1614679229595968 0.69784411910389155 2.112857339266808 -0.021995045637805098 1.5288602374734417 -0.015338179755471585 0.69773649507943469 0.35299755600400462 0.72601355608138773 0.33848288400205123 1.8577022691567739 0.43028197685877489 1.0451983034037626 0.92217146057275046 0.30271534985303883 1.9296902178176518 0.3327964211110862 0.36943128407001496 0.033727083349826208 0.19191367696007702 0.36059470311516811 0.69449577118669248 0.043077245689928538 -0.015605201928818008 0.17561943661188706 1.3056879321734112 0.30768394885154876 0.46373088450408456 0.64122878371604852 1.1323258723531451 0.62233917158334817 0.23164591372225174 0.88074334026092582 0.28393196042340535 0.072690383187541951 0.52123719930090984 -0.050053729481594769 0.30275473805287711 0.51581309353932736 0.0020853131256152934 0.70617257871411065
leaf_weight=1986 463 31 1320 120 40 40 22 43 525 23 34 34 55 110 21 32 53 31 24 395 20 31 28 31 6914 31 10247 49 78 36 175 27 33 39 31 25 29 98 39 165 294 21 63 20 463 120 27 130 102 77 98 47 202 42 26 219 60 42236 195 198 2270 22
leaf_count=1986 463 31 1320 120 40 40 22 43 525 23 34 34 55 110 21 32 53 31 24 395 20 31 28 31 6914 31 10247 49 78 36 175 27 33 39 31 25 29 98 39 165 294 21 63 20 463 120 27 130 102 77 98 47 202 42 26 219 60 42236 195 198 2270 22
internal_value=0.000941364 0.713582 -0.0213378 0.133202 1.08847 1.65476 2.73102 0.979133 0.293462 1.2403 1.61637 1.17875 1.27295 1.38449 1.55234 1.09947 1.71651 2.0166 1.25042 0.359588 0.472245 2.31732 0.717539 2.63716 -0.0361638 0.817394 -0.039202 0.968676 0.447718 1.09748 0.562528 0.749457 1.06182 1.37759 0.806959 0.89627 1.32457 0.0516833 0.639804 0.0320584 0.266359 0.813513 0.373346 0.537527 -0.00865314 0.070815 0.860809 0.154454 0.570585 0.902996 0.85402 0.96702 0.297394 0.42637 0.652551 0.171097 0.290825 -0.0461067 0.349514 0.410097 0.0280922 0.0720829
internal_weight=70460 2136 68324 5981 1378 223 62 1155 2369 161 99 68 544 437 327 87 240 146 94 1844 835 93 611 62 62343 107 60259 70 815 67 420 177 99 66 485 352 57 2084 62 758 1009 295 126 83 11109 862 270 295 133 249 222 145 889 243 68 399 180 49150 595 393 3612 1342
internal_count=70460 2136 68324 5981 1378 223 62 1155 2369 161 99 68 544 437 327 87 240 146 94 1844 835 93 611 62 62343 107 60259 70 815 67 420 177 99 66 485 352 57 2084 62 758 1009 295 126 83 11109 862 270 295 133 249 222 145 889 243 68 399 180 49150 595 393 3612 1342
is_linear=0
shrinkage=0.05


Tree=8
num_leaves=63
num_cat=0
split_feature=87 85 113 15 94 43 8 100 16 100 72 114 111 52 114 17 46 46 113 100 57 114 16 113 47 110 100 46 16 100 51 100 113 100 46 68 43 17 14 100 100 114 16 62 94 16 52 100 114 114 104 104 100 85 57 68 113 52 113 79 16 63
split_gain=403848 197011 56512.8 36370.6 26462.8 23906 28142.5 25319.8 18480.4 15389 15276.9 15762.6 13134.6 12986.7 12439 11795.9 16986.7 11423.6 10526.4 9706.69 8676.04 13443.5 6991.62 7389.55 6613.24 6032.55 6006.56 5594.79 7231.52 5245.74 4972.36 4720.18 4588.48 4487.41 4123.62 3859 5519.55 3731.5 3704.98 3645.37 7394.28 3591.4 3562.51 4573.76 3055.53 3030.08 3019.02 2933.69 2844.78 3692.96 2611.85 2599.11 2507.31 2130.49 2696.83 2010.05 1970.05 1916.06 2097.33 1915.61 1764.34 1753
threshold=1.0000000180025095e-35 4.0000000000000009 3.5000000000000004 3.0000000000000004 4.0000000000000009 2.0000000000000004 2.0000000000000004 2014.5000000000002 3.5000000000000004 2016.5000000000002 3.5000000000000004 17.500000000000004 1.0000000180025095e-35 3.0000000000000004 10.500000000000002 3.0000000000000004 2.0000000000000004 2.0000000000000004 4.5000000000000009 2011.5000000000002 4.0000000000000009 17.500000000000004 3.5000000000000004 6.5000000000000009 2.0000000000000004 65.250000000000014 2020.5000000000002 2.0000000000000004 1.5000000000000002 2018.5000000000002 2.5000000000000004 2024.5000000000002 2.5000000000000004 2021.5000000000002 2.0000000000000004 2.0000000000000004 2.0000000000000004 3.0000000000000004 2.0000000000000004 2016.5000000000002 2018.5000000000002 12.500000000000002 2.5000000000000004 2.5000000000000004 2.0000000000000004 3.5000000000000004 3.0000000000000004 2022.5000000000002 14.500000000000002 19.500000000000004 7.5000000000000009 7.5000000000000009 2014.5000000000002 4.0000000000000009 4.0000000000000009 2.0000000000000004 2.5000000000000004 3.0000000000000004 4.5000000000000009 2.0000000000000004 2.5000000000000004 2.5000000000000004
decision_type=2 2 2 2 2 2 2 2 2 2 2 2 10 2 2 2 2 2 2 2 2 2 2 2 2 8 2 2 2 2 2 2 2 2 2 2 2 2 2 2 2 2 2 2 2 2 2 2 2 2 2 2 2 2 2 2 2 2 2 2 2 2
left_child=2 50 26 -4 25 6 7 18 9 -9 55 15 22 19 -7 16 -12 -11 -6 -8 -20 -22 51 34 -19 -3 32 28 -27 37 -21 42 -1 -31 -24 36 38 -30 -36 -32 -41 -15 -16 52 -40 -42 -13 -28 -46 -50 -2 -5 -44 -34 -55 -10 -52 -54 -59 -43 -53 -29
right_child=1 4 3 12 5 14 13 8 10 17 11 46 -14 41 31 -17 -18 24 20 30 21 -23 23 -25 -26 27 47 61 29 33 39 -33 53 -35 35 -37 -38 -39 44 40 45 59 43 -45 48 -47 -48 -49 49 -51 56 60 57 54 -56 -57 -58 58 -60 -61 -62 -63
leaf_value=-0.043801341620974488 -0.043629389683882955 -0.037269996027603294 0.026687552963172052 0.034618553807958967 0.46834279174154458 1.9671384062085833 2.3127432134747505 2.3847267100853577 1.7557219425837201 0.46174307987940583 4.2270313382148741 2.1848376486789096 0.058142938365184131 0.17256443029449833 0.22579623970489662 1.9832404458895327 2.4196381853965043 2.0761036541845121 0.64819633417895872 0.52557429147677293 0.81688053578786235 2.412313090024456 0.30935895717714601 1.3981425347924235 0.9176684962246906 0.045941189049997111 0.31615660159411485 0.13773614659905434 1.8712185939604584 0.14456334198298662 0.83865982605652389 0.18772610771028619 -0.014571270660012299 1.0386484757479695 0.32416009171442556 0.40505167931747538 0.31711741863923559 1.0673862905374596 0.52619058002125141 2.2437305657193067 0.79309191969888548 0.41561950647061874 0.6541083005070687 0.49897313042410785 1.6185675286902832 1.5163139662643275 1.3957815084192489 0.035921073468170604 0.59852450867848739 1.488101753294468 0.032040732272646644 0.18231799391598827 1.3263647991068224 -0.01482494089603585 0.16254228130297729 1.0980249917277924 0.29229975323976343 1.2057806864380838 0.69595697144436286 0.85807777413905706 0.33203799737507134 0.56650466406244349
leaf_weight=49150 463 33 3612 120 55 21 20 28 21 44 26 22 525 31 26 24 26 28 28 27 23 31 395 20 22 22 98 40 22 23 33 38 10247 36 22 243 59 42 22 22 28 31 45 70 26 30 27 1986 28 20 165 294 51 463 399 26 130 38 43 116 595 59
leaf_count=49150 463 33 3612 120 55 21 20 28 21 44 26 22 525 31 26 24 26 28 28 27 23 31 395 20 22 22 98 40 22 23 33 38 10247 36 22 243 59 42 22 22 28 31 45 70 26 30 27 1986 28 20 165 294 51 463 399 26 130 38 43 116 595 59
internal_value=0.000894295 0.677902 -0.0202709 0.126542 1.03405 1.14395 1.29703 1.56489 1.8265 1.35581 2.16036 2.44931 0.278789 0.955473 0.78936 2.90015 3.32333 1.04932 1.00349 1.28237 1.36243 1.73278 0.341609 0.448633 1.56639 0.597211 -0.0343557 0.683022 0.880855 1.03019 1.13517 0.709832 -0.0372419 0.690107 0.425332 0.534402 0.711984 1.3437 0.909417 1.28083 1.46323 0.661633 0.782506 0.841107 1.04354 1.16717 1.75005 0.0490991 1.19734 0.969182 0.0304555 0.253041 0.976414 -0.00822049 0.0672743 1.39189 0.146731 1.08629 0.935134 0.76477 0.282524 0.393265
internal_weight=70460 2136 68324 5981 1378 1101 769 431 294 122 172 125 2369 338 332 76 52 94 137 160 82 54 1844 835 50 277 62343 244 145 123 140 311 60259 59 815 420 177 64 118 113 80 178 273 247 96 58 49 2084 74 48 758 1009 177 11109 862 47 295 132 81 147 889 99
internal_count=70460 2136 68324 5981 1378 1101 769 431 294 122 172 125 2369 338 332 76 52 94 137 160 82 54 1844 835 50 277 62343 244 145 123 140 311 60259 59 815 420 177 64 118 113 80 178 273 247 96 58 49 2084 74 48 758 1009 177 11109 862 47 295 132 81 147 889 99
is_linear=0
shrinkage=0.05


Tree=9
num_leaves=63
num_cat=0
split_feature=87 85 85 80 55 72 70 101 54 22 109 17 16 16 25 74 57 101 19 42 66 22 17 67 62 66 8 101 49 17 67 102 48 40 68 57 104 101 101 79 14 104 54 42 101 79 101 101 63 68 109 101 95 101 79 104 111 40 14 101 73 110
split_gain=364473 177802 50576.3 32645.6 29748.4 19677.1 15985.2 17300.1 26166.8 15587.7 13684.1 13851.4 13607.8 10697.4 10278.8 9599.16 10954.6 8986.49 8017.94 7076.96 6518.29 6231.59 6118.38 6138.96 5736.14 5011.08 4970.28 4725.51 4663.01 5048.17 5013.09 4627.07 4546.7 4535 4210.04 4560.2 4001.33 3751.39 3245.74 4961.48 3321.18 3159.52 3324.45 6754.88 2945 2847.11 3071.97 11516.6 2912.34 2662.33 2568.92 2826.43 2408.78 2378.52 2375.62 2357.19 2144 2051.61 1871.18 1810.05 1762.74 1748.8
threshold=1.0000000180025095e-35 4.0000000000000009 4.0000000000000009 3.5000000000000004 3.0000000000000004 3.5000000000000004 2.0000000000000004 11.500000000000002 2.0000000000000004 3.0000000000000004 60.500000000000007 3.0000000000000004 4.5000000000000009 3.5000000000000004 2.5000000000000004 2.5000000000000004 4.0000000000000009 6.5000000000000009 3.5000000000000004 2.0000000000000004 2.0000000000000004 3.0000000000000004 3.0000000000000004 2.5000000000000004 2.5000000000000004 2.0000000000000004 2.0000000000000004 1.5000000000000002 4.0000000000000009 3.0000000000000004 2.5000000000000004 1.0000000180025095e-35 3.0000000000000004 3.5000000000000004 2.0000000000000004 4.0000000000000009 7.5000000000000009 15.500000000000002 3.5000000000000004 2.0000000000000004 2.0000000000000004 7.5000000000000009 2.0000000000000004 2.0000000000000004 15.500000000000002 2.0000000000000004 11.500000000000002 8.5000000000000018 2.5000000000000004 2.0000000000000004 122.50000000000001 8.5000000000000018 2.0000000000000004 5.5000000000000009 2.0000000000000004 7.5000000000000009 3.5000000000000004 3.5000000000000004 2.0000000000000004 15.500000000000002 2.5000000000000004 66.250000000000014
decision_type=2 2 2 2 2 2 2 2 2 2 8 2 2 2 2 2 2 2 2 2 2 2 2 2 2 2 2 2 2 2 2 2 2 2 2 2 2 2 2 2 2 2 2 2 2 2 2 2 2 2 10 2 2 2 2 2 10 2 2 2 2 8
left_child=2 55 31 37 5 -3 7 8 17 22 -6 13 -8 18 -15 16 -16 -7 -12 20 -17 45 44 54 32 -11 -23 -13 29 -27 -31 50 -18 -22 35 -29 -33 53 -37 -40 -41 -36 -43 -44 60 -20 47 48 -47 -50 -1 -52 56 -4 -24 -2 58 -42 -30 -25 -5 -57
right_child=1 4 3 9 10 6 12 -9 -10 25 11 27 -14 14 15 19 24 -19 21 -21 33 26 23 59 -26 28 -28 34 52 30 -32 36 -34 -35 41 38 -38 -39 39 40 57 42 43 -45 -46 46 -48 -49 49 -51 51 -53 -54 -55 -56 61 -58 -59 -60 -61 -62 -63
leaf_value=-0.0041768017363012708 -0.041447920174605454 0.64851530173829963 0.13469137405231596 -0.020372676099484257 0.015458716003393587 1.0702389061450959 0.57710968061350287 1.0810250099748373 3.7885047361806587 0.28771088073951051 1.8529251062870025 0.2074146105349064 2.0464396000481568 0.45894466013865431 2.7394708371680716 0.79283894186510762 1.4069081937521697 2.4188287537296613 0.30623191355003254 0.4878705515060574 1.3213981349217265 1.8935663535513663 0.12124062895097516 0.16474113533027901 0.79272732734680185 0.39105478558082912 0.86311361216008664 0.4486656081291937 0.20435975098918224 1.4987737144860958 0.69470337835539675 -0.049250858853632964 2.2562324692423528 2.2109430186126544 0.064501891769468786 1.6357850914001464 -0.021125272429730561 0.56096983274509171 0.31658015410814966 1.6056149730394627 1.2773471166125754 0.57444373097766765 0.68668496319073802 1.4875638661285242 0.43468785140376831 0.33802316007514799 0.4820089534177619 1.647003807585973 1.3412749934196473 0.65027318590361149 0.58306548488445775 0.036303196474909781 0.10634416436687821 -0.028369152211178646 0.5182879052046715 -0.029326242022216321 0.1647366052342428 0.6153065726608038 0.63680766356116225 0.57678392971200609 0.12384353358528165 0.22723378686368775
leaf_weight=10732 463 51 250 280 44 21 40 28 27 269 20 40 26 31 23 34 40 30 36 32 38 22 44 554 21 43 25 31 29 36 42 30906 26 23 20 25 21403 29 21 29 22 184 98 36 65 45 59 39 20 46 39 60 42 2121 262 101 37 25 182 28 871 194
leaf_count=10732 463 51 250 280 44 21 40 28 27 269 20 40 26 31 23 34 40 30 36 32 38 22 44 554 21 43 25 31 29 36 42 30906 26 23 20 25 21403 29 21 29 22 184 98 36 65 45 59 39 20 46 39 60 42 2121 262 101 37 25 182 28 871 194
internal_value=0.000849581 0.644007 -0.0192573 0.130876 0.982343 1.51105 1.7668 2.14715 2.52987 0.247375 0.880264 0.914513 1.15594 1.08344 1.31513 1.42712 1.76903 1.86353 0.884423 1.13097 1.34759 0.818087 0.180114 0.27989 1.51248 0.455485 1.34545 0.730001 0.565294 0.826023 1.06581 -0.0315838 1.74149 1.6568 0.772574 0.990187 -0.0377429 -0.0042625 1.12779 0.996859 1.18483 0.674068 0.712406 0.901846 0.107252 0.716919 0.787659 0.907882 0.64819 0.859668 -0.00183803 0.251694 0.456507 -0.0111759 0.461196 0.0289327 0.515809 0.925198 0.577372 0.184565 0.0887605 0.139395
internal_weight=70460 2136 68324 5184 1378 223 172 106 78 2784 1155 1111 66 580 268 237 110 51 312 127 95 292 2104 888 87 680 47 531 411 121 78 63140 66 61 491 153 52309 2400 122 97 76 338 318 134 1216 245 209 150 111 66 10831 99 290 2371 306 758 248 47 211 582 1151 295
internal_count=70460 2136 68324 5184 1378 223 172 106 78 2784 1155 1111 66 580 268 237 110 51 312 127 95 292 2104 888 87 680 47 531 411 121 78 63140 66 61 491 153 52309 2400 122 97 76 338 318 134 1216 245 209 150 111 66 10831 99 290 2371 306 758 248 47 211 582 1151 295
is_linear=0
shrinkage=0.05


Tree=10
num_leaves=63
num_cat=0
split_feature=12 85 113 15 104 110 100 77 111 94 15 44 100 16 14 74 113 100 54 8 16 8 70 100 63 28 16 113 100 14 100 8 74 100 44 100 100 113 28 100 100 68 113 79 16 28 100 79 11 94 94 44 54 49 100 74 28 14 11 100 110 113
split_gain=282556 179161 44221.7 28948.4 22457.6 19244.5 14003.7 14630.3 11216.8 8600.22 9939.1 7562 12782.1 13301.8 9955.96 6991.53 6919.22 6520.03 8841.55 10164.6 6244.12 8194.36 10961.6 16923 5290.49 9968.31 7517.97 5143.13 5019.1 4607.22 4564.03 4456.95 4044.11 4060.01 3843.29 3687.82 3644.73 3426.2 3299.11 3016.24 3530.54 2950.65 2765.98 3367.07 2753.15 2736.67 2529.71 2456.04 2235.02 2083.59 3104.33 3387.34 2477.59 2546.02 2049.32 2002.62 2613.69 2302.56 1924.31 1889.93 1809.86 1634.92
threshold=1.0000000180025095e-35 4.0000000000000009 3.5000000000000004 3.0000000000000004 7.5000000000000009 49.250000000000007 2024.5000000000002 2.5000000000000004 1.0000000180025095e-35 4.0000000000000009 3.0000000000000004 2.0000000000000004 2020.5000000000002 3.5000000000000004 4.0000000000000009 2.5000000000000004 3.5000000000000004 2011.5000000000002 2.0000000000000004 2.0000000000000004 3.5000000000000004 2.0000000000000004 2.0000000000000004 2018.5000000000002 2.5000000000000004 2.0000000000000004 4.5000000000000009 5.5000000000000009 2020.5000000000002 2.0000000000000004 2011.5000000000002 2.0000000000000004 2.5000000000000004 2016.5000000000002 2.0000000000000004 2014.5000000000002 2013.5000000000002 2.5000000000000004 2.0000000000000004 2014.5000000000002 2017.5000000000002 2.0000000000000004 3.5000000000000004 2.0000000000000004 2.5000000000000004 2.0000000000000004 2020.5000000000002 2.0000000000000004 1.0000000180025095e-35 2.0000000000000004 4.0000000000000009 2.0000000000000004 2.0000000000000004 4.0000000000000009 2018.5000000000002 2.5000000000000004 2.0000000000000004 4.0000000000000009 1.0000000180025095e-35 2024.5000000000002 69.750000000000014 1.5000000000000002
decision_type=2 2 2 2 2 8 2 2 10 2 2 2 2 2 2 2 2 2 2 2 2 2 2 2 2 2 2 2 2 2 2 2 2 2 2 2 2 2 2 2 2 2 2 2 2 2 2 2 2 2 2 2 2 2 2 2 2 2 2 2 10 2
left_child=2 48 28 -4 -3 -6 7 16 27 15 -11 14 39 -14 17 34 46 -12 32 -20 29 22 23 -22 25 26 31 35 37 -18 -29 -16 33 -19 41 36 -5 61 -23 -13 -41 -9 -26 -44 -37 -45 -7 -31 60 -46 52 -52 53 54 -51 -32 -57 -58 59 -30 -2 -1
right_child=1 4 3 8 5 6 -8 9 -10 10 11 12 13 -15 24 -17 20 18 19 -21 21 38 -24 -25 42 -27 -28 30 58 47 55 -33 -34 -35 -36 44 -38 -39 -40 40 -42 -43 43 45 49 -47 -48 -49 -50 50 51 -53 -54 -55 -56 56 57 -59 -60 -61 -62 -63
leaf_value=-0.050196140517557566 -0.014505201977428016 0.02400059536571654 0.021858114136082366 0.25800165152373883 0.011438781526629572 0.08497340060109923 0.38361326637127069 0.96138429406917458 0.050442194562299793 0.33025720248619717 2.2905715525150301 0.84055225313641135 1.4231451234851893 3.0384463002681734 2.3072430491580493 0.43641038898910794 1.2557733590956088 0.92547617761985124 2.4956806672030485 1.2298613537422249 1.1830455172393057 0.39187330639627027 0.55371993600080416 2.9970432631671429 0.29870438860810322 0.65507631422951818 0.76424381462010471 1.1079350562445049 -0.028234756732065065 0.069760428433832913 0.29164654820758318 1.4553870266851259 0.72077934437741842 1.8870584702562718 0.58197822255583909 0.16250866917298012 -0.02148621406253667 -0.0088636464361668537 1.1314390441179276 1.7977668087477938 1.0663770956297716 1.6250808452858647 0.35847059535980225 0.82034393733367317 0.23611381493347627 1.3112752317027612 0.66697025407444355 0.63659154035118037 0.27059014730247449 0.31431999968675278 0.15783337402989617 0.51052636985887634 0.800558552772484 0.34868474021466855 0.87288635274252069 0.37957743064034732 1.2775334978103638 0.5801692613239946 0.16826798395274112 0.074063634589660934 0.4346562268293423 -0.031791833411676421
leaf_weight=21252 901 71 3540 367 54 43 93 33 547 30 21 32 26 25 28 70 27 23 29 35 36 38 24 20 23 48 22 29 850 23 112 34 48 21 26 194 171 10988 25 33 33 34 25 80 208 44 33 113 81 24 169 114 66 171 52 64 20 29 274 963 23 27920
leaf_count=21252 901 71 3540 367 54 43 93 33 547 30 21 32 26 25 28 70 27 23 29 35 36 38 24 20 23 48 22 29 850 23 112 34 48 21 26 194 171 10988 25 33 33 34 25 80 208 44 33 113 81 24 169 114 66 171 52 64 20 29 274 963 23 27920
internal_value=-0.00019252 0.529829 -0.019083 0.112022 0.89078 0.936298 0.974775 1.0204 0.248599 1.1391 1.21942 1.26176 1.573 2.21496 1.16535 0.813856 0.764675 1.46347 1.35212 1.80344 0.870726 1.11187 1.44775 1.8309 0.991772 1.22987 1.55833 0.309153 -0.0314611 0.659173 0.517571 1.8401 1.03817 1.38441 1.09796 0.274688 0.169168 -0.0341056 0.685352 1.23892 1.43207 1.29819 0.809044 0.887821 0.331571 0.994545 0.337683 0.54073 0.0187519 0.372365 0.419915 0.299908 0.528421 0.455704 0.696497 0.44148 0.589987 0.864808 0.0447672 0.0261024 -0.00332478 -0.0397461
internal_weight=70552 2428 68124 5877 1423 1352 1298 1205 2337 823 660 630 149 51 481 163 382 177 156 64 306 143 80 56 304 132 84 1790 62247 163 254 62 92 44 93 1536 538 60160 63 98 66 67 172 149 998 124 76 136 1005 804 596 283 313 247 76 225 113 49 2087 1813 924 49172
internal_count=70552 2428 68124 5877 1423 1352 1298 1205 2337 823 660 630 149 51 481 163 382 177 156 64 306 143 80 56 304 132 84 1790 62247 163 254 62 92 44 93 1536 538 60160 63 98 66 67 172 149 998 124 76 136 1005 804 596 283 313 247 76 225 113 49 2087 1813 924 49172
is_linear=0
shrinkage=0.05


Tree=11
num_leaves=63
num_cat=0
split_feature=87 85 15 57 104 109 65 55 8 52 114 113 58 100 43 66 17 67 113 67 100 113 14 100 68 113 113 28 113 100 54 62 68 100 44 100 100 101 113 91 8 70 66 100 79 104 113 43 11 113 68 113 100 113 43 18 79 113 49 100 94 100
split_gain=272900 138129 43134.7 27269 19066.5 16307 14276.6 31442.5 50259.4 21108.8 36394.3 12324 9516.38 10132.9 9258.22 6673.57 6485.06 8066.19 6343.01 7488.93 8285.16 8049.59 5970.5 7617.88 8462.52 4821.6 4669.11 4288.81 6875.9 6071.4 7424.78 3881.48 3267.07 2901.81 2777.35 2658.9 2367.63 2454.15 2193.9 2185.7 3251.02 3861.51 4114.54 5594.25 2979.07 2161.96 2249.52 2050.13 2048.92 2047.35 2011.47 1958.38 1950.29 1877.15 1846.29 1790.93 1776.27 1861.57 1715.38 1580.54 1570.39 1705.68
threshold=1.0000000180025095e-35 4.0000000000000009 3.0000000000000004 4.0000000000000009 7.5000000000000009 60.500000000000007 2.0000000000000004 3.0000000000000004 2.0000000000000004 3.0000000000000004 11.500000000000002 3.5000000000000004 3.0000000000000004 2011.5000000000002 2.0000000000000004 2.0000000000000004 3.0000000000000004 2.5000000000000004 3.5000000000000004 2.5000000000000004 2016.5000000000002 4.5000000000000009 4.0000000000000009 2022.5000000000002 2.0000000000000004 2.5000000000000004 5.5000000000000009 2.0000000000000004 5.5000000000000009 2021.5000000000002 2.0000000000000004 2.5000000000000004 2.0000000000000004 2024.5000000000002 2.0000000000000004 2010.5000000000002 2020.5000000000002 15.500000000000002 4.5000000000000009 2.0000000000000004 2.0000000000000004 2.0000000000000004 2.0000000000000004 2022.5000000000002 2.0000000000000004 7.5000000000000009 2.5000000000000004 2.0000000000000004 1.0000000180025095e-35 4.5000000000000009 2.0000000000000004 3.5000000000000004 2022.5000000000002 5.5000000000000009 2.0000000000000004 1.0000000180025095e-35 2.0000000000000004 4.5000000000000009 4.0000000000000009 2015.5000000000002 2.0000000000000004 2020.5000000000002
decision_type=2 2 2 2 2 8 2 2 2 2 2 2 2 2 2 2 2 2 2 2 2 2 2 2 2 2 2 2 2 2 2 2 2 2 2 2 2 2 2 2 2 2 2 2 2 2 2 2 2 2 2 2 2 2 2 2 2 2 2 2 2 2
left_child=2 45 25 36 -3 -6 9 8 -8 10 -7 48 32 -14 18 35 53 22 -9 20 50 -22 23 24 -18 33 54 28 49 30 59 39 -12 -1 -28 -13 37 -4 47 40 41 42 44 -44 -11 -2 -47 -33 -5 -15 -20 -42 -38 -17 -19 -27 -53 -58 -43 -29 -24 -62
right_child=1 4 3 11 5 6 7 14 -10 31 12 15 13 27 -16 16 17 26 19 -21 21 -23 60 -25 -26 55 34 29 -30 -31 -32 38 -34 -35 -36 -37 52 -39 -40 -41 51 58 43 -45 -46 46 -48 -49 -50 -51 -52 56 -54 -55 -56 -57 57 -59 -60 -61 61 -63
leaf_value=-0.037989217193398497 -0.039715914109984013 0.023381478209048512 -0.022563076025094796 0.015284850027282734 -0.034262159425351359 2.5558203408351314 3.7843145448182316 0.61157320201396947 0.54846692431185928 0.15967558562755585 0.89409803997725246 0.53075061013885572 2.0761758332451183 0.43594417705347666 0.52839365650335668 0.2049449645678191 1.957695685165624 0.40367194913452914 1.4243391191417523 0.76520905961861485 2.6504148365213323 1.4062289448884817 0.17972973684469862 0.42125938942190261 0.71211883819103239 0.010398391558749841 1.0315106390153661 0.75043540389531049 1.4780412990599872 0.72738145705918944 2.005057030419509 0.42491325721508116 0.28239178741029625 0.058020890055340717 0.35226227713196923 0.15537554472451662 0.57071517954270046 0.4756237260103226 0.60449289115575644 1.204082502424717 0.12022799024215113 0.88370044014670635 0.95879102916057635 1.9329702682793142 0.93302568946823927 0.015468058839440347 0.29318468852043156 -0.1301144797887121 0.15773751905898237 0.84797687717946246 0.74020691244375136 0.24883947245776655 0.098166309474882751 0.52111400579506506 0.1498400599975139 -0.027020413652106702 0.89843463425366377 0.49485900483785139 0.35052860323339702 1.3045739123177145 0.4521885238004501 0.78605729746773401
leaf_weight=48437 483 65 2211 496 45 39 28 35 21 20 35 51 24 57 71 411 30 119 22 37 26 26 27 32 25 8887 34 22 32 43 36 41 58 800 27 629 24 25 65 21 26 22 56 20 33 175 125 28 514 64 21 30 242 53 180 4995 53 62 48 31 91 66
leaf_count=48437 483 65 2211 496 45 39 28 35 21 20 35 51 24 57 71 411 30 119 22 37 26 26 27 32 25 8887 34 22 32 43 36 41 58 800 27 629 24 25 65 21 26 22 56 20 33 175 125 28 514 64 21 30 242 53 180 4995 53 62 48 31 91 66
internal_value=-0.000182894 0.555017 -0.0176004 0.119586 0.859057 0.900905 0.934491 1.24413 2.39752 0.842497 1.09752 0.227216 0.956039 1.0895 1.00667 0.306556 0.382957 0.4873 1.21 1.36868 1.60371 2.02832 0.693342 1.03465 1.39152 -0.0290915 0.332196 1.00641 0.826253 1.21523 1.45094 0.62828 0.512604 -0.0364293 0.73086 0.183529 -0.000217009 -0.016993 0.396047 0.70787 0.679706 0.817095 0.979342 1.21515 0.641195 0.0257627 0.131183 0.199685 0.0877806 0.653879 1.09023 0.519821 0.140802 0.241059 0.250863 -0.00306559 0.591472 0.680855 0.518097 1.07455 0.531965 0.592541
internal_weight=70552 2146 68406 5287 1363 1298 1253 287 49 966 441 2785 402 309 238 1775 1095 631 167 132 95 52 271 87 55 63119 360 285 153 132 89 525 93 49237 61 680 2502 2236 134 391 370 199 129 76 53 783 300 69 1010 121 43 171 266 464 299 13882 145 115 70 53 184 157
internal_count=70552 2146 68406 5287 1363 1298 1253 287 49 966 441 2785 402 309 238 1775 1095 631 167 132 95 52 271 87 55 63119 360 285 153 132 89 525 93 49237 61 680 2502 2236 134 391 370 199 129 76 53 783 300 69 1010 121 43 171 266 464 299 13882 145 115 70 53 184 157
is_linear=0
shrinkage=0.05


Tree=12
num_leaves=63
num_cat=0
split_feature=87 85 15 57 94 55 65 114 114 22 66 17 14 16 77 65 63 100 100 100 111 63 66 94 114 100 49 95 17 67 48 114 114 102 72 66 94 100 14 114 72 63 54 16 54 48 66 100 100 100 63 54 114 40 48 11 54 43 49 100 100 110
split_gain=246293 124661 38929.1 24610.3 16884.2 14370.2 24141 21377.7 17313.8 9700.01 7451.07 8330.68 7692.01 7744.96 7606.5 20458.8 19608.7 8670.54 6803.79 5801.48 4941.58 4367.47 4344.65 4126.45 4110.7 11487.6 3985 3946.76 3845.47 4691.88 3676.31 3753.64 5171.31 3549.76 3529.71 3631.28 3439.05 3079.45 2786.18 2772.92 3298.09 2692.94 2661.19 2563.24 2179.12 2156.16 2223.75 2136.79 2214.87 2110.18 2087.41 2084.57 2056.39 4526.3 2028.16 1961 1947.12 2458.58 1908.74 1898.91 1889.84 2051.98
threshold=1.0000000180025095e-35 4.0000000000000009 3.0000000000000004 4.0000000000000009 4.0000000000000009 3.0000000000000004 2.0000000000000004 15.500000000000002 12.500000000000002 3.0000000000000004 2.0000000000000004 3.0000000000000004 2.0000000000000004 3.5000000000000004 2.5000000000000004 2.0000000000000004 2.5000000000000004 2018.5000000000002 2016.5000000000002 2014.5000000000002 1.0000000180025095e-35 2.5000000000000004 2.0000000000000004 4.0000000000000009 18.500000000000004 2012.5000000000002 4.0000000000000009 2.0000000000000004 3.0000000000000004 2.5000000000000004 3.0000000000000004 14.500000000000002 17.500000000000004 1.0000000180025095e-35 3.5000000000000004 2.0000000000000004 2.0000000000000004 2011.5000000000002 4.0000000000000009 16.500000000000004 3.5000000000000004 2.5000000000000004 2.0000000000000004 3.5000000000000004 2.0000000000000004 3.0000000000000004 2.0000000000000004 2020.5000000000002 2010.5000000000002 2010.5000000000002 2.5000000000000004 2.0000000000000004 18.500000000000004 3.5000000000000004 3.0000000000000004 1.0000000180025095e-35 2.0000000000000004 2.0000000000000004 4.0000000000000009 2024.5000000000002 2016.5000000000002 54.250000000000007
decision_type=2 2 2 2 2 2 2 2 2 2 2 2 2 2 2 2 2 2 2 2 10 2 2 2 2 2 2 2 2 2 2 2 2 2 2 2 2 2 2 2 2 2 2 2 2 2 2 2 2 2 2 2 2 2 2 2 2 2 2 2 2 10
left_child=2 55 33 47 30 6 8 -8 -6 20 24 14 13 -13 19 17 -17 18 50 -12 28 -21 -11 27 37 -26 -19 36 49 45 31 38 -33 60 -10 41 56 -7 -3 -32 -41 -36 -39 -23 -34 -30 -47 48 -4 -5 -16 54 -14 -54 -38 -2 57 -24 -44 -35 -1 -62
right_child=1 4 3 9 5 10 7 -9 34 22 11 12 52 -15 15 16 -18 26 -20 21 -22 43 23 -25 25 -27 -28 -29 29 -31 39 32 44 59 35 -37 51 42 -40 40 -42 -43 58 -45 -46 46 -48 -49 -50 -51 -52 -53 53 -55 -56 -57 -58 -59 -60 -61 61 -63
leaf_value=-0.022419814298728788 -0.0010889618127503037 0.56554925982598903 0.45184253513813016 0.40470648433547468 2.335256718993187 -0.028043051809072496 3.4253894632512876 1.2675839547067882 0.31426076080430959 0.22501718900478418 0.21253269974909283 0.5611077419736169 0.50482813109917679 1.8052050084903322 0.58733013555407521 3.0583983514044024 1.1699069270065852 1.1042912527918816 1.924202736026297 0.4193047905340791 0.021675001698023423 0.93671135613146961 0.83586712032556543 0.20469604138284925 1.9629510331153872 0.57926061992843947 0.31789393887227901 0.17938459443026467 0.70267794791609051 0.19857535636688003 0.068032782057157057 0.02543526416601137 1.012988609383165 -0.034050633711524107 0.3460707094134956 1.3586995638410251 0.90651896188281622 0.40116180903854826 1.2552226359490306 0.96616264730691914 0.10815329682968913 1.0620770870397489 1.1765030926601454 1.6036425509452821 0.35156947232782843 0.09692884481365921 0.49307620630374754 0.13376218266846415 -0.02143492232177812 0.10566572756605318 1.2056233469830004 1.0355012302813325 1.285780940949917 0.30093482151627543 0.52829323310848919 0.26940098178346417 -0.070545779452437452 0.11768514771353117 0.64070751408991578 0.057553501994108094 0.012013521496718433 0.14984987671413508
leaf_weight=5458 709 27 25 64 20 24 22 24 34 306 34 22 170 29 20 27 28 24 30 24 494 34 26 110 20 60 49 57 70 488 74 43 33 51669 29 30 53 105 32 24 21 24 22 25 20 51 116 266 2211 754 43 46 28 20 107 74 21 22 68 572 5135 285
leaf_count=5458 709 27 25 64 20 24 22 24 34 306 34 22 170 29 20 27 28 24 30 24 494 34 26 110 20 60 49 57 70 488 74 43 33 51669 29 30 53 105 32 24 21 24 22 25 20 51 116 266 2211 754 43 46 28 20 107 74 21 22 68 572 5135 285
internal_value=-0.000173749 0.527266 -0.0167203 0.113607 0.816104 0.904377 1.30851 2.29958 0.975744 0.215855 0.822747 0.923383 0.71575 1.26854 1.08863 1.26121 2.09698 0.984303 1.30446 0.762638 0.159309 0.987983 0.369843 0.470108 0.618444 0.925183 0.576436 0.558045 0.203374 0.287217 0.465271 0.625746 0.432851 -0.0276369 0.743348 0.919119 0.636531 0.506393 0.939609 0.256248 0.565758 0.6703 0.57217 1.21931 0.763396 0.469737 0.372097 -0.000206159 -0.0161434 0.129063 1.00934 0.738864 0.586428 0.875428 0.653581 0.0244746 0.331017 0.5067 0.77168 -0.0330476 -0.00165202 0.0192614
internal_weight=70552 2146 68406 5287 1363 1089 183 46 137 2785 906 607 269 51 338 221 55 166 93 117 2037 83 748 442 299 80 73 332 1543 725 274 155 96 63119 117 83 275 219 59 119 45 53 195 59 53 237 167 2502 2236 818 63 206 218 48 160 783 69 48 90 52241 10878 5420
internal_count=70552 2146 68406 5287 1363 1089 183 46 137 2785 906 607 269 51 338 221 55 166 93 117 2037 83 748 442 299 80 73 332 1543 725 274 155 96 63119 117 83 275 219 59 119 45 53 195 59 53 237 167 2502 2236 818 63 206 218 48 160 783 69 48 90 52241 10878 5420
is_linear=0
shrinkage=0.05


Tree=13
num_leaves=63
num_cat=0
split_feature=87 85 113 85 104 109 100 55 52 70 72 54 58 100 112 16 100 66 97 70 100 14 17 17 67 66 62 14 100 40 100 100 104 96 100 113 79 66 113 14 100 113 113 62 54 100 100 100 16 113 104 113 104 100 43 8 43 113 74 113 67 48
split_gain=222279 112507 36838.9 23226 16719.5 14290.8 11910.5 14432.2 14042.6 12239.8 16969.5 19142.9 10754 16264.6 8850.6 6354.46 5691.42 7929.5 9146.32 7084.25 9350.46 6105.47 14491.2 5381.86 6208.85 5995.95 5266.34 5150.13 6483.2 5147.19 5128.33 4953.21 4340.35 6074.6 4067.13 3441.04 3418.21 6821.6 7204.5 3317.76 3051.3 2885.99 2820.37 2782.05 2558.62 2417.93 2131.11 2115.23 2095.25 2433.09 1901.17 1936.39 1717.66 1712.81 1628.39 1930.88 1481.24 1457.67 1392.17 2165.37 3485.97 3396.96
threshold=1.0000000180025095e-35 4.0000000000000009 3.5000000000000004 4.0000000000000009 7.5000000000000009 60.500000000000007 2024.5000000000002 3.0000000000000004 3.0000000000000004 2.0000000000000004 3.5000000000000004 2.0000000000000004 3.0000000000000004 2011.5000000000002 inf 4.5000000000000009 2023.5000000000002 2.0000000000000004 1.5000000000000002 2.0000000000000004 2016.5000000000002 2.0000000000000004 3.0000000000000004 3.0000000000000004 2.5000000000000004 2.0000000000000004 2.5000000000000004 4.0000000000000009 2021.5000000000002 3.5000000000000004 2016.5000000000002 2020.5000000000002 1.0000000180025095e-35 1.5000000000000002 2023.5000000000002 2.5000000000000004 2.0000000000000004 2.0000000000000004 4.5000000000000009 4.0000000000000009 2010.5000000000002 5.5000000000000009 4.5000000000000009 2.5000000000000004 2.0000000000000004 2020.5000000000002 2015.5000000000002 2024.5000000000002 3.5000000000000004 4.5000000000000009 7.5000000000000009 2.5000000000000004 7.5000000000000009 2018.5000000000002 2.0000000000000004 2.0000000000000004 2.0000000000000004 1.5000000000000002 2.5000000000000004 4.5000000000000009 2.5000000000000004 3.0000000000000004
decision_type=2 2 2 2 2 8 2 2 2 2 2 2 2 2 8 2 2 2 2 2 2 2 2 2 2 2 2 2 2 2 2 2 2 2 2 2 2 2 2 2 2 2 2 2 2 2 2 2 2 2 2 2 2 2 2 2 2 2 2 2 2 2
left_child=2 50 32 -4 -3 -6 7 9 12 10 -7 29 31 -14 -5 16 17 42 19 20 -19 -22 -23 40 25 -25 34 28 30 -12 -27 -9 33 -1 36 47 37 -10 -39 -11 54 56 -15 -8 -41 -37 -43 57 -28 -50 -2 -52 -42 -29 55 -16 -26 -34 59 61 -61 -38
right_child=1 4 3 14 5 6 43 8 26 39 11 -13 13 15 23 -17 -18 18 -20 -21 21 22 -24 24 41 27 48 53 -30 -31 -32 -33 35 -35 -36 45 58 38 -40 44 52 46 -44 -45 -46 -47 -48 -49 49 -51 51 -53 -54 -55 -56 -57 -58 -59 -60 60 -62 -63
leaf_value=0.050374654895729488 -0.038151687910931195 -0.0072547516857202239 0.022603348586076162 0.051120295634210181 -0.060962077497194213 0.55801564474900567 0.44106637137434029 0.46344224006080864 0.38549212592263382 1.1967957024574281 0.97227834092848231 2.8906767201243024 2.377380731612444 0.31717234348708934 0.92282172282035146 0.53541187554597858 0.56209857165813448 0.71231367855236449 2.396852574745814 0.69302173284323598 1.1736351157313791 2.7196746814431569 1.0140322422981263 0.18626727435899817 0.33371619495217891 0.87663744640350338 0.16522493158925827 0.33329992982908152 0.46018844142775328 1.9234134151935578 1.9233455089005558 1.2603276282548905 -0.044282274665628896 1.0802504600513549 1.2401821761365448 -0.0076564449021014926 1.2407203507774016 0.76027537119388588 2.0008972639387306 0.8707284089736641 -0.035377235913483226 0.88204905667475286 1.0031141225010791 -0.21967330461456661 0.080523032943407694 0.10790928777458218 0.36592059861070347 0.04468675633515324 0.22868061521739672 0.80239771267487903 0.014749104669517172 0.27241273212432859 0.1857495446987644 0.6529636818746275 0.1439049386382103 0.33562558532825543 0.15513563301737707 -0.027066036363468122 0.45850029692617283 0.85976415614824031 0.16866412609815598 0.41950357735157012
leaf_weight=45 483 65 3569 561 45 30 66 104 31 25 33 33 25 22 28 50 36 29 21 38 29 33 20 92 178 25 67 80 34 25 22 24 21716 21 35 11019 34 25 22 20 101 28 47 21 21 472 70 857 33 42 175 125 673 88 25 28 334 28340 119 37 36 20
leaf_count=45 483 65 3569 561 45 30 66 104 31 25 33 33 25 22 28 50 36 29 21 38 29 33 20 92 178 25 67 80 34 25 22 24 21716 21 35 11019 34 25 22 20 101 28 47 21 21 472 70 857 33 42 175 125 673 88 25 28 334 28340 119 37 36 20
internal_value=-0.000165062 0.500903 -0.0158843 0.103148 0.775299 0.814487 0.845928 0.888036 0.811156 1.29053 1.58928 1.92926 1.00502 1.14845 0.224594 1.05391 1.14818 1.23647 1.41995 1.28226 1.48399 1.75689 2.07604 0.278481 0.360322 0.531195 0.626187 0.658638 0.986123 1.38225 1.36659 0.612858 -0.027195 0.378062 0.728141 -0.0276236 0.672828 0.961242 1.34099 0.74281 0.187451 0.264801 0.784408 0.281577 0.465989 -0.00290951 0.513386 -0.0332015 0.368431 0.549962 0.0232509 0.122109 0.156894 0.500743 0.479434 0.629224 0.21722 -0.034535 0.581379 0.696518 0.518948 0.936566
internal_weight=70552 2146 68406 5936 1363 1298 1253 1166 979 187 121 91 478 350 2367 325 275 239 170 149 111 82 53 1806 951 341 501 249 81 58 47 128 62470 66 359 62404 324 78 47 66 855 610 69 87 41 11491 98 50913 142 75 783 300 774 168 81 56 512 50056 246 127 73 54
internal_count=70552 2146 68406 5936 1363 1298 1253 1166 979 187 121 91 478 350 2367 325 275 239 170 149 111 82 53 1806 951 341 501 249 81 58 47 128 62470 66 359 62404 324 78 47 66 855 610 69 87 41 11491 98 50913 142 75 783 300 774 168 81 56 512 50056 246 127 73 54
is_linear=0
shrinkage=0.05


Tree=14
num_leaves=63
num_cat=0
split_feature=87 85 11 58 104 109 52 114 77 43 55 8 114 58 112 16 100 42 17 16 77 67 114 62 114 77 40 114 104 40 8 16 102 104 14 100 100 100 79 22 114 11 77 114 46 40 91 114 55 100 100 16 104 103 110 109 104 100 42 114 72 77
split_gain=200607 101538 32231.1 21516.2 15089.3 12897.5 10789.1 21386.4 18999.8 12451.3 15949.3 20809.6 32119.5 11000.3 9911.13 8901.45 8297.15 5644.13 5634.94 5371.4 4600.41 4528.64 4146.96 4091.7 4844.98 5789.35 5158.63 8336.28 3459.82 3949.42 3327.53 3143.05 3080.32 3215.44 2947 3020.35 5810.85 2915.4 2808.87 3210.16 4409.23 4248.01 2399.22 2366.24 3727.87 2154.01 1934.62 2994.81 1920.67 1916.41 1838.47 1723.19 1715.8 1648.34 1953.92 1636.24 1611.27 1970.92 1793.68 1541.26 1517.09 1504.08
threshold=1.0000000180025095e-35 4.0000000000000009 1.0000000180025095e-35 3.0000000000000004 7.5000000000000009 60.500000000000007 3.0000000000000004 12.500000000000002 2.5000000000000004 2.0000000000000004 3.0000000000000004 2.0000000000000004 15.500000000000002 3.0000000000000004 inf 3.5000000000000004 2011.5000000000002 2.0000000000000004 3.0000000000000004 4.5000000000000009 2.5000000000000004 2.5000000000000004 15.500000000000002 2.5000000000000004 14.500000000000002 2.5000000000000004 3.5000000000000004 16.500000000000004 1.0000000180025095e-35 3.5000000000000004 2.0000000000000004 2.5000000000000004 1.0000000180025095e-35 7.5000000000000009 4.0000000000000009 2014.5000000000002 2021.5000000000002 2017.5000000000002 2.0000000000000004 3.0000000000000004 18.500000000000004 2.0000000000000004 2.5000000000000004 14.500000000000002 2.0000000000000004 3.5000000000000004 2.0000000000000004 11.500000000000002 3.0000000000000004 2013.5000000000002 2014.5000000000002 4.5000000000000009 7.5000000000000009 1.0000000180025095e-35 50.750000000000007 70.500000000000014 7.5000000000000009 2010.5000000000002 2.0000000000000004 10.500000000000002 3.5000000000000004 2.5000000000000004
decision_type=2 2 2 2 2 8 2 2 2 2 2 2 2 2 8 2 2 2 2 2 2 2 2 2 2 2 2 2 2 2 2 2 2 2 2 2 2 2 2 2 2 2 2 2 2 2 2 2 2 2 2 2 2 2 10 10 2 2 2 2 2 2
left_child=2 52 28 -4 -3 -6 7 8 -7 10 11 12 -8 42 -5 -10 -15 20 56 -14 37 34 45 24 59 -26 30 -28 29 -1 -27 -11 55 -34 35 -20 -37 -18 -24 40 60 -42 -9 44 -33 -22 48 -48 51 -44 -25 -23 -2 54 -54 -30 -16 58 -58 -12 -40 -61
right_child=1 4 3 14 5 6 9 13 15 31 23 -13 19 16 18 -17 17 -19 21 -21 22 46 38 50 25 26 27 -29 32 -31 -32 43 33 -35 -36 36 -38 -39 39 -41 41 -43 49 -45 -46 -47 47 -49 -50 -51 -52 -53 53 -55 -56 -57 57 -59 -60 61 -62 -63
leaf_value=0.062751309900749022 -0.036244103763306487 -0.0068920115496103581 -0.0084383814991444359 0.030905827918175567 -0.057913974846402809 0.86013880140251586 3.3766333870265797 0.15413512042438499 1.7434269054482383 -0.079486838976542157 0.1839398873263392 0.21155975593460932 1.5767233495528883 1.7710881445308528 0.038372544238909956 3.1530122512862797 0.2649865167921987 0.46790520363166688 0.25398256360786037 0.50158049066861465 0.40436285626888274 0.29396245151758199 0.7550701300303142 -0.00055683801571528122 0.49346004332981858 1.1891329019157977 2.2932945525646211 1.0201322031103903 -0.0054204415886229106 0.90595172508841471 0.41118317810552463 1.0795953177846969 -0.040774514158505235 -0.015580259266747831 0.3714364869207144 1.2038323709939389 0.39951398521661763 0.916801956508841 1.1511540840972554 1.8942301809787752 0.96557211396486875 1.8223381132651602 0.32221002606747789 0.32649966928440688 0.32769878944929909 1.0237837528809905 0.94277095980942249 0.30860673867906613 0.19077549876536215 0.84428873008642447 0.511514956647387 0.85328427178873911 0.0063717594654077577 0.32844935823231936 0.52357627745717772 0.086233772543065787 0.62159887674885494 0.1750197293557616 0.067565166808310012 0.98388920605182661 0.57037979753121082 0.47084496593475339
leaf_weight=41 483 65 2346 696 45 36 23 49 24 33 29 27 26 30 197 21 29 61 32 21 25 40 24 24 51 27 20 36 10345 21 28 32 30685 21564 250 47 43 42 22 22 23 39 32 134 34 32 24 83 549 39 65 21 210 70 20 511 48 842 21 20 23 50
leaf_count=41 483 65 2346 696 45 36 23 49 24 33 29 27 26 30 197 21 29 61 32 21 25 40 24 24 51 27 20 36 10345 21 28 32 30685 21564 250 47 43 42 22 22 23 39 32 134 34 32 24 83 549 39 65 21 210 70 20 511 48 842 21 20 23 50
internal_value=-0.000156808 0.475858 -0.0150901 0.104084 0.736534 0.773763 0.803631 0.963464 1.7163 0.668949 0.82342 1.39075 1.84558 0.839521 0.195331 2.40123 0.9738 0.903862 0.24742 1.09634 0.998501 0.328191 1.11614 0.666189 0.76602 0.934425 1.13703 1.47483 -0.0249743 0.348351 0.793086 0.372604 -0.0253411 -0.0303764 0.469747 0.671202 0.819547 0.650567 1.25175 1.34416 1.23106 1.50451 0.423255 0.447199 0.692255 0.752108 0.254748 0.450849 0.22035 0.608986 0.373428 0.486516 0.0220883 0.116004 0.0513461 -0.00110621 0.168034 0.196073 0.45298 0.490447 0.854314 0.617429
internal_weight=70552 2146 68406 5239 1363 1298 1253 573 81 680 447 97 70 492 2893 45 372 342 2197 47 281 1089 210 350 261 162 111 56 63167 62 55 233 63105 52249 372 122 90 71 153 129 107 62 120 200 66 57 717 107 610 71 89 61 783 300 230 10856 1108 911 69 99 45 70
internal_count=70552 2146 68406 5239 1363 1298 1253 573 81 680 447 97 70 492 2893 45 372 342 2197 47 281 1089 210 350 261 162 111 56 63167 62 55 233 63105 52249 372 122 90 71 153 129 107 62 120 200 66 57 717 107 610 71 89 61 783 300 230 10856 1108 911 69 99 45 70
is_linear=0
shrinkage=0.05


Tree=15
num_leaves=63
num_cat=0
split_feature=87 85 85 55 114 57 8 72 100 70 104 22 43 114 110 67 40 100 63 114 100 48 100 100 79 16 94 94 100 8 54 104 102 54 63 11 46 114 104 14 114 110 11 16 16 109 112 66 100 71 100 68 100 79 100 100 100 100 94 68 66 100
split_gain=192141 104210 28004.4 21062.3 28165.6 18734.9 16398.9 25486.6 22568.3 16656.1 10775.5 9414.55 8726.96 11366.9 8715.02 7658.6 8096.06 16308 9827.51 9126.78 9081.22 8981.19 8676.17 4517.61 4199.11 4157.88 3987.31 5071.01 3484.89 3183.25 6756.77 3149.99 3126.61 3013.73 2994.48 4197.45 2961.28 2940.96 2910.56 2632.43 2613.2 2592.94 2441.16 2346.93 2214.19 2124.64 2119.33 3459.03 3819.9 2093.82 2054.95 1914.64 1889.3 1868.39 2464.7 1849.75 1836.79 1824.03 1820.68 1783.06 1850.78 1694.4
threshold=1.0000000180025095e-35 4.0000000000000009 4.0000000000000009 3.0000000000000004 11.500000000000002 4.0000000000000009 2.0000000000000004 3.5000000000000004 2013.5000000000002 2.0000000000000004 7.5000000000000009 3.0000000000000004 2.0000000000000004 10.500000000000002 49.250000000000007 2.5000000000000004 3.5000000000000004 2011.5000000000002 2.5000000000000004 12.500000000000002 2018.5000000000002 3.0000000000000004 2014.5000000000002 2015.5000000000002 2.0000000000000004 2.5000000000000004 4.0000000000000009 2.0000000000000004 2012.5000000000002 2.0000000000000004 2.0000000000000004 7.5000000000000009 1.0000000180025095e-35 2.0000000000000004 2.5000000000000004 2.0000000000000004 2.0000000000000004 10.500000000000002 7.5000000000000009 4.0000000000000009 16.500000000000004 68.250000000000014 2.0000000000000004 3.5000000000000004 3.5000000000000004 70.500000000000014 1.0000000180025095e-35 2.0000000000000004 2017.5000000000002 3.0000000000000004 2023.5000000000002 2.0000000000000004 2020.5000000000002 2.0000000000000004 2018.5000000000002 2011.5000000000002 2020.5000000000002 2022.5000000000002 4.0000000000000009 2.0000000000000004 2.0000000000000004 2020.5000000000002
decision_type=2 2 2 2 2 2 2 2 2 2 2 2 2 2 8 2 2 2 2 2 2 2 2 2 2 2 2 2 2 2 2 2 2 2 2 2 2 2 2 2 2 8 2 2 2 10 10 2 2 2 2 2 2 2 2 2 2 2 2 2 2 2
left_child=2 -2 32 4 -3 55 7 -6 -9 -10 -5 31 13 49 -15 16 19 -18 21 -16 22 -19 -20 51 -25 -14 27 -13 -27 30 40 -7 45 36 -35 -36 52 39 -34 -29 44 -33 -22 -26 -17 -1 -47 -48 -49 -12 56 -21 -30 -43 59 -4 -39 -37 -38 60 -55 -57
right_child=1 3 5 10 6 11 -8 8 9 -11 12 26 25 14 15 29 17 18 20 23 42 -23 -24 24 43 28 -28 37 33 -31 -32 41 38 34 35 57 58 50 -40 -41 -42 53 -44 -45 -46 46 47 48 -50 -51 -52 -53 -54 54 -56 61 -58 -59 -60 -61 -62 -63
leaf_value=-0.0038576395950967314 0.0073341034535276232 2.9726717001199727 0.34512445037630768 -0.0081106586040308095 0.20327146150585682 0.0018946383621484516 0.34788706104736777 0.62360247265675983 2.9212156270444396 1.208400291746313 0.33923779545645966 0.19017880903146928 0.068306565257134272 -0.03250960460198777 1.6263238981918056 0.0074801555275917061 2.45360974047495 0.32826742369031153 1.0926441767523367 0.55408373056231319 1.2370171026104975 1.3915816796237026 2.2132942104950928 0.24395378243923191 0.71310929394465816 0.0051991625240555518 0.15826604192157848 1.3021143103187736 0.49715598005315531 0.42224873805970176 1.4356094241142274 0.015655519707806192 -0.03829516070291001 1.2289843900005024 1.1913593211521707 0.65656854401032128 -0.13488283448598601 0.47001268433377064 -0.014345641257153791 0.50952812299132355 0.90730109831646966 0.080070373670605488 0.52387244115982745 1.2006237453637789 0.67983743116880468 0.023589839079293306 0.086033754126727591 0.091666932568813753 0.89675837132860625 -0.27369361248883334 0.1987851838408797 0.016569547317922116 1.0240476999017927 0.26645674322252022 0.14342328387709416 -0.026052774109545582 0.81674382220953712 0.071755642443895346 0.39686628074695668 0.22827936249522815 0.5797415395267308 0.11048098471819186
leaf_weight=10334 791 20 37 60 36 378 64 29 40 22 38 159 54 28 27 25 23 63 31 37 21 29 39 25 47 27 202 22 46 103 31 260 30854 30 24 30 22 187 21544 20 34 320 28 52 24 323 125 26 34 22 54 30 27 99 575 2087 48 24 60 387 90 255
leaf_count=10334 791 20 37 60 36 378 64 29 40 22 38 159 54 28 27 25 23 63 31 37 21 29 39 25 47 27 202 22 46 103 31 260 30854 30 24 30 22 187 21544 20 34 320 28 52 24 323 125 26 34 22 54 30 27 99 575 2087 48 24 60 387 90 255
internal_value=0.000432038 0.464406 -0.0142358 0.727922 1.18746 0.0975335 1.00053 1.32941 1.77492 2.31344 0.644406 0.185167 0.679965 0.77486 0.831706 0.867876 0.985094 1.18934 1.05153 0.765855 1.35156 0.663443 1.71701 0.644218 0.822963 0.471143 0.345196 0.422257 0.546154 0.623718 0.805748 0.132659 -0.0233909 0.60169 0.804457 0.641177 0.460407 0.533739 -0.0284481 0.924692 0.570498 0.161214 0.829506 0.969177 0.336798 0.00104981 0.10088 0.235823 0.547885 0.114496 0.476922 0.313406 0.692034 0.186942 0.216654 -0.00564518 0.540834 0.396652 0.254202 0.289757 0.41564 -0.0111868
internal_weight=70583 2163 68420 1372 211 5180 191 127 91 62 1161 2801 1101 757 697 669 452 234 211 218 119 92 70 191 124 344 692 490 290 217 114 2109 63240 263 108 78 155 331 52398 42 83 1731 49 99 49 10842 508 185 60 60 289 67 73 1471 1151 2379 235 54 82 576 189 2342
internal_count=70583 2163 68420 1372 211 5180 191 127 91 62 1161 2801 1101 757 697 669 452 234 211 218 119 92 70 191 124 344 692 490 290 217 114 2109 63240 263 108 78 155 331 52398 42 83 1731 49 99 49 10842 508 185 60 60 289 67 73 1471 1151 2379 235 54 82 576 189 2342
is_linear=0
shrinkage=0.05


Tree=16
num_leaves=63
num_cat=0
split_feature=87 85 113 55 114 65 16 85 52 114 41 17 100 22 114 58 16 100 14 62 63 11 43 66 48 70 66 100 113 113 114 28 92 14 92 113 100 48 16 100 17 14 100 58 14 100 110 14 68 65 48 114 44 42 100 46 14 17 114 43 79 92
split_gain=173408 94049.3 27336 19008.7 25419.5 23173.8 30514.8 15202.9 12877.6 7484.47 9811.45 7779.34 11482.3 6930.47 6651.63 9681.88 5908.28 7991.38 9371.61 10167.9 12904.4 4940.54 4814.67 4682.41 4676.47 7892.67 9321 3924.87 4917.44 3811.47 3612.68 6226.94 7425.48 4145.86 3524.05 3320.6 2725.01 2752.15 2704 2647.02 2576.68 2463.05 2380.26 2268.67 6870.25 2247.11 1865.25 1722.14 2017.72 2153.26 2293.72 1718.61 1673.91 2625.69 1727.8 1962.03 4715.61 2200.08 1734.2 1579.49 2181.31 1519.71
threshold=1.0000000180025095e-35 4.0000000000000009 3.5000000000000004 3.0000000000000004 11.500000000000002 2.0000000000000004 4.5000000000000009 4.0000000000000009 3.0000000000000004 9.5000000000000018 3.5000000000000004 3.0000000000000004 2011.5000000000002 3.0000000000000004 12.500000000000002 3.0000000000000004 4.5000000000000009 2022.5000000000002 2.0000000000000004 2.5000000000000004 2.5000000000000004 1.0000000180025095e-35 2.0000000000000004 2.0000000000000004 3.0000000000000004 2.0000000000000004 2.0000000000000004 2020.5000000000002 4.5000000000000009 2.5000000000000004 18.500000000000004 2.0000000000000004 4.0000000000000009 4.0000000000000009 4.0000000000000009 5.5000000000000009 2015.5000000000002 3.0000000000000004 1.5000000000000002 2023.5000000000002 3.0000000000000004 4.0000000000000009 2020.5000000000002 3.0000000000000004 4.0000000000000009 2024.5000000000002 21.750000000000004 2.0000000000000004 2.0000000000000004 2.0000000000000004 3.0000000000000004 17.500000000000004 2.0000000000000004 2.0000000000000004 2013.5000000000002 2.0000000000000004 4.0000000000000009 3.0000000000000004 14.500000000000002 2.0000000000000004 2.0000000000000004 4.0000000000000009
decision_type=2 2 2 2 2 2 2 2 2 2 2 2 2 2 2 2 2 2 2 2 2 2 2 2 2 2 2 2 2 2 2 2 2 2 2 2 2 2 2 2 2 2 2 2 2 2 10 2 2 2 2 2 2 2 2 2 2 2 2 2 2 2
left_child=2 61 29 4 -3 22 -7 -4 9 -5 11 12 -11 34 -14 -16 17 18 -17 20 -20 -10 24 -15 25 26 -6 28 -13 45 38 32 -32 -34 -9 46 37 -30 -23 -29 -36 -37 -31 44 -40 -1 47 -25 49 50 -49 -38 54 -54 -45 56 -56 -58 -59 60 -42 -2
right_child=1 3 7 8 5 6 -8 13 21 10 -12 27 14 23 15 16 -18 -19 19 -21 -22 30 -24 35 -26 -27 -28 39 36 42 31 -33 33 -35 40 41 51 -39 43 -41 59 -43 -44 52 -46 -47 -48 48 -50 -51 -52 -53 53 -55 55 -57 57 58 -60 -61 -62 -63
leaf_value=-0.030564257115710109 -0.030919500781461745 2.8240381544828419 0.023641553392116078 -0.097882475363819499 0.77552325570812597 0.90520065318454401 3.3802910988777874 0.02895955476990102 -0.099864821469313234 2.0426551336591898 1.8112773609658082 -0.035223933160305025 1.4689926268238771 0.1592652766891906 0.23139737279270778 0.59569082675795815 0.16684560335817791 0.33239659974972408 0.96807529304338547 0.65382781858029571 2.4842521841327354 -0.041690213046967989 0.17751867436295884 0.06585585889406502 0.17324730862270704 0.30987219541835098 2.2112718811631207 1.1291586404427505 1.097142950807299 -0.0021027025276433606 0.22218444363679737 0.29090072411705148 0.83029141063491518 1.642430192232132 0.10814744419259421 1.0085769260209054 -0.025167073238463629 0.36188721269369128 1.4920061051845552 0.52070808235668775 0.01098619419667456 0.42004802196752283 0.11162587905125597 0.18679835185408594 0.38900700677186251 0.05081075136844182 -0.0050249257435401283 1.1316409481423242 0.33590637389308131 0.26933841471528186 0.54456609511157372 0.60045404738706099 0.37608020126533054 -0.23588190156345568 0.083233106525047965 0.37991342583652776 1.3227808689529246 1.0300399799746545 0.40909922550553857 0.17551991596345146 0.3872948782372006 0.13374279245253204
leaf_weight=50025 609 20 3587 23 26 33 20 534 38 22 24 45 38 241 64 38 21 30 23 23 36 30 44 32 22 26 20 39 35 11081 24 55 30 33 598 40 21 20 20 33 45 32 480 45 48 863 30 28 142 29 41 23 65 24 23 101 22 22 23 325 267 182
leaf_count=50025 609 20 3587 23 26 33 20 534 38 22 24 45 38 241 64 38 21 30 23 23 36 30 44 32 22 26 20 39 35 11081 24 55 30 33 598 40 21 20 20 33 45 32 480 45 48 863 30 28 142 29 41 23 65 24 23 101 22 22 23 325 267 182
internal_value=0.000410436 0.441186 -0.013524 0.691526 1.12809 0.9505 1.8392 0.0886839 0.612186 0.785292 0.82326 0.776856 0.943791 0.186548 0.855238 0.755992 0.952332 1.0623 1.24478 1.54557 1.8932 0.451998 0.609188 0.331133 0.811246 1.00619 1.39976 0.548866 0.398157 -0.0232966 0.489114 0.70733 0.97059 1.2557 0.136282 0.441882 0.595148 0.829777 0.41586 0.850285 0.182687 0.747009 0.00261918 0.450787 0.713419 -0.0291842 0.369137 0.410405 0.456344 0.630857 0.782799 0.301862 0.395837 0.211057 0.465521 0.531188 0.700952 0.913005 0.71267 0.252663 0.33302 0.0069674
internal_weight=70583 2163 68420 1372 211 191 53 5971 1161 558 535 511 295 2384 273 235 171 150 120 82 59 603 138 615 94 72 46 216 144 62449 565 142 87 63 1769 374 99 55 423 72 1235 72 11561 393 68 50888 302 272 240 98 69 44 325 89 236 191 90 67 45 637 312 791
internal_count=70583 2163 68420 1372 211 191 53 5971 1161 558 535 511 295 2384 273 235 171 150 120 82 59 603 138 615 94 72 46 216 144 62449 565 142 87 63 1769 374 99 55 423 72 1235 72 11561 393 68 50888 302 272 240 98 69 44 325 89 236 191 90 67 45 637 312 791
is_linear=0
shrinkage=0.05


Tree=17
num_leaves=63
num_cat=0
split_feature=12 85 113 55 114 65 8 85 52 114 41 17 100 114 93 16 16 40 66 113 22 22 43 16 72 100 113 66 113 113 62 114 28 57 54 113 51 79 100 114 100 44 43 94 17 67 44 114 100 85 100 114 100 68 55 14 8 44 46 113 113 114
split_gain=146840 98791.1 22889.1 17425.7 23085.5 19983.7 30872.2 12313.6 11356.2 6973.09 8262.94 7016.7 10437.7 6080.38 8579.56 5804.8 7399.37 8790.62 8509.43 8929.46 5538.92 4956.9 4345.24 4645.4 8549.3 3609.2 4538.87 3598.82 3726.7 3381.57 3149.74 4321.35 4114.27 2912.97 2713.85 2666.55 2495.02 2463.32 3368 2439.39 3040.67 2423.32 2421.43 2111.83 2044.04 4009.58 2195.56 3549.02 2020.15 2018.75 2013.83 1796.6 1567.97 1547.75 1478.85 1432.18 1418.78 1397.3 3642.47 1336.79 1334.25 1617.24
threshold=1.0000000180025095e-35 4.0000000000000009 3.5000000000000004 3.0000000000000004 11.500000000000002 2.0000000000000004 2.0000000000000004 4.0000000000000009 3.0000000000000004 9.5000000000000018 3.5000000000000004 3.0000000000000004 2011.5000000000002 12.500000000000002 3.0000000000000004 4.5000000000000009 3.5000000000000004 3.5000000000000004 2.0000000000000004 4.5000000000000009 3.0000000000000004 1.0000000180025095e-35 2.0000000000000004 4.5000000000000009 3.5000000000000004 2020.5000000000002 4.5000000000000009 2.0000000000000004 5.5000000000000009 2.5000000000000004 2.5000000000000004 18.500000000000004 2.0000000000000004 4.0000000000000009 2.0000000000000004 4.5000000000000009 2.5000000000000004 2.0000000000000004 2015.5000000000002 15.500000000000002 2023.5000000000002 2.0000000000000004 2.0000000000000004 2.0000000000000004 3.0000000000000004 2.5000000000000004 2.0000000000000004 14.500000000000002 2013.5000000000002 4.0000000000000009 2024.5000000000002 11.500000000000002 2014.5000000000002 2.0000000000000004 3.0000000000000004 2.0000000000000004 2.0000000000000004 2.0000000000000004 2.0000000000000004 4.5000000000000009 3.5000000000000004 13.500000000000002
decision_type=2 2 2 2 2 2 2 2 2 2 2 2 2 2 2 2 2 2 2 2 2 2 2 2 2 2 2 2 2 2 2 2 2 2 2 2 2 2 2 2 2 2 2 2 2 2 2 2 2 2 2 2 2 2 2 2 2 2 2 2 2 2
left_child=2 -2 29 4 -3 22 -7 -4 9 -5 11 12 -11 -14 56 16 17 53 -18 -20 33 -10 23 24 -6 26 -13 -22 52 50 31 34 35 -9 36 -33 -23 -28 42 -27 -41 -30 -39 -38 -35 46 -46 -48 -45 -31 -1 -36 59 -16 -51 -54 -15 58 -50 -29 -53 -62
right_child=1 3 7 8 5 6 -8 20 21 10 -12 25 13 14 15 -17 18 -19 19 -21 27 30 -24 -25 -26 39 37 28 41 49 -32 32 -34 44 51 -37 43 38 -40 40 -42 -43 -44 48 45 -47 47 -49 57 54 -52 60 55 -55 -56 -57 -58 -59 -60 -61 61 -63
leaf_value=-0.029079694222800014 0.0029981278868105553 2.6828362277150157 0.022494920593151155 -0.093450373069693657 0.25087446191094143 2.6301974904887819 0.15450719147920611 0.027272596931053522 -0.084382691875446669 1.9405224011702971 1.6652573937177657 -0.035687623140351524 1.3955429904922649 0.037474283650517463 0.48027025830178033 0.13948181108994917 0.53899234611055125 1.2973707828919094 0.84150861322879789 2.1658960250445776 0.15271702841234705 0.98130236240103841 0.16864274913148786 0.30375195180668552 1.4894078588015156 0.45338297116345372 0.084716737128439412 -0.023190762551159275 0.99490438902225253 -0.0045107089909043495 0.29121893631560464 0.7600660266158612 0.37931813002164877 0.10164310395950059 -0.075972695924617639 1.3795455671846868 0.017056697010993958 1.3411066661710325 0.33062904220872696 1.4575663141228938 0.61642670461109716 0.37172517839532637 0.58885887538082904 0.22431450070756856 0.27616568217824278 0.13709219142083248 0.08409172172347705 0.80018939575360681 1.1785455293727645 0.29836690730773485 0.048045883463912253 0.71784441628209927 0.066905829670100378 -0.12678126353947891 0.052399835468545368 0.44454369946397887 0.52374956446389365 0.35287954394633952 0.4961554281723996 0.4388775636968405 -0.061606232201059666 0.41233179185494218
leaf_weight=49847 1014 20 3580 24 22 34 20 529 43 22 25 46 38 40 21 22 23 30 20 35 240 32 44 34 38 29 21 49 39 10428 175 38 35 593 27 32 20 23 35 22 21 26 20 33 133 398 24 62 33 65 861 23 29 21 1021 187 24 26 48 23 24 72
leaf_count=49847 1014 20 3580 24 22 34 20 529 43 22 25 46 38 40 21 22 23 30 20 35 240 32 44 34 38 29 21 49 39 10428 175 38 35 593 27 32 20 23 35 22 21 26 20 33 133 398 24 62 33 65 861 23 29 21 1021 187 24 26 48 23 24 72
internal_value=0.000389915 0.38078 -0.0132828 0.647729 1.06622 0.89782 1.71328 0.0807344 0.575186 0.740423 0.777622 0.734365 0.892694 0.808562 0.714048 0.897944 1.00918 0.643672 1.34658 1.6843 0.170142 0.434697 0.578729 0.770684 1.03528 0.518394 0.374704 0.302101 0.403665 -0.0222158 0.470815 0.541761 0.821944 0.125143 0.454722 1.04326 0.578268 0.565391 0.694803 0.807771 1.04678 0.745633 0.991224 0.497662 0.167931 0.231641 0.40347 0.600348 0.566319 0.00224565 -0.0277701 0.29225 0.326485 0.176744 0.0671216 0.393842 0.219828 0.671797 0.774166 0.124414 0.375796 0.293847
internal_weight=70583 2449 68134 1435 212 192 54 5912 1223 562 538 513 296 274 236 172 150 72 78 55 2332 661 138 94 60 217 145 593 353 62222 618 443 105 1739 338 70 192 99 78 72 43 65 43 160 1210 617 219 86 140 11514 50708 146 288 42 1086 216 64 107 81 72 119 96
internal_count=70583 2449 68134 1435 212 192 54 5912 1223 562 538 513 296 274 236 172 150 72 78 55 2332 661 138 94 60 217 145 593 353 62222 618 443 105 1739 338 70 192 99 78 72 43 65 43 160 1210 617 219 86 140 11514 50708 146 288 42 1086 216 64 107 81 72 119 96
is_linear=0
shrinkage=0.05


Tree=18
num_leaves=63
num_cat=0
split_feature=87 85 85 55 114 58 72 52 70 48 22 66 114 41 58 16 114 16 43 100 94 14 40 66 62 11 114 100 94 94 62 114 57 28 14 102 104 114 104 63 16 51 46 14 110 44 14 114 100 46 109 100 66 112 100 61 100 16 72 100 100 100
split_gain=141208 76514.7 20855.8 15547.4 20686.9 14399.2 12035.9 10555.1 10536.7 15239.7 7576.99 6119.91 6098.32 8038.19 5709.84 7919.57 10948.5 6599.48 7742.57 10197.3 7290.8 7999.74 7965.63 9711.65 6826.48 4019.92 3517.06 6184.17 3447.61 4630.22 3158.27 4367.21 3967.27 5486.12 4907.02 2713.85 2592.75 2561.91 2512.06 2475.11 2472.05 3318.71 2425.87 2393.95 2108.38 1908.63 2238.15 1947.88 2350.83 2131.28 1900.29 1902.54 2525.45 4184.79 1806.51 1771.24 1706.5 1628.14 2332.11 1615.07 1500.8 1484.61
threshold=1.0000000180025095e-35 4.0000000000000009 4.0000000000000009 3.0000000000000004 11.500000000000002 3.0000000000000004 3.5000000000000004 3.0000000000000004 2.0000000000000004 3.0000000000000004 3.0000000000000004 2.0000000000000004 9.5000000000000018 3.5000000000000004 3.0000000000000004 3.5000000000000004 16.500000000000004 4.5000000000000009 2.0000000000000004 2022.5000000000002 4.0000000000000009 2.0000000000000004 3.5000000000000004 2.0000000000000004 2.5000000000000004 1.0000000180025095e-35 15.500000000000002 2016.5000000000002 4.0000000000000009 2.0000000000000004 2.5000000000000004 18.500000000000004 4.0000000000000009 2.0000000000000004 4.0000000000000009 1.0000000180025095e-35 7.5000000000000009 10.500000000000002 7.5000000000000009 2.5000000000000004 1.5000000000000002 2.5000000000000004 2.0000000000000004 4.0000000000000009 68.250000000000014 2.0000000000000004 4.0000000000000009 16.500000000000004 2020.5000000000002 2.0000000000000004 70.500000000000014 2017.5000000000002 2.0000000000000004 1.0000000180025095e-35 2016.5000000000002 1.5000000000000002 2015.5000000000002 3.5000000000000004 3.5000000000000004 2011.5000000000002 2020.5000000000002 2022.5000000000002
decision_type=2 2 2 2 2 2 2 2 2 2 2 2 2 2 2 2 2 2 2 2 2 2 2 2 2 2 2 2 2 2 2 2 2 2 2 2 2 2 2 2 2 2 2 2 8 2 2 2 2 2 10 2 2 10 2 2 2 2 2 2 2 2
left_child=2 -2 35 4 -3 59 -6 12 9 26 36 -10 -5 14 15 -14 -17 18 19 20 -16 42 54 -24 -19 -9 -8 -28 29 -12 31 40 -33 34 -34 50 -7 43 -37 -39 -27 56 -22 -31 -38 46 -43 48 -48 -50 -1 -52 -53 -54 -23 -46 -42 58 -20 -4 -61 -62
right_child=1 3 5 7 6 10 8 25 11 -11 28 -13 13 -15 17 16 -18 24 57 -21 21 22 23 -25 -26 30 27 -29 -30 37 -32 32 33 -35 -36 38 44 39 -40 -41 41 45 -44 -45 55 -47 47 -49 49 -51 51 52 53 -55 -56 -57 -58 -59 -60 60 61 -63
leaf_value=-0.0019753664358839766 0.006469121802887879 2.5486943840980532 0.32039031374293403 -0.088315819786942529 0.19201150858402252 -0.0043592873766201282 2.4003879269957547 -0.090652442841153397 1.0358846716582775 0.37075665046771372 0.1547886042560665 -0.023352183103561405 0.14086842123546045 1.6374506444980701 0.39861129625983865 1.7983483871533759 0.2992691161303685 -0.067509909050586889 1.0618641515076159 0.45914214885744614 0.40793431906029581 0.80867921217628147 1.1895582277666439 2.5377747941543074 1.0686704367399216 -0.067428513399014872 0.98807764507475371 2.2015111128489178 0.12957180176289881 1.2064260526136918 0.24399515700340274 0.25409283554553985 0.7884499244689942 0.37663041996955871 1.7791078767776491 -0.033964318225435934 0.0089884042274206884 0.74870701158046726 -0.011714644902729231 0.36200575165319604 0.57231648953064629 0.21977055893632871 1.1188418579101562 0.4505935314297676 -0.0056816299078645003 0.16454602153971792 0.24322474898314492 0.96310757196375318 1.0988988596607339 0.41757729140420752 0.0080109676610339766 0.089899978745998171 0.09683488642331213 0.8513242268387009 1.428790623197953 0.17996959583219377 1.2038242071866989 0.16447818172829493 0.37762074994318412 -0.02643750981355153 0.48699262297671775 0.064897442804396618
leaf_weight=10334 791 20 37 23 50 383 20 38 30 24 161 25 88 24 23 21 29 39 20 57 20 23 22 34 20 24 21 21 202 22 150 25 25 25 25 30854 264 50 21544 240 23 58 30 20 142 68 48 28 22 24 275 159 40 34 24 1349 20 28 33 2066 23 221
leaf_count=10334 791 20 37 23 50 383 20 38 30 24 161 25 88 24 23 21 29 39 20 57 20 23 22 34 20 24 21 21 202 22 150 25 25 25 25 30854 264 50 21544 240 23 58 30 20 142 68 48 28 22 24 275 159 40 34 24 1349 20 28 33 2066 23 221
internal_value=0.000370419 0.398123 -0.012204 0.623924 1.01874 0.0842505 0.858537 0.55217 1.09489 1.44055 0.160127 0.554413 0.708891 0.743163 0.701162 0.426381 0.928882 0.802823 0.893989 1.04038 1.22862 1.35339 1.60529 2.00812 0.317636 0.407145 1.85466 1.59479 0.303546 0.374829 0.440625 0.511696 0.79957 0.981396 1.28378 -0.0201046 0.113506 0.481536 -0.0248161 0.428678 0.420307 0.460533 0.834479 0.846506 0.139228 0.390223 0.475478 0.597045 0.488004 0.743427 0.00266575 0.0970778 0.2022 0.443492 1.12533 0.162289 0.866041 0.472891 0.635826 -0.007338 -0.0125873 0.104685
internal_weight=70583 2163 68420 1372 211 5180 191 1161 141 86 2833 55 558 535 511 138 50 373 314 233 176 153 103 56 59 603 62 42 695 493 565 415 100 75 50 63240 2138 332 52398 290 315 291 50 42 1755 248 180 122 94 46 10842 508 233 74 47 1491 43 81 53 2347 2310 244
internal_count=70583 2163 68420 1372 211 5180 191 1161 141 86 2833 55 558 535 511 138 50 373 314 233 176 153 103 56 59 603 62 42 695 493 565 415 100 75 50 63240 2138 332 52398 290 315 291 50 42 1755 248 180 122 94 46 10842 508 233 74 47 1491 43 81 53 2347 2310 244
is_linear=0
shrinkage=0.05


Tree=19
num_leaves=63
num_cat=0
split_feature=87 15 113 55 65 16 85 52 66 104 52 16 16 17 62 46 100 62 22 40 77 54 100 72 46 63 113 94 66 66 28 70 40 113 113 70 77 65 28 19 113 48 17 67 14 63 100 57 44 100 110 65 11 113 40 14 68 65 48 100 65 109
split_gain=127441 69623.4 20820.2 13887.8 12318.6 25878.4 11091.8 10920.9 21330.3 10269.6 8403.52 7521.71 9327.49 15950.5 11092 15610.4 7265 5397.62 5112.1 4680.7 4784.92 7217.7 8697.61 4864.6 4282.21 3863.8 3833.28 3757.1 3837.92 3706.83 3608.75 4447.87 7824.68 3584.23 2967.23 2952.68 3454.64 10504.8 2777.89 2732.96 2707.19 2635.57 2493.93 3448.47 2151.77 2083.6 1919.21 1824.93 1783.3 1776.24 1576.33 1541.25 3303.66 1521.37 1459.12 1439.17 1716.81 1963.4 2009.91 1356.15 1306.06 1082.93
threshold=1.0000000180025095e-35 3.0000000000000004 3.5000000000000004 3.0000000000000004 2.0000000000000004 4.5000000000000009 4.0000000000000009 3.0000000000000004 2.0000000000000004 7.5000000000000009 3.0000000000000004 4.5000000000000009 3.5000000000000004 3.0000000000000004 2.5000000000000004 2.0000000000000004 2015.5000000000002 2.5000000000000004 3.0000000000000004 3.5000000000000004 2.5000000000000004 2.0000000000000004 2018.5000000000002 3.5000000000000004 2.0000000000000004 2.5000000000000004 4.5000000000000009 4.0000000000000009 2.0000000000000004 2.0000000000000004 2.0000000000000004 2.0000000000000004 3.5000000000000004 4.5000000000000009 2.5000000000000004 2.0000000000000004 2.5000000000000004 2.0000000000000004 2.0000000000000004 3.5000000000000004 5.5000000000000009 3.0000000000000004 3.0000000000000004 2.5000000000000004 4.0000000000000009 2.5000000000000004 2020.5000000000002 4.0000000000000009 2.0000000000000004 2024.5000000000002 21.750000000000004 2.0000000000000004 2.0000000000000004 4.5000000000000009 3.5000000000000004 2.0000000000000004 2.0000000000000004 2.0000000000000004 3.0000000000000004 2018.5000000000002 2.0000000000000004 102.50000000000001
decision_type=2 2 2 2 2 2 2 2 2 2 2 2 2 2 2 2 2 2 2 2 2 2 2 2 2 2 2 2 2 2 2 2 2 2 2 2 2 2 2 2 2 2 2 2 2 2 2 2 2 2 10 2 2 2 2 2 2 2 2 2 2 10
left_child=2 33 34 4 7 -6 61 8 -3 -5 11 12 19 14 15 16 -14 -13 39 24 25 23 -23 -22 -11 -21 -15 41 47 -20 31 32 -9 -2 49 36 45 59 -26 -8 50 -12 -41 48 -42 -30 -36 -29 -44 -1 55 52 -50 -47 -37 -31 57 58 -57 -38 -58 -4
right_child=1 3 6 9 5 -7 18 30 -10 10 27 17 13 26 -16 -17 -18 -19 29 20 21 22 -24 -25 38 -27 -28 28 35 40 -32 -33 -34 -35 46 54 37 -39 -40 42 44 -43 43 -45 -46 53 -48 -49 51 -51 -52 -53 -54 -55 -56 56 60 -59 -60 -61 -62 -63
leaf_value=-0.02654423756681672 -0.0086347279617658406 0.38671925270557406 0.017048805172652788 -0.065611415509791937 0.73013425419727973 2.8497530058026315 -0.066055228248320885 1.5845433686090553 2.5482830070313955 0.13225677036925365 0.39798062844822807 -0.073104394072045886 2.9207228871909057 0.058179676261815166 0.56268730898698172 0.89792015709375095 1.7326757730285249 0.87267130802978166 0.13245492665043015 -0.11371309703046627 1.138588009774685 2.2370039023458959 0.78007874829428536 0.22410399809931267 1.0715359024979452 0.77175309594188424 0.79478613655818142 -0.03801978742703796 0.071561141995092239 0.04119390896521509 -0.10382986768432285 0.2182157205274472 0.23228836029767994 0.48865056273184326 -0.0014963019955836895 0.59454108505714232 0.78888337259942842 1.6997963253657025 0.31464715965769513 0.078899824239760968 0.90389993859454987 -0.085894342800075157 0.24332016325503028 0.12630289334916708 0.35381544679403309 0.35249485917389395 0.10062571748557579 0.38620781627651612 0.91135222493183043 0.045804279199777108 -0.025736140857140224 0.79150452487396472 0.17032159853656337 0.96921393170952796 0.18639525637981741 1.0307739347219467 0.17180509361955854 0.21392355201573207 0.48121837351198604 0.37508265400926272 0.48656029371688003 0.17300297800937425
leaf_weight=50025 780 25 3472 68 36 24 181 23 21 76 60 48 22 33 30 38 31 22 241 22 26 20 21 33 27 28 38 32 24 32 23 39 20 38 11081 41 44 30 22 827 40 53 159 495 32 20 480 122 21 863 30 33 53 20 47 28 90 29 41 36 52 115
leaf_count=50025 780 25 3472 68 36 24 181 23 21 76 60 48 22 33 30 38 31 22 241 22 26 20 21 33 27 28 38 32 24 32 23 39 20 38 11081 41 44 30 22 827 40 53 159 495 32 20 480 122 21 863 30 33 53 20 47 28 90 29 41 36 52 115
internal_value=0.000351898 0.378217 -0.0115938 0.599443 0.971912 1.57798 0.0776052 0.73109 1.37352 0.530138 0.568141 0.707477 0.779926 1.04736 1.39645 1.67132 2.22583 0.224139 0.161196 0.593211 0.781519 0.981205 1.49077 0.627097 0.367242 0.382148 0.45242 0.426698 0.496146 0.285374 0.449644 0.604886 0.955588 0.0144665 -0.0201224 0.612581 0.73195 0.901888 0.731708 0.118025 0.383912 0.17103 0.139007 0.204327 0.659418 0.439869 0.00274369 0.298057 0.349523 -0.0253173 0.318229 0.507337 0.380614 0.660854 0.376554 0.356166 0.398163 0.559137 0.704226 0.602673 0.287068 0.0220487
internal_weight=70583 2163 68420 1345 211 60 5971 151 46 1134 1066 537 467 192 121 91 53 70 2384 275 150 100 41 59 125 50 71 529 416 615 105 82 43 818 62449 262 174 110 49 1769 374 113 1588 761 72 64 11561 154 266 50888 302 107 74 40 88 272 240 98 69 80 142 3587
internal_count=70583 2163 68420 1345 211 60 5971 151 46 1134 1066 537 467 192 121 91 53 70 2384 275 150 100 41 59 125 50 71 529 416 615 105 82 43 818 62449 262 174 110 49 1769 374 113 1588 761 72 64 11561 154 266 50888 302 107 74 40 88 272 240 98 69 80 142 3587
is_linear=0
shrinkage=0.05


Tree=20
num_leaves=63
num_cat=0
split_feature=87 85 113 100 110 94 85 52 114 65 14 16 43 66 114 28 46 68 100 100 8 46 94 94 11 16 114 100 48 113 8 104 19 62 114 100 113 17 54 100 28 11 63 17 8 67 62 16 113 79 113 62 62 104 54 102 16 57 14 71 110 66
split_gain=97830 48599.4 20926.7 12899.9 12689.6 10941.4 9463.37 9297.44 13923.1 7961.58 16819.6 6488.13 7050.84 8047.55 8789.82 19568.6 15455.6 14554 8453.57 6200.86 8222.79 5526.09 4406.32 7462.66 4257.89 5855.33 4026.18 3669.46 3455.03 3429.91 3597.84 2689.98 5581.59 2328.66 2376.45 2281.91 2280.19 2225.12 2332.66 2105.51 1976.14 1883.56 1772.9 1744.04 2173.63 2798.11 1740.61 1703.19 1669.31 1578.71 3436.33 2796.91 1475.66 1445.37 1390.79 1277.68 1267.99 1258.3 1191.87 1185.76 2229.18 3115.61
threshold=1.0000000180025095e-35 4.0000000000000009 3.5000000000000004 2024.5000000000002 61.250000000000007 4.0000000000000009 4.0000000000000009 3.0000000000000004 9.5000000000000018 2.0000000000000004 2.0000000000000004 4.5000000000000009 2.0000000000000004 2.0000000000000004 16.500000000000004 2.0000000000000004 2.0000000000000004 2.0000000000000004 2014.5000000000002 2014.5000000000002 2.0000000000000004 2.0000000000000004 2.0000000000000004 4.0000000000000009 1.0000000180025095e-35 2.5000000000000004 19.500000000000004 2023.5000000000002 3.0000000000000004 4.5000000000000009 2.0000000000000004 1.0000000180025095e-35 3.5000000000000004 2.5000000000000004 9.5000000000000018 2010.5000000000002 1.5000000000000002 3.0000000000000004 2.0000000000000004 2019.5000000000002 2.0000000000000004 2.0000000000000004 2.5000000000000004 3.0000000000000004 2.0000000000000004 2.5000000000000004 2.5000000000000004 4.5000000000000009 4.5000000000000009 2.0000000000000004 4.5000000000000009 2.5000000000000004 2.5000000000000004 7.5000000000000009 2.0000000000000004 1.0000000180025095e-35 2.5000000000000004 4.0000000000000009 2.0000000000000004 1.0000000180025095e-35 68.250000000000014 2.0000000000000004
decision_type=2 2 2 2 10 2 2 2 2 2 2 2 2 2 2 2 2 2 2 2 2 2 2 2 2 2 2 2 2 2 2 2 2 2 2 2 2 2 2 2 2 2 2 2 2 2 2 2 2 2 2 2 2 2 2 2 2 2 2 2 10 2
left_child=2 57 31 4 5 21 59 8 -7 27 -11 12 13 29 15 16 -15 -17 -16 -12 -21 24 41 33 -3 -26 -20 49 40 -10 -31 32 -1 34 -24 48 -33 -14 -39 53 -27 43 -36 -8 -45 -46 -37 58 -25 50 -9 56 -5 55 -53 -38 -51 -2 -44 60 -4 -62
right_child=1 3 6 52 -6 7 22 9 11 10 19 -13 37 14 18 17 -18 -19 26 20 -22 -23 23 35 25 28 -28 -29 -30 30 -32 36 -34 -35 42 46 39 38 -40 -41 -42 -43 47 44 45 -47 -48 -49 -50 51 -52 54 -54 -55 -56 -57 -58 -59 -60 -61 61 -63
leaf_value=0.0079591506421566021 -0.026905858966121843 1.0965189916037379 0.050943231579361758 0.083987946122100476 1.7718244311532805 2.0330911307107833 0.058552745137147713 -0.14277580365538597 -0.0078471605045100055 1.8961282152150358 -0.077332673396074011 0.20745851546525956 0.83986857657631253 3.1498520336367868 0.10639069798317823 1.8109705794425239 1.25346906156767 0.11696912250481546 0.68046079268961246 1.3476691193652877 0.26882155992482842 -0.03449218414091277 0.95856937520205987 0.12784570295029793 -0.27107701407324886 1.0929060055659368 1.4450580103529824 0.88568525275876453 0.18165553936904127 0.36567765502259136 1.1855260058589605 -0.032760351944195888 0.99628018975257882 0.21836856507700714 0.60512992900949492 0.021613137400986273 -0.0066345135576821798 0.028182469892781226 0.59608026788090218 0.046837597339092561 0.50182283482243939 -0.014628671058227339 0.081675382648353223 0.011906211940865767 0.76168678864836703 0.22140154178793492 0.16753885353208711 0.051123853247951379 0.51293719921261072 0.11430057128486426 0.45270701139531239 -0.11447880839308103 -0.34633413426647031 -0.0019375118689491388 0.33855371824465696 -0.030348422175860063 0.50662177119233887 0.12323498993709281 0.43681494142347699 0.0062036603530706896 0.045140728102745241 0.73731222255476592
leaf_weight=50 568 21 1221 76 21 21 276 50 24 28 31 55 24 22 33 21 21 32 33 33 38 106 20 53 31 26 36 31 44 32 23 21937 20 207 79 420 8717 40 33 1431 31 391 27 57 35 76 398 44 60 23 47 36 27 13814 32 16304 197 185 189 2278 37 29
leaf_count=50 568 21 1221 76 21 21 276 50 24 28 31 55 24 22 33 21 21 32 33 33 38 106 20 53 31 26 36 31 44 32 23 21937 20 207 79 420 8717 40 33 1431 31 391 27 57 35 76 398 44 60 23 47 36 27 13814 32 16304 197 185 189 2278 37 29
internal_value=-0.000486308 0.333036 -0.0109171 0.50944 0.552888 0.532492 0.0791068 0.607776 0.776048 0.46909 0.810635 0.714514 0.789081 0.917551 1.08778 1.43118 2.22371 0.788177 0.76459 0.512657 0.770258 0.242982 0.157421 0.208752 0.435218 0.330012 1.07938 0.362357 0.514504 0.490892 0.708523 -0.019442 0.290337 0.351929 0.42894 0.121708 -0.0197906 0.422214 0.284903 -0.0127247 0.77144 0.0653952 0.397693 0.135867 0.262882 0.391762 0.0926137 0.334664 0.332319 0.320219 0.145757 0.378979 -0.0288149 -0.0149195 0.098713 -0.0220868 0.465606 0.00998133 0.392422 0.0278782 0.0662424 0.349277
internal_weight=70302 2132 68170 1379 1276 1255 5897 996 450 546 130 429 374 277 198 96 43 53 102 102 71 259 2332 1497 153 132 69 416 101 79 55 62273 70 566 359 931 62203 97 73 40266 57 835 339 444 168 111 818 260 113 385 97 288 103 38835 68 25021 220 753 216 3565 1287 66
internal_count=70302 2132 68170 1379 1276 1255 5897 996 450 546 130 429 374 277 198 96 43 53 102 102 71 259 2332 1497 153 132 69 416 101 79 55 62273 70 566 359 931 62203 97 73 40266 57 835 339 444 168 111 818 260 113 385 97 288 103 38835 68 25021 220 753 216 3565 1287 66
is_linear=0
shrinkage=0.05


Tree=21
num_leaves=63
num_cat=0
split_feature=87 103 113 101 110 85 15 101 70 55 65 101 66 52 113 17 114 66 16 63 14 101 57 114 63 101 79 16 42 65 112 11 113 101 77 17 67 113 101 114 28 114 16 46 101 55 114 62 77 11 67 70 101 101 106 101 62 46 110 8 28 14
split_gain=88291.6 44019 18886.3 9824.06 10492.8 8540.69 8071.86 8024.42 11109 12251.1 27821.8 13476.9 9800.71 7040.67 4631.25 5702.99 6479.36 7751.61 4097.64 4005.22 7465.81 3831.06 4295.95 5277.57 4698.79 8500.85 3410.6 2968.39 2942.96 5842.27 2707.5 2638.33 2523.79 2305.75 2858.7 2164.92 3139.84 2143.4 2125.73 2015.21 1925.5 2448.57 4460.08 3392.41 1879.01 1740.02 1680.15 1579.96 1715.36 2409.47 2518.86 1413.31 1830.67 1393.77 2920.46 1363.27 1283.09 1221.38 1201.76 1141.22 1129.88 2476.8
threshold=1.0000000180025095e-35 1.0000000180025095e-35 3.5000000000000004 1.5000000000000002 69.750000000000014 4.0000000000000009 3.0000000000000004 11.500000000000002 2.0000000000000004 3.0000000000000004 2.0000000000000004 4.5000000000000009 2.0000000000000004 3.0000000000000004 4.5000000000000009 3.0000000000000004 15.500000000000002 2.0000000000000004 2.5000000000000004 2.5000000000000004 2.0000000000000004 2.5000000000000004 4.0000000000000009 13.500000000000002 2.5000000000000004 8.5000000000000018 2.0000000000000004 3.5000000000000004 2.0000000000000004 2.0000000000000004 1.0000000180025095e-35 2.0000000000000004 4.5000000000000009 15.500000000000002 2.5000000000000004 3.0000000000000004 2.5000000000000004 1.5000000000000002 6.5000000000000009 19.500000000000004 2.0000000000000004 18.500000000000004 3.5000000000000004 2.0000000000000004 13.500000000000002 3.0000000000000004 18.500000000000004 2.5000000000000004 2.5000000000000004 2.0000000000000004 2.5000000000000004 2.0000000000000004 11.500000000000002 9.5000000000000018 1.0000000180025095e-35 13.500000000000002 2.5000000000000004 2.0000000000000004 72.250000000000014 2.0000000000000004 2.0000000000000004 4.0000000000000009
decision_type=2 2 2 2 10 2 2 2 2 2 2 2 2 2 2 2 2 2 2 2 2 2 2 2 2 2 2 2 2 2 8 2 2 2 2 2 2 2 2 2 2 2 2 2 2 2 2 2 2 2 2 2 2 2 2 2 2 2 10 2 2 2
left_child=2 -2 37 56 6 -4 51 8 9 10 11 -8 26 21 47 16 -16 -18 -7 -15 -21 -14 -23 -24 -25 31 -11 -22 29 46 -20 -26 -32 35 -35 -34 40 -1 -39 55 -37 42 -42 -44 -19 -30 -10 48 -9 -50 -51 -5 -53 54 -28 -17 59 -47 -40 -3 61 -59
right_child=1 3 5 4 -6 18 7 14 28 12 -12 -13 13 19 15 39 17 44 30 20 27 22 23 24 25 -27 53 -29 45 -31 32 -33 33 34 -36 36 -38 38 58 -41 41 -43 43 -45 -46 57 -48 -49 49 50 -52 52 -54 -55 -56 -57 -58 60 -60 -61 -62 -63
leaf_value=-0.031035204520525744 -0.018859161303278707 0.34682234155720681 0.026484317049652973 -0.025146957372625667 1.6424861492961647 0.025980295758201044 1.807079600095749 -0.064271019036189106 0.25883135699190291 -0.11212109125768528 2.8259839114817709 0.21745362445712091 0.44971435090591172 0.14541401904314122 1.3861846796103887 0.30392113826237621 1.1416073834399383 0.49146045290288476 -0.011961698103344666 1.4366393497930123 0.22973904621367361 0.58721467165483376 0.68590404076708689 0.75225432813167581 1.6590657006610525 2.4094884012233129 0.078102185373956523 0.85013877605238264 -0.16711997048786054 1.2000432244860209 0.14059729650513841 0.94312019756724763 0.13662836051775845 0.16329660156163678 0.81529988560825584 0.30383166071554329 0.1976445327730455 0.048118814707991169 -0.01519922141310218 0.59440195399026086 0.27419222495876827 0.24904552073247974 0.66748495925040485 1.5773801296949388 -0.12520470882455509 0.0049870657920837412 0.72575724971294409 -0.18169232438154082 0.64912381293518207 -0.31870352327823642 0.45659803883595906 0.080498457849025734 0.66255725791508502 0.73925385713477487 0.76377665102481851 -0.13901683895995742 -0.30045247122093488 0.63061023625460544 0.042574061529151289 -0.055399220751391524 0.57282268687849869 -0.058558817207813266
leaf_weight=21967 671 29 3565 75 20 521 20 39 84 39 22 40 29 47 28 32 30 21 159 26 51 36 36 22 22 22 44 31 26 26 804 31 308 29 40 99 274 1436 37948 24 26 31 21 20 30 30 25 34 35 20 22 35 22 28 24 38 27 22 922 45 40 32
leaf_count=21967 671 29 3565 75 20 521 20 39 84 39 22 40 29 47 28 32 30 21 159 26 51 36 36 22 22 22 44 31 26 26 804 31 308 29 40 99 274 1436 37948 24 26 31 21 20 30 30 25 34 35 20 22 35 22 28 24 38 27 22 922 45 40 32
internal_value=-0.000461992 0.316384 -0.0103713 0.470353 0.505686 0.0751514 0.488719 0.529285 0.612088 0.739529 1.30502 0.747329 0.644508 0.783078 0.328727 0.484406 0.730513 0.503861 0.14955 0.530697 0.698367 0.980649 1.07176 1.20291 1.39479 1.58327 0.282174 0.46428 0.357206 0.52657 0.1851 1.24031 0.204066 0.264242 0.54127 0.239704 0.307109 -0.0184699 -0.0116218 0.199026 0.459358 0.616471 0.786474 1.11134 0.128716 0.20478 0.365924 0.118042 0.205895 0.342733 0.0874068 0.117482 0.305153 0.442357 0.320105 0.0634691 -0.00541915 0.282759 -0.0138288 0.102228 0.371409 0.222214
internal_weight=70302 2132 68170 1461 1360 5897 1340 1208 855 570 82 60 488 353 353 203 109 81 2332 155 108 198 169 133 97 75 135 82 285 135 1811 53 1652 848 69 779 471 62273 40306 94 197 98 67 41 51 150 109 150 116 77 42 132 57 96 68 70 101 124 38870 74 94 54
internal_count=70302 2132 68170 1461 1360 5897 1340 1208 855 570 82 60 488 353 353 203 109 81 2332 155 108 198 169 133 97 75 135 82 285 135 1811 53 1652 848 69 779 471 62273 40306 94 197 98 67 41 51 150 109 150 116 77 42 132 57 96 68 70 101 124 38870 74 94 54
is_linear=0
shrinkage=0.05


Tree=22
num_leaves=63
num_cat=0
split_feature=87 103 113 104 101 110 15 94 55 65 101 41 15 66 72 70 17 101 101 111 114 114 8 101 106 79 57 101 101 113 54 46 16 48 114 104 61 42 113 62 113 101 77 94 94 63 22 114 11 101 101 44 62 114 66 114 15 94 94 65 17 71
split_gain=79683.1 39727.2 17044.9 11250.1 10376.4 8929.49 7716.72 7647.35 10270.2 18309.1 14934.9 9164.15 6744.06 5166.67 5376.29 6676.46 6628.77 10969.2 5160.37 4249.5 3870.87 7341.04 4435.2 5132.39 4301.64 3862.23 3790.79 3386.96 3072.67 3005.5 2995.5 2908.18 6057.11 4339.1 2698.19 2426.88 5031.53 2113.3 4129.49 2604.83 2037.15 1833.7 2325.55 2056.66 2056.87 1743.97 3686.7 1709.41 1587.64 1878.5 1710.85 1446.99 1616.28 1414.98 1766.22 1696.01 1377.05 1451.15 3120.69 2724.26 1345.4 1338.79
threshold=1.0000000180025095e-35 1.0000000180025095e-35 3.5000000000000004 7.5000000000000009 1.5000000000000002 68.250000000000014 3.0000000000000004 4.0000000000000009 3.0000000000000004 2.0000000000000004 4.5000000000000009 3.5000000000000004 3.0000000000000004 2.0000000000000004 3.5000000000000004 2.0000000000000004 3.0000000000000004 9.5000000000000018 13.500000000000002 1.0000000180025095e-35 19.500000000000004 16.500000000000004 2.0000000000000004 6.5000000000000009 1.0000000180025095e-35 2.0000000000000004 4.0000000000000009 7.5000000000000009 11.500000000000002 4.5000000000000009 2.0000000000000004 2.0000000000000004 2.5000000000000004 3.0000000000000004 16.500000000000004 1.0000000180025095e-35 1.5000000000000002 2.0000000000000004 4.5000000000000009 2.5000000000000004 2.5000000000000004 15.500000000000002 2.5000000000000004 4.0000000000000009 2.0000000000000004 2.5000000000000004 3.0000000000000004 17.500000000000004 2.0000000000000004 10.500000000000002 4.5000000000000009 2.0000000000000004 2.5000000000000004 17.500000000000004 2.0000000000000004 15.500000000000002 3.0000000000000004 2.0000000000000004 4.0000000000000009 2.0000000000000004 3.0000000000000004 1.0000000180025095e-35
decision_type=2 2 2 2 2 10 2 2 2 2 2 2 2 2 2 2 2 2 2 10 2 2 2 2 2 2 2 2 2 2 2 2 2 2 2 2 2 2 2 2 2 2 2 2 2 2 2 2 2 2 2 2 2 2 2 2 2 2 2 2 2 2
left_child=2 -2 35 -3 -5 7 61 11 9 10 -9 31 -10 26 16 18 17 30 20 29 21 22 23 -16 -24 -12 -14 -18 47 -8 -15 32 -6 -34 -20 36 -1 39 -39 -28 -37 43 -43 44 48 46 -46 -27 49 50 -31 52 -17 54 -47 60 -42 -58 59 -59 -56 -4
right_child=1 3 6 4 5 -7 19 8 12 -11 25 -13 13 14 15 51 27 -19 34 -21 -22 -23 24 -25 -26 28 37 -29 -30 41 -32 -33 33 -35 -36 40 -38 38 -40 -41 56 42 -44 -45 45 53 -48 -49 -50 -51 -52 -53 -54 -55 55 -57 57 58 -60 -61 -62 -63
leaf_value=0.0085904189646244054 -0.01791620344352449 -0.08838158924456524 0.065017458552635132 -0.0075651115775108345 -0.25000834324780635 1.5695842018723489 0.11487306571140823 1.747953030653298 0.0042585919843986632 1.8769701244739387 -0.15312168686478228 1.2162460586299069 -0.0041676323664815804 0.38019540357589721 1.8160102457485416 0.22613812645957357 0.83878316144148524 2.0183499639784848 0.54708498036861419 0.012398731918213611 1.2429482242609893 0.24210968696279453 1.0545899847458149 0.86090517135766831 0.22565855778315488 0.59090532827377318 0.21885528112992203 0.041879391817686462 1.0094511236995458 0.15845003930585727 1.16223261654377 -0.027179574404055107 0.81357452095087091 0.14575507134892221 -0.21214587945829738 -0.022206404713396147 0.9469492067396641 0.22956458528836571 1.1031652962007832 0.68352636389954147 -0.0046863658019773219 0.15162545782824358 0.73093346521803526 0.11608703316829046 0.23279637132592534 0.11564397864043713 1.0681644248366355 -0.02101161735398429 0.030700494775717908 -0.01246880122593471 0.61813517945508167 0.52813611729786947 -0.29078268185257911 0.15405672094733505 0.030822649243332091 0.79178814470767978 -0.00099954604619746429 0.1755625966578149 0.050436814885918974 0.69651125576850537 0.49582231606977684 0.0013127756638523572
leaf_weight=50 671 92 1306 100 34 20 956 24 64 39 27 23 57 25 22 62 30 27 25 501 36 64 29 39 34 25 101 24 24 35 24 104 56 43 22 50618 20 24 31 43 10435 30 41 297 28 40 25 21 110 35 48 26 20 91 21 35 598 78 437 37 60 2238
leaf_count=50 671 92 1306 100 34 20 956 24 64 39 27 23 57 25 22 62 30 27 25 501 36 64 29 39 34 25 101 24 24 35 24 104 56 43 22 50618 20 24 31 43 10435 30 41 297 28 40 25 21 110 35 48 26 20 91 21 35 598 78 437 37 60 2238
internal_value=-0.000438893 0.300565 -0.00985272 0.446836 0.482803 0.521446 0.0713938 0.504662 0.568097 0.934854 0.631197 0.263363 0.497312 0.538561 0.630713 0.535542 0.908173 1.20913 0.668023 0.141589 0.767965 0.677011 0.901476 1.20537 0.60723 0.354886 0.355336 0.484604 0.550832 0.176537 0.763234 0.170889 0.32577 0.523512 0.1917 -0.0175464 0.276693 0.45831 0.721958 0.357611 -0.0178776 0.242331 0.486155 0.221347 0.280556 0.366588 0.626838 0.311552 0.167355 0.294744 0.424292 0.203115 0.10006 0.310745 0.402147 0.500941 0.00103632 0.0529634 0.111423 0.343172 0.375267 0.0247886
internal_weight=70302 2132 68170 1461 1369 1269 5897 1249 989 160 121 260 829 765 509 379 130 76 271 2353 224 188 124 61 63 97 256 54 70 1852 49 237 133 99 47 62273 70 199 55 144 62203 896 71 825 528 300 53 46 228 118 83 108 82 247 156 116 11585 1150 552 115 81 3544
internal_count=70302 2132 68170 1461 1369 1269 5897 1249 989 160 121 260 829 765 509 379 130 76 271 2353 224 188 124 61 63 97 256 54 70 1852 49 237 133 99 47 62273 70 199 55 144 62203 896 71 825 528 300 53 46 228 118 83 108 82 247 156 116 11585 1150 552 115 81 3544
is_linear=0
shrinkage=0.05


Tree=23
num_leaves=63
num_cat=0
split_feature=87 103 113 104 100 110 85 94 55 65 100 52 41 16 57 16 43 100 100 113 28 100 46 94 94 46 16 48 15 14 63 100 100 104 19 62 114 41 15 28 100 16 100 114 11 16 100 17 8 100 100 63 22 16 62 72 94 94 66 17 63 8
split_gain=71914 35853.8 15383 10153.2 9364.71 8058.86 7023.54 6901.73 9268.82 16524 13478.7 9422.99 8270.64 5561.3 6738.21 6740.31 3924.07 5966.86 6360.13 4649.17 5613.47 8801.21 4203.68 3607.26 6170.14 2624.63 5466.54 3916.04 2277.77 2431.13 4215.16 2965.98 5955.85 2190.26 4540.95 2116.65 2168.1 1897.67 2125.75 1834.37 1747.47 1732.77 1738.54 1641.03 1627.03 1620.89 1516.28 1501.84 1893.48 2379.71 4713.74 1494.56 2283.04 1523.47 1392.24 1537.54 1175.82 2665.15 1168.5 1151.48 1612.15 2267.75
threshold=1.0000000180025095e-35 1.0000000180025095e-35 3.5000000000000004 7.5000000000000009 2024.5000000000002 68.250000000000014 4.0000000000000009 4.0000000000000009 3.0000000000000004 2.0000000000000004 2021.5000000000002 3.0000000000000004 3.5000000000000004 4.5000000000000009 4.0000000000000009 3.5000000000000004 2.0000000000000004 2022.5000000000002 2020.5000000000002 4.5000000000000009 2.0000000000000004 2016.5000000000002 2.0000000000000004 2.0000000000000004 4.0000000000000009 2.0000000000000004 2.5000000000000004 3.0000000000000004 3.0000000000000004 2.0000000000000004 2.5000000000000004 2020.5000000000002 2015.5000000000002 1.0000000180025095e-35 3.5000000000000004 2.5000000000000004 9.5000000000000018 1.0000000180025095e-35 3.0000000000000004 2.0000000000000004 2023.5000000000002 2.5000000000000004 2010.5000000000002 16.500000000000004 2.0000000000000004 2.5000000000000004 2014.5000000000002 3.0000000000000004 2.0000000000000004 2014.5000000000002 2018.5000000000002 2.5000000000000004 3.0000000000000004 4.5000000000000009 2.5000000000000004 3.5000000000000004 2.0000000000000004 4.0000000000000009 2.0000000000000004 3.0000000000000004 2.5000000000000004 2.0000000000000004
decision_type=2 2 2 2 2 10 2 2 2 2 2 2 2 2 2 2 2 2 2 2 2 2 2 2 2 2 2 2 2 2 2 2 2 2 2 2 2 2 2 2 2 2 2 2 2 2 2 2 2 2 2 2 2 2 2 2 2 2 2 2 2 2
left_child=2 -2 33 -3 5 7 -4 12 9 10 46 13 25 14 15 -10 17 18 19 -16 21 -21 -22 44 35 26 -5 39 -13 30 -30 32 -32 34 -1 36 -25 38 -35 -28 59 -26 -43 -18 47 -40 -9 -8 -49 -50 -51 52 -38 -53 -44 -56 -47 58 -58 -31 61 -61
right_child=1 3 6 4 -6 -7 23 8 11 -11 -12 28 -14 -15 16 -17 43 -19 -20 20 22 -23 -24 24 41 -27 27 -29 29 40 31 -33 -34 37 -36 -37 51 -39 45 -41 -42 42 54 -45 -46 56 -48 48 49 50 -52 53 -54 -55 55 -57 57 -59 -60 60 -62 -63
leaf_value=0.0081609004139900198 -0.01702039314596324 -0.083962511311730617 0.023690799405284981 -0.23750792321036843 -0.0071868599355220794 1.4911050286144019 0.045779419908354033 0.61888591175666086 0.072720384601600921 1.7831215607814301 1.6605554282665254 -0.00088891931451283977 1.155433739648889 0.10933120526200119 0.40208073700296465 0.90635413162802403 0.7942189946770668 0.43011324950834606 1.7903342604637147 2.05039628846892 0.19843701720237733 0.72417555695230318 1.2113037922978402 0.89122536122798923 -0.037225073592622858 -0.025820592511445285 1.0802881886179632 0.13846731892851896 0.080590924123922991 0.11246371787252292 0.43411775421012533 0.29047238320112229 1.5848459129748138 -0.010141711786307113 0.89960172872990363 0.18458942343179444 0.2737452207085414 -0.025281160478662121 -0.013422115809242295 0.50648905058701832 0.66873394755216742 0.32999099557846789 0.027680073061300194 0.28066528622593195 -0.022347813195226204 0.015534478990907619 0.19843669756100729 0.0011462672956679997 -0.033616314263179389 1.1194073517214169 0.26380352030197779 0.35225660312248186 0.81136805839836601 0.029466572420840914 0.55198330044746402 0.14502116390137451 0.17743022388645582 0.085824581923770168 0.51479466576693633 0.21542533924502713 0.18728398931927459 0.8154683123808355
leaf_weight=50 671 92 3565 34 100 20 276 32 67 39 24 52 23 43 29 38 28 41 28 29 21 22 20 20 179 104 26 43 30 106 22 20 23 28633 20 207 39 32692 356 30 26 100 303 35 391 167 65 57 29 22 60 216 40 44 25 324 42 247 66 31 86 32
leaf_count=50 671 92 3565 34 100 20 276 32 67 39 24 52 23 43 29 38 28 41 28 29 21 22 20 20 179 104 26 43 30 106 22 20 23 28633 20 207 39 32692 356 30 26 100 303 35 391 167 65 57 29 22 60 216 40 44 25 324 42 247 66 31 86 32
internal_value=-0.000416948 0.285537 -0.00936009 0.424494 0.458663 0.495373 0.0678242 0.479429 0.539693 0.888111 0.599637 0.472447 0.250195 0.646602 0.711134 0.374416 0.850879 0.964268 1.11125 0.954107 1.12812 1.4783 0.692518 0.135292 0.181736 0.162345 0.309481 0.497336 0.309278 0.352173 0.570834 0.7971 1.02227 -0.0166691 0.262858 0.311924 0.385346 -0.0169837 -0.00779182 0.772896 0.278249 0.102588 0.135868 0.508911 0.0520273 0.0688419 0.337142 0.117524 0.235391 0.355678 0.493356 0.355501 0.545959 0.297631 0.106094 0.174173 0.124945 0.176415 0.383597 0.238434 0.328051 0.520209
internal_weight=70302 2132 68170 1461 1369 1269 5897 1249 989 160 121 829 260 401 358 105 253 190 149 121 92 51 41 2332 1497 237 133 99 428 376 95 65 45 62273 70 566 359 62203 29511 56 281 931 752 63 835 878 97 444 168 111 82 339 79 260 652 349 522 355 108 255 149 63
internal_count=70302 2132 68170 1461 1369 1269 5897 1249 989 160 121 829 260 401 358 105 253 190 149 121 92 51 41 2332 1497 237 133 99 428 376 95 65 45 62273 70 566 359 62203 29511 56 281 931 752 63 835 878 97 444 168 111 82 339 79 260 652 349 522 355 108 255 149 63
is_linear=0
shrinkage=0.05


Tree=24
num_leaves=63
num_cat=0
split_feature=87 103 113 104 101 17 43 55 8 101 114 85 47 114 91 66 114 68 101 49 101 52 114 16 101 94 94 16 15 44 68 8 16 104 19 11 113 101 101 101 44 49 11 17 8 67 114 43 94 62 52 114 46 62 62 113 101 62 15 51 109 102
split_gain=64902.4 32358 13883.2 9163.24 8451.65 7615.89 10164.1 11239.4 15267.1 16895.7 9375.11 6338.74 5200.57 4454.89 6024 9761.72 10103.1 10715.2 8991.88 4430.14 3741.7 3734.47 3568.61 3320.44 2623.38 2556.34 3608.83 2381.85 2173.22 2736.13 3401.28 2774.39 2703.24 1976.71 4098.21 1852.94 1775.04 1649.68 1569.03 1558.93 2534.96 1521.63 1305.28 2049.13 2191.54 1996.43 1293.97 1274.84 2756.67 2327.07 2123.53 3524.63 1877.55 1263.89 1256.5 1185 1146.08 1142.27 1135.71 1443.03 1128.37 4759.33
threshold=1.0000000180025095e-35 1.0000000180025095e-35 3.5000000000000004 7.5000000000000009 1.5000000000000002 3.0000000000000004 2.0000000000000004 3.0000000000000004 2.0000000000000004 9.5000000000000018 8.5000000000000018 4.0000000000000009 2.0000000000000004 10.500000000000002 2.0000000000000004 2.0000000000000004 16.500000000000004 2.0000000000000004 12.500000000000002 4.0000000000000009 13.500000000000002 3.0000000000000004 14.500000000000002 2.5000000000000004 7.5000000000000009 2.0000000000000004 4.0000000000000009 2.5000000000000004 3.0000000000000004 2.0000000000000004 2.0000000000000004 2.0000000000000004 4.5000000000000009 1.0000000180025095e-35 3.5000000000000004 2.0000000000000004 2.5000000000000004 1.5000000000000002 15.500000000000002 6.5000000000000009 2.0000000000000004 4.0000000000000009 2.0000000000000004 3.0000000000000004 2.0000000000000004 2.5000000000000004 17.500000000000004 2.0000000000000004 4.0000000000000009 2.5000000000000004 3.0000000000000004 15.500000000000002 2.0000000000000004 2.5000000000000004 2.5000000000000004 4.5000000000000009 9.5000000000000018 2.5000000000000004 3.0000000000000004 2.5000000000000004 104.50000000000001 1.0000000180025095e-35
decision_type=2 2 2 2 2 2 2 2 2 2 2 2 2 2 2 2 2 2 2 2 2 2 2 2 2 2 2 2 2 2 2 2 2 2 2 2 2 2 2 2 2 2 2 2 2 2 2 2 2 2 2 2 2 2 2 2 2 2 2 2 10 2
left_child=2 -2 33 -3 57 6 7 8 9 -6 -7 60 13 -9 15 -15 17 -17 19 -18 27 -8 -19 -13 -21 42 37 35 -29 32 -31 -32 47 34 -1 -12 -35 -27 54 40 53 -14 43 -25 -45 -46 -43 48 -30 52 -50 -52 -49 55 56 -39 -28 -5 -38 -60 -4 -62
right_child=1 3 11 4 5 10 21 12 -10 -11 20 23 41 14 -16 16 18 22 -20 24 -22 -23 -24 25 -26 26 38 28 29 30 31 -33 -34 36 -36 -37 58 39 -40 -41 -42 46 -44 44 45 -47 -48 49 50 -51 51 -53 -54 -55 -56 -57 -58 -59 59 -61 61 -63
leaf_value=0.0077528513073921211 -0.016169373225837103 -0.079764386857657341 0.017605959922263294 0.095944368818851378 2.5446152610438215 1.3381166782392109 0.44304159505603213 0.019394232034683229 0.18654435527324678 0.82267763301216323 0.39563303400169719 0.01729193584615411 -0.13400290140083856 0.23148990128385394 1.5312595379405789 1.8853026921684677 0.18259112735589345 0.50756463586156697 -0.21858349858472745 0.61677011164926721 0.015986837624855664 -0.17142205226655102 1.2677698772687178 0.028185468378501971 1.223165932315446 0.033088709632507887 -0.10436986820703303 0.083755127102022583 0.086642557123432995 1.1312293186783791 0.78364939754073681 0.16265856913157872 0.11451572886219732 -0.020175274248064208 0.85462164789438244 -0.20436047635251478 -0.0036763402409873305 1.0985490974925813 0.31349144448339938 0.2734634880641349 0.17875754887481099 0.19182869599793445 -0.0058872474833161284 -0.0082956533309900115 0.82044315406909352 0.27838893265900561 0.64823733670637018 0.73054473826545296 0.96380552198828728 0.0012120195871426001 -0.030082098171114926 0.852802142730126 0.2621569447057403 0.44188682218877284 0.16546451815371976 0.57344911640340634 0.09866489720280068 -0.28469225273088172 -0.010746472628869791 0.10146819417455122 0.78615845246613025 -0.0041970846906770019
leaf_weight=50 671 92 3460 73 28 23 48 25 25 29 22 521 21 95 21 37 24 38 30 31 92 51 26 148 42 52 108 49 23 28 37 35 81 50618 20 31 10435 21 100 339 46 44 279 36 26 49 24 40 41 36 20 26 46 41 349 22 195 27 541 609 25 80
leaf_count=50 671 92 3460 73 28 23 48 25 25 29 22 521 21 95 21 37 24 38 30 31 92 51 26 148 42 52 108 49 23 28 37 35 81 50618 20 31 10435 21 100 339 46 44 279 36 26 49 24 40 41 36 20 26 46 41 349 22 195 27 541 609 25 80
internal_value=-0.000396101 0.27126 -0.00889208 0.403269 0.43573 0.470605 0.592229 0.677612 1.21671 1.66854 0.347243 0.0644329 0.581092 0.663838 0.710672 0.657321 0.834751 1.20798 0.537933 0.771908 0.309698 0.1265 0.816398 0.128528 0.965655 0.160529 0.199147 0.362166 0.398586 0.435939 0.663625 0.481779 0.363196 -0.0158357 0.249715 0.0446934 -0.0161345 0.300289 0.129074 0.329914 0.47712 0.238024 0.0691503 0.149982 0.312378 0.466301 0.352914 0.45002 0.573455 0.338727 0.702152 0.468939 0.480012 0.640509 0.10079 0.829893 0.0262961 -0.00682752 0.00152073 0.0486785 0.0225063 0.183983
internal_weight=70302 2132 68170 1461 1369 1269 639 540 82 57 630 5897 458 369 344 323 228 101 127 97 607 99 64 2332 73 1811 1273 515 462 413 100 72 313 62273 70 53 62203 521 752 469 130 89 538 259 111 75 68 232 110 122 87 46 86 84 652 43 303 100 11585 1150 3565 105
internal_count=70302 2132 68170 1461 1369 1269 639 540 82 57 630 5897 458 369 344 323 228 101 127 97 607 99 64 2332 73 1811 1273 515 462 413 100 72 313 62273 70 53 62203 521 752 469 130 89 538 259 111 75 68 232 110 122 87 46 86 84 652 43 303 100 11585 1150 3565 105
is_linear=0
shrinkage=0.05


Tree=25
num_leaves=63
num_cat=0
split_feature=87 15 94 16 62 65 8 100 16 52 46 114 113 100 57 48 63 40 8 114 112 113 114 114 114 11 40 85 104 54 110 42 67 41 77 94 94 104 114 16 28 66 17 49 67 114 11 65 16 100 100 63 48 40 100 70 100 102 109 100 112 94
split_gain=68970.3 38464.3 14607.4 12971.7 13345.9 23689.2 38962.9 38451.3 15699 17222.9 23381.2 29672.1 12902.9 7272.44 9502.16 6683.94 6673.59 7432 7035.08 6688.46 5678.49 4278.05 3651.46 3566.82 3535.64 6870.18 4427.4 3501.1 3441.14 3411 3248.22 2563.05 2579.13 2492.66 8146.35 2429.65 6411.2 2383.41 3347.82 2325.97 3340.94 3697.91 3400.22 5945.33 3109.13 1956.78 1889.4 1831.43 1788.12 1723.82 1668.82 1333.73 1470.53 1278.28 1234.3 1225.25 1163.08 1458.97 3355.71 1282.32 1600.04 1162.05
threshold=1.0000000180025095e-35 3.0000000000000004 4.0000000000000009 3.5000000000000004 2.5000000000000004 2.0000000000000004 2.0000000000000004 2015.5000000000002 4.5000000000000009 3.0000000000000004 2.0000000000000004 16.500000000000004 4.5000000000000009 2018.5000000000002 4.0000000000000009 3.0000000000000004 2.5000000000000004 3.5000000000000004 2.0000000000000004 16.500000000000004 inf 2.5000000000000004 14.500000000000002 12.500000000000002 16.500000000000004 2.0000000000000004 3.5000000000000004 4.0000000000000009 7.5000000000000009 2.0000000000000004 69.750000000000014 2.0000000000000004 2.5000000000000004 3.5000000000000004 2.5000000000000004 2.0000000000000004 4.0000000000000009 1.0000000180025095e-35 6.5000000000000009 3.5000000000000004 2.0000000000000004 2.0000000000000004 3.0000000000000004 4.0000000000000009 2.5000000000000004 9.5000000000000018 2.0000000000000004 2.0000000000000004 2.5000000000000004 2023.5000000000002 2023.5000000000002 2.5000000000000004 3.0000000000000004 3.5000000000000004 2020.5000000000002 2.0000000000000004 2014.5000000000002 1.0000000180025095e-35 106.50000000000001 2018.5000000000002 inf 2.0000000000000004
decision_type=2 2 2 2 2 2 2 2 2 2 2 2 2 2 2 2 2 2 2 2 8 2 2 2 2 2 2 2 2 2 10 2 2 2 2 2 2 2 2 2 2 2 2 2 2 2 2 2 2 2 2 2 2 2 2 2 2 2 10 2 8 2
left_child=12 30 33 13 5 8 7 -7 9 10 11 -5 21 14 46 23 17 -16 19 -18 -14 37 -17 -15 25 -6 -26 56 -22 -12 54 32 -10 61 -35 -29 45 38 -1 -30 51 -42 53 -44 -45 -37 -4 -47 -25 -11 -50 52 -41 -43 -2 -52 -23 58 -58 60 -59 -3
right_child=1 2 3 4 24 6 -8 -9 31 49 29 -13 20 15 16 22 18 -19 -20 -21 28 27 -24 48 26 -27 -28 35 39 -31 -32 -33 -34 34 -36 36 -38 -39 -40 40 41 42 43 44 -46 47 -48 -49 50 -51 55 -53 -54 -55 -56 -57 57 59 -60 -61 -62 -63
leaf_value=-0.11392436216656979 -0.0307125906103024 0.11515372196152873 0.45597396097367721 3.4817806130105802 1.3011037386599043 0.96161139402538542 0.46487539606850325 3.9029612915515899 -0.25900654082381447 0.37193088009953501 0.95270841504479287 1.1111871403275113 -0.0013480329513312628 0.72181606112342145 1.979217385961896 -0.66212440501241121 -0.25700802784413102 0.69122347285350161 1.1510690707494231 0.73013899809605365 -0.010389221645382748 -0.011737791823958191 0.11671267055250981 -0.23160550950661951 0.49669741937092377 0.17422152287081671 -0.24278621226549149 0.010461319960741292 0.15302029241875426 0.14687745204816263 0.63084429971873757 0.61479739560322333 0.30635106093005132 -0.16806693349195564 1.1940180614590645 0.6884062148373703 0.045892071373804827 -0.019009274594012259 0.65542039255942075 0.10735971147272115 0.1800070909731504 0.52494522680838906 1.5255614851008763 0.9471535273172238 0.20757534193495908 0.18622185399349878 0.040015362423116291 0.4527014349953512 0.056450912071035267 0.86262388073585261 0.23860005736351014 0.13710409216132136 0.61854253575644069 -0.016293466091156006 0.24220303388481793 0.77370424389839176 0.051147446821242115 0.016083143680201223 0.58576918866485361 -0.0039338302651261 0.23281083754122711 -0.20741475776303561
leaf_weight=26 709 219 42 22 21 20 41 25 43 96 29 33 589 38 21 34 32 24 34 37 183 7574 27 23 35 38 48 1056 523 24 20 22 38 23 21 29 971 50871 31 24 72 24 22 27 30 234 78 89 47 22 23 217 34 20 44 20 1358 240 30 4132 132 32
leaf_count=26 709 219 42 22 21 20 41 25 43 96 29 33 589 38 21 34 32 24 34 37 183 7574 27 23 35 38 48 1056 523 24 20 22 38 23 21 29 971 50871 31 24 72 24 22 27 30 234 78 89 47 22 23 217 34 20 44 20 1358 240 30 4132 132 32
internal_value=0.000597381 0.282505 0.445326 0.533639 0.697801 0.840966 1.57984 2.59569 0.647826 0.880996 1.33724 2.05942 -0.00806081 0.343143 0.51624 0.124322 0.784325 1.29229 0.5624 0.272332 0.125376 -0.0115879 -0.317393 0.302763 0.279396 0.575315 0.0690442 0.0111016 0.188846 0.587804 0.00193867 0.13621 0.00622295 0.134882 0.482019 0.0670191 0.112163 -0.0186472 0.304491 0.225563 0.306287 0.464595 0.631184 0.827377 0.557902 0.294972 0.185601 0.259648 0.161842 0.463416 0.26239 0.194032 0.407019 0.278928 -0.0147653 0.487486 0.00122276 0.0178832 0.0627027 0.00407114 0.0929865 0.0740295
internal_weight=70643 2105 1332 1037 557 415 86 45 329 226 108 55 68538 480 268 212 148 45 103 69 1765 66773 61 151 142 59 83 15845 1176 53 773 103 81 295 44 2379 1323 50928 57 993 470 195 123 79 57 352 120 323 113 118 90 275 58 44 753 43 13466 5892 1388 4504 372 251
internal_count=70643 2105 1332 1037 557 415 86 45 329 226 108 55 68538 480 268 212 148 45 103 69 1765 66773 61 151 142 59 83 15845 1176 53 773 103 81 295 44 2379 1323 50928 57 993 470 195 123 79 57 352 120 323 113 118 90 275 58 44 753 43 13466 5892 1388 4504 372 251
is_linear=0
shrinkage=0.05


Tree=26
num_leaves=63
num_cat=0
split_feature=87 15 98 113 113 94 57 100 55 114 61 113 52 9 17 114 48 111 61 114 62 72 66 100 48 8 113 14 62 104 110 114 15 51 63 114 66 43 113 61 113 14 28 66 114 17 46 104 114 100 46 22 114 114 68 17 104 110 112 114 113 110
split_gain=62245.7 34714 13824.9 11644.9 10942.9 8267.85 10143.3 7656.43 11331.7 12780.5 25508.2 13398.2 7541.51 6690.65 5393.18 8771.95 9644.74 5124.83 4740.65 5070.03 7928.29 6906.98 4316.46 13465.5 4418.28 4669.49 3860.94 3557.07 3261.6 3105.63 2931.52 2754.9 2738.29 2608.16 2528.58 5597.99 7104.87 5889.48 2441.82 2191.1 2979.39 3084.67 2942.16 2844.74 2425.33 2860.26 3454.4 2151.03 3021.41 1624.12 1515.33 1467.05 2446.77 2238.82 1873.24 1542.11 1313.54 1234.73 1627.67 1617.58 6344.92 1849.42
threshold=1.0000000180025095e-35 3.0000000000000004 1.0000000180025095e-35 4.5000000000000009 2.5000000000000004 4.0000000000000009 4.0000000000000009 2024.5000000000002 3.0000000000000004 15.500000000000002 4.5000000000000009 4.5000000000000009 3.0000000000000004 1.0000000180025095e-35 3.0000000000000004 16.500000000000004 3.0000000000000004 1.0000000180025095e-35 4.5000000000000009 18.500000000000004 2.5000000000000004 3.5000000000000004 2.0000000000000004 2016.5000000000002 3.0000000000000004 2.0000000000000004 2.5000000000000004 4.0000000000000009 2.5000000000000004 7.5000000000000009 69.750000000000014 17.500000000000004 3.0000000000000004 2.5000000000000004 2.5000000000000004 15.500000000000002 2.0000000000000004 2.0000000000000004 3.5000000000000004 3.5000000000000004 6.5000000000000009 2.0000000000000004 2.0000000000000004 2.0000000000000004 18.500000000000004 3.0000000000000004 2.0000000000000004 1.0000000180025095e-35 6.5000000000000009 2011.5000000000002 2.0000000000000004 3.0000000000000004 14.500000000000002 12.500000000000002 2.0000000000000004 3.0000000000000004 7.5000000000000009 52.250000000000007 1.0000000180025095e-35 9.5000000000000018 3.5000000000000004 54.750000000000007
decision_type=2 2 2 2 2 2 2 2 2 2 2 2 2 2 2 2 2 10 2 2 2 2 2 2 2 2 2 2 2 2 10 2 2 2 2 2 2 2 2 2 2 2 2 2 2 2 2 2 2 2 2 2 2 2 2 2 2 10 10 2 2 10
left_child=3 30 4 26 -3 13 14 8 9 10 11 -8 18 51 15 16 -7 29 19 22 21 -21 -10 -24 25 -25 47 -11 31 -5 -2 -9 57 -34 35 37 -37 -14 -36 -31 41 -41 49 -44 45 -45 -47 48 -1 -43 -29 52 53 -6 -54 -53 -35 -28 -59 60 -60 -61
right_child=1 2 -4 17 5 6 7 28 12 27 -12 -13 34 -15 -16 -17 -18 -19 -20 20 -22 -23 23 24 -26 -27 32 50 -30 39 -32 -33 33 56 38 36 -38 -39 -40 40 -42 42 43 44 -46 46 -48 -49 -50 -51 -52 55 54 -55 -56 -57 -58 58 59 61 -62 -63
leaf_value=-0.10822814321861818 -0.014027063948029479 -0.26875088600249125 1.6958029094196503 -0.0098697601578356144 0.12213452085107566 1.4614388908109357 -0.060380475185811522 -0.1452059175480496 0.19328466313096082 1.0274282999336719 3.0438502496480946 1.7478790876411257 -0.21816047096953675 0.92311305536164179 -0.094120115097812429 0.038917627685995243 0.053108756691217424 -0.001280631667441026 0.11222709098032542 0.83348582482337952 0.38095725250244139 1.9504967254015708 1.817918300509453 1.2089261718479725 -0.001643939007972849 0.33927630222204963 -0.0025959083333476234 0.58430100338799618 -0.43360309444367884 0.14258624358457814 0.59930208317935463 0.55454648977670917 -0.010563784119174073 -0.010077653479611664 -0.12742277571133206 0.34054090401956016 1.4669187804417951 0.81779808408540233 0.33580208429576541 -0.075263826675334225 0.8226253576278687 0.60804991613734849 0.18905179562612573 0.34564022850990295 0.2503794773419698 0.61707353575362101 1.4509386183127113 -0.018058810897735127 0.62264937277763122 0.15670654135097239 0.014464845471084118 -0.44647738129239195 0.33159078210592274 0.78482073198717384 -0.11224246397614479 0.059050759510137142 0.11671556472484677 0.0038919596881480251 0.086993304449424616 0.53417945986702331 1.1072696511447429 0.047618854397471405
leaf_weight=26 753 58 21 183 25 31 20 22 41 32 20 21 34 27 93 67 20 589 28 25 25 31 25 29 29 33 12420 28 20 514 20 39 866 241 35 28 28 23 152 59 25 22 56 25 30 27 23 50871 31 212 20 22 36 26 70 48 1340 594 64 21 20 279
leaf_count=26 753 58 21 183 25 31 20 22 41 32 20 21 34 27 93 67 20 589 28 25 25 31 25 29 29 33 12420 28 20 514 20 39 866 241 35 28 28 23 152 59 25 22 56 25 30 27 23 50871 31 212 20 22 36 26 70 48 1340 594 64 21 20 279
internal_value=0.000567512 0.268379 0.423059 -0.00765777 0.402672 0.433752 0.498514 0.580958 0.633711 1.03477 1.57992 0.865801 0.533802 0.179035 0.190621 0.415036 0.909153 0.119107 0.727627 0.800027 1.12131 1.45183 0.634267 0.790132 0.507773 0.746048 -0.0110085 0.619093 0.120503 0.179404 0.00184174 0.302177 0.0105465 0.0591835 0.361943 0.548679 0.90373 0.199858 0.249102 0.214285 0.291223 0.261961 0.312331 0.476844 0.630333 0.782314 1.00065 -0.0177148 0.289267 0.199141 0.346869 0.0905327 0.175408 0.459975 0.0384934 -0.0998295 0.0973878 0.00166346 0.0557548 0.13598 0.329916 0.0816781
internal_weight=70643 2105 1332 68538 1311 1253 999 788 707 141 61 41 566 254 211 118 51 1765 266 238 81 56 157 116 91 62 66773 80 81 1176 773 61 15845 2447 300 113 56 57 187 993 479 454 395 161 105 75 50 50928 57 234 48 227 157 51 106 70 1581 13398 978 384 84 300
internal_count=70643 2105 1332 68538 1311 1253 999 788 707 141 61 41 566 254 211 118 51 1765 266 238 81 56 157 116 91 62 66773 80 81 1176 773 61 15845 2447 300 113 56 57 187 993 479 454 395 161 105 75 50 50928 57 234 48 227 157 51 106 70 1581 13398 978 384 84 300
is_linear=0
shrinkage=0.05


Tree=27
num_leaves=63
num_cat=0
split_feature=87 73 98 113 113 110 22 55 114 28 100 100 66 100 114 42 114 57 79 62 114 54 113 111 113 61 40 52 100 85 106 61 104 11 63 110 100 100 114 104 114 57 46 40 114 61 28 66 40 104 11 68 100 114 100 68 11 100 114 100 72 109
split_gain=56176.8 30016.4 12613.3 10509.5 10400 7164.66 5761.61 8123.07 23073.4 8989.13 6377.5 7595.68 5152.64 7100.92 14230.7 6238.66 5712.66 7325.32 4986.84 6971.32 5002.95 8492.87 4677.19 4625.16 3484.5 3027.27 3291.4 3821.91 3248.82 2889.56 2849.41 7359.69 2802.83 2702.05 2699.1 2618.41 2525.42 2091.02 2178.77 1941.3 2726.82 1925.87 1838.13 1627.44 1604.28 1714.73 3655.39 4745.03 2832.01 1364.97 1334.63 1271.48 1252.73 1201.38 1142.11 1139.8 1723.1 2708.97 1595.52 1099.4 1076.38 1637.27
threshold=1.0000000180025095e-35 2.5000000000000004 1.0000000180025095e-35 4.5000000000000009 2.5000000000000004 61.250000000000007 3.0000000000000004 3.0000000000000004 13.500000000000002 2.0000000000000004 2017.5000000000002 2013.5000000000002 2.0000000000000004 2011.5000000000002 18.500000000000004 2.0000000000000004 15.500000000000002 4.0000000000000009 2.0000000000000004 2.5000000000000004 19.500000000000004 2.0000000000000004 4.5000000000000009 1.0000000180025095e-35 2.5000000000000004 4.5000000000000009 3.5000000000000004 3.0000000000000004 2017.5000000000002 4.0000000000000009 1.0000000180025095e-35 3.5000000000000004 7.5000000000000009 2.0000000000000004 2.5000000000000004 67.250000000000014 2017.5000000000002 2010.5000000000002 16.500000000000004 1.0000000180025095e-35 6.5000000000000009 4.0000000000000009 2.0000000000000004 3.5000000000000004 18.500000000000004 3.5000000000000004 2.0000000000000004 2.0000000000000004 3.5000000000000004 7.5000000000000009 2.0000000000000004 2.0000000000000004 2015.5000000000002 17.500000000000004 2024.5000000000002 2.0000000000000004 2.0000000000000004 2016.5000000000002 14.500000000000002 2020.5000000000002 1.0000000180025095e-35 101.50000000000001
decision_type=2 2 2 2 2 8 2 2 2 2 2 2 2 2 2 2 2 2 2 2 2 2 2 10 2 2 2 2 2 2 2 2 2 2 2 10 2 2 2 2 2 2 2 2 2 2 2 2 2 2 2 2 2 2 2 2 2 2 2 2 2 10
left_child=3 35 4 24 -3 -6 7 8 -7 10 11 -10 49 14 -14 16 30 33 -19 20 21 50 34 32 39 26 28 -28 -24 60 51 -32 -5 -18 -8 59 43 38 -34 40 -1 -31 -39 -17 45 -44 52 -48 -49 -9 -20 -15 -47 -12 -41 56 -43 -58 -59 -2 61 -26
right_child=1 2 -4 23 5 6 22 12 9 -11 53 -13 13 15 -16 36 17 18 19 -21 -22 -23 25 -25 29 -27 27 -29 -30 41 31 -33 37 -35 -36 -37 -38 42 -40 54 -42 55 44 -45 -46 46 47 48 -50 -51 -52 -53 -54 -55 -56 -57 57 58 -60 -61 -62 -63
leaf_value=-0.10281673645457397 -0.029072467588877521 -0.20007055645456187 1.6110127931549436 -0.0093762744126505548 -0.21700070913542402 2.034296497570411 0.29975229089076699 -0.16264577552676202 -0.13169468462467193 1.2517573292832822 0.089204600691795352 1.0835987013247279 1.8712599124472875 0.3838754037202432 0.097233764976263057 0.64907928667962556 0.64182093009866525 0.25507719989480643 0.21257192466569985 0.39417851307453255 1.5939740531666335 1.603765408198039 0.63993164541629655 -0.0012165998569207428 0.01148667423893053 -0.14207548901438713 1.2229671330915559 0.34586689498113549 -0.15835911643505096 0.00325201059293576 0.14349686970561745 1.1145580586162396 0.12066923802097639 0.022911286387178636 -0.22064400762319566 0.56505376072600488 -0.14152551529542454 0.11772070333424034 0.73569648158219136 -0.018126036022892904 0.59151690121619926 0.11145442083888982 0.19679613501066343 0.046362903572264171 0.099047575200884017 0.52487581187659615 0.16715559773892164 1.4477564469689417 0.62660600649459031 0.26763544047330606 0.77104943968355666 -0.020459403747976838 0.1336478975241526 -0.42378588701997488 0.04069791544339519 0.06335706932958364 0.056511050551715826 0.7985942287878558 0.24108582612659252 0.25068017689360156 -0.013228832717703077 0.1842631180436417
leaf_weight=26 691 74 21 183 44 31 39 20 20 32 25 36 26 29 20 24 29 29 23 39 43 27 26 589 6658 20 27 23 25 902 50 32 24 45 69 20 53 485 36 50032 31 426 160 21 117 28 25 21 21 235 20 59 76 21 839 952 45 33 21 37 6668 140
leaf_count=26 691 74 21 183 44 31 39 20 20 32 25 36 26 29 20 24 29 29 23 39 43 27 26 589 6658 20 27 23 25 902 50 32 24 45 69 20 53 485 36 50032 31 426 160 21 117 28 25 21 21 235 20 59 76 21 839 952 45 33 21 37 6668 140
internal_value=0.000539137 0.25496 0.39514 -0.00727488 0.376028 0.409809 0.432452 0.48478 0.805004 0.520616 0.291238 0.649565 0.420658 0.50436 1.09994 0.451976 0.5349 0.684575 0.855928 0.970564 1.16949 0.90874 0.206457 0.113152 -0.0104581 0.41994 0.531231 0.819501 0.248613 0.0100192 0.310388 0.522448 0.170434 0.265457 -0.0327231 0.000651292 0.0923538 0.203571 0.489686 -0.0168291 0.274803 0.0608189 0.185171 0.367812 0.258192 0.314446 0.424528 0.712545 1.03718 0.233888 0.472329 0.112787 0.238978 -0.144987 -0.0171559 0.0959749 0.155122 0.343024 0.581785 -0.0148543 0.0010445 0.0150449
internal_weight=70643 2105 1357 68538 1336 1262 1218 989 165 134 102 56 824 569 46 523 425 255 181 152 113 70 229 1765 66773 121 101 50 51 15845 170 82 1176 74 108 748 98 993 60 50928 57 2379 933 45 448 331 171 67 42 255 43 88 104 46 50871 1477 525 99 54 728 13466 6798
internal_count=70643 2105 1357 68538 1336 1262 1218 989 165 134 102 56 824 569 46 523 425 255 181 152 113 70 229 1765 66773 121 101 50 51 15845 170 82 1176 74 108 748 98 993 60 50928 57 2379 933 45 448 331 171 67 42 255 43 88 104 46 50871 1477 525 99 54 728 13466 6798
is_linear=0
shrinkage=0.05


Tree=28
num_leaves=63
num_cat=0
split_feature=87 15 94 16 62 15 8 52 48 101 55 16 14 16 58 101 57 63 101 17 40 48 63 43 14 114 114 104 66 114 114 16 68 114 14 77 110 17 67 101 114 110 77 10 104 114 112 101 14 101 10 77 101 101 76 21 94 16 110 101 46 48
split_gain=50699.5 28243.9 11322.7 10819.8 10797.5 9043.31 8534.81 14800 13442 12417.8 12934.8 11710.5 7739.49 6855.86 6469.8 6290.43 7623.29 5974.89 6468.8 6955.82 6458.55 5711.75 4932.93 4596.25 5402.96 4561.49 4145.39 3421.3 3176.97 3173.38 3056.71 2931.48 2716.35 2963.45 3533.33 2547.98 2403.58 2317.97 6242.36 3470.35 6224.8 1939.76 1880.23 4471.38 1786.69 1762.32 1683.3 1668.5 1620.97 1598.55 1524.37 1501.09 1437.88 1281.88 1274.37 1341.32 1267.75 1505.3 1191.33 1131.85 2665.62 1660.08
threshold=1.0000000180025095e-35 3.0000000000000004 4.0000000000000009 3.5000000000000004 2.5000000000000004 3.0000000000000004 2.0000000000000004 3.0000000000000004 3.0000000000000004 12.500000000000002 3.0000000000000004 4.5000000000000009 2.0000000000000004 4.5000000000000009 3.0000000000000004 7.5000000000000009 4.0000000000000009 2.5000000000000004 11.500000000000002 3.0000000000000004 3.5000000000000004 3.0000000000000004 2.5000000000000004 2.0000000000000004 4.0000000000000009 15.500000000000002 17.500000000000004 7.5000000000000009 2.0000000000000004 12.500000000000002 14.500000000000002 2.5000000000000004 2.0000000000000004 19.500000000000004 4.0000000000000009 2.5000000000000004 69.750000000000014 3.0000000000000004 2.5000000000000004 3.5000000000000004 15.500000000000002 50.250000000000007 2.5000000000000004 -1.4999999999999998 1.5000000000000002 18.500000000000004 1.0000000180025095e-35 13.500000000000002 4.0000000000000009 6.5000000000000009 -1.4999999999999998 2.5000000000000004 7.5000000000000009 13.500000000000002 3.5000000000000004 2.5000000000000004 2.0000000000000004 2.5000000000000004 162.50000000000003 6.5000000000000009 2.0000000000000004 3.0000000000000004
decision_type=2 2 2 2 2 2 2 2 2 2 2 2 2 2 2 2 2 2 2 2 2 2 2 2 2 2 2 2 2 2 2 2 2 2 2 2 10 2 2 2 2 10 2 2 2 2 10 2 2 2 2 2 2 2 2 2 2 2 10 2 2 2
left_child=5 36 42 15 6 41 9 8 22 10 11 -5 -6 -11 44 21 48 20 19 -19 -18 29 -8 24 52 -9 -26 -16 47 -4 -23 -30 33 37 -35 -14 -2 -33 39 -39 -41 50 54 -44 -7 -37 -43 -29 -17 -31 -1 -27 -12 -46 55 -3 57 -45 -48 60 -59 -61
right_child=1 2 3 4 12 14 7 25 -10 13 23 -13 35 -15 27 16 17 18 -20 -21 -22 30 -24 -25 26 51 -28 28 31 49 -32 32 -34 34 -36 45 -38 38 -40 40 -42 46 43 56 53 -47 58 -49 -50 -51 -52 -53 -54 -55 -56 -57 -58 59 -60 61 -62 -63
leaf_value=-0.022306615759030965 -0.012575633209946988 -0.23436994869261982 0.64221724977618777 0.94723492011427879 0.99488710937676617 0.44493401843038471 0.087110237653056782 -0.18963866898858991 2.087334806810726 0.77379641580966219 0.90088093863881158 2.5435145895790172 0.41747592003906475 -0.36554252427557243 -0.015022524310244804 0.42557919214706169 1.8076186140378316 1.348173894484838 -0.00090213077408926839 0.28018312896451641 0.60693508212765057 -0.64174206239335685 1.0723007912989018 0.29827748130147275 1.7727567158142727 0.07173157766461373 0.88054835070734438 0.028484615204297251 0.037431901757796572 0.21940174288181372 0.070849740725976454 0.1035577867546531 0.1633138944333542 1.089689584191029 0.23892514576082646 -0.27714216939958874 0.54278704494237906 0.33315378986299038 0.13456853166370109 1.6459656532321656 0.42855247076423403 0.00059083167056907823 0.8042445104983118 -0.20659693642096089 -0.012910906183646384 0.20581509808699294 0.069310098394662997 0.21919945657115292 0.027647654276834917 -0.22160140248360458 -0.0063768798579826036 0.59233703272210236 0.32120251283049583 0.24288621102645994 -0.2666450789730464 0.2161748507253404 -0.2279155648623904 0.82943691746755077 0.38407578747118676 -0.098647048263936443 0.041879545506976902 0.44228889112887182
leaf_weight=29425 753 24 38 20 27 22 24 54 22 31 23 27 34 23 479 37 21 30 42 31 24 34 27 26 30 20 23 762 302 86 27 122 835 26 23 51 20 30 101 21 21 2093 27 22 2395 30 992 135 83 27 30673 45 20 50 42 53 24 22 31 37 21 23
leaf_count=29425 753 24 38 20 27 22 24 54 22 31 23 27 34 23 479 37 21 30 42 31 24 34 27 26 30 20 23 762 302 86 27 122 835 26 23 51 20 30 101 21 21 2093 27 22 2395 30 992 135 83 27 30673 45 20 50 42 53 24 22 31 37 21 23
internal_value=0.00051218 0.242212 0.381735 0.459487 0.609415 -0.00691113 0.738188 0.49382 1.0543 0.948586 1.15949 1.86425 0.233073 0.288522 0.0556717 0.285508 0.446495 0.686618 0.476631 0.805424 1.16725 0.0819966 0.608682 0.88799 1.0477 0.149994 1.38557 0.10689 0.131447 0.246951 -0.326333 0.176424 0.212027 0.330268 0.690351 0.054212 0.00179339 0.270458 0.388156 0.743882 1.03726 -0.012182 0.108416 0.212212 -0.0036436 -0.0982691 0.0262832 0.0571875 0.150343 0.114029 -0.0141763 0.432151 0.631263 -0.00767988 -0.0450984 0.0757453 0.104931 0.168837 0.0788485 0.249027 0.444816 0.108712
internal_weight=70643 2105 1332 1037 557 68538 415 192 73 223 169 47 142 54 5324 480 268 148 103 61 45 212 51 122 96 119 53 2857 2378 151 61 1481 1179 344 49 115 773 295 173 72 42 63214 295 176 2467 81 3116 897 120 113 60098 65 43 2445 119 77 149 125 1023 103 43 60
internal_count=70643 2105 1332 1037 557 68538 415 192 73 223 169 47 142 54 5324 480 268 148 103 61 45 212 51 122 96 119 53 2857 2378 151 61 1481 1179 344 49 115 773 295 173 72 42 63214 295 176 2467 81 3116 897 120 113 60098 65 43 2445 119 77 149 125 1023 103 43 60
is_linear=0
shrinkage=0.05


Tree=29
num_leaves=63
num_cat=0
split_feature=87 15 98 113 113 65 16 55 77 63 11 52 24 68 66 47 16 72 74 58 114 100 74 40 70 113 111 100 100 111 100 114 14 100 104 114 109 102 109 66 61 28 63 17 49 65 22 114 113 48 16 114 72 77 66 114 94 109 113 66 94 94
split_gain=45756.3 25490.1 11401.9 8849.38 8726.84 7618.1 18103.1 22324.5 15571.7 20568.9 16965.7 9341.96 14030.3 6269.87 6945 8734.99 4746.16 4732.8 10480.4 4030.12 3714.79 4780.99 5633.75 5936.9 4659.65 2964.97 2463.29 2339.86 5480.82 3469.03 1920.25 1868.79 2222.34 1774.08 1747.32 2456.68 1726.29 1722.54 1722.27 1716.55 1714.8 2648.64 2793.9 2776.55 4612.32 2677.69 1677.46 2211.01 1667.27 1616.77 1604.82 2275.05 1421.35 1693.18 3500.92 2473.11 1297.82 1168.01 1870.47 1143.35 1109.09 2034.67
threshold=1.0000000180025095e-35 3.0000000000000004 1.0000000180025095e-35 4.5000000000000009 2.5000000000000004 2.0000000000000004 4.5000000000000009 3.0000000000000004 2.5000000000000004 2.5000000000000004 2.0000000000000004 3.0000000000000004 2.5000000000000004 2.0000000000000004 2.0000000000000004 2.0000000000000004 3.5000000000000004 3.5000000000000004 2.5000000000000004 3.0000000000000004 17.500000000000004 2021.5000000000002 2.5000000000000004 3.5000000000000004 2.0000000000000004 2.5000000000000004 3.5000000000000004 2014.5000000000002 2018.5000000000002 2.5000000000000004 2020.5000000000002 16.500000000000004 4.0000000000000009 2022.5000000000002 1.0000000180025095e-35 6.5000000000000009 87.500000000000014 1.0000000180025095e-35 123.50000000000001 2.0000000000000004 3.5000000000000004 2.0000000000000004 2.5000000000000004 3.0000000000000004 4.0000000000000009 2.0000000000000004 3.0000000000000004 19.500000000000004 4.5000000000000009 3.0000000000000004 2.5000000000000004 13.500000000000002 3.5000000000000004 1.5000000000000002 2.0000000000000004 18.500000000000004 4.0000000000000009 52.500000000000007 3.5000000000000004 2.0000000000000004 2.0000000000000004 4.0000000000000009
decision_type=2 2 2 2 2 2 2 2 2 2 2 2 2 2 2 2 2 2 2 2 2 2 2 2 2 2 10 2 2 10 2 2 2 2 2 2 10 2 10 2 2 2 2 2 2 2 2 2 2 2 2 2 2 2 2 2 2 10 2 2 2 2
left_child=3 36 4 25 -3 11 8 -8 50 10 -10 12 -6 14 31 17 -11 18 -16 -5 24 22 23 -22 33 34 39 -27 29 -29 37 -14 -33 -15 35 -1 -2 38 -30 -21 49 42 -42 -43 -45 -46 47 52 -48 56 -7 -52 -13 54 -54 -55 -41 -31 -59 -49 -32 -62
right_child=1 2 -4 19 5 6 7 -9 9 16 -12 46 13 20 15 -17 -18 -19 -20 26 21 -23 -24 -25 -26 27 -28 28 30 57 60 32 -34 -35 -36 -37 -38 -39 -40 40 41 43 -44 44 45 -47 48 59 -50 -51 51 -53 53 55 -56 -57 -58 58 -60 -61 61 -63
leaf_value=-0.097111982909532699 -0.010782716494546511 -0.2554624200573769 1.5184889559234893 0.0030290199813876621 1.4636512636235268 -0.36882531412411484 2.6004646894724477 0.55823983708396552 0.57047340591748552 -0.11972485926488173 2.2255415819585322 -0.058133554897868811 -0.15668296651406721 -0.25931663015443418 2.1983923256397246 0.137490071921513 0.65932945804122622 0.694793513546756 0.64863052904605878 0.10845059550621293 0.42276659987189558 -0.15197770198186239 0.020451199795518602 1.4126378383221372 0.55687277922406797 -0.008572061626330162 0.018706944551274442 0.23943527474867082 0.04793069595208363 -0.016451234638779646 0.030368637033065044 0.76108569611202592 0.041986402443477087 0.27299853563308718 -0.0156734834087499 0.56193129872122127 0.44883702865668706 -0.010943326927381524 0.51564078897237786 0.49919536161535194 0.66505501132320477 0.18367927691766195 0.10535631126258523 1.2837976568742939 0.16161890104413035 0.85141170533994837 -0.20252016327883068 0.25966148545499895 0.20718394373966889 0.090654254676269488 -0.38255925867706542 0.25620906605668692 0.80778330027373624 0.1807673317653512 0.13402794410711993 -0.39494093401091446 0.067908166864743602 0.051900151526047426 0.60660424346015573 0.64529443761786898 0.29297336284199665 0.062499011259242003
leaf_weight=26 752 58 21 634 33 32 23 32 30 46 32 67 22 72 24 29 34 32 20 330 33 27 28 28 32 8450 241 475 1241 273 487 22 21 20 50871 31 21 4396 20 53 27 42 128 23 34 24 57 40 44 203 20 46 31 167 51 21 26 55 21 37 145 282
leaf_count=26 752 58 21 634 33 32 23 32 30 46 32 67 22 72 24 29 34 32 20 330 33 27 28 28 32 8450 241 475 1241 273 487 22 21 20 50871 31 21 4396 20 53 27 42 128 23 34 24 57 40 44 203 20 46 31 167 51 21 26 55 21 37 145 282
internal_value=0.000486571 0.230102 0.362648 -0.00656558 0.344134 0.371888 0.59406 1.41226 0.406556 0.741137 1.4247 0.303474 0.471822 0.391992 0.624313 0.875758 0.211373 1.15747 1.49396 0.103941 0.227431 0.430814 0.607616 0.877134 0.0371702 -0.00948658 0.160509 0.00940254 0.0299415 0.151497 0.0146984 0.218132 0.409898 -0.143596 -0.0153635 0.261315 0.00170372 0.00383382 0.0553488 0.198907 0.252212 0.340334 0.202852 0.513584 0.684645 0.44705 0.158662 0.203233 -0.0240352 0.16534 -0.0782447 0.0626429 0.148 0.199152 0.38874 0.116459 0.357253 0.0318109 0.205174 0.444966 0.0819424 0.140763
internal_weight=70643 2105 1332 68538 1311 1253 295 55 240 142 62 958 443 410 170 105 80 76 44 1765 240 116 89 61 124 66773 1131 15845 7395 824 6571 65 43 92 50928 57 773 5657 1261 890 560 278 155 123 81 58 515 414 101 282 98 66 337 270 82 188 79 349 76 77 914 427
internal_count=70643 2105 1332 68538 1311 1253 295 55 240 142 62 958 443 410 170 105 80 76 44 1765 240 116 89 61 124 66773 1131 15845 7395 824 6571 65 43 92 50928 57 773 5657 1261 890 560 278 155 123 81 58 515 414 101 282 98 66 337 270 82 188 79 349 76 77 914 427
is_linear=0
shrinkage=0.05


Tree=30
num_leaves=63
num_cat=0
split_feature=113 12 106 114 101 63 65 101 68 101 43 111 14 114 21 14 54 97 68 114 101 57 67 57 113 66 101 101 11 12 46 111 66 111 66 114 54 46 55 109 110 12 14 44 113 14 101 113 20 104 112 101 44 114 63 48 12 94 12 114 113 114
split_gain=36811.5 21976.3 16776.2 11483.3 10093.1 7375.97 14236.9 6272.39 5160.21 6552.86 4886.73 6142.99 7484.05 6036.59 5213.59 5854.17 5761.72 8678 4675.44 5393.99 3544.23 5326.43 3241.9 3215.55 3033.59 2954.24 2658.57 6493.9 4308.66 3729.57 10617.7 2372.99 2222.86 2224.13 2194.96 2052.81 2185.18 1879.73 1772.93 1750.12 1681.71 1995.88 1579.14 2550.07 4140.66 1677.43 1467.08 1303.84 1301.23 1296.42 1233.48 1232.17 1322.2 1224.17 1711.55 1215.78 1206.89 1159.88 1079.4 1018.03 1057.22 991.864
threshold=4.5000000000000009 1.0000000180025095e-35 1.0000000180025095e-35 10.500000000000002 1.5000000000000002 2.5000000000000004 2.0000000000000004 14.500000000000002 2.0000000000000004 3.5000000000000004 2.0000000000000004 2.5000000000000004 2.0000000000000004 19.500000000000004 2.5000000000000004 4.0000000000000009 2.0000000000000004 1.5000000000000002 2.0000000000000004 17.500000000000004 8.5000000000000018 4.0000000000000009 2.5000000000000004 4.0000000000000009 3.5000000000000004 2.0000000000000004 11.500000000000002 7.5000000000000009 2.0000000000000004 1.0000000180025095e-35 2.0000000000000004 3.5000000000000004 2.0000000000000004 4.5000000000000009 2.0000000000000004 13.500000000000002 2.0000000000000004 2.0000000000000004 3.0000000000000004 128.50000000000003 69.750000000000014 1.0000000180025095e-35 4.0000000000000009 2.0000000000000004 5.5000000000000009 2.0000000000000004 1.5000000000000002 1.5000000000000002 2.5000000000000004 1.0000000180025095e-35 1.0000000180025095e-35 15.500000000000002 2.0000000000000004 18.500000000000004 2.5000000000000004 3.0000000000000004 1.0000000180025095e-35 4.0000000000000009 1.0000000180025095e-35 18.500000000000004 5.5000000000000009 17.500000000000004
decision_type=2 2 2 2 2 2 2 2 2 2 2 10 2 2 2 2 2 2 2 2 2 2 2 2 2 2 2 2 2 2 2 10 2 10 2 2 2 2 2 10 10 2 2 2 2 2 2 2 2 2 8 2 2 2 2 2 2 2 2 2 2 2
left_child=2 23 24 -3 48 6 22 10 9 34 11 12 13 35 -14 -16 20 -18 -9 -20 61 -22 -6 -2 40 -10 27 39 29 32 -31 37 -29 55 -7 -5 -37 -25 -12 -26 46 -42 43 44 45 -39 -1 -48 -4 -49 -51 -52 -53 54 -30 -34 -55 -36 -27 -40 -61 -17
right_child=1 3 4 7 5 8 -8 18 25 -11 38 -13 14 -15 15 16 17 -19 19 -21 21 -23 -24 31 26 58 -28 28 53 30 -32 -33 33 -35 57 36 -38 42 59 -41 41 -43 -44 -45 -46 -47 47 49 -50 50 51 52 -54 56 -56 -57 -58 -59 -60 60 -62 -63
leaf_value=0.050612649781034871 0.0053651243481671312 1.5446130485697227 0.30989548484129564 -0.52983852408149035 0.14882629000562794 -0.080364721754322882 1.6509494192898275 1.2479350849109538 0.48578992669071469 1.2942571494890298 -0.25582216611275305 1.1439577432748462 -0.055206163746841036 0.71421950670151879 1.202469292945332 0.64531289988756191 -0.06917262993641754 1.0956884327388945 -0.13916834980249404 0.97264188279708241 0.45225666427612304 1.4078204753994943 0.76886721025850324 0.11344768357082563 0.018229082799523465 0.16378297302190489 -0.0079125177505245722 0.081883006367361413 -0.11222997638914321 1.4267967965986048 0.07298124571641286 0.00693546473962632 0.7656931472993973 0.0093413439318537714 0.80286256790161126 -0.20281090873236562 0.3144633026633944 -0.0018856421113014222 0.11603016248186127 0.43963823813199998 0.035743545084007608 0.49599322577317556 0.19251149865104394 0.13805308050730011 1.0710458191909962 0.56566674858331678 -0.024066634879887187 0.28312371788840546 -0.055844733350583022 -0.019252177693424122 -0.0019644379675398246 0.016269738005625235 0.46718006422100911 0.080560998069612602 0.25105131745563242 0.37774421101355038 -0.34774051312887083 0.27675557908686726 -0.15843490454512585 0.61838401332497606 0.13259999268865658 0.18498878463764082
leaf_weight=885 655 22 28 22 49 23 32 34 35 23 26 28 33 29 36 25 67 21 20 24 25 35 37 449 1700 41 2220 87 45 28 30 242 36 25 20 49 35 23 131 25 1271 24 275 55 28 30 21679 38 185 16881 22145 37 29 38 116 46 29 22 71 24 21 22
leaf_count=885 655 22 28 22 49 23 32 34 35 23 26 28 33 29 36 25 67 21 20 24 25 35 37 449 1700 41 2220 87 45 28 30 242 36 25 20 49 35 23 131 25 1271 24 275 55 28 30 21679 38 185 16881 22145 37 29 38 116 46 29 22 71 24 21 22
internal_value=-0.000118441 0.18886 -0.0070293 0.419651 0.264048 0.42806 0.750601 0.384645 0.266103 0.568925 0.332201 0.428056 0.377817 0.0749955 0.532669 0.616651 0.508501 0.208806 0.807562 0.467274 0.754979 1.00967 0.415588 0.0931019 -0.00930523 0.0848223 0.0307122 0.0695996 0.232264 0.374755 0.726547 0.14525 0.26958 0.422194 0.312269 -0.0998865 0.01272 0.184172 0.129576 0.0243365 -0.0121165 0.0442733 0.261434 0.4008 0.579209 0.31937 -0.0133001 -0.0142303 -0.00776621 -0.00878072 -0.00906447 -0.00132152 0.214397 0.0747739 0.149513 0.548063 -0.104823 0.527283 -0.0404801 0.18651 0.391685 0.429842
internal_weight=70466 2486 67980 729 566 353 118 707 235 88 629 427 399 135 264 231 195 88 78 44 107 60 86 1757 67414 147 4425 2205 480 252 58 1102 194 107 65 106 84 860 202 1725 62989 1295 411 136 81 53 61694 60809 213 39130 39092 22211 66 228 161 82 67 42 112 176 45 47
internal_count=70466 2486 67980 729 566 353 118 707 235 88 629 427 399 135 264 231 195 88 78 44 107 60 86 1757 67414 147 4425 2205 480 252 58 1102 194 107 65 106 84 860 202 1725 62989 1295 411 136 81 53 61694 60809 213 39130 39092 22211 66 228 161 82 67 42 112 176 45 47
is_linear=0
shrinkage=0.05


Tree=31
num_leaves=63
num_cat=0
split_feature=113 12 114 100 12 65 8 114 100 43 8 40 55 70 55 54 52 48 48 11 100 114 57 63 54 14 100 104 113 100 100 11 12 74 102 111 100 100 44 74 8 49 43 52 113 55 110 107 14 44 113 14 102 114 63 67 79 114 44 12 40 104
split_gain=33222.4 19833.6 10363.7 7150.13 8624.16 8837.57 11909 8020.61 5660.83 4410.27 5871.4 8626.08 12581.9 5536.15 5127.44 4335.88 11987.8 4147.81 3721.48 3375.95 4707.03 4375.85 2902.03 2819.4 2605.42 6677.99 6731.77 2346.09 2407.13 2326.72 5286.97 4498.98 2962.4 9860.61 2497.96 2141.63 2094.74 1844.06 1829.12 1696.45 1623.01 5300.52 2586.38 1751.01 1604.61 1600.07 1513.27 1465.54 1425.18 2301.44 3736.95 1513.88 1319.44 1187.56 1490.42 1187.44 1186.88 1179.19 2446.76 1171.13 1148.66 1134.43
threshold=4.5000000000000009 1.0000000180025095e-35 10.500000000000002 2020.5000000000002 1.0000000180025095e-35 2.0000000000000004 2.0000000000000004 13.500000000000002 2011.5000000000002 2.0000000000000004 2.0000000000000004 3.5000000000000004 3.0000000000000004 2.0000000000000004 3.0000000000000004 2.0000000000000004 3.0000000000000004 3.0000000000000004 3.0000000000000004 2.0000000000000004 2018.5000000000002 18.500000000000004 4.0000000000000009 2.5000000000000004 2.0000000000000004 2.0000000000000004 2017.5000000000002 7.5000000000000009 3.5000000000000004 2014.5000000000002 2018.5000000000002 2.0000000000000004 1.0000000180025095e-35 2.5000000000000004 1.0000000180025095e-35 3.5000000000000004 2022.5000000000002 2024.5000000000002 2.0000000000000004 2.5000000000000004 2.0000000000000004 4.0000000000000009 2.0000000000000004 3.0000000000000004 3.5000000000000004 3.0000000000000004 162.50000000000003 97.500000000000014 4.0000000000000009 2.0000000000000004 5.5000000000000009 2.0000000000000004 1.0000000180025095e-35 18.500000000000004 2.5000000000000004 2.5000000000000004 2.0000000000000004 17.500000000000004 2.0000000000000004 1.0000000180025095e-35 3.5000000000000004 1.0000000180025095e-35
decision_type=2 2 2 2 2 2 2 2 2 2 2 2 2 2 2 2 2 2 2 2 2 2 2 2 2 2 2 2 2 2 2 2 2 2 2 10 2 2 2 2 2 2 2 2 2 2 10 10 2 2 2 2 2 2 2 2 2 2 2 2 2 2
left_child=3 22 -3 27 36 18 7 -7 15 10 11 12 -10 17 -12 16 -4 -14 37 20 -13 -21 -2 -8 25 -16 -27 46 47 -30 31 32 55 -34 38 39 56 40 -32 -24 41 -6 43 -42 -43 -11 52 -29 49 50 51 -41 -1 54 -33 57 -5 -31 -59 -55 -26 -54
right_child=1 2 8 4 5 6 23 -9 9 45 14 19 13 -15 24 -17 -18 -19 -20 21 -22 -23 35 -25 60 26 -28 28 29 30 34 53 33 -35 -36 -37 -38 -39 -40 48 42 44 -44 -45 -46 -47 -48 -49 -50 -51 -52 -53 61 59 -56 -57 -58 58 -60 -61 -62 -63
leaf_value=-0.0011181195750609909 0.0050968683606017213 1.4673823976719922 1.732409035467676 -0.03139265968442656 1.1900776278404963 2.0125101699715571 0.6383586160514666 0.6744833409786225 1.7747066202091759 -0.24303106252963724 -0.54954147576576184 -0.19192440324234514 0.44573675681437763 -0.054904782831668858 -0.22139391274679276 0.26902541305337635 0.17273518483747136 1.2399487886698015 -0.16292965652343508 0.9095959855864445 0.70830246970057498 0.037990123157699902 0.1077752968974677 -0.078416138230001223 0.27192197584587596 1.4090435787290336 0.19472131736000026 -0.003341652158577805 -4.9440176331498971e-05 0.22961211061624232 0.040219577233351414 -0.10093313554922741 1.4150561214873085 0.087248847299608689 0.0051209916313456815 0.0065886919931239215 0.023920410565141173 0.020027007986554657 0.67320059013366707 -0.0017913636629996094 0.29407351081785948 -0.090820327401161194 0.57868392255955514 -0.30483652376211606 0.50204206824302677 0.17718453970182138 0.34375841636852972 0.42486878480762247 0.18288592659809033 0.13115043207664381 1.0174935370683671 0.53738340477148694 0.21555591405928137 0.1083422925323248 0.26104251175764065 0.017805581192175551 0.26844159276552604 0.23067837015446277 0.96276874329362594 -0.33035348782251622 -0.09443598290905357 -0.022793644602986128
leaf_weight=9422 655 22 28 43 21 21 23 24 29 26 21 53 35 25 21 28 22 31 72 36 20 24 449 34 46 25 21 21379 1194 61 21 39 27 29 784 242 2319 59 25 23 23 21 28 26 25 176 29 20 275 55 28 30 50 32 105 30 142 25 21 29 40 31777
leaf_count=9422 655 22 28 43 21 21 23 24 29 26 21 53 35 25 21 28 22 31 72 36 20 24 449 34 46 25 21 21379 1194 61 21 39 27 29 784 242 2319 59 25 23 23 21 28 26 25 176 29 20 275 55 28 30 50 32 105 30 142 25 21 29 40 31777
internal_value=-0.000112519 0.179417 0.398668 -0.00667783 0.070404 0.293352 0.690847 1.2989 0.365413 0.315591 0.406653 0.560412 0.867776 0.578754 0.183084 0.767184 1.04615 0.818776 0.145917 0.283092 0.0547131 0.560954 0.0884468 0.210809 0.28364 0.517402 0.854679 -0.0100891 0.00240581 0.0496501 0.0979736 0.247794 0.421048 0.727442 0.0261319 0.137988 0.0368372 0.255459 0.384231 0.174963 0.35192 0.531872 0.195339 -0.0237155 0.231387 0.123097 -0.0172998 -0.00294144 0.248363 0.38076 0.550248 0.303402 -0.0175537 0.0846818 0.163007 0.295807 0.19875 0.373752 0.564894 -0.100218 0.101523 -0.0224192
internal_weight=70466 2486 729 67980 2881 377 102 45 707 629 427 253 120 91 174 78 50 66 275 133 73 60 1757 57 153 67 46 65099 23821 2422 1228 398 193 56 830 1102 2504 203 46 860 144 67 77 49 46 202 41278 21399 411 136 81 53 41249 205 144 137 185 107 46 61 86 31827
internal_count=70466 2486 729 67980 2881 377 102 45 707 629 427 253 120 91 174 78 50 66 275 133 73 60 1757 57 153 67 46 65099 23821 2422 1228 398 193 56 830 1102 2504 203 46 860 144 67 77 49 46 202 41278 21399 411 136 81 53 41249 205 144 137 185 107 46 61 86 31827
is_linear=0
shrinkage=0.05


Tree=32
num_leaves=63
num_cat=0
split_feature=113 12 106 114 100 63 65 100 68 100 14 114 114 65 66 93 113 61 62 77 70 66 114 100 67 66 57 113 112 110 14 113 14 54 17 104 111 66 54 100 100 41 65 100 12 77 46 46 63 114 109 14 44 113 14 68 20 46 26 70 100 12
split_gain=29983.2 17899.9 13961 9353.22 8627.71 6558.95 12205.4 5108.9 4619.53 5818.55 4202 10467.2 4121.38 3954.21 13662.4 3711.55 5834.12 8744.76 6370.86 3086.8 3560.35 4306.56 3044.8 3024.38 2834.39 2669.34 2619.08 2585.54 2321.3 3026.39 3287.49 4203.35 2306.6 2272.84 2333.54 2003.02 1932.82 1919.06 1835.02 1704.59 7571.1 3456.12 5105.37 3533.16 8539.2 3219.17 3347.33 1531.05 1384.03 1351.01 1302.68 1286.22 2077.05 3372.59 1366.28 1207.74 1181.24 1180.3 1346.89 3074.61 1081.71 1064.19
threshold=4.5000000000000009 1.0000000180025095e-35 1.0000000180025095e-35 10.500000000000002 2024.5000000000002 2.5000000000000004 2.0000000000000004 2011.5000000000002 2.0000000000000004 2022.5000000000002 4.0000000000000009 18.500000000000004 13.500000000000002 2.0000000000000004 2.0000000000000004 3.0000000000000004 5.5000000000000009 4.5000000000000009 2.5000000000000004 2.5000000000000004 2.0000000000000004 2.0000000000000004 19.500000000000004 2017.5000000000002 2.5000000000000004 2.0000000000000004 4.0000000000000009 2.5000000000000004 1.0000000180025095e-35 68.250000000000014 2.0000000000000004 3.5000000000000004 2.0000000000000004 2.0000000000000004 3.0000000000000004 7.5000000000000009 3.5000000000000004 2.0000000000000004 2.0000000000000004 2014.5000000000002 2018.5000000000002 3.5000000000000004 2.0000000000000004 2017.5000000000002 1.0000000180025095e-35 1.5000000000000002 2.0000000000000004 2.0000000000000004 2.5000000000000004 15.500000000000002 175.50000000000003 4.0000000000000009 2.0000000000000004 5.5000000000000009 2.0000000000000004 2.0000000000000004 2.5000000000000004 2.0000000000000004 2.5000000000000004 2.0000000000000004 2024.5000000000002 1.0000000180025095e-35
decision_type=2 2 2 2 2 2 2 2 2 2 2 2 2 2 2 2 2 2 2 2 2 2 2 2 2 2 2 2 8 10 2 2 2 2 2 2 10 2 2 2 2 2 2 2 2 2 2 2 2 2 10 2 2 2 2 2 2 2 2 2 2 2
left_child=2 26 27 -3 5 6 24 10 9 -7 -5 -12 32 15 -15 -14 19 18 23 20 21 -17 38 -18 -4 -10 -2 50 -29 35 31 -31 -9 34 -16 -30 47 -11 -21 -37 41 42 55 44 49 -43 -47 -28 -45 -44 60 52 53 54 -49 57 -6 -41 -59 -60 -1 -27
right_child=1 3 4 7 56 8 -8 12 25 37 11 -13 13 14 33 16 17 -19 -20 22 -22 -23 -24 -25 -26 61 36 28 29 30 -32 -33 -34 -35 -36 39 -38 -39 -40 40 -42 45 43 48 -46 46 -48 51 -50 -51 -52 -53 -54 -55 -56 -57 -58 58 59 -61 -62 -63
leaf_value=-0.015011396068388373 0.0048420248919820684 1.3940133521502669 0.13711341220733461 1.1573731920935892 0.29229716780994619 1.2098638754176056 1.5303783781826497 -0.42966426654408379 0.44948267339595732 -0.08259813306124314 -0.26750583231449127 1.267132614850998 -0.040898960742116387 1.7365291221575305 0.9365024311975999 0.30995112197554631 1.7391490573436024 -0.099039620161056524 0.25742829921452898 -0.15147708863019946 0.025542746360103293 1.3002999590443713 0.4677009158302099 0.95535834478214388 0.71687620004286634 0.15205131292644117 0.10238653351341474 -0.015642456345453016 -0.004890933669307024 0.23471316833767975 0.074063810974219033 1.0483534527434546 0.13940800491018573 0.035338479363256035 0.21621107284141627 0.0071697907258677336 0.0062592572642274765 0.48557699908103258 0.20930356979370118 0.049486888120174884 0.02501853212510792 0.11505911554045536 0.63118296822775966 -0.23004138441312882 1.3968633488416673 1.0601754317455219 0.30159514076434651 -0.0017017973020024921 0.3257782558600108 0.16185029074752139 0.32109836333206504 0.17374162736128679 0.12459291029382835 0.96661885657480784 0.51051423779921612 0.0026296447540322941 -0.056171418225040307 -0.024951458070427181 0.8951528459787369 0.13726110148709267 0.044398647478250744 -0.16788830933436541
leaf_weight=50443 655 22 49 33 28 23 32 24 35 23 25 20 72 22 22 23 20 27 23 80 24 21 48 32 37 41 449 6001 4617 57 179 22 69 36 23 2248 242 42 63 79 2429 34 23 21 25 33 26 23 24 46 29 275 55 28 30 225 185 20 23 32 778 71
leaf_count=50443 655 22 49 33 28 23 32 24 35 23 25 20 72 22 22 23 20 27 23 80 24 21 48 32 37 41 449 6001 4617 57 179 22 69 36 23 2248 242 42 63 79 2429 34 23 21 25 33 26 23 24 46 29 275 55 28 30 225 185 20 23 32 778 71
internal_value=-0.000106893 0.170446 -0.00634394 0.378735 0.240945 0.392585 0.696738 0.347142 0.239861 0.526379 0.728825 0.414556 0.299811 0.353123 0.63157 0.286888 0.352263 0.672561 0.950337 0.226123 0.515415 0.782618 0.123129 1.25682 0.386546 0.0683396 0.0840245 -0.00842015 0.0090157 0.0235757 0.192635 0.461297 -0.00744936 0.331458 0.568354 0.0191722 0.131088 0.28453 0.00746824 0.0401819 0.0645934 0.221921 0.171534 0.430732 0.605148 0.502573 0.725886 0.166215 0.0663958 0.318295 -0.0139193 0.235944 0.361722 0.522736 0.288232 0.0764722 -0.0103633 0.184359 0.326425 0.454198 -0.014109 -0.0507676
internal_weight=70466 2486 67980 729 566 353 118 707 235 88 78 45 629 536 103 433 361 102 75 259 68 44 191 52 86 147 1757 67414 16164 10163 258 79 93 81 45 9905 1102 65 143 5288 3040 611 518 139 94 93 59 860 45 69 51250 411 136 81 53 379 213 154 75 55 51221 112
internal_count=70466 2486 67980 729 566 353 118 707 235 88 78 45 629 536 103 433 361 102 75 259 68 44 191 52 86 147 1757 67414 16164 10163 258 79 93 81 45 9905 1102 65 143 5288 3040 611 518 139 94 93 59 860 45 69 51250 411 136 81 53 379 213 154 75 55 51221 112
is_linear=0
shrinkage=0.05


Tree=33
num_leaves=63
num_cat=0
split_feature=113 12 106 114 101 8 114 63 48 43 114 114 101 40 8 55 40 48 14 101 101 114 14 57 113 94 16 112 110 14 113 8 28 101 73 8 111 26 63 74 101 101 87 63 55 74 55 14 44 113 14 109 113 22 101 87 101 114 114 101 101 14
split_gain=27059.8 16154.6 12599.8 8441.28 7786.51 12080.4 13283 17626.4 6847.56 4731.32 6194.2 4522.26 4019.21 5316.77 6596.7 10019.2 5222.33 3867.6 3802.6 3089.02 5995.82 2824.92 2491.54 2363.72 2333.45 2323.74 2107.15 2094.97 2731.32 2966.96 3793.52 2073.68 2710.39 1785.5 1764.82 2902.77 1744.37 1551.31 1854.96 2490.88 1519.61 4625.33 2729.03 5071.6 1501.68 1381.77 1304.1 1615.07 2057.7 3246.9 1282.21 1175.67 1095.22 1400.75 976.246 970.857 1454.86 967.169 923.031 855.81 1153.44 1791.56
threshold=4.5000000000000009 1.0000000180025095e-35 1.0000000180025095e-35 10.500000000000002 1.5000000000000002 2.0000000000000004 10.500000000000002 2.5000000000000004 3.0000000000000004 2.0000000000000004 13.500000000000002 14.500000000000002 14.500000000000002 3.5000000000000004 2.0000000000000004 3.0000000000000004 3.5000000000000004 3.0000000000000004 4.0000000000000009 12.500000000000002 10.500000000000002 16.500000000000004 2.0000000000000004 4.0000000000000009 2.5000000000000004 4.0000000000000009 3.5000000000000004 1.0000000180025095e-35 68.250000000000014 2.0000000000000004 3.5000000000000004 2.0000000000000004 2.0000000000000004 11.500000000000002 2.5000000000000004 2.0000000000000004 3.5000000000000004 2.5000000000000004 2.5000000000000004 2.5000000000000004 11.500000000000002 7.5000000000000009 1.0000000180025095e-35 2.5000000000000004 3.0000000000000004 2.5000000000000004 3.0000000000000004 4.0000000000000009 2.0000000000000004 5.5000000000000009 2.0000000000000004 175.50000000000003 3.5000000000000004 3.0000000000000004 1.5000000000000002 1.0000000180025095e-35 3.5000000000000004 8.5000000000000018 10.500000000000002 5.5000000000000009 2.5000000000000004 4.0000000000000009
decision_type=2 2 2 2 2 2 2 2 2 2 2 2 2 2 2 2 2 2 2 2 2 2 2 2 2 2 2 8 10 2 2 2 2 2 2 2 10 2 2 2 2 2 2 2 2 2 2 2 2 2 2 10 2 2 2 2 2 2 2 2 2 2
left_child=2 23 24 -3 -4 6 25 -8 11 10 22 -9 13 14 15 -12 -14 26 -11 20 31 -16 -5 -2 51 -6 -17 -26 34 30 -30 32 -15 -22 -29 -36 45 -7 39 -39 41 57 52 -44 -20 -25 -47 48 49 50 -48 54 53 -43 -1 -40 -57 -37 -56 60 -59 -62
right_child=1 3 4 9 5 37 7 8 -10 18 12 -13 16 19 21 17 -18 -19 44 -21 33 -23 -24 36 27 -27 -28 28 29 -31 -32 -33 -34 -35 35 40 -38 38 55 -41 -42 42 43 -45 -46 46 47 -49 -50 -51 -52 -53 -54 -55 58 56 -58 59 -60 -61 61 -63
leaf_value=0.042178715687127818 0.00459992329194566 1.32431262568994 -0.0098451745949965416 -0.48068751439621504 0.45838327909057797 -0.13806668134724223 2.1406171692003095 1.5333835989236833 -0.1331857698969543 0.77565965709232154 1.6625290661022583 0.48283783197402957 0.2998733183611994 0.039766823287521097 -0.18985671445261687 -0.097589501028969183 1.2813392665801626 0.974547427980339 -0.26437876132027854 -0.24605644148375308 1.1393428639932113 0.46797264878656347 0.18477798864627495 0.097267206399136316 -0.014860333562794748 -0.23387621069947878 0.59515113571415779 0.0066397490490074998 0.22297750282705878 0.070360621359386588 0.99593577895482843 -0.13001991980605657 0.65613704881360457 0.50232189216397027 -0.002469082614494683 -0.11691499310271705 0.0059462943041219936 0.718072401935404 0.23416659538863135 0.021482781569163004 0.026931976163611211 0.23169269399060691 0.17653903743395438 1.005610281846353 0.12523828016516445 -0.047097316663712266 0.018528963327407839 0.17947556584402316 0.1528402291238308 1.0180636337743356 0.54270339757204056 0.30504344555324525 0.13985445037946706 0.69894884837710336 -0.022360984066052848 0.12749186143016397 -0.39702524662017824 0.027060648682324787 -0.0086132545985916197 0.0074442766059655691 -0.049951272476942116 0.34691164760539928
leaf_weight=778 655 22 213 22 22 41 28 20 20 21 29 21 23 42 24 21 33 34 29 28 22 51 39 449 6001 27 23 7615 57 179 22 45 31 22 1088 68 242 33 61 21 376 53 39 35 168 40 20 247 50 26 28 29 149 23 20722 39 20 115 29721 200 39 105
leaf_count=778 655 22 213 22 22 41 28 20 20 21 29 21 23 42 24 21 33 34 29 28 22 51 39 449 6001 27 23 7615 57 179 22 45 31 22 1088 68 242 33 61 21 376 53 39 35 168 40 20 247 50 26 28 29 149 23 20722 39 20 115 29721 200 39 105
internal_value=-0.000101548 0.161924 -0.00602674 0.359798 0.228898 0.372955 0.738048 1.10203 0.625304 0.329785 0.416148 0.995299 0.483329 0.423881 0.617017 0.869038 0.878237 0.574022 0.136064 0.238877 0.322692 0.257467 -0.055226 0.0798232 -0.00799914 0.0769342 0.264525 0.00856491 0.0223969 0.183003 0.438232 0.136945 0.301513 0.820832 0.0182136 0.0567002 0.124534 0.138617 0.203812 0.447176 0.110258 0.148188 0.305268 0.568667 0.0678835 0.157904 0.224147 0.253392 0.400629 0.568053 0.324297 -0.0132234 0.218639 0.373099 -0.0134036 0.0942987 -0.0503105 0.0590669 -0.0142608 0.0851382 0.145134 0.239428
internal_weight=70466 2486 67980 729 566 353 138 89 61 707 489 41 428 372 182 107 56 78 218 190 162 75 61 1757 67414 49 44 16164 10163 258 79 118 73 44 9905 2290 1102 215 174 54 1202 826 299 74 197 860 411 371 124 74 48 51250 225 76 51221 120 59 527 50443 459 259 144
internal_count=70466 2486 67980 729 566 353 138 89 61 707 489 41 428 372 182 107 56 78 218 190 162 75 61 1757 67414 49 44 16164 10163 258 79 118 73 44 9905 2290 1102 215 174 54 1202 826 299 74 197 860 411 371 124 74 48 51250 225 76 51221 120 59 527 50443 459 259 144
is_linear=0
shrinkage=0.05


Tree=34
num_leaves=63
num_cat=0
split_feature=12 15 90 65 77 63 100 8 100 14 105 15 80 16 114 55 114 58 100 54 114 48 16 72 14 63 48 43 114 79 79 11 114 28 100 14 109 104 100 110 46 14 66 70 100 114 100 46 72 110 63 114 63 114 42 55 111 100 89 54 114 100
split_gain=23042.3 15207.1 6760.37 7294.17 11477.3 13469.4 12836.9 13556.2 6615.88 6267.18 4980.5 4611.74 4357.94 4114.91 4858.59 3379.97 3153.56 3032.54 2653.65 3244.34 4656.85 6422.9 5751.43 4444.1 3045.44 2651.43 2831.89 5418.17 2460.8 2406.94 2311.04 2221.69 2209.01 3329.67 3140.58 1993.43 1777.55 1756.52 1944.29 2139.59 1810.75 1968.83 2350.11 3293.09 3422.23 2535.58 1730.68 1649.71 1614.06 1843.44 1514.69 1462.41 1402.76 1364.5 1291.81 1237.53 1139.24 1119.34 1102.69 1097.43 1397.46 1075.68
threshold=1.0000000180025095e-35 3.0000000000000004 1.0000000180025095e-35 2.0000000000000004 2.5000000000000004 2.5000000000000004 2014.5000000000002 2.0000000000000004 2010.5000000000002 4.0000000000000009 1.0000000180025095e-35 3.0000000000000004 3.5000000000000004 4.5000000000000009 8.5000000000000018 3.0000000000000004 16.500000000000004 3.0000000000000004 2023.5000000000002 2.0000000000000004 15.500000000000002 3.0000000000000004 3.5000000000000004 3.5000000000000004 2.0000000000000004 2.5000000000000004 3.0000000000000004 2.0000000000000004 14.500000000000002 2.0000000000000004 2.0000000000000004 2.0000000000000004 17.500000000000004 2.0000000000000004 2015.5000000000002 4.0000000000000009 89.500000000000014 7.5000000000000009 2023.5000000000002 95.250000000000014 2.0000000000000004 4.0000000000000009 2.0000000000000004 2.0000000000000004 2014.5000000000002 13.500000000000002 2016.5000000000002 2.0000000000000004 1.0000000180025095e-35 162.50000000000003 2.5000000000000004 9.5000000000000018 2.5000000000000004 10.500000000000002 2.0000000000000004 3.0000000000000004 6.5000000000000009 2017.5000000000002 -1.4999999999999998 2.0000000000000004 17.500000000000004 2018.5000000000002
decision_type=2 2 2 2 2 2 2 2 2 2 2 2 2 2 2 2 2 2 2 2 2 2 2 2 2 2 2 2 2 2 2 2 2 2 2 2 10 2 2 8 2 2 2 2 2 2 2 2 2 10 2 2 2 2 2 2 10 2 2 2 2 2
left_child=11 36 3 8 25 6 -6 -8 -3 -7 -10 48 -13 14 -12 -16 55 35 19 24 21 22 -21 -22 61 -5 27 -27 -11 -26 -14 -18 34 -34 -31 50 -2 -32 39 -39 51 42 -42 44 -44 -46 -33 -36 49 58 -17 -41 -25 -53 59 -15 -43 -37 -1 60 -20 -19
right_child=1 2 -4 4 5 9 7 -9 10 28 13 12 30 16 15 17 31 18 54 20 23 -23 -24 52 29 26 -28 -29 -30 32 37 46 33 -35 47 57 -38 38 -40 40 41 56 43 -45 45 -47 -48 -49 -50 -51 -52 53 -54 -55 -56 -57 -58 -59 -60 -61 -62 -63
leaf_value=0.026996727604035278 -0.0058454375763779005 0.96745380977025397 1.1714626908302308 -0.17046072523472675 0.20606833872971714 0.86467058964901511 2.1746204461370193 0.73881511784368947 0.90379076122560287 0.4099038273096085 0.77695245457922724 -0.0083494930979043716 -0.0043311653777911418 -0.58080600965768103 -0.13318504410840215 -0.030644782930612565 -0.16880657072578159 -0.27703994262862847 0.047132196633712105 1.5019431779461523 0.78770996346969957 -0.0018184054642915726 0.50376261017388768 -0.25758446264266971 -0.11362024608614117 1.112954681544077 -0.093580426172963513 -0.036954365447163587 -0.15615028305134426 -0.15462222467450537 -0.0025513588948599185 0.68429130236194891 0.95508149519111185 0.23343772734365156 0.12145526349544525 0.0073507333941319405 0.44857424923472788 -0.0095698471046625627 0.011565526702230978 -0.12019125566973042 0.11442776590743116 0.14546242358429093 0.22151562490978757 0.098241447030820633 0.45499873089379278 1.0628731191158296 0.11177108089129131 0.71173541129663076 -0.016136419014629522 0.44750635133975225 0.54812981198326904 0.48579440130679696 0.2077250656226407 0.12270290000405802 -0.28054613793889682 -0.16549409908098234 0.48144288403844393 -0.32861764916351865 -0.0040870210490116686 -0.044289278316982955 0.61860493332147604 0.16445513259280811
leaf_weight=3247 987 26 20 59 27 36 35 31 22 32 34 2483 593 24 84 20 35 37 23 31 28 20 27 25 29 21 29 20 48 34 312 22 33 31 20 85 22 187 310 60 71 385 37 44 29 42 33 29 36039 23 26 27 46 621 24 71 27 35 23523 43 20 22
leaf_count=3247 987 26 20 59 27 36 35 31 22 32 34 2483 593 24 84 20 35 37 23 31 28 20 27 25 29 21 29 20 48 34 312 22 33 31 20 85 22 187 310 60 71 385 37 44 29 42 33 29 36039 23 26 27 46 621 24 71 27 35 23523 43 20 22
internal_value=-9.64709e-05 0.151973 0.258803 0.245547 0.44731 0.676214 1.1245 1.50023 0.179911 0.316809 0.159698 -0.0054723 0.0396488 0.143179 0.191992 0.166229 -0.0694854 0.202786 0.261982 0.320233 0.481904 0.770839 1.03727 0.254259 0.198464 0.0764492 0.284559 0.552023 0.0702714 0.302679 0.0830658 0.142607 0.384806 0.605535 0.214606 0.0166366 0.00406262 0.107149 0.12575 0.148885 0.170949 0.232253 0.351922 0.462857 0.611405 0.814586 0.340779 0.470805 -0.00922664 6.76305e-05 0.296489 0.115965 0.0438837 0.137832 0.0438054 -0.270415 0.167481 -0.09064 -0.000316796 0.134322 0.312933 -0.112415
internal_weight=70466 2406 1397 1377 338 209 93 66 1039 116 1013 68060 5228 991 806 772 185 688 522 412 177 78 58 99 235 129 70 41 80 176 2745 90 147 64 83 166 1009 2152 1840 1530 1343 635 223 152 108 71 55 49 62832 26793 46 708 71 648 110 95 412 120 26770 86 43 59
internal_count=70466 2406 1397 1377 338 209 93 66 1039 116 1013 68060 5228 991 806 772 185 688 522 412 177 78 58 99 235 129 70 41 80 176 2745 90 147 64 83 166 1009 2152 1840 1530 1343 635 223 152 108 71 55 49 62832 26793 46 708 71 648 110 95 412 120 26770 86 43 59
is_linear=0
shrinkage=0.05


Tree=35
num_leaves=63
num_cat=0
split_feature=12 94 73 66 114 72 55 114 28 114 11 14 114 63 8 68 44 54 8 16 22 100 72 100 74 113 100 74 48 8 104 100 113 85 67 8 40 94 94 63 74 100 42 113 44 113 100 102 74 113 48 110 112 113 40 102 66 68 114 85 113 28
split_gain=27170.5 18611.7 7641.95 5481.09 5024.56 6050.81 9352.96 12772.8 4911.41 8431.14 11505.6 5534.33 7338.03 12304.4 5558.63 4473.95 7543.45 4318.14 7102.74 11809.6 4164.28 4067.29 3351.91 3348.92 3094.81 3049.12 2948.66 2185.31 4211.32 2823.41 1985.17 2265.01 3531.91 1954.43 1784.29 1673.89 1670.76 1590.16 3019.97 1786.8 1970.75 2018.4 2197.19 2263.37 2333.2 1633.57 1563.81 1482.74 1476.84 2636.83 1386.94 1364.82 1329.49 1526.72 1286.59 1283.06 2127.59 1276.1 1186.5 1165.64 1208.98 1144.07
threshold=1.0000000180025095e-35 4.0000000000000009 2.5000000000000004 2.0000000000000004 11.500000000000002 3.5000000000000004 3.0000000000000004 16.500000000000004 2.0000000000000004 12.500000000000002 2.0000000000000004 4.0000000000000009 16.500000000000004 2.5000000000000004 2.0000000000000004 2.0000000000000004 2.0000000000000004 2.0000000000000004 2.0000000000000004 3.5000000000000004 3.0000000000000004 2022.5000000000002 3.5000000000000004 2015.5000000000002 2.5000000000000004 4.5000000000000009 2014.5000000000002 2.5000000000000004 3.0000000000000004 2.0000000000000004 7.5000000000000009 2011.5000000000002 5.5000000000000009 4.0000000000000009 2.5000000000000004 2.0000000000000004 3.5000000000000004 2.0000000000000004 4.0000000000000009 2.5000000000000004 2.5000000000000004 2016.5000000000002 2.0000000000000004 4.5000000000000009 2.0000000000000004 4.5000000000000009 2016.5000000000002 1.0000000180025095e-35 2.5000000000000004 4.5000000000000009 3.0000000000000004 162.50000000000003 1.0000000180025095e-35 3.5000000000000004 3.5000000000000004 1.0000000180025095e-35 2.0000000000000004 2.0000000000000004 16.500000000000004 -1.4999999999999998 2.5000000000000004 2.0000000000000004
decision_type=2 2 2 2 2 2 2 2 2 2 2 2 2 2 2 2 2 2 2 2 2 2 2 2 2 2 2 2 2 2 2 2 2 2 2 2 2 2 2 2 2 2 2 2 2 2 2 2 2 2 2 10 8 2 2 2 2 2 2 2 2 2
left_child=20 -2 59 4 -4 24 7 -7 9 10 -5 12 13 -11 36 23 22 25 19 -19 30 50 -17 -10 -6 35 -27 28 29 -8 47 32 -32 -22 -25 -13 -14 61 39 45 -41 -42 43 44 -43 -39 -29 51 49 -24 -20 -1 -33 -54 -50 56 -55 -26 -48 60 -3 -35
right_child=1 2 3 8 5 6 27 -9 15 11 -12 17 14 -15 -16 16 -18 18 21 -21 33 -23 48 34 57 26 -28 46 -30 -31 31 52 -34 37 -36 -37 -38 38 -40 40 41 42 -44 -45 -46 -47 58 -49 54 -51 -52 -53 53 55 -56 -57 -58 -59 -60 -61 -62 -63
leaf_value=0.0023388809865639427 0.01685961247715969 -0.025707917859497137 -0.41952994642158353 0.43314693840220575 -0.35189314875006678 1.7597156655616484 -0.17263739009698231 0.33618203222751619 1.1102859404954044 0.33112772433530718 1.8081902556635183 -0.32833631335780389 1.1350235149264336 1.972848150253296 -0.063846179679261914 0.41633203060055773 0.70835248464935052 1.9252333638072014 -0.31338262510299686 0.30914270969537588 -0.0068149669913089607 0.7525821786859761 -0.36572356184323629 0.65106486537390296 -0.068494745685408517 -0.13811139613389969 0.60544342055916789 -0.12709265011444426 0.98513181168924691 0.48009199923961554 0.09574199460806665 -0.012298455958086207 0.78489758603274828 -0.071223115031678011 0.05854830723255873 0.22060780156226387 0.49647501934142346 0.30821242548164823 0.038450228505664402 0.088548709557702152 0.006685187999391929 1.2003285699100656 0.076511867650385423 0.31603120855796035 0.45414678404107695 0.87157080769538886 0.55371708899736405 -0.019102704003028992 -0.66232425570487985 0.28196075188391134 0.23780262299946378 0.41580403415486222 0.0047483032052888091 0.037142261676490311 -0.12101839979489644 0.041666449494292962 0.56132584474980829 0.42835926706237459 0.021606327728791674 -0.12690011286677769 0.27077645804446476 0.17545147438418784
leaf_weight=9718 1116 73 30 32 50 26 30 40 22 21 29 41 20 25 33 30 43 20 25 26 353 23 30 27 24 20 40 57 22 37 264 9633 20 132 24 21 21 31 225 135 32 22 28 39 20 22 20 31895 23 33 21 20 13083 49 21 2243 32 28 22 79 65 73
leaf_count=9718 1116 73 30 32 50 26 30 40 22 21 29 41 20 25 33 30 43 20 25 26 353 23 30 27 24 20 40 57 22 37 264 9633 20 132 24 21 21 31 225 135 32 22 28 39 20 22 20 31895 23 33 21 20 13083 49 21 2243 32 28 22 79 65 73
internal_value=0.000237449 0.165939 0.296529 0.352015 0.201897 0.254264 0.384892 0.896968 0.438372 0.543613 1.08686 0.45079 0.727453 1.22337 0.419183 0.264496 0.130596 0.310707 0.530531 1.01179 -0.00558056 0.209691 -0.0507437 0.59466 -0.0710242 0.103496 0.357592 0.20512 0.384912 0.187825 -0.00717431 0.00386452 0.144274 0.090384 0.372234 -0.142404 0.807962 0.13559 0.179614 0.276155 0.225093 0.355827 0.458328 0.590313 0.845004 0.542059 0.0434889 -0.0138889 -0.181699 -0.0264603 -0.0617546 0.00318806 0.00227202 0.011382 -0.403974 0.0487264 0.244227 0.199042 0.274992 0.0262612 0.113941 0.0166171
internal_weight=70459 2390 1274 1057 386 356 254 66 671 418 61 357 120 46 74 253 180 237 115 46 68069 69 137 73 102 122 60 188 89 67 66957 25324 284 1112 51 62 41 759 554 329 276 141 109 81 42 53 99 41633 107 63 46 9738 25040 15407 44 2324 81 52 42 217 138 205
internal_count=70459 2390 1274 1057 386 356 254 66 671 418 61 357 120 46 74 253 180 237 115 46 68069 69 137 73 102 122 60 188 89 67 66957 25324 284 1112 51 62 41 759 554 329 276 141 109 81 42 53 99 41633 107 63 46 9738 25040 15407 44 2324 81 52 42 217 138 205
is_linear=0
shrinkage=0.05


Tree=36
num_leaves=63
num_cat=0
split_feature=87 94 65 52 55 66 66 55 68 77 17 63 16 14 40 100 46 22 72 71 16 63 85 104 100 17 94 94 72 63 46 100 42 48 48 52 16 77 55 54 112 80 48 16 22 106 47 100 71 110 100 18 68 47 17 14 40 77 46 94 107 28
split_gain=25732.6 17012.3 7587.24 14579.9 13873 16110.3 8809.48 15300.1 13035.2 8694.05 8745.13 9012.06 6952.01 6258.55 8153.6 5076.13 4415.79 4087.56 2271.83 2217.3 4208.43 2430.1 1877.94 1841.06 2026 1794.22 1650.33 2865.78 1632.31 1610.23 1639.07 1748.14 1852.06 1831.7 1606.99 1615.72 1339.56 1368.61 2776.44 1247.56 1242.99 1125.9 1815.48 1608.09 1123.2 1466.33 2261.5 3144.32 1100.82 1478.37 1097.85 1087.07 1059.47 982.5 946.83 1303.59 2519.57 1982.17 1479.89 1024.84 913.136 893.655
threshold=1.0000000180025095e-35 4.0000000000000009 2.0000000000000004 3.0000000000000004 3.0000000000000004 2.0000000000000004 2.0000000000000004 3.0000000000000004 2.0000000000000004 2.5000000000000004 3.0000000000000004 2.5000000000000004 3.5000000000000004 4.0000000000000009 3.5000000000000004 2017.5000000000002 2.0000000000000004 3.0000000000000004 3.5000000000000004 3.0000000000000004 3.5000000000000004 2.5000000000000004 4.0000000000000009 7.5000000000000009 2011.5000000000002 3.0000000000000004 2.0000000000000004 4.0000000000000009 3.5000000000000004 2.5000000000000004 2.0000000000000004 2016.5000000000002 2.0000000000000004 3.0000000000000004 3.0000000000000004 3.0000000000000004 4.5000000000000009 2.5000000000000004 3.0000000000000004 2.0000000000000004 1.0000000180025095e-35 3.5000000000000004 3.0000000000000004 3.5000000000000004 3.0000000000000004 1.0000000180025095e-35 2.0000000000000004 2023.5000000000002 1.0000000180025095e-35 163.50000000000003 2017.5000000000002 1.0000000180025095e-35 2.0000000000000004 2.0000000000000004 3.0000000000000004 4.0000000000000009 3.5000000000000004 2.5000000000000004 2.0000000000000004 2.0000000000000004 76.500000000000014 2.0000000000000004
decision_type=2 2 2 2 2 2 2 2 2 2 2 2 2 2 2 2 2 2 2 2 2 2 2 2 2 2 2 2 2 2 2 2 2 2 2 2 2 2 2 2 8 2 2 2 2 2 2 2 2 10 2 2 2 2 2 2 2 2 2 2 10 2
left_child=17 44 3 6 5 -4 19 -8 15 53 11 -11 13 -10 -15 -9 -12 23 -14 21 -21 -3 -19 48 28 -23 61 29 -25 -28 -31 -32 33 -33 52 -36 41 39 -39 -38 -26 -5 -43 -44 45 -2 47 -47 49 60 -20 54 -30 -6 -42 56 57 -56 -59 -57 -1 -24
right_child=1 2 4 36 9 -7 7 8 12 10 16 -13 18 14 -16 -17 -18 22 50 20 -22 25 26 24 40 -27 27 -29 34 30 31 32 -34 -35 35 -37 37 38 -40 -41 51 42 43 -45 -46 46 -48 -49 -50 -51 -52 -53 -54 -55 55 59 -58 58 -60 -61 -62 -63
leaf_value=-0.004205262283618969 0.00045254678968878204 -0.28088642320595686 2.3239526178155625 -0.058329164252469416 -0.13797080115782043 0.53032136271076824 1.8868754451925103 1.486801820642808 -0.21641562014818191 1.5017045719843163 -0.13641360097153241 0.43286650423414824 0.27657337014873823 0.26326125873760747 1.4124320305113134 0.68477166916461707 0.66196239117918354 -0.0068330888410814451 -0.59036397366296678 -0.042917588424114958 0.95808553539571306 0.47652123122842927 -0.065745048711437798 0.0076586532999168748 -0.011636909691281005 -0.024417240755298202 0.5163357018320649 0.036527716689639625 0.6916536083375967 0.096077113455914437 0.037016995545280609 0.82068411958004761 0.072686276341950615 0.35631780254620093 0.53599282426759609 0.034769919151213115 0.39120300920172174 -0.65590826502814892 -0.012679398001409046 -0.15442764942301437 0.019683211572759839 0.20743805514338118 -0.2386199782292048 0.20932239781726492 -0.17377774074765637 0.81789855575561532 -0.19691180707443329 0.024889168694615365 -0.019561319757707418 0.42673097655177117 -0.10833681225776673 -0.0002795083153311995 0.23507806062698366 0.24785764623772014 0.11472743605122422 -0.046929726135379532 0.010917059828837714 0.31837849588621236 0.89312329695870485 0.091118348902550161 0.17677747751985279 0.14800115382274637
leaf_weight=15991 727 40 21 95 66 31 22 34 20 38 43 41 24 33 29 47 29 354 21 21 21 33 134 132 9673 39 54 225 27 141 38 35 28 54 20 82 22 25 51 20 5869 240 51 33 81 25 21 25 25701 20 27 8826 24 22 33 201 81 21 24 406 70 77
leaf_count=15991 727 40 21 95 66 31 22 34 20 38 43 41 24 33 29 47 29 354 21 21 21 33 134 132 9673 39 54 225 27 141 38 35 28 54 20 82 22 25 51 20 5869 240 51 33 81 25 21 25 25701 20 27 8826 24 22 33 201 81 21 24 406 70 77
internal_value=0.000225577 0.171867 0.291224 0.222672 0.514547 1.25467 0.446807 0.625999 0.507959 0.353516 0.583731 0.946991 0.237889 0.552681 0.800777 1.02143 0.185155 -0.00509387 -0.120625 0.147766 0.457584 0.0315846 0.0887913 -0.00668654 0.00392387 0.20518 0.131859 0.175747 0.136486 0.265246 0.219439 0.331658 0.427353 0.538934 0.247631 0.133049 0.0511274 -0.0976817 -0.224268 0.131379 0.00242072 0.0930355 0.137417 -0.0626426 0.00362634 0.0216335 0.238515 0.421394 -0.0131416 -0.00288149 -0.319224 0.0112157 0.476795 -0.0415137 0.0265069 0.078789 0.206234 0.409063 0.624909 0.0454056 -0.00341647 0.0122571
internal_weight=70459 2118 1239 948 291 52 411 257 235 239 151 79 154 82 62 81 72 68341 72 154 42 112 1140 67201 25419 72 786 575 285 350 296 155 117 89 153 102 537 118 76 42 25134 419 324 84 879 798 71 50 41782 16081 48 15461 51 88 6635 766 159 78 45 607 16061 211
internal_count=70459 2118 1239 948 291 52 411 257 235 239 151 79 154 82 62 81 72 68341 72 154 42 112 1140 67201 25419 72 786 575 285 350 296 155 117 89 153 102 537 118 76 42 25134 419 324 84 879 798 71 50 41782 16081 48 15461 51 88 6635 766 159 78 45 607 16061 211
is_linear=0
shrinkage=0.05


Tree=37
num_leaves=63
num_cat=0
split_feature=87 94 15 109 17 25 11 114 114 46 54 79 70 114 28 114 106 113 114 22 22 57 100 11 114 28 42 16 114 79 113 54 85 104 100 113 100 113 46 94 94 95 72 54 114 49 11 114 113 102 100 109 85 77 68 113 112 110 22 106 8 114
split_gain=23223.7 15353.6 5881.46 4909.55 4725.79 8941.47 9386.72 12931.3 17172.3 14906.7 10748.2 7005.84 7049.49 6022.71 5418.93 7743.66 7081.38 4794.77 4230.05 3957.85 3689.02 3497.21 7338 3140.67 7177.77 5977.14 2748.11 3762.73 2605.93 2189.36 1807.88 1700.33 1694.84 1661.56 1828.46 3089.12 1609.28 2785.62 1509.22 1489.42 2586.37 1607.8 1451.02 1925.98 1389.91 1312.37 1566.44 1437.08 2502.51 1279.88 1274.41 1865.12 1192.52 1150.04 1128.8 1128.37 1376.61 1126.26 1225.01 1543.13 2285.57 1121.38
threshold=1.0000000180025095e-35 4.0000000000000009 3.0000000000000004 83.500000000000014 3.0000000000000004 2.5000000000000004 2.0000000000000004 16.500000000000004 14.500000000000002 2.0000000000000004 2.0000000000000004 2.0000000000000004 2.0000000000000004 9.5000000000000018 2.0000000000000004 19.500000000000004 1.0000000180025095e-35 5.5000000000000009 17.500000000000004 3.0000000000000004 3.0000000000000004 4.0000000000000009 2011.5000000000002 2.0000000000000004 14.500000000000002 2.0000000000000004 2.0000000000000004 3.5000000000000004 19.500000000000004 2.0000000000000004 4.5000000000000009 2.0000000000000004 4.0000000000000009 7.5000000000000009 2011.5000000000002 5.5000000000000009 2018.5000000000002 4.5000000000000009 2.0000000000000004 2.0000000000000004 4.0000000000000009 2.0000000000000004 3.5000000000000004 2.0000000000000004 17.500000000000004 4.0000000000000009 2.0000000000000004 14.500000000000002 4.5000000000000009 1.0000000180025095e-35 2016.5000000000002 142.50000000000003 -1.4999999999999998 1.5000000000000002 2.0000000000000004 1.5000000000000002 1.0000000180025095e-35 69.750000000000014 3.0000000000000004 1.0000000180025095e-35 2.0000000000000004 18.500000000000004
decision_type=2 2 2 8 2 2 2 2 2 2 2 2 2 2 2 2 2 2 2 2 2 2 2 2 2 2 2 2 2 2 2 2 2 2 2 2 2 2 2 2 2 2 2 2 2 2 2 2 2 2 2 10 2 2 2 2 8 10 2 2 2 2
left_child=20 57 52 -4 5 -5 7 8 10 -10 -7 -8 14 -6 16 30 18 26 -13 21 33 53 -23 29 25 -25 27 -9 -20 -24 -16 61 -22 49 35 -35 -21 -38 -33 -34 41 44 -31 -44 45 46 -41 -47 -49 50 -1 -52 -3 -15 -46 -36 -57 58 59 -2 -61 -26
right_child=1 2 3 4 13 6 11 17 9 -11 -12 12 -14 19 15 -17 -18 -19 28 36 32 22 23 24 31 -27 -28 -29 -30 42 -32 38 39 34 55 -37 37 -39 -40 40 -42 -43 43 -45 54 47 -48 48 -50 -51 51 -53 -54 -55 -56 56 -58 -59 -60 60 -62 -63
leaf_value=-0.01401288782560707 -0.0081683882730205163 0.11987041037406293 -0.28647049189312385 -0.18549893504994758 0.96818942580945222 -0.19350695738282342 -0.23970021161627264 0.0069085301831364639 2.7214851781725886 1.0088743396379332 1.2738336334315441 0.12483898362805766 -0.054702912217804371 0.20482658416564978 -0.50356943756341932 0.99743399494750928 1.5310421267381082 0.97197325450402716 1.3098419659584761 -0.30528588355803982 -0.0064914343232751991 1.2374628424644472 -0.31510122242782801 1.4126866828512263 -0.17686324579375132 0.30243456855585632 -0.24608016051352025 0.78634714389840765 0.55682663779567798 -0.14740233878078668 0.14642504557319311 0.14084097345670063 0.01164426284343428 0.084438761264648082 -0.013788886893629074 0.72886291652917867 -0.295122053027153 0.53938693508505819 0.72125363094466077 0.37587593174294426 0.034701330519384808 0.021015168576981994 0.065959170886448454 0.61696062077736036 -0.024700592283387574 0.16467779213967532 0.91396080468382168 0.15846330936877961 0.79378227730912554 -0.017323547804837074 0.019849396499077143 0.4617549130072196 -0.13682474213307852 -0.20160294168669246 0.3828894235766851 -0.0093072808567312443 0.019839133313851849 0.37436185598373417 -0.19151430572383107 0.50772652002806606 -0.064618648543502341 0.26688191723078492
leaf_weight=5083 709 119 32 51 26 26 47 32 24 27 24 31 56 28 20 22 26 27 20 49 354 21 28 27 35 22 24 30 27 23 23 24 211 265 7602 20 20 20 21 38 225 62 35 29 49 92 21 31 31 31998 4677 24 73 46 26 6354 11178 20 80 37 33 24
leaf_count=5083 709 119 32 51 26 26 47 32 24 27 24 31 56 28 20 22 26 27 20 49 354 21 28 27 35 22 24 30 27 23 23 24 211 265 7602 20 20 20 21 38 225 62 35 29 49 92 21 31 31 31998 4677 24 73 46 26 6354 11178 20 80 37 33 24
internal_value=0.000214298 0.163273 0.276663 0.323313 0.342538 0.444327 0.510419 0.758154 1.16927 1.81481 0.510817 0.315511 0.431488 0.228185 0.592593 0.234461 0.816426 0.390698 0.57822 0.185618 -0.00483917 0.258879 0.33741 0.266884 0.415278 0.914206 0.208204 0.384056 0.877259 0.0694551 -0.155898 0.180206 0.0843517 -0.00635221 0.00372768 0.129662 -0.113188 0.122132 0.4117 0.125266 0.16696 0.251983 0.19322 0.315632 0.301706 0.366885 0.567398 0.290065 0.476123 -0.0124845 0.00334119 0.0221055 0.0222728 -0.0478188 0.116597 0.00229968 0.0092758 0.00344502 -0.005191 0.0139436 0.237907 0.00364326
internal_weight=70459 2118 1239 1047 1015 537 486 214 101 51 50 272 225 478 169 65 104 113 78 452 68341 363 289 268 153 49 86 62 47 115 43 104 1140 67201 25419 285 89 40 45 786 575 350 87 64 288 213 59 154 62 41782 9784 4701 192 74 75 25134 17532 879 859 779 70 59
internal_count=70459 2118 1239 1047 1015 537 486 214 101 51 50 272 225 478 169 65 104 113 78 452 68341 363 289 268 153 49 86 62 47 115 43 104 1140 67201 25419 285 89 40 45 786 575 350 87 64 288 213 59 154 62 41782 9784 4701 192 74 75 25134 17532 879 859 779 70 59
is_linear=0
shrinkage=0.05


Tree=38
num_leaves=63
num_cat=0
split_feature=12 113 52 65 14 114 114 100 14 114 41 48 106 54 100 16 106 77 17 14 109 22 66 72 114 62 77 100 40 68 85 65 17 114 40 100 54 113 100 72 85 100 44 72 66 50 48 66 100 100 114 110 114 54 72 100 100 11 43 100 55 110
split_gain=20038.6 14157.2 5870.54 9838.7 11649.6 16453.6 9490.14 6743.83 8841.72 6382.21 5949.61 5830.31 5003.49 4346.89 3614.15 6035.5 3175.78 3399.6 3490.89 3172.58 3086.14 3074.21 2628.77 4086.03 4141.82 3066.63 2437.06 4959.65 2316.28 1879.43 1830.35 1826.15 1772.8 2097.24 2190.48 1958.06 2109.53 1495.8 1586.97 1841.3 1441.26 1435.79 1281.22 2117.38 2355.52 1254.17 1253.54 1563.41 2133.57 1194.54 1355.38 1157.77 1092.12 1406.07 1084.62 1054.12 1538.74 1494.62 1018.94 937.714 932.645 930.752
threshold=1.0000000180025095e-35 3.5000000000000004 3.0000000000000004 2.0000000000000004 4.0000000000000009 16.500000000000004 10.500000000000002 2011.5000000000002 4.0000000000000009 12.500000000000002 2.0000000000000004 3.0000000000000004 1.0000000180025095e-35 2.0000000000000004 2020.5000000000002 3.5000000000000004 1.0000000180025095e-35 2.5000000000000004 3.0000000000000004 2.0000000000000004 86.500000000000014 3.0000000000000004 2.0000000000000004 3.5000000000000004 16.500000000000004 2.5000000000000004 2.5000000000000004 2018.5000000000002 3.5000000000000004 2.0000000000000004 1.0000000180025095e-35 2.0000000000000004 3.0000000000000004 16.500000000000004 3.5000000000000004 2013.5000000000002 2.0000000000000004 3.5000000000000004 2010.5000000000002 3.5000000000000004 4.0000000000000009 2024.5000000000002 2.0000000000000004 3.5000000000000004 2.0000000000000004 2.0000000000000004 3.0000000000000004 2.0000000000000004 2023.5000000000002 2015.5000000000002 15.500000000000002 37.250000000000007 19.500000000000004 2.0000000000000004 3.5000000000000004 2014.5000000000002 2018.5000000000002 1.0000000180025095e-35 2.0000000000000004 2018.5000000000002 3.0000000000000004 35.750000000000007
decision_type=2 2 2 2 2 2 2 2 2 2 2 2 2 2 2 2 2 2 2 2 10 2 2 2 2 2 2 2 2 2 2 2 2 2 2 2 2 2 2 2 2 2 2 2 2 2 2 2 2 2 2 8 2 2 2 2 2 2 2 2 2 10
left_child=21 16 6 29 5 -5 -3 8 -8 -6 13 12 28 14 19 -16 20 -18 -19 -9 30 37 25 24 -24 -15 -25 -28 -11 32 -2 -32 33 -4 -35 -34 -37 41 39 -39 -23 61 43 44 -21 -31 47 -42 52 50 -47 -40 53 58 -44 -53 57 -57 59 -49 -51 -1
right_child=1 2 3 4 9 -7 7 10 -10 11 -12 -13 -14 22 15 -17 17 18 -20 42 -22 40 23 26 -26 -27 27 -29 -30 45 31 -33 35 34 -36 36 -38 38 51 -41 46 -43 54 -45 -46 49 -48 48 -50 60 -52 55 -54 -55 -56 56 -58 -59 -60 -61 -62 -63
leaf_value=-0.011233848309053718 -0.0027854518548558645 1.3292531909942626 -0.15924877946575483 2.0766283965359134 -0.5445525765419007 0.27735295439207996 1.700708649158478 -0.40755855725391915 0.23176303023383735 0.7123552493453027 1.0021619054868267 -0.16025155132467098 1.2708555755290121 -0.098454758808726367 -0.062345399260520941 0.93248771429061894 -0.11179057625499932 0.83042766324111406 0.10787970079109073 0.025490455193953085 0.58211442175365635 -0.0058079923853995782 1.4723509374260904 -0.041934961135740634 0.4669648525970323 0.6302549370310524 0.98249970020786415 0.11403405589716775 0.03830302655696869 0.31682442603287875 -0.3064034688560402 0.11672151369207047 -0.090266165679151369 0.61983299553394322 -0.070886043526909567 0.23814399376207468 0.76516588558593113 -0.10943497521047657 -0.035532775938291523 0.30573060938622804 0.052810803200853497 0.050810107498402063 -0.35736161669095362 -0.0031867987956061511 0.70197747195920634 -0.1512412282398769 0.072651196911959801 0.49504679090210368 -0.16634060204029086 -0.31527172437026385 0.23075488181649773 0.00054142045055583562 0.10768872318030508 0.18735743088106957 0.12867784261788159 0.30419835652790822 0.030281465165333612 0.083281871378543135 0.33159994060794512 0.9571703062757202 -0.053744619207370531 0.010465232033645919
leaf_weight=55387 833 25 60 24 22 27 20 38 21 25 27 33 22 42 30 31 37 35 32 22 21 353 20 27 21 22 31 35 26 27 102 34 22 24 22 49 31 37 917 96 95 1010 24 66 31 35 518 21 20 42 69 1987 27 31 22 102 1688 307 24 23 181 5426
leaf_count=55387 833 25 60 24 22 27 20 38 21 25 27 33 22 42 30 31 37 35 32 22 21 353 20 27 21 22 31 35 26 27 102 34 22 24 22 49 31 37 917 96 95 1010 24 66 31 35 518 21 20 42 69 1987 27 31 22 102 1688 307 24 23 181 5426
internal_value=0.000203583 0.142506 0.254312 0.162215 0.485043 1.12407 0.377273 0.332369 0.948322 0.230431 0.280724 0.391276 0.640597 0.238562 0.105741 0.443226 0.0100552 0.272893 0.48533 0.00432892 -0.0175561 -0.00479284 0.415658 0.541565 0.957397 0.152039 0.358241 0.52195 0.368721 0.0593926 -0.030552 -0.200622 0.178677 0.0354865 0.289489 0.327484 0.442365 -0.0061622 0.019771 0.190233 0.0776603 -0.00831578 0.0991879 0.185813 0.421172 -0.0106957 0.11648 0.210685 0.313412 -0.0377387 0.102198 0.0152376 0.389563 0.466438 -0.124908 0.0266373 0.0513643 0.138376 0.593666 0.736611 -0.103001 -0.00929776
internal_weight=70459 2390 1296 741 179 51 555 530 41 128 489 106 73 462 264 61 1094 104 67 203 990 68069 198 134 41 64 93 66 51 562 969 136 208 106 46 102 80 66957 5134 133 1112 61823 165 119 53 354 759 241 146 327 104 5001 126 99 46 4084 2097 409 68 44 223 60813
internal_count=70459 2390 1296 741 179 51 555 530 41 128 489 106 73 462 264 61 1094 104 67 203 990 68069 198 134 41 64 93 66 51 562 969 136 208 106 46 102 80 66957 5134 133 1112 61823 165 119 53 354 759 241 146 327 104 5001 126 99 46 4084 2097 409 68 44 223 60813
is_linear=0
shrinkage=0.05


Tree=39
num_leaves=63
num_cat=0
split_feature=87 94 65 8 55 101 52 113 101 54 48 51 8 22 22 99 62 77 28 101 67 101 101 16 28 18 101 94 94 62 16 77 55 104 54 113 101 113 47 8 68 109 95 101 101 22 61 46 104 43 68 67 58 48 16 16 67 46 67 67 68 11
split_gain=18892.5 13022.5 6076.51 12348.6 27367.1 11943.4 11819.3 8197.19 10520.5 13652.2 19698.9 3974.04 3240.04 3122.82 3009.93 2548.58 2451.54 2486.87 5520.33 2186.13 1990.02 2953.34 4219.65 1784.29 2060.43 1492.7 1732.98 1451.8 3350.35 1543.13 1180.76 1175.95 2581.71 1130.14 1095.76 1091.56 1428.2 1971.76 1260.65 1241.64 1076.84 1863.54 1043.93 1178.01 968.893 921.542 1160.55 2644.37 3131.34 2101.85 3769.11 1204.98 915.926 1613.49 1246.84 912.677 1712.3 895.438 856.262 818.169 796.98 756.593
threshold=1.0000000180025095e-35 4.0000000000000009 2.0000000000000004 2.0000000000000004 3.0000000000000004 6.5000000000000009 3.0000000000000004 4.5000000000000009 14.500000000000002 2.0000000000000004 3.0000000000000004 2.5000000000000004 2.0000000000000004 3.0000000000000004 3.0000000000000004 3.0000000000000004 2.5000000000000004 2.5000000000000004 2.0000000000000004 13.500000000000002 2.5000000000000004 3.5000000000000004 11.500000000000002 3.5000000000000004 2.0000000000000004 1.0000000180025095e-35 6.5000000000000009 2.0000000000000004 4.0000000000000009 2.5000000000000004 4.5000000000000009 2.5000000000000004 3.0000000000000004 1.0000000180025095e-35 2.0000000000000004 3.5000000000000004 13.500000000000002 5.5000000000000009 2.0000000000000004 2.0000000000000004 2.0000000000000004 128.50000000000003 2.0000000000000004 3.5000000000000004 8.5000000000000018 3.0000000000000004 1.5000000000000002 2.0000000000000004 7.5000000000000009 2.0000000000000004 2.0000000000000004 2.5000000000000004 3.0000000000000004 3.0000000000000004 3.5000000000000004 3.5000000000000004 2.5000000000000004 2.0000000000000004 2.5000000000000004 2.5000000000000004 2.0000000000000004 2.0000000000000004
decision_type=2 2 2 2 2 2 2 2 2 2 2 2 2 2 2 2 2 2 2 2 2 2 2 2 2 2 2 2 2 2 2 2 2 2 2 2 2 2 2 2 2 10 2 2 2 2 2 2 2 2 2 2 2 2 2 2 2 2 2 2 2 2
left_child=14 45 6 4 -4 -6 7 13 9 23 12 -5 -11 15 25 -3 17 -13 -19 44 21 -17 -23 24 -9 26 -1 -16 29 42 52 34 -33 -27 -32 -28 40 38 -38 -40 41 -37 43 -29 -7 46 -2 48 -48 51 -51 -50 -8 -54 57 -31 61 -55 -35 -34 -25 -57
right_child=1 2 3 11 5 19 30 8 -10 10 -12 16 -14 -15 27 20 -18 18 -20 -21 -22 22 -24 60 -26 33 35 28 -30 55 31 32 59 58 -36 36 37 -39 39 -41 -42 -43 -44 -45 -46 -47 47 -49 49 50 -52 -53 53 54 -56 56 -58 -59 -60 -61 -62 -63
leaf_value=0.054947970202642242 -0.039967961367132238 -0.21450794057122302 1.9682484285698998 0.58364880843197608 1.1589178603036063 -0.36345018371093007 -0.070232300595705247 0.66577387518034536 1.5417734185090433 0.91266687525355294 2.1767963334918021 -0.27501655999691255 0.1346527282614261 -0.42671548163607009 -0.0083975308049374676 0.077850441408879839 -0.52135597080701879 0.69012509846326076 -0.34688475288095932 0.50423467658460142 0.056783587317913775 1.0203539998434923 0.11890607121444884 0.13627901740612522 0.052795945878686579 0.31046771964541192 -0.0037754019603232847 0.63939958009226572 0.013253212717043623 -0.073147032620771879 0.35200975103811788 -0.63738846683502204 -0.25648911127022339 -0.016908297754253575 -0.15934824079275134 0.034857441747463407 0.046350305679813027 0.53589875918847552 0.6019391305744648 0.064436257453191856 -0.020696479916473897 0.49791129813952884 0.058874481367437462 0.29446626736743914 0.05349633588798737 -0.16062338630910275 -0.077524685561656953 -0.060535969835306916 0.32748901292681698 0.94603866687224769 0.10126244231410648 -0.082189355258430755 0.1792741924020477 -0.0058833527896139355 0.17435999391318271 0.22144306671840175 -0.025820613745599987 -0.40601316957638184 0.0031383833145988381 0.15042828783392906 -0.2167788596767368 0.62160002560842609
leaf_weight=1476 426 28 36 34 35 22 86 26 26 23 24 31 32 21 351 33 21 33 21 20 50 34 21 31 29 27 27487 29 404 53 22 25 21 28353 20 1756 250 27 22 21 1201 22 38 169 38 81 65 175 50 31 23 28 244 27 33 27 48 29 6559 30 33 21
leaf_count=1476 426 28 36 34 35 22 86 26 26 23 24 31 32 21 351 33 21 33 21 20 50 34 21 31 29 27 27487 29 404 53 22 25 21 28353 20 1756 250 27 22 21 1201 22 38 169 38 81 65 175 50 31 23 28 244 27 33 27 48 29 6559 30 33 21
internal_value=0.000193404 0.147264 0.251691 0.451548 0.76517 0.388555 0.190342 0.392145 0.596168 0.471997 0.981561 0.113283 0.460004 0.147754 -0.00436454 0.220428 -0.0375891 0.0819298 0.286843 0.0515206 0.308676 0.451797 0.676165 0.133716 0.342567 -0.00573124 0.0020237 0.0761998 0.113834 0.219379 0.0358895 -0.103821 -0.22116 -0.012892 0.108506 -0.000513693 0.0266626 0.12704 0.0893631 0.339438 0.0158802 0.040587 0.298918 0.344987 -0.0993841 6.7848e-05 0.0163786 0.0809045 0.20655 0.346435 0.586227 0.180425 0.0752353 0.112803 -0.0694309 0.0933985 0.185346 -0.213093 -0.0131421 -0.0171259 -0.0457665 0.396512
internal_weight=70459 2118 1239 291 151 115 948 411 224 198 79 140 55 187 68341 166 106 85 54 80 138 88 55 119 55 67201 32262 1140 789 385 537 118 76 34939 42 30786 3299 320 293 43 2979 1778 236 198 60 879 798 372 197 132 54 78 419 333 89 149 96 56 34912 51 64 48
internal_count=70459 2118 1239 291 151 115 948 411 224 198 79 140 55 187 68341 166 106 85 54 80 138 88 55 119 55 67201 32262 1140 789 385 537 118 76 34939 42 30786 3299 320 293 43 2979 1778 236 198 60 879 798 372 197 132 54 78 419 333 89 149 96 56 34912 51 64 48
is_linear=0
shrinkage=0.05


Tree=40
num_leaves=63
num_cat=0
split_feature=87 104 110 40 62 77 46 114 17 71 63 111 43 79 47 106 22 114 17 61 20 16 63 114 55 114 66 52 52 58 48 72 72 62 55 55 63 104 28 77 67 77 52 114 18 57 46 46 11 70 21 11 47 28 67 46 17 71 109 17 114 42
split_gain=13219.8 8514.73 4945.05 5397.98 10394.6 11246.5 11486.7 13524.6 14455.9 9939.95 7492.91 4666.35 8198.79 4533.66 4498.46 7337.63 3279.36 3160.57 4402.5 7290.95 3140.15 3234.65 4429.75 9032.34 5305.03 3103.59 3468.02 3310.53 2659.88 3313.86 3178.65 3148.04 2614.62 2451.54 2267.69 1872.93 1870.26 1743.74 1698.85 1493.49 1487.12 1463.93 1355.95 1467.62 1334.6 1361.65 1246.96 1211.19 1211.15 1180.77 1096.03 1082.2 1049.01 1014.12 1604.11 1871.44 1701.78 888.311 980.557 881.839 872.073 882.87
threshold=1.0000000180025095e-35 7.5000000000000009 51.250000000000007 3.5000000000000004 2.5000000000000004 2.5000000000000004 2.0000000000000004 11.500000000000002 3.0000000000000004 3.0000000000000004 2.5000000000000004 2.5000000000000004 2.0000000000000004 2.0000000000000004 2.0000000000000004 1.0000000180025095e-35 3.0000000000000004 18.500000000000004 3.0000000000000004 3.5000000000000004 2.5000000000000004 4.5000000000000009 2.5000000000000004 12.500000000000002 3.0000000000000004 14.500000000000002 2.0000000000000004 3.0000000000000004 3.0000000000000004 3.0000000000000004 3.0000000000000004 3.5000000000000004 3.5000000000000004 2.5000000000000004 3.0000000000000004 3.0000000000000004 2.5000000000000004 7.5000000000000009 2.0000000000000004 2.5000000000000004 2.5000000000000004 1.5000000000000002 3.0000000000000004 7.5000000000000009 1.0000000180025095e-35 4.0000000000000009 2.0000000000000004 2.0000000000000004 2.0000000000000004 2.0000000000000004 2.5000000000000004 2.0000000000000004 2.0000000000000004 2.0000000000000004 2.5000000000000004 2.0000000000000004 3.0000000000000004 1.0000000180025095e-35 70.500000000000014 3.0000000000000004 12.500000000000002 2.0000000000000004
decision_type=2 2 8 2 2 2 2 2 2 2 2 10 2 2 2 2 2 2 2 2 2 2 2 2 2 2 2 2 2 2 2 2 2 2 2 2 2 2 2 2 2 2 2 2 2 2 2 2 2 2 2 2 2 2 2 2 2 2 10 2 2 2
left_child=16 -2 -3 11 5 17 7 -7 9 10 -9 13 -13 35 25 -16 37 18 19 36 -15 22 23 -22 -25 -8 -27 -28 29 -24 52 -32 38 40 -23 -4 -5 57 -6 -34 -26 -30 -18 -44 45 -39 51 -47 -10 -43 -49 -41 -31 -45 55 -55 -57 58 -1 -37 -52 -62
right_child=1 2 3 4 32 6 14 8 48 -11 -12 12 -14 20 15 -17 42 -19 -20 -21 21 34 28 24 33 26 27 -29 41 30 31 -33 39 -35 -36 59 -38 44 -40 46 -42 49 43 53 -46 47 -48 50 -50 -51 60 -53 -54 54 -56 56 -58 -59 -60 -61 61 -63
leaf_value=-0.0050901653285643812 -0.052712797457138597 -0.111117382356619 -0.58155761991705124 -0.018702479558331625 0.075828483319137163 2.0945509634912014 -0.32446178902279249 0.26712587236454993 -0.084592222961886177 1.9318251066737706 1.3687542250444151 1.2533770789270817 -0.13082762581296267 -0.35524920711914704 0.22734584550683701 1.2837226240634918 -0.044751136956999643 -0.24307651424213597 -0.084819728636474759 1.2195996456496094 1.3016949516165859 -0.46373204176624622 -0.23174101802018973 0.91555903325788679 -0.3071280797614771 -0.23232949349013243 0.98430909599576677 0.085461129397153862 0.18412886840912204 0.32798654477043854 1.1489005999131636 0.28216123461723325 0.13943136438981377 0.55172224789857871 0.090418312721885746 -0.2399347479322127 0.49330528897623865 0.0086362158201926647 0.60549963377416138 -0.5446124274283648 0.18493484397019661 -0.28978237743031676 0.46006412024476701 0.051274740400648534 -0.0050838982218078359 0.020938294197093168 -0.020830192543566231 0.014934809604363348 0.34446599640344322 0.087418805249035364 0.0058165683997989017 -0.11608976847850359 -0.093899276253321895 0.091676598907902085 0.01305427075996995 0.21477367893700869 0.59557650232315062 -0.017658853804530774 0.060634593453047982 0.034853836405472675 0.19956778578456463 0.069089443403197892
leaf_weight=15536 523 134 24 42 41 20 33 33 29 27 29 23 20 30 48 25 184 46 67 23 26 30 26 24 34 22 21 20 48 41 22 20 44 20 48 56 31 8485 24 34 28 59 28 573 14843 1366 50 308 38 32 120 26 23 117 125 71 50 25715 589 61 372 199
leaf_count=15536 523 134 24 42 41 20 33 33 29 27 29 23 20 30 48 25 184 46 67 23 26 30 26 24 34 22 21 20 48 41 22 20 44 20 48 56 31 8485 24 34 28 59 28 573 14843 1366 50 308 38 32 120 26 23 117 125 71 50 25715 589 61 372 199
internal_value=-0.000368987 0.122456 0.179643 0.206183 0.297096 0.412376 0.587718 0.870431 0.713493 1.1311 0.782404 0.105067 0.609561 0.0717956 0.293295 0.589119 -0.0041692 0.122934 0.226226 0.44331 0.141054 0.172008 0.229051 0.466574 0.261733 0.0683461 0.274103 0.545847 0.113358 0.274103 0.398177 0.736168 0.00547613 0.0703691 -0.122716 -0.179203 0.198725 -0.00559369 0.271399 -0.106764 -0.0849061 -0.0392919 0.0796287 0.103369 0.00465908 0.0179876 -0.205242 0.0515381 0.158754 -0.15714 0.0933793 -0.358919 0.176371 0.0926989 0.158087 0.23426 0.37213 -0.0118897 -0.00268943 -0.0966689 0.128344 0.154095
internal_weight=70806 2125 1602 1468 773 554 345 176 156 89 62 695 43 652 169 73 68681 209 163 96 511 481 403 132 106 96 63 41 271 132 106 42 219 82 78 141 73 67533 65 154 62 139 1148 964 25693 10850 110 2365 67 91 999 60 64 936 363 238 121 41840 16125 117 691 571
internal_count=70806 2125 1602 1468 773 554 345 176 156 89 62 695 43 652 169 73 68681 209 163 96 511 481 403 132 106 96 63 41 271 132 106 42 219 82 78 141 73 67533 65 154 62 139 1148 964 25693 10850 110 2365 67 91 999 60 64 936 363 238 121 41840 16125 117 691 571
is_linear=0
shrinkage=0.05


Tree=41
num_leaves=63
num_cat=0
split_feature=87 104 90 40 62 77 16 46 48 52 8 54 24 65 114 113 8 55 70 113 16 16 44 114 114 28 114 17 61 17 52 114 112 46 104 8 114 22 55 28 77 28 22 66 113 8 67 114 94 28 70 113 77 48 113 11 109 47 114 14 14 44
split_gain=11930.9 7684.54 4493.38 4186.29 8089.72 9694.75 8429.02 9603.51 11664.5 24552.6 5184.49 12807 3905.96 6026.07 3273.42 3061.89 2906.44 3620.67 2800.83 6505.52 6509.09 6479.52 3771.31 3180.01 5157.29 2288.05 2235.86 2903.32 6995.4 1957.5 1934.46 1830.49 1827.81 1829.28 1834.7 1608.63 1568.64 1461.64 1453.97 1400.38 1389.57 1336.99 1756.63 1742.3 2457.4 1824.43 1281.14 1270 1231.17 1158.27 1893.94 2406.79 1875.84 1141.24 1119 2029.7 1058.2 983.301 978.447 928.367 948.219 1194.93
threshold=1.0000000180025095e-35 7.5000000000000009 1.0000000180025095e-35 3.5000000000000004 2.5000000000000004 2.5000000000000004 2.5000000000000004 2.0000000000000004 3.0000000000000004 3.0000000000000004 2.0000000000000004 2.0000000000000004 2.5000000000000004 2.0000000000000004 15.500000000000002 3.5000000000000004 2.0000000000000004 3.0000000000000004 2.0000000000000004 4.5000000000000009 3.5000000000000004 4.5000000000000009 2.0000000000000004 12.500000000000002 9.5000000000000018 2.0000000000000004 18.500000000000004 3.0000000000000004 3.5000000000000004 3.0000000000000004 3.0000000000000004 14.500000000000002 1.0000000180025095e-35 2.0000000000000004 7.5000000000000009 2.0000000000000004 18.500000000000004 3.0000000000000004 3.0000000000000004 2.0000000000000004 1.5000000000000002 2.0000000000000004 3.0000000000000004 2.0000000000000004 5.5000000000000009 2.0000000000000004 2.5000000000000004 15.500000000000002 2.0000000000000004 2.0000000000000004 2.0000000000000004 4.5000000000000009 2.5000000000000004 3.0000000000000004 4.5000000000000009 2.0000000000000004 42.500000000000007 2.0000000000000004 14.500000000000002 4.0000000000000009 2.0000000000000004 2.0000000000000004
decision_type=2 2 2 2 2 2 2 2 2 2 2 2 2 2 2 2 2 2 2 2 2 2 2 2 2 2 2 2 2 2 2 2 8 2 2 2 2 2 2 2 2 2 2 2 2 2 2 2 2 2 2 2 2 2 2 2 10 2 2 2 2 2
left_child=15 -2 3 16 5 26 29 8 10 -10 14 -12 -9 37 -8 56 18 46 19 23 25 -22 38 24 -3 -21 27 28 35 -7 39 -24 -17 -34 -35 58 48 47 -20 -6 -40 -36 59 -44 45 -45 -18 -14 -25 50 -19 -52 -51 -47 -32 -56 -1 -49 -5 60 -43 -62
right_child=1 2 -4 4 30 6 7 12 9 -11 11 -13 13 -15 -16 32 17 49 22 20 21 -23 31 36 -26 -27 -28 -29 -30 -31 54 -33 33 34 41 -37 -38 -39 40 -41 -42 42 43 44 -46 53 -48 57 -50 52 51 -53 -54 -55 55 -57 -58 -59 -60 -61 61 -63
leaf_value=-0.0093312643546400054 -0.050077157249285999 -0.081627726349337348 0.82261443481995511 -0.19926891227563223 -0.0081956403634764943 0.20274845319680679 0.62621822152976636 -0.24091815937023897 2.6633815055092178 0.46544094284375509 1.923564416766167 0.29012654244899755 0.42429679773491008 1.1826823877678676 -0.15236325210167304 -0.01675748647218173 -0.69487952613830573 -0.20707682681310438 -0.58695990783395247 0.42831322334029465 1.2304375830594274 0.22608900941335242 0.70766191821545366 0.055876415253151214 0.94723465584573285 -0.17501810709635418 -0.20663033939313655 -0.069862937936798125 1.0652311877906324 -0.35734244653811825 -0.25646019059233371 0.053614278526409813 0.017772621610894688 0.00039110899158735192 0.076998611020533847 0.39760674820704894 0.15080490403342994 0.635351369246131 0.18668592113714955 0.37786536018659428 -0.2724553030812078 -0.00060806117694953404 0.010923602777149748 -0.072035452785591286 0.88018496939507518 0.75232034325599673 -0.15798358503263443 -0.20199534870111027 -0.41104995586598919 0.42660206433385617 -0.064855033796280631 0.54428161376466355 -0.0037529145893843278 0.29680096710270104 -0.33925658324733377 0.2770954854457694 0.012893710591159228 0.2580130931876955 0.23018357215360519 0.06205039528754204 0.56065564564231674 0.15644489538560555
leaf_weight=56745 523 29 26 36 55 39 27 26 24 27 20 30 29 22 27 1547 25 92 20 33 42 26 20 20 21 30 51 78 25 26 80 23 2492 510 987 33 32 21 26 41 45 29 34 24 23 20 20 26 48 40 50 24 69 44 22 34 5914 21 21 238 33 41
leaf_count=56745 523 29 26 36 55 39 27 26 24 27 20 30 29 22 27 1547 25 92 20 33 42 26 20 20 21 30 51 78 25 26 80 23 2492 510 987 33 32 21 26 41 45 29 34 24 23 20 20 26 48 40 50 24 69 44 22 34 5914 21 21 238 33 41
internal_value=-0.000350537 0.116333 0.17066 0.159905 0.236087 0.331801 0.49491 0.606753 0.880369 1.49977 0.576627 0.943502 0.314266 0.435566 0.236927 -0.00396074 0.0727361 -0.0404925 0.160045 0.249744 0.507179 0.846422 -0.0280559 0.0249174 0.350494 0.141013 0.0878054 0.16561 0.325322 -0.0212879 -0.0151616 0.357822 0.0300932 0.0462894 0.082126 0.119791 -0.137871 0.266117 -0.210394 0.156685 -0.104319 0.110425 0.17831 0.324086 0.420009 0.299736 -0.456259 0.164092 -0.273719 0.0275421 -0.0556088 0.132703 0.154176 0.439151 -0.136465 0.0349572 -0.00723358 0.00354034 -0.0410496 0.116323 0.241731 0.336701
internal_weight=70806 2125 1602 1576 841 609 365 300 155 51 104 50 145 119 54 68681 735 320 415 281 131 68 134 150 50 63 244 193 115 65 232 43 6022 4475 1983 90 100 97 91 96 71 1473 486 145 111 88 45 76 68 275 166 74 109 64 136 56 62659 47 57 341 103 74
internal_count=70806 2125 1602 1576 841 609 365 300 155 51 104 50 145 119 54 68681 735 320 415 281 131 68 134 150 50 63 244 193 115 65 232 43 6022 4475 1983 90 100 97 91 96 71 1473 486 145 111 88 45 76 68 275 166 74 109 64 136 56 62659 47 57 341 103 74
is_linear=0
shrinkage=0.05


Tree=42
num_leaves=63
num_cat=0
split_feature=87 94 90 42 101 101 14 109 111 114 24 8 101 114 22 63 55 114 55 22 101 48 16 114 8 16 48 52 57 67 114 93 101 102 68 101 8 114 101 109 56 48 44 72 40 63 46 25 43 42 68 44 11 40 111 97 96 46 61 114 40 16
split_gain=10767.6 6778.14 7457.47 4166.89 4741.64 5521.68 6025.61 4661.79 4623.51 3639.21 4793.55 7364.7 7614.1 11486.1 5330.49 5029.12 4163.49 3350.64 2858.42 2745.15 2682.03 2666.27 2647.66 2478.05 2352.41 2203.74 2831.36 4355.28 1909.99 1891.88 1715.56 1519.91 1475.01 1451.09 1423.07 2522.09 1272.82 1841.11 1219.57 1359.69 1995.37 1143.1 1530.42 1991.25 1792.26 1126.92 1114.79 1483.36 1201.61 1381.1 1437.77 1444.95 1081.09 1072.54 1007.97 1159.12 987.28 947.588 3221.82 2983.04 3385.32 1648.96
threshold=1.0000000180025095e-35 4.0000000000000009 1.0000000180025095e-35 2.0000000000000004 15.500000000000002 13.500000000000002 2.0000000000000004 83.500000000000014 2.5000000000000004 8.5000000000000018 2.5000000000000004 2.0000000000000004 6.5000000000000009 13.500000000000002 3.0000000000000004 2.5000000000000004 3.0000000000000004 16.500000000000004 3.0000000000000004 3.0000000000000004 8.5000000000000018 3.0000000000000004 3.5000000000000004 16.500000000000004 2.0000000000000004 4.5000000000000009 3.0000000000000004 3.0000000000000004 4.0000000000000009 2.5000000000000004 19.500000000000004 3.0000000000000004 9.5000000000000018 1.0000000180025095e-35 2.0000000000000004 8.5000000000000018 2.0000000000000004 8.5000000000000018 9.5000000000000018 70.500000000000014 3.0000000000000004 3.0000000000000004 2.0000000000000004 3.5000000000000004 3.5000000000000004 2.5000000000000004 2.0000000000000004 2.5000000000000004 2.0000000000000004 2.0000000000000004 2.0000000000000004 2.0000000000000004 1.0000000180025095e-35 3.5000000000000004 1.0000000180025095e-35 3.0000000000000004 1.5000000000000002 2.0000000000000004 2.5000000000000004 16.500000000000004 3.5000000000000004 4.5000000000000009
decision_type=2 2 2 2 2 2 2 8 10 2 2 2 2 2 2 2 2 2 2 2 2 2 2 2 2 2 2 2 2 2 2 2 2 2 2 2 2 2 2 10 2 2 2 2 2 2 2 2 2 2 2 2 2 2 10 2 2 2 2 2 2 2
left_child=19 57 3 4 5 7 -7 -3 9 -9 18 12 13 -12 17 -15 -13 21 -11 31 41 -14 -22 25 -8 26 27 -5 -19 -20 -30 33 -28 38 -29 -36 37 -21 39 -1 -41 42 43 -18 -45 -25 -38 -48 49 50 51 -49 -33 -17 55 -54 -42 58 -2 61 -61 -60
right_child=1 2 -4 23 -6 6 24 8 -10 10 11 16 14 15 -16 53 20 28 29 36 22 -23 -24 45 -26 -27 32 34 30 -31 -32 52 -34 -35 35 -37 46 -39 -40 40 56 -43 -44 44 -46 -47 47 48 -50 -51 -52 -53 54 -55 -56 -57 -58 -59 59 60 -62 -63
leaf_value=0.019495610422623523 -0.053910282921849212 -0.30175628154021172 1.1434359883144498 0.98594831915005399 0.96691008408864354 0.49635013444670317 -0.58503086090087897 0.87531858008840813 0.92314305115077233 -0.58750169771638783 1.6182300938169161 -0.41789210017238343 -0.29225330682328116 1.0336981415748596 0.80615441153446832 0.38766879513859753 0.45147089242935179 0.037289106732968133 0.31046025525582466 0.46488075667903539 0.71460024823208113 0.31292938983866148 0.10795880675315857 0.091207447705360559 -0.046852900128106813 -0.28028102734914195 -0.31729599252742319 -0.13048857450485229 0.28434510864317419 -0.18219390712678432 0.78453156807770341 0.0041137817810286987 0.20570101715051214 -0.012747124184641979 0.76741001396439978 -0.00031430332557014803 0.054500878508876076 -0.014529463889118266 -0.0090596532595027049 0.60934508595438241 0.060918543832834626 -0.19276053929651105 0.43350233018398288 0.12512151498128385 -0.40993853766342686 -0.22314397170788275 -0.12191740799074371 0.84160024708003878 0.095588003353526199 0.10251023073570203 0.25547503595515875 0.28515441745519637 0.074557290031843512 -0.059961150392242105 -0.015423416720428082 -0.13825340056374891 0.43091498475521806 -0.054377107050076326 0.14629464168672213 0.09556345944018925 0.77815286051959565 -0.31433855390641841
leaf_weight=5081 298 36 20 23 21 29 45 23 27 22 30 35 52 27 39 32 20 33 38 21 37 28 35 39 37 26 28 23 40 40 30 11003 26 43882 20 23 361 432 5326 21 183 37 30 34 29 106 36 28 120 59 71 20 1422 23 528 67 20 385 102 34 39 24
leaf_count=5081 298 36 20 23 21 29 45 23 27 22 30 35 52 27 39 32 20 33 38 21 37 28 35 39 37 26 28 23 40 40 30 11003 26 43882 20 23 361 432 5326 21 183 37 30 34 29 106 36 28 120 59 71 20 1422 23 528 67 20 385 102 34 39 24
internal_value=-0.000333011 0.110516 0.185738 0.170077 0.22432 0.206759 -0.123115 0.253884 0.280878 0.256591 0.235997 0.290168 0.444995 0.781099 0.275429 0.474831 0.0889526 0.162323 -0.084153 -0.00376271 0.16886 -0.0804394 0.419705 0.0130478 -0.342194 0.143155 0.220143 0.393444 0.350877 0.0578171 0.498711 -0.00506602 -0.0654826 -0.00873188 0.186966 0.356767 0.0729067 0.00769485 0.00784198 0.0248105 0.145369 0.0484551 0.127437 0.0168112 -0.121176 -0.138594 0.115412 0.181246 0.21787 0.300307 0.398375 0.609748 0.0102825 0.200478 0.0439335 0.0649815 0.0973714 0.00450635 0.0501203 0.205905 0.460235 0.058555
internal_weight=70806 2125 1243 1223 909 888 111 777 741 714 691 591 334 112 222 82 257 183 100 68681 222 80 72 314 82 169 143 89 103 78 70 67533 54 54513 66 43 1148 453 10631 5305 224 150 113 83 63 145 695 334 298 178 119 48 13020 55 2017 1489 203 882 497 199 73 126
internal_count=70806 2125 1243 1223 909 888 111 777 741 714 691 591 334 112 222 82 257 183 100 68681 222 80 72 314 82 169 143 89 103 78 70 67533 54 54513 66 43 1148 453 10631 5305 224 150 113 83 63 145 695 334 298 178 119 48 13020 55 2017 1489 203 882 497 199 73 126
is_linear=0
shrinkage=0.05


Tree=43
num_leaves=63
num_cat=0
split_feature=113 106 101 8 65 12 114 71 114 16 16 101 97 63 67 113 114 68 67 106 66 114 55 21 72 114 48 101 42 46 114 40 104 114 42 113 101 101 97 58 99 114 102 67 48 111 111 101 94 66 101 114 68 61 94 54 94 16 114 114 102 68
split_gain=10012.7 5696.41 5997.73 7607.79 11314.9 5397.58 4693.41 16904.7 4126.41 3434.18 2932.39 7841.17 4471.92 3137.43 4977.22 8062.66 2931.11 3302.12 2909.24 2658.5 2513.5 4862.11 2077.33 1879.31 2909.13 2027.61 1865.6 1781.79 2394.04 2150.63 2890.08 6099.11 1406.18 1378.33 1352.91 1315.75 1968.38 4245.32 3119.97 2929.2 6186.05 3623.52 1360.35 1141.05 1574.37 1122.98 1049.34 1103.48 1213.29 1742.26 1251.33 1692.76 2910.31 2344.88 1400.17 1268.99 1169.18 1017 1351.12 1060.74 1011.37 958.361
threshold=4.5000000000000009 1.0000000180025095e-35 1.5000000000000002 2.0000000000000004 2.0000000000000004 1.0000000180025095e-35 11.500000000000002 3.0000000000000004 13.500000000000002 4.5000000000000009 3.5000000000000004 14.500000000000002 1.5000000000000002 2.5000000000000004 2.5000000000000004 5.5000000000000009 15.500000000000002 2.0000000000000004 2.5000000000000004 1.0000000180025095e-35 2.0000000000000004 17.500000000000004 3.0000000000000004 2.5000000000000004 3.5000000000000004 10.500000000000002 3.0000000000000004 13.500000000000002 2.0000000000000004 2.0000000000000004 18.500000000000004 3.5000000000000004 7.5000000000000009 17.500000000000004 2.0000000000000004 3.5000000000000004 11.500000000000002 8.5000000000000018 1.5000000000000002 3.0000000000000004 3.0000000000000004 19.500000000000004 1.0000000180025095e-35 2.5000000000000004 3.0000000000000004 7.5000000000000009 1.0000000180025095e-35 11.500000000000002 4.0000000000000009 2.0000000000000004 3.5000000000000004 17.500000000000004 2.0000000000000004 2.5000000000000004 2.0000000000000004 2.0000000000000004 2.0000000000000004 3.5000000000000004 13.500000000000002 13.500000000000002 1.0000000180025095e-35 2.0000000000000004
decision_type=2 2 2 2 2 2 2 2 2 2 2 2 2 2 2 2 2 2 2 2 2 2 2 2 2 2 2 2 2 2 2 2 2 2 2 2 2 2 2 2 2 2 2 2 2 10 10 2 2 2 2 2 2 2 2 2 2 2 2 2 2 2
left_child=1 32 -3 4 16 46 7 -7 34 10 12 13 19 18 15 -15 17 -4 -12 22 21 -11 -10 -5 -25 26 -26 28 29 30 31 -24 60 -16 -8 -34 37 42 39 40 -39 57 45 44 -27 -37 47 48 49 -2 61 52 53 -52 -54 56 -53 58 -41 -59 -1 -51
right_child=5 2 3 23 -6 6 8 -9 9 20 11 -13 -14 14 33 -17 -18 -19 -20 -21 -22 -23 27 24 25 43 -28 -29 -30 -31 -32 -33 35 -35 -36 36 -38 38 -40 41 -42 -43 -44 -45 -46 -47 -48 -49 -50 50 51 55 54 -55 -56 -57 -58 59 -60 -61 -62 -63
leaf_value=0.0031701923186572842 0.015319705439705246 -0.051301501532770404 0.45459492460983553 -0.23705060530353236 1.2586808962247722 -0.14030584062521276 -0.30305823024138118 1.7932220295071604 0.61348829468091326 -0.15479330942034722 -0.22867058265954254 1.3145560941912913 0.87703480606987372 0.37559995246322259 0.39678093611549303 1.5393866811286321 0.75574703528732068 -0.17998966909036407 0.47705576296733776 -0.35116354966605151 -0.26646707263859837 0.72349602304972138 0.084744611240568618 0.65471443673968321 0.68124489381232056 -0.47135800211690371 0.060970333880848361 -0.17329327765761354 -0.17458168276718686 0.045045615415330288 0.11001289420894214 1.2405973497368397 3.2265485843616108e-05 -0.089994884214617987 0.15486068634883218 0.51870733952293036 -0.011692524099104214 0.031511982433773858 -0.29524045288562778 -0.068268939635405937 1.03880733111075 0.65805643970767669 0.024964822036085469 0.11150609690833975 0.080516626002887892 0.033330561169846493 -0.0037050852102830131 0.012584366300254704 0.030942426451171443 -0.088172931013547853 0.29716078483245595 0.28908552993898806 0.037648633391933244 0.97211804389953616 0.4488458856134801 0.4238357780985535 -0.15630949695662755 0.30307463020086289 0.38963505978486979 -0.1133271995645303 -0.015145511111001906 0.21102733145235109
leaf_weight=9827 142 227 41 37 41 26 54 20 24 40 40 22 21 46 26 22 25 41 23 27 55 26 21 25 22 28 27 41 35 54 35 25 22766 33 23 26 1199 27 24 24 35 36 1241 54 24 22 595 418 279 46 22 23 47 31 37 25 41 20 49 65 32344 64
leaf_count=9827 142 227 41 37 41 26 54 20 24 40 40 22 21 46 26 22 25 41 23 27 55 26 21 25 22 28 27 41 35 54 35 25 22766 33 23 26 1199 27 24 24 35 36 1241 54 24 22 595 418 279 46 22 23 47 31 37 25 41 20 49 65 32344 64
internal_value=-0.00031636 -0.00392016 0.150505 0.276013 0.552422 0.097782 0.211279 0.700358 0.178815 0.221951 0.28032 0.420926 0.17499 0.317453 0.460556 0.752119 0.281799 0.137303 0.0289755 0.118719 -0.0168308 0.191199 0.172706 0.0874944 0.154206 0.0734793 0.339461 0.122569 0.193924 0.289463 0.452408 0.712925 -0.00527043 0.124516 -0.166277 0.00398991 0.0365404 0.0733991 0.249865 0.300969 0.600146 0.205355 0.0350667 -0.0494745 -0.216647 0.296243 0.0503955 0.0777911 0.113797 0.162158 0.224214 0.291532 0.401825 0.691947 0.218771 0.121755 0.00375434 0.102208 0.239091 -0.0153503 -0.0108774 0.0859072
internal_weight=70806 68297 592 365 148 2509 739 46 693 616 495 212 283 190 127 68 107 82 63 262 121 66 235 217 180 155 49 211 170 135 81 46 67705 59 77 25534 2768 1569 280 256 62 194 1289 106 52 48 1770 1175 757 478 336 226 137 53 84 89 64 158 73 85 42171 110
internal_count=70806 68297 592 365 148 2509 739 46 693 616 495 212 283 190 127 68 107 82 63 262 121 66 235 217 180 155 49 211 170 135 81 46 67705 59 77 25534 2768 1569 280 256 62 194 1289 106 52 48 1770 1175 757 478 336 226 137 53 84 89 64 158 73 85 42171 110
is_linear=0
shrinkage=0.05


Tree=44
num_leaves=63
num_cat=0
split_feature=113 12 24 71 17 63 100 16 113 68 113 100 100 100 100 87 8 65 17 68 94 63 46 63 46 16 28 8 52 100 40 46 8 104 14 11 113 100 100 11 8 12 17 87 67 102 44 67 16 58 28 44 107 102 14 100 46 28 42 16 100 100
split_gain=9036.49 4871.31 5042.78 20378.6 3850.31 4801.69 4540.31 6423.9 7897.01 6358.72 3448.48 3101.99 2835.84 3040.91 2556.89 3078.01 9498.07 12289.8 11418.9 2830.09 3608.91 2624.97 2394.82 1869.39 2583.5 1447.05 2688.37 3208.43 2814.28 1803.98 1616.08 1236.41 1197.53 1073.87 1072.83 1071.24 1065.91 1914.34 3697.38 9288.06 1425.69 3721.41 3785.43 2597.64 1537.81 1363.98 1402.66 1352 1146.49 994.918 878.814 1256.4 818.594 781.349 821.223 793.036 779.733 1744.87 2176.68 1377.27 1510.68 1780.8
threshold=4.5000000000000009 1.0000000180025095e-35 2.5000000000000004 3.0000000000000004 3.0000000000000004 2.5000000000000004 2020.5000000000002 3.5000000000000004 5.5000000000000009 2.0000000000000004 5.5000000000000009 2015.5000000000002 2014.5000000000002 2017.5000000000002 2020.5000000000002 1.0000000180025095e-35 2.0000000000000004 2.0000000000000004 3.0000000000000004 2.0000000000000004 4.0000000000000009 2.5000000000000004 2.0000000000000004 2.5000000000000004 2.0000000000000004 4.5000000000000009 2.0000000000000004 2.0000000000000004 3.0000000000000004 2016.5000000000002 3.5000000000000004 2.0000000000000004 2.0000000000000004 7.5000000000000009 4.0000000000000009 2.0000000000000004 3.5000000000000004 2014.5000000000002 2017.5000000000002 1.0000000180025095e-35 2.0000000000000004 1.0000000180025095e-35 3.0000000000000004 1.0000000180025095e-35 2.5000000000000004 1.0000000180025095e-35 2.0000000000000004 2.5000000000000004 3.5000000000000004 3.0000000000000004 2.0000000000000004 2.0000000000000004 97.500000000000014 1.0000000180025095e-35 4.0000000000000009 2016.5000000000002 2.0000000000000004 2.0000000000000004 2.0000000000000004 3.5000000000000004 2017.5000000000002 2022.5000000000002
decision_type=2 2 2 2 2 2 2 2 2 2 2 2 2 2 2 2 2 2 2 2 2 2 2 2 2 2 2 2 2 2 2 2 2 2 2 2 2 2 2 2 2 2 2 2 2 2 2 2 2 2 2 2 10 2 2 2 2 2 2 2 2 2
left_child=14 49 3 22 5 10 7 12 9 -9 11 -4 -7 -14 33 -16 17 19 -19 20 -17 -21 -3 24 35 26 27 28 -6 -28 -31 -8 -27 53 -13 -18 52 -38 39 -39 43 47 -43 48 -45 46 -40 -42 -41 -2 51 -25 -35 55 -55 -1 -51 -58 59 -59 -61 -62
right_child=1 2 4 -5 25 6 31 8 -10 -11 -12 34 13 -15 15 16 23 18 -20 21 -22 -23 -24 50 -26 32 29 -29 -30 30 -32 -33 -34 36 -36 -37 37 38 45 40 41 42 -44 44 -46 -47 -48 -49 -50 56 -52 -53 -54 54 -56 -57 57 58 -60 60 61 -63
leaf_value=-0.011599220331413366 -0.001033838271867228 -0.20910073845336835 0.50216070458292961 1.8743563299829309 0.79048192401727047 -0.21234612315893175 0.29979510748138033 1.0848362311977764 1.681153858385303 0.028470502155167717 -0.44812932320196053 -0.34246734432552173 0.90244936704635625 0.030539154708385471 0.022570143138122261 0.097854816348388274 0.15814647351205349 1.940145590512649 0.36459126887114152 0.38622013807296751 0.93653575907582831 -0.25807181827637343 0.38510650155635984 -0.22414885682364305 -0.17389852664409541 -0.36196143772151018 -0.34252860308017419 -0.010432172759815499 0.20013870447157669 -0.17069359540939333 0.32092627631500364 -0.2117451231236811 0.071439516012157714 -0.0011885856738533772 0.15824861705303195 0.64255535632726701 -0.011107898746596555 1.1188911758708182 -0.018139071371406319 0.026626804080682204 0.21431244403596908 1.0500857944289843 0.15243644309432614 -0.57065119730389646 0.014074471321972934 0.01765837043443642 0.53881932776421315 -0.16330927186890654 0.46769438168177246 0.037729669672851282 -0.34692451773832245 0.22381864978621402 0.31113694136341419 -0.021050109790425257 -0.0047471597937891671 0.017257445620217245 0.045909503008641134 0.16174071363958659 0.032273224627644551 0.2138341145268802 1.0008160289038313 0.38401570361852649
leaf_weight=5084 655 30 40 22 33 25 21 29 22 28 29 23 20 20 2541 29 25 23 23 25 23 43 39 45 39 37 46 81 52 35 32 27 28 21413 20 21 1199 27 20 34 63 24 23 23 22 918 26 38 26 598 48 24 21 18872 13077 4478 308 51 82 29 22 25
leaf_count=5084 655 30 40 22 33 25 21 29 22 28 29 23 20 20 2541 29 25 23 23 25 23 43 39 45 39 37 46 81 52 35 32 27 28 21413 20 21 1199 27 20 34 63 24 23 23 22 918 26 38 26 598 48 24 21 18872 13077 4478 308 51 82 29 22 25
internal_value=-0.000300542 0.0928929 0.200715 0.549252 0.151769 0.281419 0.43319 0.573569 0.876491 0.56592 0.0212402 0.185237 0.205402 0.466494 -0.00372415 0.042143 0.177292 0.457503 1.15237 0.191138 0.46881 -0.0211998 0.126756 -0.0529809 0.125474 0.0371945 0.0866923 0.214748 0.429331 -0.101424 0.0641099 0.0120537 -0.175266 -0.00576471 -0.109576 0.37929 0.00268398 0.0339757 0.0774285 0.237372 0.143297 0.24327 0.610811 0.0023812 -0.284785 0.0309719 0.296664 0.0722369 0.217756 0.0478757 -0.182628 -0.0683341 -0.000882584 -0.0106244 -0.0143772 0.0019147 0.0766073 0.121576 0.233085 0.362743 0.497625 0.672731
internal_weight=70806 2509 739 91 648 304 192 144 79 57 112 83 65 40 68297 2909 368 166 46 120 52 68 69 202 85 344 279 166 85 113 67 48 65 65388 43 46 23877 2443 1244 280 253 148 47 105 45 964 46 101 60 1770 117 69 21434 41511 31949 9562 1115 517 209 127 76 47
internal_count=70806 2509 739 91 648 304 192 144 79 57 112 83 65 40 68297 2909 368 166 46 120 52 68 69 202 85 344 279 166 85 113 67 48 65 65388 43 46 23877 2443 1244 280 253 148 47 105 45 964 46 101 60 1770 117 69 21434 41511 31949 9562 1115 517 209 127 76 47
is_linear=0
shrinkage=0.05


Tree=45
num_leaves=63
num_cat=0
split_feature=113 12 57 114 114 17 40 44 100 8 114 54 114 106 18 8 114 114 48 87 54 113 114 46 100 14 114 77 100 12 114 65 91 114 46 114 99 110 14 100 12 77 100 28 16 114 65 44 14 114 114 77 110 113 100 100 14 12 18 48 114 63
split_gain=10197 5992.62 5726.04 6398.82 5173.11 3995.33 5971.06 14780.8 12073.4 5822.82 5310.25 3564.88 3519.1 2817.34 2891.9 2303.38 6545.44 15042.6 15565.3 2197.24 2094.74 2265.77 2680.73 2056.14 1869.81 1721.5 1587.96 5385.83 2686.43 1433.48 1281.03 1702.48 1360.97 1951.17 1215.18 1369.98 1177.49 1330.57 1158.22 1088.8 1088.4 1058.18 1049.28 1579.68 2613.93 2669.87 2532.33 2290.95 1026.83 1016.12 1015.98 977.387 942.895 997.048 1318.33 3719.68 7709.21 4221.32 3232.2 1673.34 1378.43 1212.57
threshold=4.5000000000000009 1.0000000180025095e-35 4.0000000000000009 10.500000000000002 13.500000000000002 3.0000000000000004 3.5000000000000004 2.0000000000000004 2018.5000000000002 2.0000000000000004 14.500000000000002 2.0000000000000004 18.500000000000004 1.0000000180025095e-35 1.0000000180025095e-35 2.0000000000000004 10.500000000000002 13.500000000000002 3.0000000000000004 1.0000000180025095e-35 2.0000000000000004 5.5000000000000009 15.500000000000002 2.0000000000000004 2010.5000000000002 2.0000000000000004 17.500000000000004 2.5000000000000004 2013.5000000000002 1.0000000180025095e-35 18.500000000000004 2.0000000000000004 2.0000000000000004 9.5000000000000018 2.0000000000000004 15.500000000000002 3.0000000000000004 151.50000000000003 4.0000000000000009 2017.5000000000002 1.0000000180025095e-35 2.5000000000000004 2014.5000000000002 2.0000000000000004 3.5000000000000004 18.500000000000004 2.0000000000000004 2.0000000000000004 4.0000000000000009 19.500000000000004 13.500000000000002 2.5000000000000004 15.750000000000002 3.5000000000000004 2014.5000000000002 2018.5000000000002 2.0000000000000004 1.0000000180025095e-35 1.0000000180025095e-35 3.0000000000000004 18.500000000000004 2.5000000000000004
decision_type=2 2 2 2 2 2 2 2 2 2 2 2 2 2 2 2 2 2 2 2 2 2 2 2 2 2 2 2 2 2 2 2 2 2 2 2 2 10 2 2 2 2 2 2 2 2 2 2 2 2 2 2 8 2 2 2 2 2 2 2 2 2
left_child=13 24 20 -4 25 6 9 8 12 11 -7 23 -8 36 15 16 19 18 -18 -15 21 22 -3 -6 51 -5 27 -12 -28 -16 31 32 33 -17 -19 -36 37 -1 -11 -29 -35 -30 -26 -44 -45 46 47 48 -46 -43 -33 -2 -38 -54 -55 56 57 59 60 -56 61 -58
right_child=1 2 3 4 5 10 7 -9 -10 38 26 -13 -14 14 29 30 17 34 -20 -21 -22 -23 -24 -25 42 -27 28 39 41 -31 -32 50 -34 40 35 -37 52 -39 -40 -41 -42 49 43 44 45 -47 -48 -49 -50 -51 -52 -53 53 54 55 -57 58 -59 -60 -61 -62 -63
leaf_value=-0.014868797576971316 0.086599206616138596 0.70166874040256855 1.1309734620831229 -0.51570683062076572 0.0037476201509607249 0.8106861199935278 2.1288079869179497 -0.13754035522860866 0.24790535387785539 0.05503159642219544 0.57251720059263922 1.0590048824037825 1.2425162134071193 0.22287762064486741 -0.028030050095348133 0.38333633095026021 2.0974959276616576 -0.10338209894926925 0.23352103715851191 -0.44932131940318698 -0.31256468121707442 -0.23969343506001139 0.039351388573646548 0.61608666662986467 -0.0095397376012675162 0.022243078669597363 0.66056032766188899 -0.38794305375281801 -0.19536313466403799 -0.47190667661753571 0.377262876033783 -0.42036916379417688 0.39248131224337746 0.11411474198102951 -0.019321869313716891 0.48385727477650492 -0.02057902120931885 0.38332524673924562 -0.46522851728874709 -0.028017479494998332 -0.20350283513466519 0.46142275987759884 0.025872463381942646 0.032195833391519858 0.73229648902391398 -0.083603513196987278 0.79163934440549577 -0.02232210940706569 0.29016282558441164 0.022795648127794266 -0.004860871165029465 0.46988818621597234 -4.9412974679639496e-05 -0.0030583127932239883 0.67064090495308237 0.017866221364050385 -0.068320404456340175 1.1664715720770451 0.54992429053082181 0.080206702463328838 -0.1623724661548348 0.17682566425700985
leaf_weight=21217 29 22 22 20 29 30 21 31 23 20 28 21 24 20 105 32 24 38 21 31 50 37 50 26 669 58 28 47 23 22 30 28 34 49 24 31 5074 21 23 38 60 23 658 188 24 34 33 37 29 31 31 39 37688 1662 24 1270 76 26 34 24 68 150
leaf_count=21217 29 22 22 20 29 30 21 31 23 20 28 21 24 20 105 32 24 38 21 31 50 37 50 26 669 58 28 47 23 22 30 28 34 49 24 31 5074 21 23 38 60 23 658 188 24 34 33 37 29 31 31 39 37688 1662 24 1270 76 26 34 24 68 150
internal_value=-0.000162938 0.099735 0.22051 0.294986 0.261178 0.324259 0.480412 0.767307 1.17981 0.241735 0.186995 0.504816 1.65612 -0.00378882 0.105938 0.165053 0.298306 0.477182 1.22764 -0.185714 -0.0446076 0.0783085 0.241726 0.293217 0.0494123 -0.115693 0.101166 -0.028916 0.241159 -0.104922 0.069657 0.0302203 0.108529 0.0400583 0.114057 0.264288 -0.00473399 -0.0144751 -0.223247 -0.227035 -0.0607206 0.0886498 0.0389595 0.0713085 0.157966 0.30857 0.416976 0.279599 0.490374 0.209618 -0.202051 0.306427 -0.00024594 0.00226905 0.0284773 0.0598243 0.192379 0.65336 0.0883768 0.375424 0.0350006 0.0943872
internal_weight=70379 2465 725 566 544 466 218 99 68 119 248 76 45 67914 580 453 189 138 45 51 159 109 72 55 1740 78 218 113 105 127 264 234 175 141 93 55 67334 21238 43 85 109 77 1672 1003 345 157 123 90 53 54 59 68 46096 41022 3334 1672 402 74 328 48 294 226
internal_count=70379 2465 725 566 544 466 218 99 68 119 248 76 45 67914 580 453 189 138 45 51 159 109 72 55 1740 78 218 113 105 127 264 234 175 141 93 55 67334 21238 43 85 109 77 1672 1003 345 157 123 90 53 54 59 68 46096 41022 3334 1672 402 74 328 48 294 226
is_linear=0
shrinkage=0.05


Tree=46
num_leaves=63
num_cat=0
split_feature=87 80 97 40 55 72 100 44 100 17 100 52 72 44 55 55 28 46 24 21 47 100 42 100 65 16 46 8 54 8 41 16 65 28 91 66 44 65 100 66 28 100 77 67 43 17 55 28 110 17 98 106 14 63 99 17 52 14 104 100 100 43
split_gain=6384.06 6631.63 3785.45 3350.97 5032.54 12019.8 16556.5 2403.24 2414.78 5454.04 4806.1 3981.87 2643.42 2307.58 12377.8 4868.35 3951.34 2682.94 2196.58 2083.93 1873.07 2424.74 2653.44 2613.56 3102.41 1744.1 2780.93 1730.63 1711.03 2612.9 1653.83 2080.42 1562.32 1507.92 2030.5 3023.14 2759.83 2176.77 1373.91 1585.23 1239.83 1236.8 2908.92 1204.43 2250.97 1794.02 1202.09 984.176 939.714 889.354 849.014 847.495 1089.07 2573.05 3962.43 7531.2 759.455 1168.88 755.175 724.543 719.748 1559.14
threshold=1.0000000180025095e-35 3.5000000000000004 3.0000000000000004 3.5000000000000004 3.0000000000000004 3.5000000000000004 2017.5000000000002 2.0000000000000004 2015.5000000000002 3.0000000000000004 2013.5000000000002 3.0000000000000004 3.5000000000000004 2.0000000000000004 3.0000000000000004 3.0000000000000004 2.0000000000000004 2.0000000000000004 2.5000000000000004 2.5000000000000004 2.0000000000000004 2023.5000000000002 2.0000000000000004 2021.5000000000002 2.0000000000000004 3.5000000000000004 2.0000000000000004 2.0000000000000004 2.0000000000000004 2.0000000000000004 1.0000000180025095e-35 3.5000000000000004 2.0000000000000004 2.0000000000000004 2.0000000000000004 2.0000000000000004 2.0000000000000004 2.0000000000000004 2013.5000000000002 2.0000000000000004 2.0000000000000004 2020.5000000000002 2.5000000000000004 2.5000000000000004 2.0000000000000004 3.0000000000000004 3.0000000000000004 2.0000000000000004 162.50000000000003 3.0000000000000004 1.0000000180025095e-35 1.0000000180025095e-35 4.0000000000000009 2.5000000000000004 3.0000000000000004 3.0000000000000004 3.0000000000000004 4.0000000000000009 7.5000000000000009 2014.5000000000002 2011.5000000000002 2.0000000000000004
decision_type=2 2 2 2 2 2 2 2 2 2 2 2 2 2 2 2 2 2 2 2 2 2 2 2 2 2 2 2 2 2 2 2 2 2 2 2 2 2 2 2 2 2 2 2 2 2 2 2 10 2 2 2 2 2 2 2 2 2 2 2 2 2
left_child=30 46 3 13 5 -5 -7 8 9 11 -11 -6 19 15 -15 16 17 -3 -17 -10 21 22 23 24 38 32 -27 40 29 -22 31 48 47 60 37 -36 -37 -35 -20 -40 -16 56 -43 44 45 -39 -2 -14 58 -41 51 52 53 -48 59 -56 -9 -58 -1 -55 61 -33
right_child=1 2 -4 4 7 6 -8 41 12 10 -12 -13 25 14 27 18 -18 -19 20 -21 28 -23 -24 -25 -26 26 -28 -29 -30 -31 -32 33 -34 34 35 36 -38 43 39 49 -42 42 -44 -45 -46 -47 50 -49 -50 -51 -52 -53 -54 54 55 -57 57 -59 -60 -61 -62 -63
leaf_value=-0.0036911511352828892 -0.39873867407441144 -0.94220030431946133 -0.44688431644439702 -0.30061783194541936 1.2173864879998668 0.2521813846911703 1.883396207860538 -0.28796137536565464 0.14846607527862757 -0.3270660742123922 0.53537335636360306 0.37361180395991717 -0.14572941500227898 1.3239677466128184 0.46112788547487826 -0.22207025261812433 0.22591065913438799 -0.25582436493464877 0.60341892432506117 0.65603745906125932 -0.20573450365792151 -0.18129449029763542 0.73384297591944536 0.66883643589637898 -0.3489658621174318 -0.09184059490050589 0.45756944133078359 -0.10059026917311507 -0.30236243307590488 0.56567392689841134 -0.010618262240356936 0.32576801427640023 -0.46860655221072112 0.02068386496718783 -0.042516977936029432 0.8977681302030881 0.15041520391546548 0.24857420835115418 -0.13876857839781662 0.50038774393498897 -0.01419177704855152 -0.21091274204461474 0.52627507448196409 -0.0019227938670100587 -0.051450199189667527 0.74793500277612901 -0.040416173909886333 0.28869776238094674 0.29146285807447775 0.08713026092104291 0.2547048448771238 0.22536820075341635 -0.089382543858761598 -0.22858157207996679 1.0319748354493641 -0.16977128322151575 0.33455958619713783 -0.1233009936692922 0.012601386753994307 0.12190265764792761 0.017316308974851063 -0.10347176711348927
leaf_weight=21587 20 24 25 26 29 35 28 30 39 30 35 27 32 23 34 43 24 35 22 42 23 30 30 27 27 42 51 71 36 21 34079 56 22 353 30 30 21 37 29 30 23 23 32 33 26 35 362 22 28 23 30 35 375 29 32 22 20 46 10607 30 1277 34
leaf_count=21587 20 24 25 26 29 35 28 30 39 30 35 27 32 23 34 43 24 35 22 42 23 30 30 27 27 42 51 71 36 21 34079 56 22 353 30 30 21 37 29 30 23 23 32 33 26 35 362 22 28 23 30 35 375 29 32 22 20 46 10607 30 1277 34
internal_value=-0.000154792 0.0847592 0.161992 0.174826 0.256358 0.603881 0.977166 0.197106 0.26555 0.448908 0.137324 0.810567 0.176805 0.0881899 0.256035 0.0284149 -0.314998 -0.535028 0.112002 0.411651 0.160207 0.236145 0.302757 0.220905 0.128584 0.064245 0.209449 0.0641408 -0.0467224 0.162438 -0.00282543 0.00495029 -0.113439 0.0553465 0.124056 0.355756 0.590035 0.0852794 0.252563 0.158431 0.269332 0.0289425 0.217997 0.259342 0.347319 0.491319 -0.015271 0.0312594 0.00192859 0.32105 -0.00688922 -0.0157568 -0.0256855 0.0246017 0.232889 0.542375 -0.0793697 0.0154446 0.00167677 -0.0503693 0.026948 0.163611
internal_weight=70379 2146 1211 1186 611 89 63 522 371 121 65 56 250 575 151 424 83 59 341 81 298 218 188 158 131 169 93 128 80 44 68233 34154 76 1932 565 81 51 484 104 82 57 151 55 131 98 72 935 54 32222 53 915 885 850 475 113 54 96 66 32194 59 1367 90
internal_count=70379 2146 1211 1186 611 89 63 522 371 121 65 56 250 575 151 424 83 59 341 81 298 218 188 158 131 169 93 128 80 44 68233 34154 76 1932 565 81 51 484 104 82 57 151 55 131 98 72 935 54 32222 53 915 885 850 475 113 54 96 66 32194 59 1367 90
is_linear=0
shrinkage=0.05


Tree=47
num_leaves=63
num_cat=0
split_feature=113 12 80 14 63 21 70 55 8 67 44 70 67 100 40 42 106 18 8 28 65 68 49 40 54 113 63 100 12 100 110 63 94 100 70 54 99 110 100 58 46 113 46 65 100 28 76 108 97 28 100 79 42 65 91 113 68 87 11 8 106 113
split_gain=8667.94 5107.31 5195.68 4071.43 3748.43 3716.09 4271.02 6261.04 4308.81 3622.29 3375.76 2925.75 2678.89 3108.99 2733.08 2468.64 2235.76 2482.4 1968.46 2918.07 4933.73 2320.92 2296.04 1919.98 1896.75 1935.35 2320.17 1646.15 1359.53 1092.7 1065.43 1053.8 1339.41 1258.25 1228.19 3084.83 996.191 1140.1 988.2 957.889 914.392 902.33 878.957 870.622 868.22 837.663 800.211 765.813 737.597 780.751 1495.67 1241.95 1247.78 2680.42 2129.84 818.98 735.172 724.994 1159.18 693.012 674.064 695.643
threshold=4.5000000000000009 1.0000000180025095e-35 3.5000000000000004 2.0000000000000004 2.5000000000000004 2.5000000000000004 2.0000000000000004 3.0000000000000004 2.0000000000000004 2.5000000000000004 2.0000000000000004 2.0000000000000004 2.5000000000000004 2015.5000000000002 3.5000000000000004 2.0000000000000004 1.0000000180025095e-35 1.0000000180025095e-35 2.0000000000000004 2.0000000000000004 2.0000000000000004 2.0000000000000004 4.0000000000000009 3.5000000000000004 2.0000000000000004 5.5000000000000009 2.5000000000000004 2010.5000000000002 1.0000000180025095e-35 2018.5000000000002 15.750000000000002 2.5000000000000004 4.0000000000000009 2022.5000000000002 2.0000000000000004 2.0000000000000004 3.0000000000000004 151.50000000000003 2023.5000000000002 3.0000000000000004 2.0000000000000004 1.5000000000000002 2.0000000000000004 2.0000000000000004 2023.5000000000002 2.0000000000000004 3.5000000000000004 94.500000000000014 3.0000000000000004 2.0000000000000004 2014.5000000000002 2.0000000000000004 2.0000000000000004 2.0000000000000004 2.0000000000000004 5.5000000000000009 2.0000000000000004 1.0000000180025095e-35 1.0000000180025095e-35 2.0000000000000004 1.0000000180025095e-35 6.5000000000000009
decision_type=2 2 2 2 2 2 2 2 2 2 2 2 2 2 2 2 2 2 2 2 2 2 2 2 2 2 2 2 2 2 8 2 2 2 2 2 2 10 2 2 2 2 2 2 2 2 2 10 2 2 2 2 2 2 2 2 2 2 2 2 2 2
left_child=16 27 24 4 -4 40 7 -7 15 11 12 29 14 -14 -9 -8 30 18 19 20 22 -21 -18 -10 25 26 -3 43 -19 -6 -1 34 38 -34 35 -20 37 57 -33 -29 -5 -38 -12 46 -24 -35 -2 -43 49 60 -51 -52 53 54 55 59 -54 -32 -59 -53 61 -41
right_child=1 2 3 5 9 6 8 10 23 -11 42 -13 13 -15 -16 -17 17 28 31 21 -22 -23 44 -25 -26 -27 -28 39 -30 -31 36 32 33 45 -36 -37 41 -39 -40 48 -42 47 -44 -45 -46 -47 -48 -49 -50 50 51 52 56 -55 -56 -57 -58 58 -60 -61 -62 -63
leaf_value=-0.021823686842408735 0.41272289544343954 -0.08280121736666736 -0.38160647247966972 -0.27579304938730986 0.8864421037336192 1.2145031345301662 0.24880517662635873 0.45963292183020177 0.22428068415476729 -0.18228674897780786 -0.026252626407987034 -0.05833156016610918 0.70058136983094998 0.090668361075222498 1.0443112869088242 -0.3699235777321615 0.59524481924516814 -0.02622167497341122 -0.086009434983134278 0.34942118121044979 0.92847000594963047 -0.25050917441319481 -0.15644372318472183 0.85894068113782185 -0.29911252461812077 -0.22480142583718174 0.48229138417503781 -0.013165828833234701 -0.45849630453369833 0.38603091227239927 -0.010860010371062065 0.32125555610714052 -0.48973944067955016 0.070210704967087395 -0.0032821363524386756 0.73995742797851571 -0.0087256948842591563 0.35653464968005816 -0.019199950517492095 0.044091688975499116 0.14324117694050073 0.0067324466074923789 0.36900029832666575 0.56381644718348978 0.22209805859760806 -0.29326169128003332 -0.0013710046453135356 0.13176627183688913 -0.13301608426703346 -0.046752736708799078 -0.10935662498076758 0.43803093903698032 0.26730972688112942 0.70544494206962349 0.67685191318392757 -0.060483609648739424 -0.056334094259333105 -0.04112330841728383 -0.29534586162439419 0.09654500608881697 -0.14513727090424963 0.30845358646832982
leaf_weight=7709 20 34 38 23 24 29 28 39 26 39 39 21 37 48 41 38 28 105 20 28 34 38 28 22 51 37 39 627 22 20 18301 39 20 51 38 26 12806 21 47 580 30 28093 22 20 33 23 28 123 45 86 30 24 28 34 20 41 47 225 56 39 45 26
leaf_count=7709 20 34 38 23 24 29 28 39 26 39 39 21 37 48 41 38 28 105 20 28 34 38 28 22 51 37 39 627 22 20 18301 39 20 51 38 26 12806 21 47 580 30 28093 22 20 33 23 28 123 45 86 30 24 28 34 20 41 47 225 56 39 45 26
internal_value=-0.000147052 0.0919567 0.203454 0.274969 0.0433805 0.352896 0.409128 0.522866 0.154714 0.198664 0.434116 0.427235 0.551612 0.35616 0.759281 -0.107433 -0.00349004 0.0942576 0.149028 0.272212 0.416127 0.00400673 0.220401 0.515167 -0.04707 0.0697861 0.219098 0.0454996 -0.101104 0.658982 -0.00433202 0.060839 -0.00740274 -0.137862 0.207071 0.380841 -0.0020705 -0.0116677 0.135193 0.035692 -0.0386039 0.00228172 0.116298 0.286653 0.0483412 -0.0427604 0.171168 0.0072775 0.0650066 0.0739177 0.134258 0.193447 0.232435 0.312154 0.204316 0.113444 0.0644929 -0.0120838 -0.0917869 0.226635 0.0415696 0.0554339
internal_weight=70379 2465 725 564 142 422 369 255 114 104 226 65 165 85 80 66 67914 580 453 189 123 66 89 48 161 110 73 1740 127 44 67334 264 180 94 84 46 59625 18603 86 1672 53 41022 61 68 61 74 48 28216 1045 1000 349 263 233 158 124 104 75 18582 281 63 651 606
internal_count=70379 2465 725 564 142 422 369 255 114 104 226 65 165 85 80 66 67914 580 453 189 123 66 89 48 161 110 73 1740 127 44 67334 264 180 94 84 46 59625 18603 86 1672 53 41022 61 68 61 74 48 28216 1045 1000 349 263 233 158 124 104 75 18582 281 63 651 606
is_linear=0
shrinkage=0.05


Tree=48
num_leaves=63
num_cat=0
split_feature=85 58 87 100 17 100 65 55 114 61 114 91 114 100 63 16 55 114 52 63 17 100 114 67 16 114 62 79 104 100 28 43 11 28 114 40 102 112 110 14 46 63 100 94 94 100 44 46 67 17 11 65 11 67 46 114 110 70 57 100 114 40
split_gain=5444.83 5062.56 3899.27 2712.95 5643.2 2626.93 2777.66 14116.5 13760.2 6085.42 6861.59 6767.99 3519.85 3898.3 3272.76 3055.9 2375.22 1752.61 1700.68 2441.47 5349.98 5671.83 5148.56 4924.47 2316.11 1669.43 1456.33 1390.63 1368.65 1603.66 1303.21 1224.91 1113.64 1042.7 1370.22 1632.07 1004.99 1241.54 1970.91 992.167 1784.61 926.479 926.176 1293.94 1547.16 2390.36 1665.33 2235.45 1029.08 2978.55 3519.7 915.047 1283.09 1105.23 891.719 874.205 743.805 968.025 1254.8 1585.24 739.685 788.008
threshold=4.0000000000000009 3.0000000000000004 1.0000000180025095e-35 2010.5000000000002 3.0000000000000004 2024.5000000000002 2.0000000000000004 3.0000000000000004 15.500000000000002 4.5000000000000009 8.5000000000000018 2.0000000000000004 18.500000000000004 2015.5000000000002 2.5000000000000004 1.5000000000000002 3.0000000000000004 16.500000000000004 3.0000000000000004 2.5000000000000004 3.0000000000000004 2018.5000000000002 19.500000000000004 2.5000000000000004 3.5000000000000004 17.500000000000004 2.5000000000000004 2.0000000000000004 7.5000000000000009 2010.5000000000002 2.0000000000000004 2.0000000000000004 2.0000000000000004 2.0000000000000004 15.500000000000002 3.5000000000000004 1.0000000180025095e-35 1.0000000180025095e-35 122.50000000000001 4.0000000000000009 2.0000000000000004 2.5000000000000004 2023.5000000000002 4.0000000000000009 2.0000000000000004 2020.5000000000002 2.0000000000000004 2.0000000000000004 2.5000000000000004 3.0000000000000004 2.0000000000000004 2.0000000000000004 2.0000000000000004 2.5000000000000004 2.0000000000000004 10.500000000000002 62.250000000000007 2.0000000000000004 2.0000000000000004 2017.5000000000002 18.500000000000004 3.5000000000000004
decision_type=2 2 2 2 2 2 2 2 2 2 2 2 2 2 2 2 2 2 2 2 2 2 2 2 2 2 2 2 2 2 2 2 2 2 2 2 2 10 10 2 2 2 2 2 2 2 2 2 2 2 2 2 2 2 2 2 10 2 2 2 2 2
left_child=36 3 27 4 -2 6 9 8 -8 10 -4 15 13 -9 -14 -12 41 -18 19 23 21 22 -21 -17 30 -7 -19 -3 -29 31 -22 54 -27 -20 35 -35 37 -1 56 -15 -41 -11 43 44 48 51 47 -47 49 60 -51 53 -53 -46 -30 -38 -39 58 -58 -60 -31 -62
right_child=1 2 5 -5 -6 25 7 12 -10 16 11 -13 14 39 -16 18 17 26 33 20 24 -23 -24 -25 -26 32 -28 28 29 42 -32 -33 -34 34 -36 -37 55 38 -40 40 -42 -43 -44 -45 45 46 -48 -49 -50 50 -52 52 -54 -55 -56 -57 57 -59 59 -61 61 -63
leaf_value=0.0028793013211387058 0.97029148865313763 -0.013740037934690681 1.0131541850475165 -0.016382116907278279 -0.17560612125830219 -0.34169542751251125 1.9470596532026929 0.45065503064543011 0.23561724994493571 -0.65169820839708503 0.62615337846179808 0.82693731600516718 0.95595792162986037 -0.49549740978649687 0.062252191901206969 -0.43196551767555447 -0.17111822236861504 0.00026523133920919567 -0.053125153966031451 1.376203539967537 0.51052797626365309 0.14787794718908709 0.3258404576778412 0.46594414275426133 -0.31663458094452368 -0.15164516052374474 0.50960820369098492 -0.032770644493761984 0.27993061040577139 -0.014613188568661671 -0.017121336221694948 0.051074683325631282 0.29900410175323489 0.046113898640587216 -0.025345627203279614 0.66235689222812655 -0.016799079615723089 0.031881919783123068 0.4481847023290973 -0.39617832707507272 0.13937048035008567 -0.21458636850670532 -0.0024925538575111543 0.034440654196253161 0.1619633753082704 0.20835552558950754 0.16820120148360729 0.8465997540337199 -0.048009857522151998 0.87020582476487529 0.030522149056196213 0.053637509686606272 0.45728644565886101 -0.058884872565435814 0.68591436317988808 -0.0030300340001435892 -0.064153352752327919 -0.031152457121680396 0.090235739898297099 0.57203793988906237 0.3842711936682463 0.021061998419463636
leaf_weight=9617 21 676 26 2618 22 39 24 32 23 22 30 38 21 21 20 37 70 36 172 28 22 43 20 26 33 26 23 289 38 164 25 35 29 21 49 22 16987 1177 31 28 35 27 327 598 166 23 40 34 141 26 24 35 45 86 21 35870 24 47 31 38 28 32
leaf_count=9617 21 676 26 2618 22 39 24 32 23 22 30 38 21 21 20 37 70 36 172 28 22 43 20 26 33 26 23 289 38 164 25 35 29 21 49 22 16987 1177 31 28 35 27 327 598 166 23 40 34 141 26 24 35 45 86 21 35870 24 47 31 38 28 32
internal_value=-0.000139699 0.0432487 0.0795578 -0.00991191 0.384018 0.160954 0.185315 0.349359 1.10955 0.141854 0.21893 0.182447 0.121788 -0.0189613 0.520004 0.136063 -0.114488 -0.00192045 0.106539 0.204683 0.302713 0.564937 0.938552 -0.0613996 0.00443301 -0.0914657 0.198823 0.0488182 0.0684694 0.0841743 0.229863 0.285417 0.0859699 0.0195484 0.155416 0.361401 -0.00459737 0.00917828 0.054117 -0.197863 -0.0986512 -0.410841 0.0734808 0.0907092 0.130577 0.19716 0.415512 0.589063 0.0617482 0.11823 0.467158 0.133365 0.28069 0.0865945 0.424433 -0.00745508 0.0448412 0.153792 0.247259 0.355576 0.0403438 0.19056
internal_weight=70379 6557 3896 2661 43 1068 974 204 47 770 592 566 157 116 41 528 178 129 498 234 171 91 48 63 80 94 59 2828 2152 1863 47 94 55 264 92 43 63822 10965 1348 84 63 49 1769 1442 844 429 97 57 415 274 50 332 80 252 59 52857 1317 140 93 69 224 60
internal_count=70379 6557 3896 2661 43 1068 974 204 47 770 592 566 157 116 41 528 178 129 498 234 171 91 48 63 80 94 59 2828 2152 1863 47 94 55 264 92 43 63822 10965 1348 84 63 49 1769 1442 844 429 97 57 415 274 50 332 80 252 59 52857 1317 140 93 69 224 60
is_linear=0
shrinkage=0.05


Tree=49
num_leaves=63
num_cat=0
split_feature=113 12 80 114 114 100 100 17 114 100 62 40 68 63 11 11 106 61 40 62 65 55 54 66 114 100 100 40 63 67 113 11 22 14 68 110 112 110 114 48 114 12 68 100 100 11 114 22 112 114 11 113 70 114 72 100 114 14 61 74 17 54
split_gain=7257.9 4312.53 4439.71 7580.67 4709.61 3439.49 2503.23 3161.4 4190.79 3977.92 5282.49 7129.03 6087.67 2547.09 2186.02 1862.92 1859.33 2150.39 3512.01 3278.95 4131.4 2671.3 1710.25 1968.15 3545.16 1332.31 1216.57 1346.36 1192.33 1945.05 1187.17 2095.16 1485.86 1086.17 1878.06 960.574 1076.47 1555.97 931.433 928.408 1592.61 927.674 897.03 832.776 1380.42 1061.89 1560.98 902.385 797.753 762.188 753.559 740.635 718.315 703.992 662.909 598.157 1763.23 1260.01 1895.31 1828.19 2442.49 661.212
threshold=4.5000000000000009 1.0000000180025095e-35 3.5000000000000004 10.500000000000002 13.500000000000002 2011.5000000000002 2012.5000000000002 3.0000000000000004 14.500000000000002 2018.5000000000002 2.5000000000000004 3.5000000000000004 2.0000000000000004 2.5000000000000004 2.0000000000000004 2.0000000000000004 1.0000000180025095e-35 3.5000000000000004 3.5000000000000004 2.5000000000000004 2.0000000000000004 3.0000000000000004 2.0000000000000004 2.0000000000000004 15.500000000000002 2010.5000000000002 2017.5000000000002 3.5000000000000004 2.5000000000000004 2.5000000000000004 3.5000000000000004 2.0000000000000004 3.0000000000000004 4.0000000000000009 2.0000000000000004 35.750000000000007 1.0000000180025095e-35 162.50000000000003 16.500000000000004 3.0000000000000004 17.500000000000004 1.0000000180025095e-35 2.0000000000000004 2014.5000000000002 2018.5000000000002 2.0000000000000004 14.500000000000002 3.0000000000000004 1.0000000180025095e-35 3.5000000000000004 2.0000000000000004 5.5000000000000009 2.0000000000000004 12.500000000000002 3.5000000000000004 2020.5000000000002 18.500000000000004 2.0000000000000004 3.5000000000000004 2.5000000000000004 3.0000000000000004 2.0000000000000004
decision_type=2 2 2 2 2 2 2 2 2 2 2 2 2 2 2 2 2 2 2 2 2 2 2 2 2 2 2 2 2 2 2 2 2 2 2 10 10 10 2 2 2 2 2 2 2 2 2 2 8 2 2 2 2 2 2 2 2 2 2 2 2 2
left_child=16 25 22 -4 14 -6 -7 9 -9 10 11 12 -8 -11 -5 -15 35 21 30 20 42 -18 23 -3 -25 38 39 54 29 50 -19 -32 -33 34 -30 48 -37 -38 -2 40 -10 -35 -20 -27 45 46 -45 -48 -1 -50 -23 -26 -44 -16 -28 -46 57 -57 -59 61 -61 -60
right_child=1 2 3 4 5 6 7 8 26 13 -12 -13 -14 15 53 -17 17 18 19 -21 -22 28 -24 24 51 43 27 -29 33 -31 31 32 -34 41 -36 36 37 -39 -40 -41 -42 -43 52 44 55 -47 47 -49 49 -51 -52 -53 -54 -55 -56 56 -58 58 59 60 -62 -63
leaf_value=-0.012870191372063605 0.04381116608093525 -0.24361580857208798 1.2087339675426483 -0.46795414969805749 0.72722645711440315 -0.25938314273953439 1.0141468088735235 0.69434530097862768 -0.498009211741961 -0.21908393461128761 0.063038384517033905 1.4275872061329504 -0.17602216800053916 0.6907341094066699 0.24685465527268557 0.10397189415750965 -0.55984823524951943 -0.20724246423868908 0.61392831386871305 -0.023067473578784203 1.1372953491116113 -0.047918331544151753 -0.28431023905674618 0.78052608221769337 0.14186445840767453 -0.010572413421185166 -0.18105180210505542 0.37542620512635211 0.38393064807443061 0.53672110405233175 -0.20075810231042632 0.49346285532746048 -0.044046474695205694 -0.00028858004731427829 -0.16378741146161641 0.00094125225827504659 0.0401462301025848 0.39176488883094862 0.41798108304158244 0.14873427404807166 0.040905737671358834 -0.26982620218447567 0.051410951465368275 0.66457959456103188 -0.012705053812430672 0.075904469604552535 0.053555288067403832 0.37532737279260481 -0.017025267954830121 0.0020763163962733773 0.28438603188842537 -0.23955647647380829 0.44458068353789193 -0.14237562609570367 0.15027360224889386 -0.13684533850348088 -0.26007107763605963 0.018992193298296888 0.28099893212318422 0.060807202146811928 0.71114735450773015 -0.069888962548354569
leaf_weight=24412 29 35 20 31 39 24 22 29 26 29 30 31 21 24 26 31 20 42 22 36 22 59 51 20 35 669 26 43 34 27 33 36 20 71 29 4321 1874 32 39 26 29 58 26 21 426 163 53 37 6306 30389 24 20 21 21 36 40 34 111 25 22 42 29
leaf_count=24412 29 35 20 31 39 24 22 29 26 29 30 31 21 24 26 31 20 42 22 36 22 59 51 20 35 669 26 43 34 27 33 36 20 71 29 4321 1874 32 39 26 29 58 26 21 426 163 53 37 6306 30389 24 20 21 21 36 40 34 111 25 22 42 29
internal_value=-0.000132714 0.0841474 0.186602 0.25271 0.217562 0.277751 0.236698 0.266242 0.135288 0.416002 0.622703 0.849594 0.432901 0.160087 -0.142029 0.360014 -0.00319174 0.0859481 0.193504 0.380861 0.540657 -0.000229856 -0.0449797 0.0659827 0.210462 0.0414579 0.0481234 0.160436 0.036831 0.168087 0.0118667 0.115266 0.301495 -0.0383677 0.131806 -0.00395957 0.0147483 0.0460496 0.258409 -0.0974677 -0.213854 -0.121476 0.350425 0.0326345 0.0614535 0.157132 0.276412 0.185839 -0.00586596 -0.00120627 0.0481697 0.00316594 0.227083 0.0729433 0.0113307 0.025492 0.0791949 0.122076 0.167303 0.306815 0.487593 0.0925591
internal_weight=70379 2465 725 564 544 466 427 403 215 188 104 74 43 84 78 55 67914 580 258 127 91 322 161 110 75 1740 186 105 302 110 131 89 56 192 63 67334 6227 1906 68 81 55 129 69 1672 1003 274 111 90 61107 36695 83 55 47 47 62 729 303 269 229 118 64 54
internal_count=70379 2465 725 564 544 466 427 403 215 188 104 74 43 84 78 55 67914 580 258 127 91 322 161 110 75 1740 186 105 302 110 131 89 56 192 63 67334 6227 1906 68 81 55 129 69 1672 1003 274 111 90 61107 36695 83 55 47 47 62 729 303 269 229 118 64 54
is_linear=0
shrinkage=0.05


Tree=50
num_leaves=63
num_cat=0
split_feature=113 12 114 100 111 47 42 14 16 114 100 114 114 46 11 8 16 28 100 40 16 70 100 28 100 77 114 100 77 52 43 16 99 87 114 114 103 98 40 77 65 113 17 54 100 14 84 113 100 63 52 94 100 57 113 16 100 66 55 68 61 22
split_gain=7511.37 5507.18 7807.9 3289.38 7100.23 3914.23 9210.88 6286 6089.88 5933.83 5211.46 3012.31 2160.22 2255.2 2184.86 2029.82 1919.87 1850.91 1645.53 2730.45 2830.49 1894.41 1534.16 3465.44 1753.47 1341.53 1648.05 1338.68 2065.63 1272.58 1249.64 1390 1133.26 1508.29 3346.07 2900.58 4330.39 2274.92 2180.65 3613.71 3095.43 6326.94 11371 2613.74 4306.15 2604.53 2454.3 1721.44 1660.13 1567 1343.52 1297.09 1274.9 1026.91 926.855 1571.58 916.729 2036.28 1156.32 885.24 929.797 866.96
threshold=4.5000000000000009 1.0000000180025095e-35 10.500000000000002 2015.5000000000002 2.5000000000000004 2.0000000000000004 2.0000000000000004 4.0000000000000009 3.5000000000000004 18.500000000000004 2012.5000000000002 17.500000000000004 13.500000000000002 2.0000000000000004 2.0000000000000004 2.0000000000000004 4.5000000000000009 2.0000000000000004 2016.5000000000002 3.5000000000000004 3.5000000000000004 2.0000000000000004 2020.5000000000002 2.0000000000000004 2018.5000000000002 2.5000000000000004 17.500000000000004 2012.5000000000002 2.5000000000000004 3.0000000000000004 2.0000000000000004 3.5000000000000004 3.0000000000000004 1.0000000180025095e-35 11.500000000000002 12.500000000000002 1.0000000180025095e-35 1.0000000180025095e-35 3.5000000000000004 2.5000000000000004 2.0000000000000004 3.5000000000000004 3.0000000000000004 2.0000000000000004 2018.5000000000002 4.0000000000000009 1.0000000180025095e-35 2.5000000000000004 2023.5000000000002 2.5000000000000004 3.0000000000000004 4.0000000000000009 2012.5000000000002 4.0000000000000009 6.5000000000000009 3.5000000000000004 2018.5000000000002 2.0000000000000004 3.0000000000000004 2.0000000000000004 3.5000000000000004 3.0000000000000004
decision_type=2 2 2 2 10 2 2 2 2 2 2 2 2 2 2 2 2 2 2 2 2 2 2 2 2 2 2 2 2 2 2 2 2 2 2 2 2 2 2 2 2 2 2 2 2 2 2 2 2 2 2 2 2 2 2 2 2 2 2 2 2 2
left_child=32 27 -3 5 12 6 7 8 -4 -10 15 -8 14 22 -5 -9 18 29 -15 21 -21 -20 24 -24 25 -14 -27 28 -2 -12 31 -30 -1 -34 49 36 -36 38 52 46 43 -42 -43 45 -45 53 47 -40 50 59 -48 -51 -37 -41 -29 -56 57 -54 -58 60 -35 -60
right_child=1 2 3 4 -6 -7 11 10 9 -11 17 -13 13 16 -16 -17 -18 -19 19 20 -22 -23 23 -25 -26 26 -28 54 30 -31 -32 -33 33 34 35 37 -38 -39 39 40 41 42 -44 44 -46 -47 48 -49 -50 51 -52 -53 56 -55 55 -57 58 -59 61 -61 -62 -63
leaf_value=-0.012302941424381833 -0.046941776035475682 1.0688382102251053 0.016161355045106678 -0.62086166478693494 0.89577371239662174 -0.12713348460586177 0.6567374293804169 -0.64637274764202257 1.4795477184057235 0.32407774850726129 0.79254562485785718 1.4800047343969345 0.27761494100093842 -0.12830466727415721 0.0061230403907371299 -0.048795675535996758 -0.1010803364044012 0.015771097396359301 0.40780464194037702 0.27963056482117754 1.0056169836521149 -0.12399433671551592 -0.17419634383513768 0.66480181503109637 -0.5806243520568718 -0.47798181915724725 0.07446263896094428 0.016139034225515575 0.20557653648512708 0.2541954645968002 0.075945519842207432 0.6879669920541347 0.00018099616554287953 0.011433072087188431 -0.0067553391555945077 -0.42220499613745655 0.81188922005040309 0.59833025854258304 0.016906645850540372 0.5606041019782424 -0.025994536571670324 1.7472397259303503 0.16901639747619629 0.80453880411205869 0.041294578054831145 -0.18062252563081291 -0.56641642168979167 0.46656800621542438 0.15752342101186514 -0.05475584992494148 -0.14262149090568224 -0.40306375964121388 -0.1520998118970639 0.10106108813516555 -0.02628833870544578 0.47373620986938481 -0.42863410037496819 0.34963545556224529 0.053783309002007763 0.25767228233403178 -0.28919563985640007 -0.30605148307301783
leaf_weight=21439 61 25 27 24 25 46 25 27 25 20 21 20 20 21 33 30 43 33 33 29 25 34 32 20 22 27 27 1534 28 23 32 32 45498 151 30 22 35 21 80 20 32 21 25 33 42 76 32 29 24 52 45 55 39 31 33 30 23 42 70 29 31 22
leaf_count=21439 61 25 27 24 25 46 25 27 25 20 21 20 20 21 33 30 43 33 33 29 25 34 32 20 22 27 27 1534 28 23 32 32 45498 151 30 22 35 21 80 20 32 21 25 33 42 76 32 29 24 52 45 55 39 31 33 30 23 42 70 29 31 22
internal_value=0.000330292 0.085679 0.200331 0.169836 0.0789196 0.296874 0.37458 0.233015 0.609814 0.966006 0.0305557 1.02263 0.0265571 0.075243 -0.257871 -0.331858 0.191625 0.298836 0.280261 0.351169 0.615735 0.137937 -0.0702345 0.148495 -0.188713 -0.0721989 -0.20176 0.0373941 0.178679 0.511135 0.328275 0.462851 -0.00278896 0.00158714 0.0591201 0.114009 0.434053 0.0854733 0.0702615 0.128791 0.246384 0.513918 0.88951 0.143078 0.377122 0.00486349 -0.0279987 0.136541 -0.205572 -0.0779308 -0.318744 -0.233793 -0.0612963 0.281274 0.0238584 0.211819 -0.0207862 0.108059 -0.111538 0.00110818 -0.0397729 -0.0322641
internal_weight=70536 2487 737 712 415 297 251 206 72 45 134 45 390 333 57 57 185 77 142 121 54 67 148 52 96 74 54 1750 153 44 92 60 68049 46610 1112 794 65 729 708 490 280 78 46 202 75 127 210 109 101 318 77 107 218 51 1597 63 196 81 115 211 182 92
internal_count=70536 2487 737 712 415 297 251 206 72 45 134 45 390 333 57 57 185 77 142 121 54 67 148 52 96 74 54 1750 153 44 92 60 68049 46610 1112 794 65 729 708 490 280 78 46 202 75 127 210 109 101 318 77 107 218 51 1597 63 196 81 115 211 182 92
is_linear=0
shrinkage=0.05


Tree=51
num_leaves=63
num_cat=0
split_feature=12 104 99 109 90 101 41 42 65 101 17 55 40 46 101 54 11 16 54 16 17 11 11 44 17 16 55 101 49 50 79 63 11 67 85 77 16 11 22 22 40 101 71 94 101 63 52 85 65 41 104 85 62 94 94 11 101 101 101 77 65 8
split_gain=5632.84 4832.18 3693.83 3783.23 4325.77 4102.63 11146.4 5554.26 5109.68 14572.1 9718.62 4584.42 12546.8 4235.21 3042.04 8329.49 6914.9 2219.83 3263.06 4808.78 2760.15 2542.2 2088.82 2488.61 3635.16 2107.59 2009.85 1748.97 3048.4 2954.18 2974.81 2026.28 3321.11 2865.63 1715.22 1632.21 1641.62 1462.11 1446.1 1204.03 1128 1103.68 1027.93 1018.46 1228.99 1017 941.409 879.175 873.632 825.643 854.63 804.674 798.194 932.465 1372.41 922.662 1906.27 824.017 1160.73 1055.3 1002.42 771.836
threshold=1.0000000180025095e-35 7.5000000000000009 3.0000000000000004 83.500000000000014 1.0000000180025095e-35 7.5000000000000009 3.5000000000000004 2.0000000000000004 2.0000000000000004 11.500000000000002 3.0000000000000004 3.0000000000000004 3.5000000000000004 2.0000000000000004 14.500000000000002 2.0000000000000004 2.0000000000000004 1.5000000000000002 2.0000000000000004 3.5000000000000004 3.0000000000000004 2.0000000000000004 2.0000000000000004 2.0000000000000004 3.0000000000000004 3.5000000000000004 3.0000000000000004 6.5000000000000009 4.0000000000000009 2.0000000000000004 2.0000000000000004 2.5000000000000004 2.0000000000000004 2.5000000000000004 4.0000000000000009 2.5000000000000004 3.5000000000000004 2.0000000000000004 3.0000000000000004 3.0000000000000004 3.5000000000000004 13.500000000000002 3.0000000000000004 4.0000000000000009 9.5000000000000018 2.5000000000000004 3.0000000000000004 1.0000000180025095e-35 2.0000000000000004 1.0000000180025095e-35 1.0000000180025095e-35 1.0000000180025095e-35 2.5000000000000004 4.0000000000000009 2.0000000000000004 2.0000000000000004 11.500000000000002 3.5000000000000004 8.5000000000000018 2.5000000000000004 2.0000000000000004 2.0000000000000004
decision_type=2 2 2 8 2 2 2 2 2 2 2 2 2 2 2 2 2 2 2 2 2 2 2 2 2 2 2 2 2 2 2 2 2 2 2 2 2 2 2 2 2 2 2 2 2 2 2 2 2 2 2 2 2 2 2 2 2 2 2 2 2 2
left_child=38 47 41 51 5 7 8 11 14 10 -10 12 -5 -11 17 16 -16 -7 22 21 37 -20 43 24 25 -24 -9 29 -29 -13 -31 32 -32 -34 -30 39 -37 -21 49 40 -33 42 61 -19 -45 -46 -40 -2 -49 -1 -51 -4 53 54 55 56 -48 -56 60 -60 -59 -3
right_child=1 2 3 4 -6 6 -8 26 9 13 -12 27 -14 -15 15 -17 -18 18 19 20 -22 -23 23 -25 -26 -27 -28 28 34 30 31 35 33 -35 -36 36 -38 -39 46 -41 -42 -43 -44 44 45 -47 52 48 -50 50 -52 -53 -54 -55 57 -57 -58 58 59 -61 -62 -63
leaf_value=0.0023918906325851581 -0.016508930262025327 -0.033605183715311189 -0.01604155529089071 -0.086939855271743416 0.88497465096768879 0.49047744471172339 1.1901591387266914 -0.64188687184027271 1.7075742113590242 -0.34183963717598664 0.38682935375433702 0.54033090707867648 1.2975740314523381 0.40466183369096953 1.5113395634151641 -0.33119508434425704 0.22821641673466991 0.064209955211343442 0.21066840972219195 0.033857946991920476 0.26989834902554077 0.92316985525671513 0.085881762277512319 -0.29627709209042441 -0.071777277096869457 0.71947860700743549 -0.11632704078767669 0.36791374292866941 0.010304719954729081 -0.27730550683206984 -0.033994597395261131 0.66270093694329268 1.0555539049208165 0.27312064170837402 -0.44208506697958172 -0.2922516441650011 0.12650175048410892 -0.56348936273938133 -0.046107563649582656 -0.023855053424835206 0.15038408743483681 -0.35232959767353944 -0.19364137560008998 0.0038743180089763234 -0.11196934987198225 -0.52678020619683796 0.41562665391713383 -0.092872363939637048 -0.46040596948428592 0.27784455342648123 -0.0089279250531658708 -0.28059163382871355 0.019412901145160984 0.015424485303584241 0.47117890175149751 -0.060019838174784117 -0.082312794130396202 -0.045512453690171241 0.52049574126035736 0.17782205167525222 0.32134383077974671 0.20865848486125471
leaf_weight=32787 591 96 74 36 21 32 30 21 30 38 26 43 30 38 21 22 21 29 21 20 55 31 21 34 63 35 136 29 40 45 30 22 22 25 44 44 50 21 194 25 21 29 62 28 22 45 40 61 22 26 34205 47 380 167 33 89 37 60 39 53 27 50
leaf_count=32787 591 96 74 36 21 32 30 21 30 38 26 43 30 38 21 22 21 29 21 20 55 31 21 34 63 35 136 29 40 45 30 22 22 25 44 44 50 21 194 25 21 29 62 28 22 45 40 61 22 26 34205 47 380 167 33 89 37 60 39 53 27 50
internal_value=0.000313778 0.0756154 0.119972 0.149173 0.172892 0.161783 0.247788 0.0731828 0.204494 0.482364 1.09437 0.153795 0.542385 0.0314111 0.134093 0.456943 0.869778 0.0888794 0.0586414 0.24818 0.0384197 0.635429 -0.0426281 0.0809796 0.188767 0.48188 -0.186625 0.0955066 -0.0740713 0.154107 0.0956294 0.165847 0.377018 0.639366 -0.226661 0.0654761 -0.0695105 -0.2721 -0.00233748 0.252075 0.4125 -0.0633607 -0.0230718 -0.195144 -0.274315 -0.390574 0.054034 -0.0379094 -0.190291 -0.00327871 -0.00871011 -0.118801 0.0750366 0.11382 0.157291 0.0496249 0.176357 0.241596 0.199271 0.323086 0.0683395 0.0493618
internal_weight=70536 2399 1725 1488 1367 1346 683 663 653 132 56 506 66 76 521 64 42 457 425 148 96 52 277 153 119 56 157 440 113 327 284 239 77 47 84 162 94 41 68137 68 43 237 208 124 95 67 1119 674 83 67018 34231 121 925 545 378 166 77 212 179 92 87 146
internal_count=70536 2399 1725 1488 1367 1346 683 663 653 132 56 506 66 76 521 64 42 457 425 148 96 52 277 153 119 56 157 440 113 327 284 239 77 47 84 162 94 41 68137 68 43 237 208 124 95 67 1119 674 83 67018 34231 121 925 545 378 166 77 212 179 92 87 146
is_linear=0
shrinkage=0.05


Tree=52
num_leaves=63
num_cat=0
split_feature=113 12 114 114 111 110 14 114 43 114 101 101 44 57 114 114 114 74 16 11 48 101 101 114 28 104 87 114 114 44 106 40 11 101 101 63 44 114 80 101 52 66 114 11 52 16 61 113 68 114 101 74 17 17 113 44 111 110 70 16 113 15
split_gain=6452.33 4725.33 7012.11 3002.98 2888.45 5733.45 3796.73 5953.98 4553.78 6958.52 7860.97 3507.81 3835.07 6584.55 3739.99 7199.16 2420.39 2195.2 1974.44 1924.06 1622.33 1300.73 1204.79 1180.75 1076.51 1035.52 1164.19 4310.22 3559.08 4864.65 2866.06 2833.54 3001.6 5638.49 6578.3 11027.6 4339.26 2795.22 3253.29 2612.41 2560.52 1836.13 1669.53 1582.54 1547.11 2437.15 2020.99 1143.08 2515.46 1049.43 992.45 843.577 1273.79 1073.87 827.63 1504.24 730.873 921.105 730.218 725.44 720.461 705.37
threshold=4.5000000000000009 1.0000000180025095e-35 10.500000000000002 13.500000000000002 2.5000000000000004 86.250000000000014 2.0000000000000004 19.500000000000004 2.0000000000000004 15.500000000000002 10.500000000000002 7.5000000000000009 2.0000000000000004 4.0000000000000009 17.500000000000004 19.500000000000004 11.500000000000002 2.5000000000000004 3.5000000000000004 2.0000000000000004 3.0000000000000004 9.5000000000000018 13.500000000000002 15.500000000000002 2.0000000000000004 7.5000000000000009 1.0000000180025095e-35 11.500000000000002 13.500000000000002 2.0000000000000004 1.0000000180025095e-35 3.5000000000000004 2.0000000000000004 7.5000000000000009 11.500000000000002 2.5000000000000004 2.0000000000000004 19.500000000000004 3.5000000000000004 13.500000000000002 3.0000000000000004 2.0000000000000004 16.500000000000004 2.0000000000000004 3.0000000000000004 3.5000000000000004 3.5000000000000004 3.5000000000000004 2.0000000000000004 18.500000000000004 6.5000000000000009 2.5000000000000004 3.0000000000000004 3.0000000000000004 6.5000000000000009 2.0000000000000004 7.5000000000000009 22.750000000000004 2.0000000000000004 3.5000000000000004 1.5000000000000002 3.0000000000000004
decision_type=2 2 2 2 10 8 2 2 2 2 2 2 2 2 2 2 2 2 2 2 2 2 2 2 2 2 2 2 2 2 2 2 2 2 2 2 2 2 2 2 2 2 2 2 2 2 2 2 2 2 2 2 2 2 2 2 10 10 2 2 2 2
left_child=25 22 -3 16 6 -6 7 20 9 10 -8 17 13 -13 -15 -16 -4 -11 -14 -18 58 24 54 -24 -10 56 60 43 29 30 40 39 33 49 35 -35 42 38 -36 41 -29 -30 -34 47 46 -46 -43 48 61 -33 -44 52 -25 -53 -2 -56 -1 -58 -5 -21 -27 -28
right_child=1 2 3 4 5 -7 8 -9 21 11 -12 12 18 14 15 -17 19 -19 -20 59 -22 -23 23 51 -26 26 27 28 31 -31 -32 32 36 34 37 -37 -38 -39 -40 -41 -42 44 50 -45 45 -47 -48 -49 -50 -51 -52 53 -54 -55 55 -57 57 -59 -60 -61 -62 -63
leaf_value=-0.0076545889829100176 0.014539801259115316 1.0086622170507908 0.38821529090404511 0.0004330091360138684 0.040720041096210483 1.2104245212674141 0.18607627407958111 0.46105321401204818 -0.01042087160050869 -0.41786641023225252 1.3913979616857344 -0.044416996422741155 0.31023074686527252 0.19970964452340489 1.5355074426223494 0.42140074413398221 -0.55069922440010932 0.17507854313463778 -0.35232561282489616 -0.21367418118394338 -0.56847078127245754 -0.13148639028271039 -0.0090583207695905509 0.37443841221845814 0.346072802990675 -0.0094958743755031369 -0.03329591678947294 -0.10892138183116913 -0.16978367091327604 -0.11860973838422645 0.89394374393128073 -0.13445085734749834 0.0014041446514573754 0.11140609696507453 0.86808821663937796 1.6865939931869507 0.42686962196842226 -0.2563346914269708 0.026318277666966122 -0.54594979053735737 0.597338308160419 0.24443640900919072 -0.14472959615290165 -0.37812303374879641 -0.032320674640290877 0.55408740108077592 -0.35784477606415749 -0.35635652310318422 0.50238473434888176 0.24091003338495889 -0.60943346487151251 0.21215884356449047 -0.12619047686457635 0.70823888659477241 0.3976181298494339 -0.10176910739764572 -0.013915838684456852 0.42567351101474327 -0.3382980848161074 0.17644138918681579 0.0088906889532224115 -0.35545485005492261
leaf_weight=42073 1534 25 20 41 22 20 24 39 45 27 31 36 22 21 29 29 29 37 23 26 31 72 58 27 40 7698 89 21 98 38 37 60 51 20 22 25 39 22 24 25 33 26 20 52 34 37 30 27 21 27 27 24 24 20 38 25 26 22 26 22 17304 21
leaf_count=42073 1534 25 20 41 22 20 24 39 45 27 31 36 22 21 29 29 29 37 23 26 31 72 58 27 40 7698 89 21 98 38 37 60 51 20 22 25 39 22 24 25 33 26 20 52 34 37 30 27 21 27 27 24 24 20 38 25 26 22 26 22 17304 21
internal_value=0.000298089 0.0794016 0.185604 0.156704 0.197485 0.597722 0.168148 -0.0614563 0.240295 0.361511 0.865439 0.237778 0.362918 0.516045 0.771446 0.978454 -0.101854 -0.0750701 -0.0284092 -0.229144 -0.269394 0.024885 0.0346753 0.168709 0.157341 -0.00259292 0.00526854 0.0603212 0.118742 0.356539 0.554953 0.0664834 0.161101 0.284604 0.51755 0.98651 -0.0191954 0.207209 0.428904 -0.0610608 0.322682 -0.00718429 -0.196711 -0.138866 0.118286 0.273272 -0.0782142 -0.060123 0.000932756 -0.0179595 -0.411687 0.277241 0.138848 0.43765 0.0218343 0.199449 -0.00743212 0.187563 -0.131015 -0.0348712 0.00322955 -0.094799
internal_weight=70536 2487 737 712 615 42 573 137 436 279 55 224 160 115 79 58 97 64 45 77 98 157 1750 153 85 68049 25928 926 716 129 91 587 337 200 113 45 137 68 46 250 54 225 98 210 127 71 56 158 131 87 47 95 51 44 1597 63 42121 48 67 48 25002 110
internal_count=70536 2487 737 712 615 42 573 137 436 279 55 224 160 115 79 58 97 64 45 77 98 157 1750 153 85 68049 25928 926 716 129 91 587 337 200 113 45 137 68 46 250 54 225 98 210 127 71 56 158 131 87 47 95 51 44 1597 63 42121 48 67 48 25002 110
is_linear=0
shrinkage=0.05


Tree=53
num_leaves=63
num_cat=0
split_feature=113 12 114 114 111 14 114 43 114 100 42 100 109 114 94 100 114 100 69 100 54 100 77 114 14 42 99 113 104 87 41 100 14 100 52 100 71 100 111 42 114 100 114 54 100 84 52 113 16 57 43 52 77 107 43 52 113 16 100 100 102 114
split_gain=5823.23 4264.61 6328.43 2710.19 2606.83 3426.55 5373.47 4109.78 6280.07 7094.53 4934.87 5395.75 3059.24 2184.4 1946.81 2172.9 2631.74 4017.04 1464.15 1173.91 1119.54 1087.33 1837.46 1145.58 1011.23 1593.91 975.321 1088.68 3008.32 2065.81 5485.12 7736.97 2367.87 3901.42 8788.34 5690.66 2697.2 2474.09 2750.09 2822.38 4698.4 4660.66 2608.68 6103.83 1628.22 1534.61 1857.53 1351.07 1008.87 902.037 961.94 991.963 844.874 820.572 792.552 784.349 746.936 1379.77 730.833 2070.66 1056.03 833.378
threshold=4.5000000000000009 1.0000000180025095e-35 10.500000000000002 13.500000000000002 2.5000000000000004 2.0000000000000004 19.500000000000004 2.0000000000000004 15.500000000000002 2015.5000000000002 2.0000000000000004 2015.5000000000002 98.500000000000014 11.500000000000002 2.0000000000000004 2012.5000000000002 18.500000000000004 2015.5000000000002 3.0000000000000004 2016.5000000000002 2.0000000000000004 2012.5000000000002 2.5000000000000004 15.500000000000002 2.0000000000000004 2.0000000000000004 3.0000000000000004 2.5000000000000004 1.0000000180025095e-35 1.0000000180025095e-35 3.5000000000000004 2018.5000000000002 2.0000000000000004 2018.5000000000002 3.0000000000000004 2015.5000000000002 3.0000000000000004 2016.5000000000002 1.0000000180025095e-35 2.0000000000000004 11.500000000000002 2024.5000000000002 13.500000000000002 2.0000000000000004 2022.5000000000002 1.0000000180025095e-35 3.0000000000000004 3.5000000000000004 4.5000000000000009 4.0000000000000009 2.0000000000000004 3.0000000000000004 2.5000000000000004 96.500000000000014 2.0000000000000004 3.0000000000000004 6.5000000000000009 3.5000000000000004 2014.5000000000002 2017.5000000000002 1.0000000180025095e-35 19.500000000000004
decision_type=2 2 2 2 10 2 2 2 2 2 2 2 8 2 2 2 2 2 2 2 2 2 2 2 2 2 2 2 2 2 2 2 2 2 2 2 2 2 10 2 2 2 2 2 2 2 2 2 2 2 2 2 2 10 2 2 2 2 2 2 2 2
left_child=26 21 -3 13 5 6 18 8 9 -7 14 -12 -6 -4 -10 -16 17 -17 20 -9 55 22 -2 -24 -15 -26 -1 28 -28 58 32 -32 33 34 -31 -36 37 45 39 40 -39 42 -42 -44 48 -34 -47 -35 49 -38 51 -51 -49 -30 -25 -5 -23 -58 -29 61 -61 -60
right_child=1 2 3 4 12 7 -8 19 10 -11 11 -13 -14 24 15 16 -18 -19 -20 -21 -22 56 23 54 25 -27 27 29 53 30 31 -33 36 47 35 -37 44 38 -40 -41 41 -43 43 -45 -46 46 -48 52 -50 50 -52 -53 -54 -55 -56 -57 57 -59 59 60 -62 -63
leaf_value=-0.011289405617471989 -0.05252163979362269 0.95822908341884616 0.36880448773503305 -0.040981840491294864 0.12027925834059716 1.32182804449882 0.43800055384635928 -0.12491207155916427 -0.34700212138039727 0.17677249275147916 1.2057706802772978 0.13406578406043676 0.97470592162148528 -0.52358223795890813 -0.15741574790042182 1.047480516542088 0.046323817675230937 0.18038637155002696 -0.54004723891135187 0.14947381409432958 0.15822918372957603 0.013812811523426999 0.065449657189575114 0.56455142207634756 -0.30474733535099674 0.2492702600359917 0.5953085751760574 -0.0030129767360473525 -0.0035522471369079985 -0.41786806129273918 1.2225652889162302 -0.03426852735380332 0.25647049776237946 0.22056380772107356 0.37184745641173544 1.3483569626808167 -0.29460068453441968 -0.19044437301345171 -0.22631243165280368 -0.080344917829714577 1.1781314888596535 -0.028027227800339463 0.10217941771996648 1.0394249266711995 -0.48378003366065753 -0.52382324288288762 -0.047007069108076394 0.0701575307619004 -0.39053072089498697 0.16693533375149683 0.29376276761678788 -0.31349562840028244 -0.34059203295938434 0.24975957032293084 0.1774162781238556 -0.46494714105501772 -0.033627261526205321 0.43488993495702744 0.096706217266530226 0.065783200403864983 0.0040159143025940728 0.27931514518956341
leaf_weight=21439 61 25 20 20 20 31 39 72 21 24 24 23 22 20 39 22 61 34 31 85 23 1534 33 39 37 20 21 5900 34366 21 25 24 23 37 37 25 22 32 37 51 20 32 38 32 33 30 64 21 22 21 29 22 31 32 20 24 33 30 314 823 4347 78
leaf_count=21439 61 25 20 20 20 31 39 72 21 24 24 23 22 20 39 22 61 34 31 85 23 1534 33 39 37 20 21 5900 34366 21 25 24 23 37 37 25 22 32 37 51 20 32 38 32 33 30 64 21 22 21 29 22 31 32 20 24 33 30 314 823 4347 78
internal_value=0.000283185 0.0754315 0.176324 0.148869 0.187611 0.159741 -0.0583835 0.22828 0.343435 0.822167 0.225889 0.681319 0.567836 -0.0967608 0.104956 0.165796 0.273534 0.52103 -0.255924 0.0236408 -0.124464 0.0329415 0.160274 0.301366 -0.217687 -0.110355 -0.00246328 0.00159644 -0.00295136 0.0144363 0.0960497 0.606973 0.0592332 0.219581 0.466169 0.765601 0.00494233 0.0791657 0.170433 0.242041 0.348805 0.490247 0.674523 0.530635 -0.173891 -0.10961 -0.199182 -0.0103841 -0.085733 -0.0143974 0.0712203 -0.0788666 -0.174712 -0.00331659 0.433319 -0.272236 0.0207425 0.189476 0.00924555 0.022249 0.0138485 0.133042
internal_weight=70536 2487 737 712 615 573 137 436 279 55 224 47 42 97 177 156 117 56 98 157 67 1750 153 92 77 57 68049 46610 34419 12191 729 49 680 172 83 62 508 359 242 205 154 122 90 70 149 117 94 89 116 94 72 43 52 34398 59 44 1597 63 11462 5562 5170 392
internal_count=70536 2487 737 712 615 573 137 436 279 55 224 47 42 97 177 156 117 56 98 157 67 1750 153 92 77 57 68049 46610 34419 12191 729 49 680 172 83 62 508 359 242 205 154 122 90 70 149 117 94 89 116 94 72 43 52 34398 59 44 1597 63 11462 5562 5170 392
is_linear=0
shrinkage=0.05


Tree=54
num_leaves=63
num_cat=0
split_feature=113 58 114 17 101 114 87 63 76 55 40 70 113 74 14 113 44 74 40 28 70 74 114 87 28 61 47 87 114 14 16 104 113 87 40 77 65 113 8 41 21 44 48 101 101 63 101 55 101 70 8 68 114 68 52 77 101 67 8 54 87 87
split_gain=5255.46 3492.32 5064.5 8623.66 2930.91 4802.19 5167.5 3540.04 2826.86 1984.41 6136.29 7060.9 1673.06 3824.49 2061.66 1010 2260.02 2272.74 2582.18 1929.84 2090.41 3195.61 4990.06 1818.89 1713.45 1412.85 1464.45 2062.39 1428.14 1332.37 939.447 908.372 978.474 1237.51 3548.02 5088.35 5437.49 7697.84 8074.11 4543.43 3406.38 3206.49 7106.92 2226.71 2084.65 1834.83 2729.48 1966.55 1851.52 3684.36 1832.26 1787.91 1372.76 1323.63 1178.67 1093.53 1028.77 1010.11 900.136 1198.01 2786.48 1432.48
threshold=4.5000000000000009 3.0000000000000004 8.5000000000000018 3.0000000000000004 14.500000000000002 17.500000000000004 1.0000000180025095e-35 2.5000000000000004 3.5000000000000004 3.0000000000000004 3.5000000000000004 2.0000000000000004 6.5000000000000009 2.5000000000000004 2.0000000000000004 5.5000000000000009 2.0000000000000004 2.5000000000000004 3.5000000000000004 2.0000000000000004 2.0000000000000004 2.5000000000000004 18.500000000000004 1.0000000180025095e-35 2.0000000000000004 1.5000000000000002 2.0000000000000004 1.0000000180025095e-35 15.500000000000002 4.0000000000000009 3.5000000000000004 7.5000000000000009 1.5000000000000002 1.0000000180025095e-35 3.5000000000000004 2.5000000000000004 2.0000000000000004 3.5000000000000004 2.0000000000000004 3.5000000000000004 2.5000000000000004 2.0000000000000004 3.0000000000000004 11.500000000000002 13.500000000000002 2.5000000000000004 9.5000000000000018 3.0000000000000004 4.5000000000000009 2.0000000000000004 2.0000000000000004 2.0000000000000004 13.500000000000002 2.0000000000000004 3.0000000000000004 2.5000000000000004 11.500000000000002 2.5000000000000004 2.0000000000000004 2.0000000000000004 1.0000000180025095e-35 1.0000000180025095e-35
decision_type=2 2 2 2 2 2 2 2 2 2 2 2 2 2 2 2 2 2 2 2 2 2 2 2 2 2 2 2 2 2 2 2 2 2 2 2 2 2 2 2 2 2 2 2 2 2 2 2 2 2 2 2 2 2 2 2 2 2 2 2 2 2
left_child=31 58 3 -3 8 7 -7 -6 9 10 11 -4 14 -14 -10 19 17 24 -19 25 21 22 23 -21 -17 -11 27 -27 -28 -22 -29 -1 -33 -34 44 40 39 -38 -39 41 43 52 -43 -36 45 48 47 -47 49 -35 54 -49 -37 -54 -42 -53 -48 -55 -2 60 -60 -61
right_child=1 2 4 -5 5 6 -8 -9 12 15 -12 -13 13 -15 -16 16 -18 18 -20 20 29 -23 -24 -25 -26 26 28 30 -30 -31 -32 32 33 34 35 36 37 38 -40 -41 50 42 -44 -45 -46 46 56 51 -50 -51 -52 55 53 57 -56 -57 -58 -59 59 61 -62 -63
leaf_value=-0.0068724925617747977 -0.053061607619652187 0.039235098872865949 1.1719505745353123 1.3796063768012186 0.50918590189949442 0.28159409335681368 1.2463698160389196 -0.21204589236041774 -0.23589756016929947 0.34544911485910418 -0.10666768028445187 0.081674075126647955 -0.11788333851099014 0.7860249870202759 0.026454643829577212 0.7958552918013404 -0.062835244617114469 -0.17147003733552993 0.50672721755504602 0.22626775190234186 -0.34151692268523304 0.75726667679555248 0.81731032157937689 -0.3511945003271103 0.22142446324938822 0.028907101601362228 -0.1193656966686249 -0.55271585913641119 0.38163930290576187 0.15785622716169148 -0.18383829197949833 -0.0098092703496087466 0.0085034667233825269 0.66814614512026316 0.024646906776631134 0.22208574761946998 0.034547437444843093 1.7926603107225327 0.43662805181482567 0.72543165068472593 -0.69022455414136252 0.9342124297682729 -0.29985092848539358 0.61658533718436959 -0.44305575388173263 -0.68152695357799531 0.45733483159406624 0.12313470869529537 -0.017169968030518956 -0.14649610493494117 -0.02088081698332514 -0.055372202735055581 0.10249739262987585 -0.45398007056461903 -0.21652960201789595 -0.42476076542162428 0.015924369265099592 -0.055935659020074781 0.038133431215738429 0.037154908888041974 0.52960882302787571 -0.36798557644089064
leaf_weight=42121 519 28 33 21 27 35 23 46 84 25 42 27 25 22 690 34 48 32 25 25 22 32 21 30 21 94 25 28 33 34 45 7782 17304 35 47 33 29 21 23 31 24 28 20 24 30 20 22 41 90 23 56 33 34 37 29 51 33 28 145 80 36 30
leaf_count=42121 519 28 33 21 27 35 23 46 84 25 42 27 25 22 690 34 48 32 25 25 22 32 21 30 21 94 25 28 33 34 45 7782 17304 35 47 33 29 21 23 31 24 28 20 24 30 20 22 41 90 23 56 33 34 37 29 51 33 28 145 80 36 30
internal_value=0.000269025 0.07166 0.112838 0.61368 0.0977634 0.324551 0.664178 0.0547111 0.0779176 0.153637 0.356858 0.681326 0.015571 0.305223 -0.00201769 0.117525 0.224213 0.347233 0.125985 0.0762931 0.209577 0.33812 0.161637 -0.0887117 0.576527 -0.0111413 -0.0507624 -0.125937 0.165689 -0.0383261 -0.325326 -0.00234011 0.00502291 0.0113838 0.0705768 0.163216 0.295034 0.666989 1.08383 0.166349 -0.0447646 0.0700623 0.420019 0.224739 -0.0431389 -0.00866328 -0.107426 -0.221187 0.1248 0.345098 -0.220313 -0.147532 -0.0571948 -0.150288 -0.431033 -0.279644 0.192489 -0.282515 -0.0135937 0.0567976 0.135885 -0.073338
internal_weight=70536 2487 1677 49 1628 131 58 73 1497 676 102 60 821 47 774 574 160 112 57 414 164 108 76 55 55 250 225 167 58 56 73 68049 25928 18146 842 464 284 73 44 211 180 180 48 71 378 348 200 145 148 58 109 125 132 99 53 84 55 65 810 291 181 110
internal_count=70536 2487 1677 49 1628 131 58 73 1497 676 102 60 821 47 774 574 160 112 57 414 164 108 76 55 55 250 225 167 58 56 73 68049 25928 18146 842 464 284 73 44 211 180 180 48 71 378 348 200 145 148 58 109 125 132 99 53 84 55 65 810 291 181 110
is_linear=0
shrinkage=0.05


Tree=55
num_leaves=63
num_cat=0
split_feature=113 12 98 46 65 114 28 113 97 114 43 16 112 17 65 114 100 40 77 114 114 65 113 25 68 11 100 79 100 43 66 102 109 114 46 114 17 52 66 100 100 68 46 16 8 109 94 94 100 44 54 49 8 49 16 68 47 14 16 44 112 109
split_gain=4519.2 6441.94 4366.52 3235.63 5129.27 7497.65 4575.82 6584.06 4340.32 6406.6 27681.3 3755.07 2881.85 3091.92 4334.22 28504.6 5603.11 5634.98 4057.55 5039.74 3022.11 3524.24 2979.09 2586.92 1997.14 1897.75 1827.29 2088.3 2694.73 1610.98 1474.04 2702.5 3513.41 1909.2 1392.65 1358.96 1840.8 1741.25 1298.41 1265.26 1755.51 1996.32 1068.3 1162.34 1042.46 1039.04 961.918 2687.06 3006.84 1824.97 2484.89 1423.89 959.556 935.046 918.485 906.577 2718.01 1140.67 1331.08 862.199 790.605 819.721
threshold=3.5000000000000004 1.0000000180025095e-35 1.0000000180025095e-35 2.0000000000000004 2.0000000000000004 18.500000000000004 2.0000000000000004 4.5000000000000009 1.5000000000000002 11.500000000000002 2.0000000000000004 3.5000000000000004 1.0000000180025095e-35 3.0000000000000004 2.0000000000000004 16.500000000000004 2017.5000000000002 3.5000000000000004 2.5000000000000004 18.500000000000004 15.500000000000002 2.0000000000000004 4.5000000000000009 2.5000000000000004 2.0000000000000004 2.0000000000000004 2017.5000000000002 2.0000000000000004 2018.5000000000002 2.0000000000000004 2.0000000000000004 1.0000000180025095e-35 73.500000000000014 11.500000000000002 2.0000000000000004 15.500000000000002 3.0000000000000004 3.0000000000000004 2.0000000000000004 2014.5000000000002 2018.5000000000002 2.0000000000000004 2.0000000000000004 3.5000000000000004 2.0000000000000004 35.500000000000007 2.0000000000000004 4.0000000000000009 2023.5000000000002 2.0000000000000004 2.0000000000000004 4.0000000000000009 2.0000000000000004 4.0000000000000009 3.5000000000000004 2.0000000000000004 2.0000000000000004 4.0000000000000009 3.5000000000000004 2.0000000000000004 1.0000000180025095e-35 175.50000000000003
decision_type=2 2 2 2 2 2 2 2 2 2 2 2 10 2 2 2 2 2 2 2 2 2 2 2 2 2 2 2 2 2 2 2 10 2 2 2 2 2 2 2 2 2 2 2 2 10 2 2 2 2 2 2 2 2 2 2 2 2 2 2 10 10
left_child=45 30 3 8 26 6 7 -6 9 10 -3 -10 13 14 16 -16 17 24 -19 -20 23 22 -22 -15 -11 -24 35 29 -29 -28 -2 32 33 -32 -35 37 53 -5 -18 -33 41 42 -41 -44 -40 -1 -42 48 49 50 51 -48 -27 -37 -51 56 -30 -57 -59 -60 -47 -62
right_child=1 2 -4 4 5 -7 -8 -9 11 12 -12 -13 -14 20 15 -17 38 18 19 -21 21 -23 25 -25 -26 52 27 28 55 -31 31 39 -34 34 -36 36 -38 -39 44 40 46 -43 43 -45 -46 60 47 -49 -50 54 -52 -53 -54 -55 -56 57 -58 58 59 -61 61 -63
leaf_value=-0.0060475093990585184 -0.010059505820165611 -0.4470353301614523 0.79520702797174458 0.38565389902695368 1.0663371443748475 1.0032502282050348 -0.29647076062858108 -0.098919502011051888 0.28252455443143848 0.41075755121807261 2.0337809052480305 -0.49321622145481597 -0.37428667714508873 0.36175688524609029 1.9010290113942965 -0.21345364217319199 -0.37619813172905536 0.19464431490216938 0.53778413560079497 1.6230330789089202 0.75377278555716787 -0.240027411878109 0.47693056213772955 -0.23828969652332913 -0.2011771481235822 -0.22665628187387485 -0.39276823371648795 0.62952268077400131 0.57371033774367697 0.087443595163283816 0.022717934319128594 -0.01063987804150183 0.84983913689851764 0.55849834249207853 0.065550873363795489 -0.62259864597157999 -0.062535638352439027 -0.16287521651157966 0.27643991989585071 0.14564699920526933 -0.015675799135406641 0.070611488719732163 0.31561868015456174 0.76536385875195267 -0.16323367559484073 0.0033680331035834937 0.6518666881729257 0.0052712967351120467 -0.019019743345859576 0.3595264439781507 0.95571141923251357 0.13562685895492049 0.22528759020826092 -0.23344028098829864 -0.065585734667601411 -0.36350440919399263 -0.076721775832508388 -0.23440751284360886 0.055192653191360568 0.45112621568143374 0.035893146253126194 0.34263865785165271
leaf_weight=55815 2792 22 25 23 22 31 40 27 26 24 23 39 21 23 28 37 27 21 23 20 35 30 36 82 30 24 40 24 29 31 108 1227 20 38 23 33 67 39 26 53 634 253 51 20 28 5383 22 494 82 24 23 34 23 29 27 20 36 28 44 20 2174 22
leaf_count=55815 2792 22 25 23 22 31 40 27 26 24 23 39 21 23 28 37 27 21 23 20 35 30 36 82 30 24 40 24 29 31 108 1227 20 38 23 33 67 39 26 53 634 253 51 20 28 5383 22 494 82 24 23 34 23 29 27 20 36 28 44 20 2174 22
internal_value=0.000569667 0.0381627 0.14102 0.127734 0.0422722 0.333588 0.100334 0.424257 0.204624 0.247832 0.820937 -0.18292 0.199896 0.223218 0.342919 0.6974 0.227134 0.44695 0.764332 1.04255 0.0983132 0.243869 0.366893 -0.106851 0.0707938 0.203751 -0.0332307 0.0500062 0.132347 -0.183098 0.0163586 0.0399014 0.22318 0.149019 0.372633 -0.151767 -0.244228 0.0406114 -0.093092 0.0281353 0.0558447 0.151161 0.315509 0.442307 0.048461 -0.00368871 0.029028 0.0691728 0.218075 0.367627 0.518149 0.338435 -0.00549226 -0.440573 0.134467 0.0649329 0.213471 -0.0212723 0.053126 0.178922 0.0136825 0.0389662
internal_weight=70575 7181 1256 1231 583 120 89 49 648 583 45 65 538 517 264 65 199 118 64 43 253 148 118 105 54 83 463 272 201 71 5925 3133 189 169 61 191 129 62 81 2944 1717 377 124 71 54 63394 1340 706 212 130 79 56 47 62 51 177 65 112 92 64 7579 2196
internal_count=70575 7181 1256 1231 583 120 89 49 648 583 45 65 538 517 264 65 199 118 64 43 253 148 118 105 54 83 463 272 201 71 5925 3133 189 169 61 191 129 62 81 2944 1717 377 124 71 54 63394 1340 706 212 130 79 56 47 62 51 177 65 112 92 64 7579 2196
is_linear=0
shrinkage=0.05


Tree=56
num_leaves=63
num_cat=0
split_feature=113 87 70 100 55 72 113 66 16 100 57 100 66 100 72 54 43 114 44 48 100 46 114 66 79 42 49 8 113 100 66 54 8 66 102 110 114 42 11 100 100 67 28 100 57 14 18 114 44 100 111 43 14 54 16 11 109 62 100 70 11 22
split_gain=4078.58 5569.71 5878.33 7521.29 8929.11 15962.1 7477.19 3780.86 3536.54 5418 10752.7 3087.82 3073.77 1898.08 2231.13 9143.17 3471.18 5494.67 5597.34 4678.6 6445.37 1910.7 1710.65 2409.55 3551.3 3476.42 2594.88 2154.44 1522.33 1387.86 1715.57 2037.2 1385.12 1381.83 2382.31 3342.34 1648.65 1460.99 1148.92 1139.8 1496.94 1508.05 1611.29 1070.86 978.26 1328.57 1261 1481.55 2174.62 1197.99 1393.65 1215.04 2350.5 1231.29 969.976 1004 937.73 835.727 799.648 796.172 737.933 1008.21
threshold=3.5000000000000004 1.0000000180025095e-35 2.0000000000000004 2014.5000000000002 3.0000000000000004 3.5000000000000004 4.5000000000000009 2.0000000000000004 4.5000000000000009 2011.5000000000002 4.0000000000000009 2015.5000000000002 2.0000000000000004 2024.5000000000002 3.5000000000000004 2.0000000000000004 2.0000000000000004 16.500000000000004 2.0000000000000004 3.0000000000000004 2018.5000000000002 2.0000000000000004 11.500000000000002 2.0000000000000004 2.0000000000000004 2.0000000000000004 4.0000000000000009 2.0000000000000004 4.5000000000000009 2012.5000000000002 2.0000000000000004 2.0000000000000004 2.0000000000000004 2.0000000000000004 1.0000000180025095e-35 61.250000000000007 11.500000000000002 2.0000000000000004 2.0000000000000004 2014.5000000000002 2018.5000000000002 2.5000000000000004 2.0000000000000004 2017.5000000000002 4.0000000000000009 2.0000000000000004 1.5000000000000002 8.5000000000000018 2.0000000000000004 2023.5000000000002 3.5000000000000004 2.0000000000000004 4.0000000000000009 2.0000000000000004 3.5000000000000004 2.0000000000000004 35.500000000000007 2.5000000000000004 2017.5000000000002 2.0000000000000004 2.0000000000000004 3.0000000000000004
decision_type=2 2 2 2 2 2 2 2 2 2 2 2 2 2 2 2 2 2 2 2 2 2 2 2 2 2 2 2 2 2 2 2 2 2 2 10 2 2 2 2 2 2 2 2 2 2 2 2 2 2 10 2 2 2 2 2 10 2 2 2 2 2
left_child=56 33 3 8 5 -5 -7 11 9 10 -3 -6 -10 14 15 21 17 19 43 20 -16 -9 -4 24 -24 26 -25 -26 -29 -11 -31 -32 -27 -2 35 36 -35 -38 -34 -36 41 42 -41 -19 -42 -46 47 48 -47 50 51 52 -49 -54 55 -44 -1 -13 -18 -43 61 -51
right_child=1 2 22 4 7 6 -8 13 12 29 -12 57 -14 -15 16 -17 58 18 -20 -21 -22 -23 23 25 27 32 -28 28 -30 30 31 -33 38 34 39 -37 37 -39 -40 40 44 59 54 -45 45 46 -48 49 -50 60 -52 -53 53 -55 -56 -57 -58 -59 -60 -61 -62 -63
leaf_value=-0.0057451339517903691 -0.008987381243942931 -0.21359023253122966 -0.32518357269111137 -0.25146482793184427 0.52710627628409346 0.69188247572991157 1.8088360726833344 0.38592969539665406 -0.063781373628548216 -0.31526649410525964 1.1848673173625555 -0.2032063808341821 -0.87536305785179147 -0.042342513887155236 1.6953211444616318 1.1808496601465677 -0.28352849721908568 -0.5126110723614693 0.66049200935023178 0.16840906637907027 0.51106420258680985 -0.24090836971998214 0.60164319045013848 0.6148077763447708 -0.20172338831739933 -0.44139688004881655 -0.011048525015809644 -0.0019024949382852624 0.54539337313423564 -0.19063170558335829 -0.068895924974370887 0.57146705440852952 -0.34299363169286934 0.022418157209496983 -0.0084935186344041094 0.82223416864871979 0.12898496816701749 0.62163302458960701 0.086713510240827296 0.11322079605396305 -0.024600001287077553 -0.10727164894342422 0.42710407497577885 -0.021750810265541078 -0.14612620808716334 0.58956750657510115 -0.04746311816806887 0.64764368482998447 -0.00059188393944943401 0.023195826430474561 -0.0066511598141754382 0.067075500419398526 0.061097511782860152 0.37894752517342573 0.62786951347325859 0.05022392173608145 0.012998400769413308 0.098737657928105571 0.08950554190167026 0.17125260333220166 0.049403018285246458 -0.39900094224856453
leaf_weight=55815 2804 27 42 26 23 31 29 31 28 45 28 75 20 33 20 36 20 20 28 25 27 20 36 22 52 59 67 27 24 49 27 23 28 109 1238 20 34 27 35 175 518 75 43 25 70 37 153 35 27 31 119 106 78 50 26 30 7579 33 51 39 119 26
leaf_count=55815 2804 27 42 26 23 31 29 31 28 45 28 75 20 33 20 36 20 20 28 25 27 20 36 22 52 59 67 27 24 49 27 23 28 109 1238 20 34 27 35 175 518 75 43 25 70 37 153 35 27 31 119 106 78 50 26 30 7579 33 51 39 119 26
internal_value=0.000541184 0.0362545 0.134958 0.212682 0.315143 0.783332 1.23174 0.228924 -0.0167133 0.0762058 0.498352 0.00107869 -0.40194 0.317757 0.356976 0.570761 0.270868 0.411125 0.105449 0.721047 1.015 0.140111 -0.0236629 0.0125196 0.174155 -0.0939609 0.143658 0.0247423 0.255649 -0.0850305 0.0196222 0.225671 -0.267305 0.0166094 0.0391442 0.210831 0.138901 0.347042 -0.104267 0.0282526 0.0541443 0.140835 0.204418 -0.239911 0.0295745 0.0625504 0.0812538 0.112613 0.340594 0.086743 0.135822 0.198849 0.284543 0.185258 0.365624 0.272222 -0.00350427 -0.110946 -0.0155745 -0.011987 -0.0214545 -0.169385
internal_weight=70575 7181 1192 800 553 86 60 467 247 199 55 131 48 336 303 87 216 145 73 72 47 51 392 350 139 211 89 103 51 144 99 50 122 5989 3185 190 170 61 63 2995 1757 388 274 45 1369 851 781 628 64 564 388 269 163 128 99 73 63394 108 71 114 176 57
internal_count=70575 7181 1192 800 553 86 60 467 247 199 55 131 48 336 303 87 216 145 73 72 47 51 392 350 139 211 89 103 51 144 99 50 122 5989 3185 190 170 61 63 2995 1757 388 274 45 1369 851 781 628 64 564 388 269 163 128 99 73 63394 108 71 114 176 57
is_linear=0
shrinkage=0.05


Tree=57
num_leaves=63
num_cat=0
split_feature=113 12 70 100 55 72 113 63 91 100 40 54 28 113 77 16 100 58 68 100 14 100 114 8 114 114 66 55 79 42 68 16 40 100 8 66 102 110 114 46 113 114 100 66 54 100 100 68 67 16 42 67 109 14 58 114 94 8 114 114 111 42
split_gain=3680.92 5259.58 5326.27 6020.78 8386.55 14405.8 6748.17 5454.41 8661.24 8902.45 13497.7 11806.5 6927.41 3648.63 5237.41 3538.52 4579.38 9267.64 3479.4 2579.19 2431.22 4414.56 3479.89 2216.03 1861.68 1541.77 2024.76 3162.76 2985.96 2887.6 2304.51 3539.25 1441.92 1263 1227.32 1201.1 2202.72 3006.21 1528.43 1471.86 1129.74 1115.4 1112.23 1144.96 1842.96 1033.97 1435.59 1776.78 2337.17 2002.16 947.27 871.634 849.544 847.02 902.452 1101.92 2935.9 926.819 1255.44 1960.96 1772.09 2460.85
threshold=3.5000000000000004 1.0000000180025095e-35 2.0000000000000004 2014.5000000000002 3.0000000000000004 3.5000000000000004 4.5000000000000009 2.5000000000000004 2.0000000000000004 2018.5000000000002 3.5000000000000004 2.0000000000000004 2.0000000000000004 5.5000000000000009 1.5000000000000002 4.5000000000000009 2011.5000000000002 3.0000000000000004 2.0000000000000004 2011.5000000000002 2.0000000000000004 2020.5000000000002 16.500000000000004 2.0000000000000004 16.500000000000004 11.500000000000002 2.0000000000000004 3.0000000000000004 2.0000000000000004 2.0000000000000004 2.0000000000000004 3.5000000000000004 3.5000000000000004 2022.5000000000002 2.0000000000000004 2.0000000000000004 1.0000000180025095e-35 61.250000000000007 11.500000000000002 2.0000000000000004 5.5000000000000009 16.500000000000004 2012.5000000000002 2.0000000000000004 2.0000000000000004 2014.5000000000002 2018.5000000000002 2.0000000000000004 2.5000000000000004 3.5000000000000004 2.0000000000000004 2.5000000000000004 33.500000000000007 2.0000000000000004 3.0000000000000004 8.5000000000000018 2.0000000000000004 2.0000000000000004 15.500000000000002 18.500000000000004 2.5000000000000004 2.0000000000000004
decision_type=2 2 2 2 2 2 2 2 2 2 2 2 2 2 2 2 2 2 2 2 2 2 2 2 2 2 2 2 2 2 2 2 2 2 2 2 2 10 2 2 2 2 2 2 2 2 2 2 2 2 2 2 10 2 2 2 2 2 2 2 10 2
left_child=52 35 3 15 5 -5 -7 20 9 10 18 12 -12 14 23 16 17 -3 -9 -17 -6 24 -23 -11 34 -4 28 -28 -27 33 51 -32 -16 41 -22 -2 37 38 -37 -40 -31 -29 -18 -44 -45 -38 47 48 49 50 -47 -30 -1 -48 -55 56 -56 -57 -59 60 61 -60
right_child=1 2 25 4 7 6 -8 8 -10 13 11 -13 -14 -15 32 19 42 -19 -20 -21 21 22 -24 -25 -26 26 27 29 30 40 31 -33 -34 -35 -36 36 45 -39 39 -41 -42 -43 43 44 -46 46 53 -49 -50 -51 -52 -53 -54 54 55 57 -58 58 59 -61 -62 -63
leaf_value=-0.0055570895519334862 -0.0091071614115597523 -0.21332857517095716 -0.30401067591467223 -0.2388915857443443 -0.35922887592743608 0.65728830675924987 1.7183942615857413 0.68931624123028357 -0.47423726240793862 0.76673544475010469 1.388895455247257 2.2152161663486845 0.11928986992154803 0.65483359495798754 -0.42554358989000324 -0.81670179277658461 -0.25296914046630264 1.076408580938975 -0.12477365612983704 -0.088418171098155363 -0.17909743568071954 0.11490320551263936 0.92194545167413633 0.10436689698177835 -0.41265290764470897 0.54717384476113962 -0.54919812352426589 -0.14553203869324466 -0.46418701047924432 -0.087830166683385252 -0.29312195740640162 0.53644925523549325 -0.0035010279305279254 0.5066722767772498 0.31674239461620651 0.021297250407824823 -0.0096832083087670107 0.78112246122211226 0.53772673503392276 0.032226055612166724 -0.4854597698558461 0.32221864759922031 -0.1305259830103471 -0.062289109753985564 0.51470438075065617 0.12260472899353184 -0.092111169530407475 0.060621384714211052 -0.054490095291818898 0.84164510003545068 0.50068392679095275 -0.032663357257843022 0.011707774102251191 -0.018130876773121779 -0.012504399766524633 -0.033665517257517937 0.60839951821800442 0.024976964545651126 0.70125226484404679 0.016663288610623401 0.024393015090496309 0.090241948429208546
leaf_weight=55213 2792 26 43 26 39 31 29 21 30 28 22 21 21 33 34 20 47 30 35 31 26 34 22 23 36 37 31 26 22 95 20 36 50 27 24 109 1227 20 36 24 22 25 52 31 25 37 136 253 35 22 30 25 8181 434 45 217 33 286 45 87 31 26
leaf_count=55213 2792 26 43 26 39 31 29 21 30 28 22 21 21 33 34 20 47 30 35 31 26 34 22 23 36 37 31 26 22 95 20 36 50 27 24 109 1227 20 36 24 22 25 52 31 25 37 136 253 35 22 30 25 8181 434 45 217 33 286 45 87 31 26
internal_value=0.000514125 0.0344418 0.127382 0.198931 0.288144 0.744165 1.17016 0.209551 0.334267 0.418486 0.747407 1.24344 0.768856 0.183542 0.068337 -0.000265413 0.0900733 0.477602 0.18051 -0.37402 -0.00956153 0.0864739 0.431956 0.46802 -0.138491 -0.0207905 0.012484 -0.0800767 0.161903 -0.00549844 0.0235052 0.240174 -0.174328 0.230151 0.0589057 0.0147401 0.0359918 0.201457 0.132858 0.335526 -0.162598 0.0837575 -0.0499371 0.0384194 0.195297 0.0253692 0.0504183 0.136613 0.291661 0.427787 0.291894 -0.234653 -0.00332906 0.026168 0.0395284 0.0720273 0.250186 0.0519458 0.0910567 0.19105 0.339792 0.477502
internal_weight=70575 7181 1256 847 585 86 60 499 318 288 120 64 43 168 135 262 211 56 56 51 181 142 56 51 86 409 366 226 140 195 103 56 84 78 50 5925 3133 189 169 60 117 51 155 108 56 2944 1717 377 124 89 67 47 63394 1340 1204 770 78 692 475 189 102 71
internal_count=70575 7181 1256 847 585 86 60 499 318 288 120 64 43 168 135 262 211 56 56 51 181 142 56 51 86 409 366 226 140 195 103 56 84 78 50 5925 3133 189 169 60 117 51 155 108 56 2944 1717 377 124 89 67 47 63394 1340 1204 770 78 692 475 189 102 71
is_linear=0
shrinkage=0.05


Tree=58
num_leaves=63
num_cat=0
split_feature=87 110 94 98 55 64 110 65 101 16 101 61 46 114 61 79 8 101 54 52 101 79 114 40 114 114 101 8 114 14 40 114 114 112 110 101 49 110 101 76 110 51 66 11 68 106 85 48 40 61 18 65 85 52 55 16 67 62 114 52 67 68
split_gain=2644.52 2951.44 2437.54 3709.93 2579.05 2326.59 2358.7 2512.32 7529.32 15337.7 4800.02 4746.11 5184.92 7975.5 3718.56 2925.87 3603.1 2705.79 4346.84 6539.05 4840.48 2200.36 2103.17 1362.45 1264.2 1409.6 2825.7 1625.35 1480.84 1351.67 1623.32 1167.41 1123.96 1104.7 1861.52 1072.62 1070.4 1397.22 1169.78 1632.45 1123.35 1056.97 1004.52 896.907 1894.56 1831.31 1749.27 1566.88 2020.23 874.253 977.44 1297.47 1020.39 1059.12 1406.05 1241.66 814.369 795.333 783.865 782.181 887.751 775.619
threshold=1.0000000180025095e-35 90.250000000000014 4.0000000000000009 1.0000000180025095e-35 3.0000000000000004 2.5000000000000004 61.250000000000007 2.0000000000000004 11.500000000000002 4.5000000000000009 8.5000000000000018 4.5000000000000009 2.0000000000000004 9.5000000000000018 1.5000000000000002 2.0000000000000004 2.0000000000000004 14.500000000000002 2.0000000000000004 3.0000000000000004 8.5000000000000018 2.0000000000000004 16.500000000000004 3.5000000000000004 18.500000000000004 14.500000000000002 8.5000000000000018 2.0000000000000004 11.500000000000002 2.0000000000000004 3.5000000000000004 16.500000000000004 17.500000000000004 1.0000000180025095e-35 52.250000000000007 2.5000000000000004 4.0000000000000009 162.50000000000003 8.5000000000000018 3.5000000000000004 62.750000000000007 2.5000000000000004 2.0000000000000004 2.0000000000000004 2.0000000000000004 1.0000000180025095e-35 4.0000000000000009 3.0000000000000004 3.5000000000000004 3.5000000000000004 1.0000000180025095e-35 2.0000000000000004 4.0000000000000009 3.0000000000000004 3.0000000000000004 4.5000000000000009 2.5000000000000004 2.5000000000000004 16.500000000000004 3.0000000000000004 2.5000000000000004 2.0000000000000004
decision_type=2 10 2 2 2 2 8 2 2 2 2 2 2 2 2 2 2 2 2 2 2 2 2 2 2 2 2 2 2 2 2 2 2 8 10 2 2 10 2 2 10 2 2 2 2 2 2 2 2 2 2 2 2 2 2 2 2 2 2 2 2 2
left_child=33 2 4 5 -2 6 -4 11 9 10 15 12 13 -8 -14 -9 -17 18 32 20 -20 -10 -18 -23 25 27 29 -16 -29 -27 -31 -28 41 -1 49 -13 38 -38 39 40 -36 -15 -34 44 45 -6 -46 48 -45 -35 51 -51 -53 -54 55 -55 -37 -26 -7 -43 -61 -21
right_child=1 -3 3 -5 43 58 7 8 21 -11 -12 35 14 17 24 16 22 -19 19 61 -22 23 -24 -25 57 26 31 28 -30 30 -32 -33 42 34 36 56 37 -39 -40 -41 -42 59 -44 47 46 -47 -48 -49 -50 50 -52 52 53 54 -56 -57 -58 -59 -60 60 -62 -63
leaf_value=-0.0086473473520957047 -0.41589200792736131 0.64557925488445023 -0.22870345458669483 0.67603257762061231 0.0027833388031770784 -0.07623471698977731 1.2314561580494048 -0.44323000193883977 0.28875166051089768 1.4297599627636375 0.75930569003025694 0.13898225995627317 0.5996712030276008 0.11934494424100606 -0.3115433954290654 0.66613772969979512 -0.39566136022719245 0.59459926562431542 0.35649697666659075 0.29280785085125405 1.2627793769423779 -0.58581182575838353 0.26627536689241732 -0.083165898746145633 -0.11915018125918919 0.053665315531767337 0.07018914674890453 -0.21619659506139302 0.35873370567957563 0.19213498532772066 0.82155375934782493 -0.39121139404865413 -0.036131795262917876 -0.0011927545879363368 0.79438527405261994 -0.38174109155578273 0.039360115374985384 0.46192355304956439 0.049841700908482861 0.047142660897225144 0.30375415403395895 -0.43031213098558885 0.38227875003447903 0.024054213547531299 -0.019328760574090071 0.47768462101618453 -0.4207608875398543 -0.092775631526654412 0.57756715254508895 0.028062222305419729 0.0047323155433945732 -0.01615139507157828 0.47863235545273008 0.15039742941206152 0.094239648530101028 0.6947368687391281 -0.12672982262053961 -0.44766737484821573 -0.50873757734894753 0.14840308864600957 -0.31186828098090535 -0.062380857239751258
leaf_weight=28854 38 21 53 27 609 22 20 24 20 32 30 22 23 31 57 26 24 39 34 22 26 26 24 28 58 26 29 21 24 20 21 26 32 31376 20 56 894 20 76 32 28 29 26 34 58 21 51 44 32 2099 4695 93 26 22 223 20 71 27 20 20 22 51
leaf_count=28854 38 21 53 27 609 22 20 24 20 32 30 22 23 31 57 26 24 39 34 22 26 26 24 28 58 26 29 21 24 20 21 26 32 31376 20 56 894 20 76 32 28 29 26 34 58 21 51 44 32 2099 4695 93 26 22 223 20 71 27 20 20 22 51
internal_value=0.000488419 0.0557972 0.0498312 0.0966266 -0.0128968 0.0831636 0.0968643 0.113036 0.257793 0.450677 0.205906 0.0723719 0.128075 0.261769 -0.0136722 0.0364979 0.192085 0.203354 0.151277 0.362508 0.749219 -0.159253 -0.064693 -0.325181 -0.0593256 0.00297376 0.117661 -0.134201 0.0904329 0.335681 0.51452 -0.147927 -0.0243086 -0.0012053 0.00421396 -0.18334 0.0692671 0.0486066 0.190316 0.323767 0.508184 -0.124239 0.151432 0.00514066 -0.0146867 0.0186134 -0.207155 0.138344 0.292424 0.00240852 0.0181502 0.0435215 0.128024 0.174101 0.144222 0.409607 -0.239176 -0.223503 -0.282188 -0.230593 -0.0926914 0.0446623
internal_weight=70575 2097 2076 1189 887 1162 1120 1067 234 160 128 833 684 352 332 98 74 332 293 133 60 74 48 54 309 224 122 102 45 67 41 55 160 68478 39624 149 1070 914 156 80 48 102 58 849 739 630 109 110 66 38554 7178 2483 384 291 265 42 127 85 42 71 42 73
internal_count=70575 2097 2076 1189 887 1162 1120 1067 234 160 128 833 684 352 332 98 74 332 293 133 60 74 48 54 309 224 122 102 45 67 41 55 160 68478 39624 149 1070 914 156 80 48 102 58 849 739 630 109 110 66 38554 7178 2483 384 291 265 42 127 85 42 71 42 73
is_linear=0
shrinkage=0.05


Tree=59
num_leaves=63
num_cat=0
split_feature=113 12 98 46 65 114 28 113 97 114 43 16 16 106 8 106 14 101 101 101 67 8 61 101 101 114 66 80 43 67 54 110 101 101 111 67 28 94 66 52 113 114 52 101 101 78 79 67 43 101 14 104 85 102 104 66 101 54 65 11 114 101
split_gain=3103.53 4460.28 3524.13 2359.72 4478.12 6748.31 4160.06 6057.69 3888.17 5782.95 24567.8 3226.16 2666.53 4866.23 4497.89 11972.9 8773.4 5203.73 4468.7 7999.34 7615.67 2985.39 1964.66 1634.65 1863.43 1397.2 2624.58 1315.41 1307.14 1233.44 1283.81 1096.04 1092.47 1439.05 2265.14 1308.55 1281.51 1877.93 1870.48 1490.62 925.579 984.172 2505.08 872.474 869.545 900.951 842.424 997.841 2385.73 1791.71 1391.57 814.898 3272.06 792.748 1917.43 3545.57 734.247 721.007 1362.43 1377.74 1820.98 808.878
threshold=3.5000000000000004 1.0000000180025095e-35 1.0000000180025095e-35 2.0000000000000004 2.0000000000000004 18.500000000000004 2.0000000000000004 4.5000000000000009 1.5000000000000002 11.500000000000002 2.0000000000000004 3.5000000000000004 3.5000000000000004 1.0000000180025095e-35 2.0000000000000004 1.0000000180025095e-35 4.0000000000000009 11.500000000000002 11.500000000000002 8.5000000000000018 2.5000000000000004 2.0000000000000004 1.5000000000000002 8.5000000000000018 7.5000000000000009 17.500000000000004 2.0000000000000004 3.5000000000000004 2.0000000000000004 2.5000000000000004 2.0000000000000004 34.250000000000007 11.500000000000002 7.5000000000000009 7.5000000000000009 2.5000000000000004 2.0000000000000004 4.0000000000000009 2.0000000000000004 3.0000000000000004 5.5000000000000009 15.500000000000002 3.0000000000000004 7.5000000000000009 12.500000000000002 1.0000000180025095e-35 2.0000000000000004 2.5000000000000004 2.0000000000000004 3.5000000000000004 2.0000000000000004 1.0000000180025095e-35 -1.4999999999999998 1.0000000180025095e-35 5.5000000000000009 2.0000000000000004 2.5000000000000004 2.0000000000000004 2.0000000000000004 2.0000000000000004 15.500000000000002 6.5000000000000009
decision_type=2 2 2 2 2 2 2 2 2 2 2 2 2 2 2 2 2 2 2 2 2 2 2 2 2 2 2 2 2 2 2 8 2 2 8 2 2 2 2 2 2 2 2 2 2 2 2 2 2 2 2 2 2 2 2 2 2 2 2 2 2 2
left_child=51 31 3 8 22 6 7 -6 9 10 -3 -10 13 18 15 16 -14 29 19 21 -21 28 -5 24 46 26 -18 -20 -11 30 -16 -2 33 53 -35 36 -36 38 -38 -40 41 -25 -43 -31 45 -34 -24 50 49 -49 -48 52 -1 54 -33 -56 -52 -55 -59 -60 -61 -62
right_child=1 2 -4 4 5 -7 -8 -9 11 12 -12 -13 14 -15 17 -17 25 -19 27 20 -22 -23 23 40 -26 -27 -28 -29 -30 43 -32 32 44 34 35 -37 37 -39 39 -41 -42 42 -44 -45 -46 -47 47 48 -50 -51 56 -53 -54 57 55 -57 -58 58 59 60 61 -63
leaf_value=-0.20125466498235861 -0.036017583444548217 -0.43821284472942357 0.70491081750392914 0.40224171467125419 1.0079281937711957 0.93980022707293109 -0.29515726238489154 -0.10977954825869314 0.23555013202130795 -0.5051567520946264 1.8989243516455527 -0.48348604478897195 0.90771993753072389 -0.43016650480066626 -0.6137064003944398 1.580998315413793 -0.23635193699349963 0.5882913451535362 0.071437212849422449 1.2798714596213718 0.10929714838663739 0.38485797312591347 -0.21099688192972771 -0.03721714834017413 0.35765199652739937 -0.32190028230349221 0.51109264972417257 -0.28795199512827158 0.028415144836022095 -0.15976906772702934 -0.076251779306679979 0.014035359603854325 0.027430058163763201 0.51755243145268082 0.077687330193170423 -0.020489961967545715 0.024973643344381583 -0.01438442362766517 0.22501129128716213 0.73973506543880863 0.10490580958127976 -0.60875474051350642 -0.11331394310180959 0.27117976105731467 0.053392206917038498 -0.04538671887334661 -0.40331612819874735 0.075943225845694545 -0.095432265991201776 0.73720141535713557 -0.19559391498565676 -0.0032437124873960065 0.52024014313338307 -0.0063249799719810457 0.067520622565196114 0.86136347658254886 0.19298586201283241 0.015832430737232586 0.0089084649487183639 0.10185119937360287 0.74773656725883486 0.31853195357890357
leaf_weight=30 941 22 25 24 22 31 40 27 26 24 23 39 37 43 20 21 24 35 53 33 24 31 52 49 35 27 23 49 22 24 25 130 675 33 236 177 23 38 22 39 25 42 65 23 549 1146 27 20 52 21 20 63331 33 1242 39 22 31 454 65 50 23 21
leaf_count=30 941 22 25 24 22 31 40 27 26 24 23 39 37 43 20 21 24 35 53 33 24 31 52 49 35 27 23 49 22 24 25 130 675 33 236 177 23 38 22 39 25 42 65 23 549 1146 27 20 52 21 20 63331 33 1242 39 22 31 454 65 50 23 21
internal_value=0.000463998 0.0316173 0.117204 0.105269 0.0322853 0.304482 0.0831919 0.392048 0.170931 0.211827 0.756324 -0.195872 0.166284 0.0590331 0.281816 0.486197 0.279072 0.0693894 0.148167 0.337991 0.786998 0.00560998 -0.0382625 -0.0623448 0.018468 -0.0352517 0.129419 -0.101211 -0.24997 -0.128019 -0.31512 0.0134743 0.0228186 0.0451084 0.115518 0.09072 0.145704 0.277276 0.409218 0.554097 -0.177536 -0.2228 -0.307786 0.0511208 -0.00176606 -0.0183953 -0.0347671 0.0188232 0.129437 0.414636 -0.113062 -0.00306492 0.176671 0.0255615 0.122554 0.353825 0.0406016 0.0155747 0.0599456 0.185904 0.308294 0.542889
internal_weight=70575 7181 1256 1231 583 120 89 49 648 583 45 65 538 279 259 132 111 127 236 134 57 77 463 439 258 74 47 102 46 92 45 5925 4984 2614 568 535 358 122 84 61 181 156 107 47 2370 1821 223 171 93 41 78 63394 63 2046 191 61 51 1855 613 159 94 44
internal_count=70575 7181 1256 1231 583 120 89 49 648 583 45 65 538 279 259 132 111 127 236 134 57 77 463 439 258 74 47 102 46 92 45 5925 4984 2614 568 535 358 122 84 61 181 156 107 47 2370 1821 223 171 93 41 78 63394 63 2046 191 61 51 1855 613 159 94 44
is_linear=0
shrinkage=0.05


Tree=60
num_leaves=63
num_cat=0
split_feature=113 101 63 77 12 16 14 114 61 12 114 46 55 114 94 94 65 28 12 16 87 14 47 62 114 63 77 19 101 56 114 28 99 104 97 55 54 40 113 87 87 49 114 43 62 16 114 16 113 111 87 41 65 14 63 114 101 114 55 68 67 16
split_gain=1857.16 2808.73 4301.6 8776.3 9262.3 2365.66 2023.2 3574.98 14408.8 1781.97 1326.32 3371.5 2187.81 1238.74 1103.64 990.504 1471.26 3431.19 6153.48 1765.75 1271.68 1171.97 3114.43 2738.68 1738.32 1703.12 1877.34 1339.77 1306.77 1082.43 937.909 887.788 810.412 1937.52 764.025 1053.84 1102.67 727.527 659.996 1325.64 1106.38 651.739 1755.27 753.461 639.796 980.247 630.725 618.651 607.538 946.119 1352.67 4781.14 6599.67 7855.68 4052.14 3568.74 2787.65 1169.27 4314.93 1832.99 2114.33 3463
threshold=4.5000000000000009 14.500000000000002 2.5000000000000004 2.5000000000000004 1.0000000180025095e-35 3.5000000000000004 2.0000000000000004 8.5000000000000018 3.5000000000000004 1.0000000180025095e-35 18.500000000000004 2.0000000000000004 3.0000000000000004 19.500000000000004 4.0000000000000009 2.0000000000000004 2.0000000000000004 2.0000000000000004 1.0000000180025095e-35 3.5000000000000004 1.0000000180025095e-35 4.0000000000000009 2.0000000000000004 2.5000000000000004 18.500000000000004 2.5000000000000004 2.5000000000000004 3.5000000000000004 11.500000000000002 3.0000000000000004 17.500000000000004 2.0000000000000004 3.0000000000000004 1.0000000180025095e-35 1.5000000000000002 3.0000000000000004 2.0000000000000004 3.5000000000000004 5.5000000000000009 1.0000000180025095e-35 1.0000000180025095e-35 4.0000000000000009 15.500000000000002 2.0000000000000004 2.5000000000000004 4.5000000000000009 17.500000000000004 4.5000000000000009 2.5000000000000004 4.5000000000000009 1.0000000180025095e-35 3.5000000000000004 2.0000000000000004 2.0000000000000004 2.5000000000000004 13.500000000000002 6.5000000000000009 14.500000000000002 3.0000000000000004 2.0000000000000004 2.5000000000000004 3.5000000000000004
decision_type=2 2 2 2 2 2 2 2 2 2 2 2 2 2 2 2 2 2 2 2 2 2 2 2 2 2 2 2 2 2 2 2 2 2 2 2 2 2 2 2 2 2 2 2 2 2 2 2 2 10 2 2 2 2 2 2 2 2 2 2 2 2
left_child=32 6 3 -3 -5 31 10 8 -8 30 12 14 -2 15 -12 29 21 20 19 -19 37 22 23 25 27 -17 -27 -23 -26 -9 -7 -4 -1 -34 35 36 -29 -18 40 -40 -31 42 43 -37 47 -46 -43 -15 -35 50 -50 52 57 -54 56 -56 -55 58 -52 -59 -61 -62
right_child=1 2 5 4 -6 9 7 13 -10 -11 11 -13 -14 44 -16 16 17 18 -20 -21 -22 24 -24 -25 28 26 -28 34 -30 38 -32 -33 33 48 -36 41 -38 -39 39 -41 -42 46 -44 -45 45 -47 -48 -49 49 -51 51 -53 53 54 55 -57 -58 59 -60 60 61 -63
leaf_value=-0.010573376610190782 -0.55762065003315608 -0.148122501985303 -0.037512331131177079 0.2867198842408305 1.7734351670742037 -0.16008902219208807 -0.060981458440130837 0.31720664477348332 1.4951812195990768 0.62239416201006292 0.088466734913262457 0.4628837566408846 -0.085648044460621492 -0.065118817600008663 -0.38861103971247324 0.12727733150124551 0.28468811245591835 -0.029803528923254746 1.1549221055074173 0.4459882896608458 -0.21899715690977045 0.44837526225019247 -0.32739002301047249 -0.028984686771505758 -0.39933617543883443 0.33147661613998936 0.99384077839229423 0.41833583138883113 0.065209648633996642 -0.025074208805076659 0.29655878135691521 -0.44074732462565108 0.3678545626915164 -0.0025293546115385942 0.24495812587832153 -0.27811543964173485 -0.054061686212108252 0.029108192012468472 -0.013765194848543261 0.39016532666153381 -0.32567565406070043 -0.026075675505704766 0.42664083710738593 0.10811148557279791 -0.020357304965976136 0.32172702869772912 -0.2524817297714097 -0.30770832300186157 0.014837146602961301 -0.0076874214725713048 -0.76308974707904076 0.68679631418781362 1.1541299752317942 0.98805817574262622 0.4509106057740393 -0.35400925591588023 0.15324516862630844 0.22030995746133147 -0.035106405383239024 -0.22918023080404462 -0.23316206184144203 0.39824218574569237
leaf_weight=21380 27 28 39 22 20 22 51 25 21 22 22 36 271 212 27 20 43 39 22 39 36 20 24 38 41 20 23 30 24 307 23 21 36 34195 38 23 21 79 82 27 34 254 28 28 129 25 35 30 7153 4553 23 32 26 20 21 40 20 93 177 87 39 49
leaf_count=21380 27 28 39 22 20 22 51 25 21 22 22 36 271 212 27 20 43 39 22 39 36 20 24 38 41 20 23 30 24 307 23 21 36 34195 38 23 21 79 82 27 34 254 28 28 129 25 35 30 7153 4553 23 32 26 20 21 40 20 93 177 87 39 49
internal_value=-0.000973039 0.0418131 0.222853 0.537559 0.99468 0.0493928 0.0259691 0.0474332 0.392899 0.253605 -0.0787175 0.095501 -0.128411 0.0335837 -0.174413 0.0556684 0.0858061 0.187197 0.416395 0.208092 0.0421344 0.0465876 0.184597 0.306257 0.0147588 0.508467 0.685764 0.0478135 -0.227812 -0.00302078 0.0733087 -0.178645 -0.00251461 0.0011856 0.0302834 0.0108141 0.223819 0.11919 -0.0208112 0.086291 -0.0550462 -0.0187056 0.108562 -0.0660693 -0.0444933 0.0351759 -0.0534951 -0.0951919 0.000901897 0.0104155 0.0210097 0.0914282 0.0594084 0.379072 0.179553 -0.0769057 0.570652 -0.027338 -0.118824 0.0409354 -0.0543893 0.118415
internal_weight=70392 2448 197 70 42 127 2251 1868 72 67 383 85 298 1796 49 1400 925 258 100 78 158 667 125 101 542 63 43 477 65 475 45 60 67944 46564 457 419 51 122 450 109 341 368 79 51 396 154 289 242 46528 12333 7780 627 595 127 101 61 40 468 200 268 175 88
internal_count=70392 2448 197 70 42 127 2251 1868 72 67 383 85 298 1796 49 1400 925 258 100 78 158 667 125 101 542 63 43 477 65 475 45 60 67944 46564 457 419 51 122 450 109 341 368 79 51 396 154 289 242 46528 12333 7780 627 595 127 101 61 40 468 200 268 175 88
is_linear=0
shrinkage=0.05


Tree=61
num_leaves=63
num_cat=0
split_feature=113 100 44 12 52 94 14 94 55 44 100 48 28 14 62 40 16 87 16 111 55 8 16 68 62 40 22 113 61 61 12 48 70 100 100 52 22 67 110 104 111 91 71 11 100 107 16 22 113 106 102 14 104 100 109 46 11 42 66 67 40 72
split_gain=1676.09 2534.88 4599.77 7295.84 5946.19 2026.6 1825.94 1730.95 3546.73 12429 4843.87 1730.48 1517.39 2042.54 1447.54 2111.71 1349.12 2058.35 1239.16 1226.05 2895.55 1188.46 1182.97 1968.7 1767.12 1239.58 909.211 1299.26 840.046 1371.83 1189.93 1117 1167.54 788.958 2656.2 4779.22 684.803 682.22 667.277 720.119 1139.69 629.259 2156.06 1024.65 705.731 615.099 589.21 569.157 525.8 515.895 499.359 537.46 1238.34 475.593 1119.86 873.302 475.333 765.477 926.055 436.316 487.675 425.959
threshold=4.5000000000000009 2011.5000000000002 2.0000000000000004 1.0000000180025095e-35 3.0000000000000004 4.0000000000000009 2.0000000000000004 2.0000000000000004 3.0000000000000004 2.0000000000000004 2015.5000000000002 3.0000000000000004 2.0000000000000004 4.0000000000000009 2.5000000000000004 3.5000000000000004 3.5000000000000004 1.0000000180025095e-35 3.5000000000000004 4.5000000000000009 3.0000000000000004 2.0000000000000004 4.5000000000000009 2.0000000000000004 2.5000000000000004 3.5000000000000004 3.0000000000000004 5.5000000000000009 2.5000000000000004 3.5000000000000004 1.0000000180025095e-35 3.0000000000000004 2.0000000000000004 2018.5000000000002 2014.5000000000002 3.0000000000000004 3.0000000000000004 2.5000000000000004 15.750000000000002 6.5000000000000009 7.5000000000000009 2.0000000000000004 3.0000000000000004 2.0000000000000004 2020.5000000000002 108.50000000000001 3.5000000000000004 3.0000000000000004 1.5000000000000002 1.0000000180025095e-35 1.0000000180025095e-35 2.0000000000000004 1.0000000180025095e-35 2017.5000000000002 106.50000000000001 2.0000000000000004 1.0000000180025095e-35 2.0000000000000004 2.0000000000000004 2.5000000000000004 3.5000000000000004 3.5000000000000004
decision_type=2 2 2 2 2 2 2 2 2 2 2 2 2 2 2 2 2 2 2 8 2 2 2 2 2 2 2 2 2 2 2 2 2 2 2 2 2 2 8 2 10 2 2 2 2 10 2 2 2 2 2 2 2 2 10 2 2 2 2 2 2 2
left_child=38 2 3 46 -5 -4 19 41 9 10 -9 -12 16 14 15 -14 33 -18 21 -3 -21 37 23 -20 25 -25 28 -28 -22 30 -30 32 -31 34 61 -36 -23 -15 -1 40 50 43 -43 44 56 48 -2 59 -41 -45 53 -52 -53 -40 -55 -56 57 -8 -59 60 -35 -10
right_child=1 6 5 4 -6 -7 7 8 12 -11 11 -13 13 18 -16 -17 17 -19 22 20 26 36 -24 24 -26 -27 27 -29 29 31 -32 -33 -34 47 35 -37 -38 -39 39 45 -42 42 -44 49 -46 -47 -48 -49 -50 -51 51 52 -54 54 55 -57 -58 58 -60 -61 -62 -63
leaf_value=-0.016210313391386216 -0.055100589313290343 0.28760116743770514 0.20911036187952217 1.254137072712183 0.21301191160455346 -0.40330496113747361 -0.027684446617814842 0.51185746694153011 -0.10014838474834789 1.1486655233811367 -0.5607038417756558 -0.0092102155145822161 0.91673623256385328 -0.058000084442588001 0.11326346955954647 0.24889796484133295 0.011116358429549458 -0.27735475760101425 0.67177777653155124 -0.50971466940092414 0.024264602086479122 0.020347298029810192 -0.066197672496373594 -0.36754246532917023 0.37041363316503439 0.18247333339282445 -0.060288490022759184 0.41207498597602055 -0.086983729816145383 -0.10002499551608646 -0.52353712917381046 -0.22735040270808071 0.3714294508099556 0.28487249041597046 0.97000594890635949 0.10441296454519033 0.32202056938409807 -0.36778644549625894 -0.0062805477366068138 -0.0053941155900158431 0.31896973166752751 0.41551973740844161 -0.1005588029921055 -0.082489233228432782 0.25108070492278783 0.24830003341731546 0.2100475251302123 -0.22631482936974084 0.0094869176679871423 -0.31561363445451629 -0.021110407181177543 0.35416613693038623 -0.0052586100633878006 0.014465869415607886 0.51218486659228801 0.064824142384653297 -0.087980912697892044 -0.043949473940807844 0.36684290895731575 -0.1016839752151143 0.0068373385244858975 0.071810151228779248
leaf_weight=7738 44 22 22 32 24 35 102 33 58 34 25 33 20 52 39 29 208 88 23 38 101 76 37 20 44 21 37 24 27 29 37 44 24 24 23 52 25 27 4757 8505 27 34 50 272 32 26 40 28 19652 26 7252 24 16121 3798 20 24 93 23 34 42 46 95
leaf_count=7738 44 22 22 32 24 35 102 33 58 34 25 33 20 52 39 29 208 88 23 38 101 76 37 20 44 21 37 24 27 29 37 44 24 24 23 52 25 27 4757 8505 27 34 50 272 32 26 40 28 19652 26 7252 24 16121 3798 20 24 93 23 34 42 46 95
internal_value=-0.000924387 0.0397224 0.21171 0.365872 0.807941 -0.166934 0.0246706 0.0450615 0.0808884 0.332995 0.0282392 -0.246923 0.0516281 0.12688 0.340569 0.521485 0.00482209 -0.0746453 0.0690201 -0.0747816 -0.0968659 -0.0186074 0.177799 0.261391 0.150345 -0.0858271 -0.0482954 0.125559 -0.0887731 -0.159685 -0.339366 -0.0411323 0.113464 0.0687415 0.12611 0.369861 0.0950189 -0.163876 -0.00238888 -0.000612472 -0.00574244 -0.019599 0.10833 -0.038063 0.0298957 0.00521647 0.0711604 -0.0246863 0.00499201 -0.102829 -0.00601645 -0.00980325 -0.00472431 0.00428704 0.0173714 0.26817 0.00180866 0.0543271 0.201085 0.0257208 0.102164 0.00662326
internal_weight=70392 2448 197 140 56 57 2251 1868 1202 125 91 58 1077 413 88 49 664 296 325 383 361 180 145 108 85 41 323 61 262 161 64 97 53 368 228 75 101 79 67944 60206 32023 666 84 582 284 28183 84 140 28157 298 31996 23397 16145 8599 3842 44 252 159 57 112 70 153
internal_count=70392 2448 197 140 56 57 2251 1868 1202 125 91 58 1077 413 88 49 664 296 325 383 361 180 145 108 85 41 323 61 262 161 64 97 53 368 228 75 101 79 67944 60206 32023 666 84 582 284 28183 84 140 28157 298 31996 23397 16145 8599 3842 44 252 159 57 112 70 153
is_linear=0
shrinkage=0.05


Tree=62
num_leaves=63
num_cat=0
split_feature=92 17 11 52 100 106 100 79 100 28 107 49 8 100 28 100 87 70 65 22 16 66 62 54 14 43 48 16 94 16 25 63 87 72 100 67 87 100 100 65 67 87 54 47 85 46 40 87 94 89 107 11 65 62 63 102 100 112 109 71 49 100
split_gain=1336.84 1522.32 1278.73 1832.21 4332.45 12394.5 15272.3 2534.41 2720.25 2508.39 1298.53 1281.46 2549.19 6427.14 2409.33 2334.83 3030.24 1294.17 1267.5 1325.01 1170.26 2381.45 1404.55 1683.62 1098.92 1238.86 1661.42 1321.67 1047.63 1476.38 1414.61 1145.26 2776.61 926.517 898.793 1316.99 884.191 881.41 838.31 1596.54 796.493 793.297 725.365 657.915 646.233 584.703 716.42 578.16 569.558 545.712 643.077 531.877 499.15 1032.04 498.42 491.367 729.193 824.033 1431.1 618.691 598.761 446.114
threshold=4.0000000000000009 3.0000000000000004 1.0000000180025095e-35 3.0000000000000004 2020.5000000000002 1.0000000180025095e-35 2022.5000000000002 2.0000000000000004 2011.5000000000002 2.0000000000000004 48.500000000000007 4.0000000000000009 2.0000000000000004 2020.5000000000002 2.0000000000000004 2018.5000000000002 1.0000000180025095e-35 2.0000000000000004 2.0000000000000004 3.0000000000000004 3.5000000000000004 2.0000000000000004 2.5000000000000004 2.0000000000000004 2.0000000000000004 2.0000000000000004 3.0000000000000004 3.5000000000000004 2.0000000000000004 4.5000000000000009 2.5000000000000004 2.5000000000000004 1.0000000180025095e-35 1.0000000180025095e-35 2015.5000000000002 2.5000000000000004 1.0000000180025095e-35 2022.5000000000002 2010.5000000000002 2.0000000000000004 2.5000000000000004 1.0000000180025095e-35 2.0000000000000004 2.0000000000000004 4.0000000000000009 2.0000000000000004 3.5000000000000004 1.0000000180025095e-35 4.0000000000000009 -1.4999999999999998 33.500000000000007 2.0000000000000004 2.0000000000000004 2.5000000000000004 2.5000000000000004 1.0000000180025095e-35 2017.5000000000002 1.0000000180025095e-35 106.50000000000001 1.0000000180025095e-35 4.0000000000000009 2017.5000000000002
decision_type=2 2 2 2 2 2 2 2 2 2 10 2 2 2 2 2 2 2 2 2 2 2 2 2 2 2 2 2 2 2 2 2 2 2 2 2 2 2 2 2 2 2 2 2 2 2 2 2 2 2 10 2 2 2 2 2 2 10 10 2 2 2
left_child=33 61 10 4 7 6 -6 47 -9 -7 41 12 13 17 -15 28 43 -5 19 37 54 -22 -23 -24 -10 26 -26 -27 -13 30 -30 32 -32 49 36 -36 -33 -18 39 -35 -31 -3 48 45 -43 52 -47 -4 -42 50 -1 -37 -17 -54 -14 56 -51 -58 60 -57 -59 -2
right_child=1 2 3 11 5 9 -8 8 24 -11 -12 15 20 14 -16 16 18 -19 -20 -21 21 22 23 -25 25 27 -28 -29 29 40 31 34 -34 38 35 51 -38 -39 -40 -41 42 44 -44 -45 -46 46 -48 -49 -50 55 -52 -53 53 -55 -56 59 57 58 -60 -61 -62 -63
leaf_value=0.025442030782481858 0.01376581298415314 0.014891960955719053 -0.096322752632524655 -0.11388159069418907 1.9671258549975315 0.26204769939184186 0.16410418335969251 0.67396258359605621 -0.23008074785272281 -0.36676961841254402 0.40500062009585758 -0.045072144700404937 -0.25406315549006386 1.1320345293730498 0.38897458434104926 -0.038654289747069699 -0.26131653281549616 0.31569767755766714 -0.52577372365113761 -0.48646182775497437 -0.11238260155479457 0.53437005700291818 0.41192820000907648 -0.20729173357997621 0.55600099922739898 -0.1743063773797906 0.054043761728441012 0.21363751262071587 0.44637128211056387 -0.32359101420099085 0.096306565723248902 0.045622441198426386 0.73003942203521732 0.44726506100389463 0.42085744799359848 0.25975699657979223 -0.29941622880287472 0.10338267228893333 -0.010782817914355741 0.001128272835451823 -0.04464991897344589 -0.033706015605177435 -0.17308640135773298 -0.13425510312502201 -0.36277707445621493 0.37221686023252981 0.00076407587528228764 -0.39905490269884469 0.32018313777187601 -0.0038209904510248765 0.23349405100667164 -0.029005365202633235 -0.06835180373034544 0.31294476679925409 -0.020573092200632755 -0.018537825300833304 0.01470853874254228 0.20841687899703781 0.400509942509234 0.0031692144025660708 0.042590280177525454 -0.007005124705437302
leaf_weight=1644 4712 2260 46 50 23 35 24 22 24 29 21 127 31 24 20 167 30 27 36 25 58 37 23 21 32 46 34 42 39 22 56 119 25 29 38 23 22 37 30188 65 20 37 29 65 25 27 25 24 23 5285 38 52 36 35 87 5468 4164 60 32 8213 587 5727
leaf_count=1644 4712 2260 46 50 23 35 24 22 24 29 21 127 31 24 20 167 30 27 36 25 58 37 23 21 32 46 34 42 39 22 56 119 25 29 38 23 22 37 30188 65 20 37 29 65 25 27 25 24 23 5285 38 52 36 35 87 5468 4164 60 32 8213 587 5727
internal_value=-0.000878168 0.0125805 0.0380784 0.0693106 0.166927 0.42989 1.04643 0.0588195 0.149447 -0.0228851 0.0135912 0.0437669 0.122981 0.312216 0.79428 0.0159903 -0.0656816 0.0367501 -0.274248 -0.175825 0.0338868 0.132192 0.30732 0.116391 0.0846195 0.133664 0.297417 0.0108487 0.0822887 0.11685 0.161372 0.128193 0.291903 -0.0044059 0.0759867 0.181051 -0.00821338 -0.0599155 -0.0103186 0.138766 -0.0602904 0.0100514 0.0201626 0.00951975 -0.166396 0.0417451 0.193634 -0.200117 0.150493 0.00261809 0.0301424 0.0595484 0.00855939 0.119611 -0.0819137 0.000673618 0.00902194 0.023037 0.0741117 -0.00550662 0.0579683 0.00237055
internal_weight=70392 14619 4180 1837 381 111 47 270 200 64 2343 1456 378 121 44 1078 483 77 128 92 257 139 81 44 178 154 66 88 595 468 374 335 81 55773 254 113 141 67 30282 94 94 2322 72 355 62 290 52 70 43 25491 1682 75 238 71 118 23809 10128 4843 679 13681 647 10439
internal_count=70392 14619 4180 1837 381 111 47 270 200 64 2343 1456 378 121 44 1078 483 77 128 92 257 139 81 44 178 154 66 88 595 468 374 335 81 55773 254 113 141 67 30282 94 94 2322 72 355 62 290 52 70 43 25491 1682 75 238 71 118 23809 10128 4843 679 13681 647 10439
is_linear=0
shrinkage=0.05


Tree=63
num_leaves=63
num_cat=0
split_feature=113 58 114 61 105 97 114 87 104 43 106 113 114 48 114 12 61 63 54 42 68 40 46 87 40 62 54 12 14 67 77 114 14 42 40 54 94 22 62 12 99 104 107 68 112 114 72 107 67 68 16 14 17 87 94 62 12 16 12 111 71 67
split_gain=1412.13 1515.47 3507.7 7365.19 1925.57 1527.25 1234.01 1784.06 1453.34 1307.14 1274.48 1708.64 1393.45 2229.94 3276.89 5230.14 3783.2 2917.35 2828.57 2195.47 4584.94 1899.09 1498.84 3588.47 1709.5 1475.24 1136.37 1129.42 1535.71 1070.97 980.388 775.942 3671.66 1516.32 1148.54 1129.9 1370.4 901.949 897.25 735.171 694.497 1676.23 675.414 663.163 565.562 641.81 557.812 550.829 495.882 498.221 1680.49 1313.11 489.964 462.281 885.179 427.938 759.078 415.176 883.942 406.096 402.876 515.737
threshold=4.5000000000000009 3.0000000000000004 8.5000000000000018 3.5000000000000004 1.0000000180025095e-35 3.0000000000000004 13.500000000000002 1.0000000180025095e-35 7.5000000000000009 2.0000000000000004 1.0000000180025095e-35 5.5000000000000009 19.500000000000004 3.0000000000000004 18.500000000000004 1.0000000180025095e-35 2.5000000000000004 2.5000000000000004 2.0000000000000004 2.0000000000000004 2.0000000000000004 3.5000000000000004 2.0000000000000004 1.0000000180025095e-35 3.5000000000000004 2.5000000000000004 2.0000000000000004 1.0000000180025095e-35 4.0000000000000009 2.5000000000000004 2.5000000000000004 16.500000000000004 4.0000000000000009 2.0000000000000004 3.5000000000000004 2.0000000000000004 4.0000000000000009 3.0000000000000004 2.5000000000000004 1.0000000180025095e-35 3.0000000000000004 1.0000000180025095e-35 124.50000000000001 2.0000000000000004 1.0000000180025095e-35 1.0000000180025095e-35 3.5000000000000004 36.500000000000007 2.5000000000000004 2.0000000000000004 3.5000000000000004 4.0000000000000009 3.0000000000000004 1.0000000180025095e-35 4.0000000000000009 2.5000000000000004 1.0000000180025095e-35 3.5000000000000004 1.0000000180025095e-35 6.5000000000000009 3.0000000000000004 2.5000000000000004
decision_type=2 2 2 2 2 2 2 2 2 2 2 2 2 2 2 2 2 2 2 2 2 2 2 2 2 2 2 2 2 2 2 2 2 2 2 2 2 2 2 2 2 2 10 2 8 2 2 10 2 2 2 2 2 2 2 2 2 2 2 10 2 2
left_child=40 48 3 -3 -4 6 7 60 -8 26 12 29 13 14 16 -16 -10 19 27 20 -18 -20 24 52 25 -14 -9 -19 -29 43 46 32 -32 35 -35 36 -33 38 -34 -26 53 -42 44 -12 -43 -46 -15 -47 49 50 -2 -52 -24 -1 -55 56 -51 -50 -59 -57 -6 -62
right_child=1 2 4 -5 5 -7 8 9 10 -11 11 -13 22 30 15 -17 17 18 21 -21 -22 -23 23 -25 39 -27 -28 28 -30 -31 31 33 37 34 -36 -37 -38 -39 -40 -41 41 42 -44 -45 45 47 -48 -49 57 55 51 -53 -54 54 -56 59 -58 58 -60 -61 61 -63
leaf_value=-0.0087410813084887514 0.0007014148497715766 -0.081834393714008663 0.39755154110682317 1.0892544771432877 0.12499338835949386 -0.21940536727844223 -0.11377240439092642 -0.18336215560634933 0.78259331078633021 0.036252989753016406 0.029744880795478823 -0.34184136414214183 -0.13506227543479518 0.13810525781955221 -0.0049546748399734502 0.9903129485520451 0.90688544453093511 -0.017003032326698305 -0.014718745312383097 -0.043036547192820795 0.066919515375047922 0.55336001148181302 0.12245356079519672 0.6581726227098933 -0.12446080249232741 0.32570662749931217 -0.65049782473108042 -0.6514113303111948 -0.085286862969398511 -0.13637206214347056 0.66335263577374548 0.0027637615203857423 0.31406152201326276 -0.026736320626168028 0.45879769970116951 0.10632798843085767 -0.53202200156191126 -0.23336782512210666 -0.0096785237898631971 -0.44511813516869697 0.34229701278317304 -0.0056795448867301822 0.2914833660051227 0.42755740244280216 -0.013041841772628597 0.007911550706173413 -0.10061625830802279 0.084852163133885161 -0.042891767482844095 -0.039526523778819156 0.63462352365255359 0.080666554881178812 -0.13026286634531889 -0.022831810367874274 -0.21972049354513487 0.16343672970930737 -0.303270229883492 -0.055944289669797233 -0.46851983875036241 -0.069011946395039561 -0.11594445685397332 0.078125429255887877
leaf_weight=21066 258 29 39 25 79 54 95 30 23 28 20 38 38 32 22 33 33 50 31 27 32 28 34 26 39 32 23 23 25 35 33 25 38 21 29 40 23 21 49 33 36 19331 20 22 3980 22962 104 235 155 185 20 23 44 239 75 42 32 37 20 34 67 70
leaf_count=21066 258 29 39 25 79 54 95 30 23 28 20 38 38 32 22 33 33 50 31 27 32 28 34 26 39 32 23 23 25 35 33 25 38 21 29 40 23 21 49 33 36 19331 20 22 3980 22962 104 235 155 185 20 23 44 239 75 42 32 37 20 34 67 70
internal_value=-0.00083426 0.0364748 0.0640374 0.460336 0.0505612 0.0418248 0.0512606 -0.0399739 0.0738788 -0.240089 0.090041 -0.0674942 0.108378 0.142568 0.240216 0.592206 0.169042 0.112368 -0.0186432 0.335942 0.493364 0.254878 0.00525089 0.149465 -0.100371 0.0755749 -0.386081 -0.183314 -0.356555 0.0678979 0.0656257 0.119281 0.201773 0.0349955 0.254873 -0.0899351 -0.253488 0.0607349 0.131725 -0.271429 -0.00217849 0.00124688 0.000983003 0.238123 0.000858078 0.00550829 -0.0444465 0.00869101 -0.0196761 0.00375362 0.0489328 0.338321 -0.0201044 -0.0096387 -0.0698594 -0.0426591 -0.0784196 -0.0853234 -0.200708 0.0594465 0.0350693 -0.0167847
internal_weight=70392 2448 1642 54 1588 1549 1495 297 1198 81 1103 115 988 742 327 55 272 249 157 92 65 59 246 104 142 70 53 98 48 77 415 279 141 138 50 88 48 108 87 72 67944 46564 46528 42 46508 27177 136 23197 806 594 301 43 78 21380 314 293 217 212 57 76 216 137
internal_count=70392 2448 1642 54 1588 1549 1495 297 1198 81 1103 115 988 742 327 55 272 249 157 92 65 59 246 104 142 70 53 98 48 77 415 279 141 138 50 88 48 108 87 72 67944 46564 46528 42 46508 27177 136 23197 806 594 301 43 78 21380 314 293 217 212 57 76 216 137
is_linear=0
shrinkage=0.05


Tree=64
num_leaves=63
num_cat=0
split_feature=113 101 44 12 54 94 14 94 55 44 101 48 28 14 62 40 110 111 40 55 16 87 16 65 62 8 22 101 61 61 54 48 113 87 48 51 99 104 40 107 55 67 62 112 113 101 101 41 85 65 87 104 49 16 106 28 72 87 101 12 77 101
split_gain=1274.44 2241.06 4038.72 6512.19 7808.85 1795.86 1595.06 1449.56 3106.4 11133.2 4248.1 1583.36 1347.61 1752.88 1317.54 1877.2 1199.33 1259.48 1720.45 1304.83 1179.95 1812.08 1059.21 1417.19 1414.68 1061.8 1017 1248.76 910.843 994.441 826.511 768.761 709.59 1705.43 706.142 683.992 626.784 1512.8 617.745 609.561 599.37 596.763 559.936 510.42 524.859 780.87 2987.01 3322.54 4050.33 2848.96 4638.34 857.943 734.734 2352.48 3477.02 5269.58 753.943 721.403 672.48 1133.91 1428.31 1031.64
threshold=4.5000000000000009 14.500000000000002 2.0000000000000004 1.0000000180025095e-35 2.0000000000000004 4.0000000000000009 2.0000000000000004 2.0000000000000004 3.0000000000000004 2.0000000000000004 10.500000000000002 3.0000000000000004 2.0000000000000004 4.0000000000000009 2.5000000000000004 3.5000000000000004 65.250000000000014 2.5000000000000004 3.5000000000000004 3.0000000000000004 3.5000000000000004 1.0000000180025095e-35 3.5000000000000004 2.0000000000000004 2.5000000000000004 2.0000000000000004 3.0000000000000004 4.5000000000000009 2.5000000000000004 3.5000000000000004 2.0000000000000004 3.0000000000000004 5.5000000000000009 1.0000000180025095e-35 3.0000000000000004 2.5000000000000004 3.0000000000000004 1.0000000180025095e-35 3.5000000000000004 124.50000000000001 3.0000000000000004 2.5000000000000004 2.5000000000000004 1.0000000180025095e-35 2.5000000000000004 11.500000000000002 7.5000000000000009 3.5000000000000004 4.0000000000000009 2.0000000000000004 1.0000000180025095e-35 4.5000000000000009 4.0000000000000009 3.5000000000000004 1.0000000180025095e-35 2.0000000000000004 1.0000000180025095e-35 1.0000000180025095e-35 1.5000000000000002 1.0000000180025095e-35 2.5000000000000004 5.5000000000000009
decision_type=2 2 2 2 2 2 2 2 2 2 2 2 2 2 2 2 10 10 2 2 2 2 2 2 2 2 2 2 2 2 2 2 2 2 2 2 2 2 2 10 2 2 2 8 2 2 2 2 2 2 2 2 2 2 2 2 2 2 2 2 2 2
left_child=36 6 3 30 -5 -4 16 40 9 10 11 -9 20 14 15 -14 17 19 -19 -2 32 -22 25 24 -24 41 28 -28 -21 -30 34 -31 -10 -34 -3 -27 -1 -38 -26 43 42 -15 -8 -39 -45 46 52 49 -49 51 -51 -48 53 57 -55 -56 -54 -46 59 -58 -61 -60
right_child=1 2 5 4 -6 -7 7 8 12 -11 -12 -13 13 22 -16 -17 -18 18 -20 26 21 -23 23 -25 38 35 27 -29 29 31 -32 -33 33 -35 -36 -37 37 39 -40 -41 -42 -43 -44 44 45 -47 47 48 -50 50 -52 -53 56 54 55 -57 58 -59 61 60 -62 -63
leaf_value=-0.0091567673296476318 -0.39717975342646245 0.15451059761372479 0.1955528275533156 1.2158181777529951 -0.0037719329198201501 -0.38094510470117843 -0.37651302435181361 -0.53798242378234862 0.02170311200790041 1.0802603972308775 0.47275093531969825 -0.010452183889168682 0.8590933623909951 -0.057026525930716443 0.096975113317752493 0.22942842019015344 -0.44939865943044427 0.50690541077743878 -0.034628207376226787 0.036462569289973809 0.0069982816402513817 -0.2636665951121937 -0.12634923867150849 0.39586619766222109 0.42379282391071316 0.35051671590656047 -0.17847649171238855 0.30668438884119192 -0.35236944318921481 0.047382232770323753 0.26231600157916546 -0.26078103695831756 0.038033415316069713 0.51532184912098777 -0.21843518217404687 0.024005084219216197 0.32518215055267019 -0.0053955676656301972 0.068654838142295685 0.27690918244421486 -0.0073091697819435454 -0.34676161985154508 -0.010970757603645326 0.00073660491645162951 0.024352093263060398 -0.00066572805814827925 0.33283368764622584 0.12129335238233857 0.83504149675369266 0.14106429641875107 0.87113976732448306 0.0048610038777424282 0.034682917327268865 0.067031607346418581 0.8905361321326849 -0.11681223958730698 -0.024767195789011577 -0.16931389843769096 0.050249186390522116 0.01147968378804979 -0.52258356549446627 -0.034429735459089589
leaf_weight=21380 32 22 22 35 21 35 22 25 280 34 33 33 20 52 39 29 20 22 44 70 208 88 51 45 25 20 21 36 54 50 32 34 61 27 30 81 36 19331 24 20 624 27 20 19156 439 3753 21 46 35 112 27 395 1119 127 37 20 113 54 524 21 31 1147
leaf_count=21380 32 22 22 35 21 35 22 25 280 34 33 33 20 52 39 29 20 22 44 70 208 88 51 45 25 20 21 36 54 50 32 34 61 27 30 81 36 19331 24 20 624 27 20 19156 439 3753 21 46 35 112 27 395 1119 127 37 20 113 54 524 21 31 1147
internal_value=-0.000792547 0.0346511 0.196364 0.340819 0.758472 -0.158437 0.0204985 0.0395567 0.0723424 0.308281 0.0198494 -0.237836 0.0449586 0.115876 0.313833 0.486435 -0.0724539 -0.0516856 0.145883 -0.0955897 0.000848768 -0.0734697 0.0622754 0.162846 0.0579873 -0.01874 -0.0591713 0.127941 -0.110447 -0.184967 0.0623844 -0.0773505 0.0606266 0.184474 -0.0606504 0.0886609 -0.00206957 0.00118454 0.249848 0.000933852 -0.0196151 -0.15605 -0.202445 0.000815174 0.00523287 0.015971 0.0306003 0.130559 0.429703 0.0869001 0.282878 0.0214173 0.0130965 0.0600801 0.212645 0.537081 0.00233237 0.00313919 -0.0173846 -0.113683 -0.306904 -0.00787572
internal_weight=70392 2448 197 140 56 57 2251 1868 1202 125 91 58 1077 413 88 49 383 363 66 297 664 296 325 145 100 180 265 57 208 138 84 84 368 88 52 101 67944 46564 49 46528 666 79 42 46508 27177 8021 4268 636 81 555 139 416 3632 677 184 57 2955 493 1836 165 52 1671
internal_count=70392 2448 197 140 56 57 2251 1868 1202 125 91 58 1077 413 88 49 383 363 66 297 664 296 325 145 100 180 265 57 208 138 84 84 368 88 52 101 67944 46564 49 46528 666 79 42 46508 27177 8021 4268 636 81 555 139 416 3632 677 184 57 2955 493 1836 165 52 1671
is_linear=0
shrinkage=0.05


Tree=65
num_leaves=63
num_cat=0
split_feature=108 58 11 94 114 54 97 104 79 46 67 28 43 114 16 55 111 25 12 70 65 65 114 54 94 55 40 114 102 104 114 114 54 67 84 63 106 12 16 22 73 91 112 109 66 50 40 28 55 65 94 12 42 114 63 54 66 11 66 95 43 40
split_gain=1952.27 1611.63 1983.41 3465.39 2898.83 11840.7 1821.02 1901.93 1711.48 2732.75 4078.89 3137.5 2207.45 2347.07 2725.84 3824.78 2494.33 1855.95 2340.89 3775.16 3093.64 2360.28 1698.64 1547.07 1451.97 1310.82 1251.66 1098.03 930.519 933.196 2458.77 789.025 2923.17 809.912 999.944 738.272 3217.67 990.965 1124.87 984.019 735.708 1791.44 687.193 2252.46 1330.58 654.826 618.714 568.685 658.702 4414.59 619.686 573.481 1419.51 1374.63 1837.31 2237.75 587.34 572.745 779.513 1113.82 1599.67 1974.06
threshold=165.00000000000003 3.0000000000000004 2.0000000000000004 2.0000000000000004 8.5000000000000018 2.0000000000000004 3.0000000000000004 7.5000000000000009 2.0000000000000004 2.0000000000000004 2.5000000000000004 2.0000000000000004 2.0000000000000004 15.500000000000002 4.5000000000000009 3.0000000000000004 5.5000000000000009 2.5000000000000004 1.0000000180025095e-35 2.0000000000000004 2.0000000000000004 2.0000000000000004 17.500000000000004 2.0000000000000004 4.0000000000000009 3.0000000000000004 3.5000000000000004 18.500000000000004 1.0000000180025095e-35 1.0000000180025095e-35 8.5000000000000018 12.500000000000002 2.0000000000000004 2.5000000000000004 1.0000000180025095e-35 2.5000000000000004 1.0000000180025095e-35 1.0000000180025095e-35 3.5000000000000004 3.0000000000000004 2.5000000000000004 2.0000000000000004 1.0000000180025095e-35 106.50000000000001 2.0000000000000004 2.0000000000000004 3.5000000000000004 2.0000000000000004 3.0000000000000004 2.0000000000000004 4.0000000000000009 1.0000000180025095e-35 2.0000000000000004 18.500000000000004 2.5000000000000004 2.0000000000000004 2.0000000000000004 1.0000000180025095e-35 2.0000000000000004 2.0000000000000004 2.0000000000000004 3.5000000000000004
decision_type=10 2 2 2 2 2 2 2 2 2 2 2 2 2 2 2 10 2 2 2 2 2 2 2 2 2 2 2 2 2 2 2 2 2 2 2 2 2 2 2 2 2 10 10 2 2 2 2 2 2 2 2 2 2 2 2 2 2 2 2 2 2
left_child=1 28 47 40 5 -5 7 -6 9 25 26 -12 13 14 15 -10 17 -15 20 21 22 23 -19 -20 -17 -9 -11 -22 42 30 -30 32 -26 34 -33 36 39 -37 46 -14 41 -4 -1 -44 -45 -27 -39 -3 49 50 -49 57 53 54 -53 -56 -54 -50 -59 60 61 -60
right_child=-2 2 3 4 6 -7 -8 8 12 10 11 -13 35 16 -16 24 -18 18 19 -21 27 -23 -24 -25 31 45 -28 -29 29 -31 -32 33 -34 -35 -36 37 -38 38 -40 -41 -42 -43 43 44 -46 -47 -48 48 51 -51 -52 52 56 -55 55 -57 -58 58 59 -61 -62 -63
leaf_value=0.0047398343890645324 0.48234672175631643 0.0022944756682320945 -0.031240868886749519 -0.25827394972244899 -0.04704172622322729 1.388995210081339 -0.14618315840030419 -0.51657422553925281 -0.54005185251052568 -0.35324035979531432 0.72545983131974934 -0.041534631252288817 -0.043143801486644991 -0.12508756021658582 0.51150957464295277 0.28643218718676106 -0.002410286686876241 0.37005589182783916 0.99354780217011784 -0.025524399257623231 0.79581292317463803 0.25731838473985935 -0.022538898778813227 0.55621646566268723 0.60306389921385317 -0.26904405848019652 0.066366389336494302 0.33172006422281264 -0.14354259913617914 -0.0071865588817602846 0.6128417205420279 0.1707023030227941 -0.15174286070054976 0.20271819865703586 -0.20736403137394419 0.071326005343766208 0.71122904690829192 0.21143544252429691 -0.28039110098779202 0.31204107217490673 -0.085561225121574755 0.44983312341830006 0.029171659022274699 0.16881348110343283 0.66473693753637031 -0.015909691258672289 -0.13452945301930111 -0.25354392135945653 0.019822035119459125 0.68650283991758321 0.061588840874341827 -0.4105331940948963 -0.12346138030290604 0.26574196675792339 -0.17863167172813035 0.34944840780326297 -0.50206259960929556 -0.0063514623670808739 0.49644730030940992 -0.13617822017906042 0.0099630923515983995 0.072268759172099337
leaf_weight=9361 21 10766 122 24 218 20 85 21 26 27 40 20 78 21 34 72 68 41 42 26 26 29 84 39 23 36 52 25 22 44432 21 23 29 25 73 276 22 28 50 26 420 23 1248 38 21 88 24 26 1300 28 39 30 20 40 47 35 21 124 64 29 70 48
leaf_count=9361 21 10766 122 24 218 20 85 21 26 27 40 20 78 21 34 72 68 41 42 26 26 29 84 39 23 36 52 25 22 44432 21 23 29 25 73 276 22 28 50 26 420 23 1248 38 21 88 24 26 1300 28 39 30 20 40 47 35 21 124 64 29 70 48
internal_value=0.000326393 0.000182273 0.0146593 0.056281 0.0895237 0.490485 0.079706 0.0909213 0.111052 0.000590019 0.159002 0.469795 0.136979 0.19404 0.0895067 0.0365617 0.273547 0.329899 0.360523 0.516324 0.240132 0.644397 0.106232 0.782981 0.0977534 -0.151267 -0.0770435 0.568316 -0.00378019 -0.00696125 0.225854 0.0192281 0.182114 -0.0507724 -0.116786 0.0570492 0.161864 0.0221109 -0.11106 0.0456524 -0.0520371 0.0450674 0.00948165 0.0434435 0.345329 -0.0894003 0.0517593 0.00676608 0.0318266 0.161633 -0.0644643 0.0252226 -0.0562894 0.0141361 -0.0757231 0.0467684 -0.317379 0.0348446 0.0931409 0.15161 0.197467 0.314656
internal_weight=70257 70236 15093 2406 1841 44 1797 1712 1494 284 139 60 1210 706 305 271 401 333 312 136 176 110 125 81 245 145 79 51 55143 44475 43 173 52 121 96 504 126 378 102 104 565 145 10668 1307 59 124 52 12687 1921 93 65 1828 193 152 112 82 41 1635 335 211 182 112
internal_count=70257 70236 15093 2406 1841 44 1797 1712 1494 284 139 60 1210 706 305 271 401 333 312 136 176 110 125 81 245 145 79 51 55143 44475 43 173 52 121 96 504 126 378 102 104 565 145 10668 1307 59 124 52 12687 1921 93 65 1828 193 152 112 82 41 1635 335 211 182 112
is_linear=0
shrinkage=0.05


Tree=66
num_leaves=63
num_cat=0
split_feature=108 85 77 61 104 104 42 12 41 66 40 44 46 17 114 114 62 52 114 114 114 46 61 106 67 25 11 63 106 12 44 63 25 111 68 66 48 12 46 114 79 114 12 28 46 79 12 61 63 12 11 106 48 61 94 114 114 12 17 11 17 46
split_gain=1761.92 1475.95 2789.7 1846.93 1586.36 1912.83 1631.65 2552.04 6279.39 5276.19 10198.9 7367.3 12331 8646.47 7377.87 8457.81 3596.74 5870.02 3978.22 3156.25 2477.45 2649.32 3586.99 2120.09 1849.15 1778.12 1581.65 1461.14 1283.24 2135.74 1649.62 1379.25 3270.88 2653.7 2519.82 1221.03 5312.37 984.033 936.562 861.541 851.623 797.942 2008.33 1301.83 1461.68 786.809 1386.26 936.299 917.001 1227.64 2273.47 1641.73 1190.33 3892.93 4058.72 1418.46 2069.43 3770.99 5303.31 1388.3 1466.8 788.776
threshold=165.00000000000003 1.0000000180025095e-35 2.5000000000000004 1.5000000000000002 1.0000000180025095e-35 7.5000000000000009 2.0000000000000004 1.0000000180025095e-35 3.5000000000000004 2.0000000000000004 3.5000000000000004 2.0000000000000004 2.0000000000000004 3.0000000000000004 17.500000000000004 14.500000000000002 2.5000000000000004 3.0000000000000004 11.500000000000002 12.500000000000002 19.500000000000004 2.0000000000000004 3.5000000000000004 1.0000000180025095e-35 2.5000000000000004 2.5000000000000004 2.0000000000000004 2.5000000000000004 1.0000000180025095e-35 1.0000000180025095e-35 2.0000000000000004 2.5000000000000004 2.5000000000000004 1.0000000180025095e-35 2.0000000000000004 2.0000000000000004 3.0000000000000004 1.0000000180025095e-35 2.0000000000000004 17.500000000000004 2.0000000000000004 14.500000000000002 1.0000000180025095e-35 2.0000000000000004 2.0000000000000004 2.0000000000000004 1.0000000180025095e-35 3.5000000000000004 2.5000000000000004 1.0000000180025095e-35 2.0000000000000004 1.0000000180025095e-35 3.0000000000000004 4.5000000000000009 4.0000000000000009 12.500000000000002 18.500000000000004 1.0000000180025095e-35 3.0000000000000004 2.0000000000000004 3.0000000000000004 2.0000000000000004
decision_type=10 2 2 2 2 2 2 2 2 2 2 2 2 2 2 2 2 2 2 2 2 2 2 2 2 2 2 2 2 2 2 2 2 10 2 2 2 2 2 2 2 2 2 2 2 2 2 2 2 2 2 2 2 2 2 2 2 2 2 2 2 2
left_child=1 -1 45 -4 -5 -6 7 40 9 19 16 13 -13 14 15 -12 18 -18 -11 -9 21 22 -20 -15 26 -26 27 -21 30 -30 31 32 -8 34 -34 36 -33 -32 -27 -28 -7 43 -43 44 -37 46 -3 -48 49 -47 -51 -52 53 55 -55 -50 57 -57 -59 61 -61 -58
right_child=-2 2 3 4 5 6 28 8 -10 10 11 12 -14 23 -16 -17 17 -19 20 24 -22 -23 -24 -25 25 38 39 -29 29 -31 37 35 33 -35 -36 41 -38 -39 -40 -41 -42 42 -44 -45 -46 48 47 -49 52 50 51 -53 -54 54 -56 56 59 58 -60 60 -62 -63
leaf_value=-0.0021985663964039243 0.45822938999959401 -0.030110684168275965 -0.037134564686049192 0.50798180431127549 -0.024659140043773186 -0.012773908891391997 -0.13391665074974299 -0.53341857748372223 1.0335581472941808 -0.73948521971702574 0.38116856637326157 1.9024139539055203 0.22661253699944137 -0.22178143871327244 0.02901548097531001 1.7132216858749207 0.8425822608893917 -0.19897898230701686 -0.26312581658777268 0.39732091568765188 0.36634654116791654 -0.41393719092011455 0.45300685886074521 0.38055824658700399 0.59133113931332326 -0.081809413365342407 -0.55167664885520939 -0.15440785831638748 0.10737228233080645 -0.39559776821862097 -0.0064765908289238783 0.67685831790376039 0.24518257555152689 -0.0013189658660579611 0.89006986735445082 0.51948153562843802 -0.060477113473768301 -0.23990963732654402 0.25471668938795727 -0.1367390001642293 0.084150937617133992 0.041751061971873456 -0.39555586819968575 -0.1595011948097137 -0.039328570012003183 -0.012670225667303636 -0.36009771546773744 -0.068154651538099895 -0.090850068773754816 -0.40952506407590239 -0.15621748849056488 0.38312832429295496 -0.0113781481364048 0.077691851297150491 1.0391213161604744 0.041626176870689563 0.23106221727242598 0.94014520951930225 0.10013201442502795 -0.5084864070372922 0.037082348459146243 -0.10043642108931261
leaf_weight=63443 21 799 522 20 541 294 40 28 21 20 22 23 21 48 24 26 31 24 36 21 37 43 34 21 21 44 22 28 39 46 252 36 28 27 33 25 76 55 39 29 989 73 41 31 22 618 57 53 137 59 43 21 765 23 21 146 38 34 42 28 22 34
leaf_count=63443 21 799 522 20 541 294 40 28 21 20 22 23 21 48 24 26 31 24 36 21 37 43 34 21 21 44 22 28 39 46 252 36 28 27 33 25 76 55 39 29 989 73 41 31 22 618 57 53 137 59 43 21 765 23 21 146 38 34 42 28 22 34
internal_value=0.000310073 0.000173159 0.0223238 0.0503131 0.064017 0.0613352 0.0781305 0.103102 0.182754 0.154924 0.262748 0.537765 1.1026 0.361504 0.744803 1.1027 0.0366226 0.388083 -0.0770852 -0.0356268 0.0112348 -0.105041 0.0847101 -0.0384607 0.0326975 0.18031 -0.12082 0.0820473 0.0191577 -0.164823 0.0403193 0.103294 0.240978 0.411384 0.594056 0.0453222 0.176524 -0.0482968 0.0763173 -0.315732 0.0619406 -0.0312119 -0.115526 0.0920163 0.257911 -0.0143574 -0.0530211 -0.219434 0.00294707 -0.0413817 -0.185639 0.0207554 0.0284103 0.0863879 0.536556 0.0452082 0.0993942 0.190306 0.475927 -0.0660351 -0.268436 0.0745212
internal_weight=70257 70236 6793 3853 3331 3311 2770 1946 663 642 410 185 44 141 72 48 225 55 170 232 150 113 70 69 204 104 100 49 824 85 739 432 128 88 61 304 112 307 83 51 1283 192 114 78 47 2940 909 110 2031 741 123 64 1290 525 44 481 344 222 76 122 50 72
internal_count=70257 70236 6793 3853 3331 3311 2770 1946 663 642 410 185 44 141 72 48 225 55 170 232 150 113 70 69 204 104 100 49 824 85 739 432 128 88 61 304 112 307 83 51 1283 192 114 78 47 2940 909 110 2031 741 123 64 1290 525 44 481 344 222 76 122 50 72
is_linear=0
shrinkage=0.05


Tree=67
num_leaves=63
num_cat=0
split_feature=113 94 104 64 52 16 16 62 28 8 65 79 57 12 28 28 55 14 14 16 48 68 46 77 68 106 106 12 106 63 68 8 46 43 16 40 8 94 16 46 12 54 8 40 87 65 8 113 54 55 94 63 12 67 14 44 110 48 46 110 54 48
split_gain=2048.2 2078.46 2068.23 2230.92 1934.5 5687.75 8014.95 5578.59 10188.3 13410.8 2798.95 2392.1 3544.33 3748.63 5273.69 1822.61 2720.54 2084.42 2547.88 2559.28 1518.86 1239.07 1258.58 2059.98 1001.54 984.33 830.144 1133.36 819.256 3323.46 5172.48 5871.45 3539.3 2589.32 2477.05 2411.64 5126.02 2128.59 1548.98 1435.82 973.14 908.967 768.458 764.348 2892.21 1333.93 2027.59 1171.25 1711 1010.69 926.864 1141.96 2115.58 1026.46 777.475 748.148 1177.95 676.488 625.535 601.781 567.119 566.891
threshold=4.5000000000000009 2.0000000000000004 7.5000000000000009 2.5000000000000004 3.0000000000000004 3.5000000000000004 4.5000000000000009 2.5000000000000004 2.0000000000000004 2.0000000000000004 2.0000000000000004 2.0000000000000004 4.0000000000000009 1.0000000180025095e-35 2.0000000000000004 2.0000000000000004 3.0000000000000004 2.0000000000000004 4.0000000000000009 3.5000000000000004 3.0000000000000004 2.0000000000000004 2.0000000000000004 2.5000000000000004 2.0000000000000004 1.0000000180025095e-35 1.0000000180025095e-35 1.0000000180025095e-35 1.0000000180025095e-35 2.5000000000000004 2.0000000000000004 2.0000000000000004 2.0000000000000004 2.0000000000000004 3.5000000000000004 3.5000000000000004 2.0000000000000004 4.0000000000000009 3.5000000000000004 2.0000000000000004 1.0000000180025095e-35 2.0000000000000004 2.0000000000000004 3.5000000000000004 1.0000000180025095e-35 2.0000000000000004 2.0000000000000004 5.5000000000000009 2.0000000000000004 3.0000000000000004 4.0000000000000009 2.5000000000000004 1.0000000180025095e-35 2.5000000000000004 4.0000000000000009 2.0000000000000004 163.50000000000003 3.0000000000000004 2.0000000000000004 50.250000000000007 2.0000000000000004 3.0000000000000004
decision_type=2 2 2 2 2 2 2 2 2 2 2 2 2 2 2 2 2 2 2 2 2 2 2 2 2 2 2 2 2 2 2 2 2 2 2 2 2 2 2 2 2 2 2 2 2 2 2 2 2 2 2 2 2 2 2 2 10 2 2 10 2 2
left_child=28 26 -3 4 5 10 7 8 9 -7 11 -4 -13 -14 -15 25 -17 -18 19 -19 -9 61 57 -24 -10 43 -2 -28 55 30 38 32 -32 39 40 37 -37 -36 -30 -33 -31 -38 -12 45 47 50 -47 -45 -49 -46 -6 -52 53 -53 -51 56 59 -23 -42 -1 -27 -20
right_child=1 2 3 -5 15 6 -8 20 24 -11 42 12 13 14 -16 16 17 18 21 -21 -22 22 23 -25 -26 60 27 -29 29 34 31 33 -34 -35 35 36 41 -39 -40 -41 58 -43 -44 44 49 46 -48 48 -50 54 51 52 -54 -55 -56 -57 -58 -59 -60 -61 -62 -63
leaf_value=-0.0074534791195788944 -0.0069207031970265611 -0.090631275392934751 -0.24987698346908604 -0.13981679772482591 -0.18093717164687209 0.56812867362190178 -0.15215725698033158 -0.13459289799565854 0.53649412930011753 2.2311635884371674 -0.46524709894739352 -0.13283663069208462 -0.082859632817487566 0.96839263018889321 0.1095681724674774 0.59487477721589987 -0.20155986853536559 0.15407083779573441 0.14640724431900751 0.79345389635398478 0.41377347580024176 -0.23795165063015056 0.59174004955725235 0.0055129569261632072 0.061786488771438601 -0.040310854429290416 -0.014485887669283768 -0.49680081059535341 0.048946747170002379 -0.045451064743187046 0.45511170420795682 0.19432260155677797 1.3331033297391102 0.49668561038711384 0.1634745843995076 0.85762510022946781 -0.18265028722860197 -0.30080826935615951 -0.44878112619573418 -0.39763039634341291 -0.40851734167053588 0.23575190776586533 -0.062377762198448185 0.018713248178217165 -0.57158944025635727 0.57886744815517555 0.00038701051047870089 0.54882356375455854 0.0056845281658501464 -0.37822535568475724 -0.11770115047693253 -0.17977782693402522 0.54532360057036078 0.26750336028635502 -0.017282710007920459 0.0049940058370202371 0.30218399594868384 0.022801271783279592 -0.14907947320204515 0.021128819792729278 -0.33081499622868643 0.51379531536783485
leaf_weight=40185 783 165 35 94 37 27 49 23 20 22 29 51 31 39 33 33 44 34 21 29 28 42 22 47 25 42 29 21 54 109 24 20 22 31 52 28 27 47 22 21 42 25 20 179 20 33 28 29 29 25 39 29 30 23 37 25049 31 61 52 1930 28 21
leaf_count=40185 783 165 35 94 37 27 49 23 20 22 29 51 31 39 33 33 44 34 21 29 28 42 22 47 25 42 29 21 54 109 24 20 22 31 52 28 27 47 22 21 42 25 20 179 20 33 28 29 29 25 39 29 30 23 37 25049 31 61 52 1930 28 21
internal_value=0.000294569 0.0448687 0.0773234 0.0959474 0.111845 0.199741 0.40069 0.587515 0.815953 1.3148 0.0359426 0.123249 0.20805 0.376839 0.574765 0.0723744 0.162569 0.118126 0.168907 0.44839 0.166471 0.0866287 0.0271762 0.192426 0.272768 0.0198599 -0.019534 -0.217058 -0.00134052 0.0580361 0.226569 0.433766 0.875021 0.151854 -0.0275539 0.108036 0.312197 -0.0569425 -0.0951324 -0.108873 -0.147113 0.0185046 -0.300811 0.042808 -0.00657203 0.114736 0.313335 0.0819848 0.277254 -0.262523 0.0380614 0.105028 0.21096 0.0180581 -0.162824 -0.0018495 -0.00591685 -0.0835252 -0.264999 -0.00614364 -0.156513 0.330101
internal_weight=70257 2486 1653 1488 1394 432 194 145 94 49 238 189 154 103 72 962 354 321 277 63 51 214 172 69 45 608 833 50 67771 576 194 118 46 72 382 179 80 99 76 41 203 52 49 538 319 219 61 237 58 82 158 121 82 52 62 67195 42146 103 94 42115 70 42
internal_count=70257 2486 1653 1488 1394 432 194 145 94 49 238 189 154 103 72 962 354 321 277 63 51 214 172 69 45 608 833 50 67771 576 194 118 46 72 382 179 80 99 76 41 203 52 49 538 319 219 61 237 58 82 158 121 82 52 62 67195 42146 103 94 42115 70 42
is_linear=0
shrinkage=0.05


Tree=68
num_leaves=63
num_cat=0
split_feature=107 58 11 94 100 52 55 100 66 100 63 49 17 55 72 100 54 97 100 63 77 62 100 55 76 55 94 102 100 109 107 104 85 12 100 15 91 100 100 100 111 24 49 54 8 74 72 12 70 12 111 70 16 16 66 17 44 28 25 14 67 14
split_gain=1590.25 1273.4 1533.32 2926.26 1836.85 2790.18 7021.97 3281.43 4570.09 6490.12 3840.11 2055.39 4641.49 5423.44 2046.47 1709.1 4154 1040.24 1019.35 4721.25 1082.29 954.338 853.237 1162.83 911.937 4324.74 2207.53 838.952 914.629 2148.58 1052 838.612 1805.45 789.595 707.828 659.034 1603.24 653.096 613.845 2271.21 2704.3 2874.26 2564.08 3285.69 10294.5 2191.56 2170.87 1530.54 1451.03 1045.06 1571.37 1858.31 3785.85 1690.83 932.883 926.276 898.716 891.627 830.074 684.788 604.461 1514.07
threshold=140.50000000000003 3.0000000000000004 2.0000000000000004 2.0000000000000004 2014.5000000000002 3.0000000000000004 3.0000000000000004 2022.5000000000002 2.0000000000000004 2017.5000000000002 2.5000000000000004 4.0000000000000009 3.0000000000000004 3.0000000000000004 3.5000000000000004 2021.5000000000002 2.0000000000000004 3.0000000000000004 2010.5000000000002 2.5000000000000004 2.5000000000000004 2.5000000000000004 2021.5000000000002 3.0000000000000004 3.5000000000000004 3.0000000000000004 4.0000000000000009 1.0000000180025095e-35 2017.5000000000002 136.50000000000003 77.500000000000014 1.0000000180025095e-35 -1.4999999999999998 1.0000000180025095e-35 2018.5000000000002 3.0000000000000004 2.0000000000000004 2016.5000000000002 2018.5000000000002 2014.5000000000002 1.0000000180025095e-35 2.5000000000000004 4.0000000000000009 2.0000000000000004 2.0000000000000004 2.5000000000000004 3.5000000000000004 1.0000000180025095e-35 2.0000000000000004 1.0000000180025095e-35 7.5000000000000009 2.0000000000000004 4.5000000000000009 4.5000000000000009 2.0000000000000004 3.0000000000000004 2.0000000000000004 2.0000000000000004 2.5000000000000004 4.0000000000000009 2.5000000000000004 4.0000000000000009
decision_type=10 2 2 2 2 2 2 2 2 2 2 2 2 2 2 2 2 2 2 2 2 2 2 2 2 2 2 2 2 10 10 2 2 2 2 2 2 2 2 2 10 2 2 2 2 2 2 2 2 2 8 2 2 2 2 2 2 2 2 2 2 2
left_child=1 27 18 35 -5 6 -6 8 34 -10 -11 12 -7 -14 -9 37 -17 22 19 -3 -21 -12 24 -24 25 -13 -27 28 -1 30 -30 32 -29 -26 -8 36 -4 -15 39 -20 41 -41 47 45 -45 55 -46 54 -47 -40 -51 53 -53 60 -43 58 -57 -48 -44 -60 -52 -62
right_child=-2 2 3 4 5 11 7 14 9 10 21 17 13 15 -16 16 -18 -19 38 20 -22 -23 23 -25 33 26 -28 31 29 -31 -32 -33 -34 -35 -36 -37 -38 -39 49 40 -42 42 43 44 46 48 57 -49 -50 50 51 52 -54 -55 -56 56 -58 -59 59 -61 61 -63
leaf_value=-0.0050506883444430932 0.42531347017396581 0.79132769886763654 -0.030368116510970919 0.0059729835222191788 1.0869581922240881 -0.052293249076112693 -0.18853107678703965 0.20973075002883423 1.0284946579072212 0.83688675832180748 0.24556831760626091 0.86695872783660899 1.0836322158575058 0.28272902858257293 -0.30397137460556439 0.099575679726672903 0.98656105507503866 -0.23264977564621303 0.0049073381480263705 -0.23701503040159452 0.17147130175463615 -0.11367929933799639 -0.29709917629758514 0.013086447255943526 0.058451880055859134 0.43538979284013762 -0.034523362521697014 -0.13313218854367734 0.020524657088880051 0.47763410004285672 0.37513573638030462 -0.0066092321708556903 0.5164267537386521 -0.21193801035483678 0.15957400410071665 -0.081851751077253385 0.42473462962585951 -0.03864342838872311 -0.00076237980123016521 -0.20054376578993269 -0.017276009294241917 -0.15719295002165296 -0.062701467713971712 1.3588381471457307 0.64846361563319255 0.69332315293805946 -0.15347996900479 -0.34746721506118777 0.1928477954864502 0.24365483746514657 -0.24838703927676101 -0.12858133833045546 0.48629292147234082 -0.61781360697746279 0.25095692704476064 -0.20242171550905985 0.19048761109059509 0.25675347835685197 0.16041442430704028 0.52355079457163811 0.23236192708405168 -0.31836424057837576
leaf_weight=5469 22 23 122 575 23 109 40 33 36 21 38 20 23 25 47 33 22 36 5054 34 31 36 36 188 270 33 103 20 5147 26 21 44434 23 30 23 419 23 43 6465 45 298 21 24 27 21 28 27 25 30 32 91 115 32 25 42 43 22 26 37 20 26 24
leaf_count=5469 22 23 122 575 23 109 40 33 36 21 38 20 23 25 47 33 22 36 5054 34 31 36 36 188 270 33 103 20 5147 26 21 44434 23 30 23 419 23 43 6465 45 298 21 24 27 21 28 27 25 30 32 91 115 32 25 42 43 22 26 37 20 26 24
internal_value=0.000279841 0.000146706 0.0130142 0.0496013 0.0800989 0.113713 0.247822 0.177383 0.288498 0.456791 0.240145 0.0726929 0.19459 0.378907 -0.0920692 0.247129 0.45437 0.0292797 0.00607333 0.175655 -0.0421985 0.0707992 0.0431466 -0.0367648 0.0824013 0.180456 0.0794997 -0.00337586 0.00922016 0.0242466 0.0219656 -0.00639565 0.214306 0.0314129 -0.0614451 -0.0500566 0.0418206 0.0795082 0.00488895 0.0168577 0.0989189 0.177974 0.221316 0.289917 0.523148 0.174444 0.218235 -0.0164493 0.434457 -0.00528711 -0.0900766 -0.124196 0.00526884 -0.238843 0.114907 0.0711514 -0.069437 0.0477666 0.183969 0.287831 -0.171649 -0.0319866
internal_weight=70257 70235 15095 2407 1843 1268 297 274 194 131 95 971 255 146 80 123 55 716 12688 88 65 74 680 224 456 156 136 55140 10663 5194 5168 44477 43 300 63 564 145 68 12600 5790 736 438 393 305 101 204 74 88 58 6810 345 313 147 166 63 146 65 53 81 57 141 50
internal_count=70257 70235 15095 2407 1843 1268 297 274 194 131 95 971 255 146 80 123 55 716 12688 88 65 74 680 224 456 156 136 55140 10663 5194 5168 44477 43 300 63 564 145 68 12600 5790 736 438 393 305 101 204 74 88 58 6810 345 313 147 166 63 146 65 53 81 57 141 50
is_linear=0
shrinkage=0.05


Tree=69
num_leaves=63
num_cat=0
split_feature=113 100 68 94 114 114 114 113 100 67 70 55 100 22 14 16 16 65 100 114 54 14 63 76 94 77 54 22 40 110 113 91 71 65 114 100 114 65 26 90 61 114 65 9 68 113 87 55 41 114 114 77 47 109 19 100 79 76 22 67 65 112
split_gain=1696.88 2741.67 4252.88 1313.42 4478.43 1443.01 1880.14 3752.14 3532.74 2192.12 2865.64 6493.86 1970.29 2018.81 2759.39 2416.9 1761.33 1400.46 1334.25 1211.3 963.349 921.555 968.274 1123.13 892.821 803.766 743.304 1086.18 739.668 691.486 661.42 690.511 809.648 640.002 633.213 792.443 1885.34 1939.45 1502.23 1406.29 694.399 2399.55 3298.39 5682.11 1115.73 2033.28 975.97 2540.7 2582.3 2565.42 8486.95 1588.94 1351.98 682.418 695.212 659.839 989.981 740.264 619.092 1126.15 590.731 1506.96
threshold=4.5000000000000009 2010.5000000000002 2.0000000000000004 2.0000000000000004 8.5000000000000018 14.500000000000002 19.500000000000004 6.5000000000000009 2011.5000000000002 2.5000000000000004 2.0000000000000004 3.0000000000000004 2018.5000000000002 3.0000000000000004 2.0000000000000004 3.5000000000000004 4.5000000000000009 2.0000000000000004 2011.5000000000002 17.500000000000004 2.0000000000000004 2.0000000000000004 2.5000000000000004 3.5000000000000004 4.0000000000000009 2.5000000000000004 2.0000000000000004 3.0000000000000004 3.5000000000000004 15.750000000000002 6.5000000000000009 2.0000000000000004 3.0000000000000004 2.0000000000000004 1.0000000180025095e-35 2020.5000000000002 18.500000000000004 2.0000000000000004 2.5000000000000004 1.0000000180025095e-35 4.5000000000000009 8.5000000000000018 2.0000000000000004 1.0000000180025095e-35 2.0000000000000004 3.5000000000000004 1.0000000180025095e-35 3.0000000000000004 2.0000000000000004 11.500000000000002 13.500000000000002 2.5000000000000004 2.0000000000000004 70.500000000000014 3.5000000000000004 2022.5000000000002 2.0000000000000004 3.5000000000000004 3.0000000000000004 2.5000000000000004 2.0000000000000004 1.0000000180025095e-35
decision_type=2 2 2 2 2 2 2 2 2 2 2 2 2 2 2 2 2 2 2 2 2 2 2 2 2 2 2 2 2 8 2 2 2 2 2 2 2 2 2 2 2 2 2 2 2 2 2 2 2 2 2 2 2 10 2 2 2 2 2 2 2 10
left_child=29 2 -2 26 -5 21 8 18 -7 10 11 -10 13 14 -13 20 17 -12 -8 -17 -16 22 -6 -24 -14 -20 30 -28 -4 -1 31 -3 -33 58 -31 -36 39 38 -38 40 46 -42 44 -44 45 -43 53 -48 49 51 -51 -49 -52 55 -55 56 -37 -58 59 -27 -23 -62
right_child=1 3 28 4 5 6 7 -9 9 -11 16 12 24 -15 15 19 -18 -19 25 -21 -22 60 23 -25 -26 33 27 -29 -30 34 -32 32 -34 -35 35 36 37 -39 -40 -41 41 42 43 -45 -46 -47 47 48 -50 50 52 -53 -54 54 -56 -57 57 -59 -60 -61 61 -63
leaf_value=-0.015392561589436604 0.74216583728790286 -0.020094107154236977 0.22399554337774005 0.61721914647945342 -0.49756118789315223 0.59436640513909833 -0.38162335162361466 0.64169524036347869 0.95593854802949674 -0.013981659395562222 -0.053616628219207679 -0.23805380039687815 0.25508960144173715 0.61541830508245365 0.27691971878288313 0.89386873781681064 -0.37077297704915207 0.35217428309222065 -0.15392671148343337 0.34357439326122408 -0.11873704123497009 0.04133318930963982 0.16183181878017344 -0.35048765569925311 -0.053936247974634172 0.03572855420214565 -0.043981108767139981 -0.32353846548601639 -0.18233498831590017 -0.011664820537120729 0.27817401753907856 0.39179219743641824 0.017752436987864665 -0.11730300503080351 0.0013921464875126471 -0.11696335597697534 0.43910466643671198 0.50289596470538533 -0.012582242969847932 0.31727109276331389 -0.26207793463726303 -0.047122602388262748 1.0364333832063355 0.0099407022818923003 -0.12937370723312988 0.57520550312030883 -0.52918169924925118 0.020742409667753453 -0.52743611776310473 0.77656339334371771 -0.28743234161971787 -0.47420564274634086 0.15863553893107635 0.43067534849047662 0.013778424514457583 0.0034877458716140357 0.0059039240533655347 0.29594005602553036 -0.098927312240832385 0.38931760671985105 -0.19049926632394396 0.25540960431098941
leaf_weight=7639 35 516 21 35 20 37 30 20 29 289 73 29 31 36 40 20 30 30 92 20 25 243 23 20 95 76 181 43 24 8984 22 23 39 57 48895 33 24 40 79 39 37 35 26 28 56 21 29 34 23 39 49 31 26 20 20 1465 33 66 36 32 90 24
leaf_count=7639 35 516 21 35 20 37 30 20 29 289 73 29 31 36 40 20 30 30 92 20 25 243 23 20 95 76 181 43 24 8984 22 23 39 57 48895 33 24 40 79 39 37 35 26 28 56 21 29 34 23 39 49 31 26 20 20 1465 33 66 36 32 90 24
internal_value=0.000265849 0.0408375 0.328796 0.0312628 0.0579243 0.0452705 0.0747502 -0.0228868 0.117466 0.0938448 0.161884 0.241892 0.171934 0.282992 0.193684 0.312926 -0.0336239 0.0645749 -0.0640374 0.618722 0.124744 -0.0338333 -0.21014 -0.0764563 0.0220939 -0.0315201 -0.0199246 -0.0976461 0.00728593 -0.00122241 0.00909139 -0.00115051 0.156509 0.0245069 0.000577722 0.00272809 0.031721 0.207415 0.0926652 0.0198137 0.0142122 0.102039 0.183197 0.504178 0.0284384 0.18625 0.00466787 -0.0915417 -0.0287121 0.0353697 0.178301 -0.21531 -0.132795 0.0182442 0.222227 0.013135 0.120205 0.199261 0.0806399 0.140496 -0.00272028 -0.0966237
internal_weight=70257 2486 80 2406 1582 1547 1127 343 784 747 458 325 296 170 134 105 133 103 323 40 65 420 63 43 126 293 824 224 45 67771 600 578 62 201 60132 51148 2253 143 103 2110 2071 203 166 54 112 56 1868 231 202 179 114 65 75 1637 40 1597 132 99 144 108 357 114
internal_count=70257 2486 80 2406 1582 1547 1127 343 784 747 458 325 296 170 134 105 133 103 323 40 65 420 63 43 126 293 824 224 45 67771 600 578 62 201 60132 51148 2253 143 103 2110 2071 203 166 54 112 56 1868 231 202 179 114 65 75 1637 40 1597 132 99 144 108 357 114
is_linear=0
shrinkage=0.05


Tree=70
num_leaves=63
num_cat=0
split_feature=104 103 88 12 100 66 68 100 114 54 114 100 28 71 114 62 114 28 100 43 14 16 100 114 65 113 114 40 43 28 67 16 100 40 113 70 65 70 68 40 49 94 28 70 42 113 49 61 51 100 52 100 70 57 62 114 16 94 94 101 100 28
split_gain=841.276 788.216 720.825 891.014 2735.46 1900.72 3395.83 4909.19 4623.59 4467.55 4513.16 3345.05 8142.78 3279.75 2909.34 2762.71 2452.82 3843.82 4172.56 7204.78 2514.76 1874.6 1829.56 3375.7 2510.42 12969.2 1815.67 1752.22 3821.78 4245.24 2972.53 1450.34 1352.75 1333.48 1318.38 1249.84 1137.12 1132.19 1382.7 5360.48 1131.01 2112.04 1839.96 1211.01 917.088 884.352 1521.2 1248.39 3772.77 1268.37 1200.65 860.997 816.087 2390.54 785.479 1295.38 1571.73 719.58 1445.06 1210.8 1174.7 675.324
threshold=7.5000000000000009 1.0000000180025095e-35 1.0000000180025095e-35 1.0000000180025095e-35 2024.5000000000002 2.0000000000000004 2.0000000000000004 2011.5000000000002 8.5000000000000018 2.0000000000000004 12.500000000000002 2023.5000000000002 2.0000000000000004 3.0000000000000004 13.500000000000002 2.5000000000000004 17.500000000000004 2.0000000000000004 2016.5000000000002 2.0000000000000004 2.0000000000000004 3.5000000000000004 2012.5000000000002 17.500000000000004 2.0000000000000004 4.5000000000000009 15.500000000000002 3.5000000000000004 2.0000000000000004 2.0000000000000004 2.5000000000000004 4.5000000000000009 2012.5000000000002 3.5000000000000004 4.5000000000000009 2.0000000000000004 2.0000000000000004 2.0000000000000004 2.0000000000000004 3.5000000000000004 4.0000000000000009 4.0000000000000009 2.0000000000000004 2.0000000000000004 2.0000000000000004 4.5000000000000009 4.0000000000000009 1.5000000000000002 2.5000000000000004 2018.5000000000002 3.0000000000000004 2017.5000000000002 2.0000000000000004 4.0000000000000009 2.5000000000000004 16.500000000000004 3.5000000000000004 4.0000000000000009 2.0000000000000004 15.500000000000002 2024.5000000000002 2.0000000000000004
decision_type=2 2 2 2 2 2 2 2 2 2 2 2 2 2 2 2 2 2 2 2 2 2 2 2 2 2 2 2 2 2 2 2 2 2 2 2 2 2 2 2 2 2 2 2 2 2 2 2 2 2 2 2 2 2 2 2 2 2 2 2 2 2
left_child=1 -1 3 57 5 22 7 -7 -8 40 -11 14 -13 35 15 21 20 32 -19 -20 -16 36 23 34 31 26 -26 30 29 -29 -22 37 -18 -34 -5 -12 -10 45 44 -40 42 52 -9 51 -39 47 -47 -24 49 -49 -48 -43 53 -42 55 -6 -57 58 -2 -59 -60 -50
right_child=2 -3 -4 4 54 6 8 9 11 10 13 12 -14 -15 16 -17 17 18 19 -21 27 -23 24 -25 25 -27 -28 28 -30 -31 -32 -33 33 -35 -36 -37 -38 38 39 -41 41 43 -44 -45 -46 46 50 48 61 -51 -52 -53 -54 -55 -56 56 -58 59 60 -61 -62 -63
leaf_value=-0.0028111411287116521 0.007832838974477804 -0.02854853582012817 -0.070555437729458811 -0.22030978940782095 -0.32763689140713703 0.89587085820161383 0.67473211128402644 0.022176964267304072 -0.3925884387432001 1.0757325715344885 0.27469021898728835 0.90075668256031349 -0.27827517412326958 0.80655075414106259 0.63610271612803149 0.20453694256452415 -0.63354935144836255 -0.2492279887199402 1.0803448185014228 -0.17234108373522761 -0.40123922573892695 -0.087901133320161279 -0.11112821263973327 0.18214100106009123 0.11513180176594429 1.3450083176294962 -0.50862467497587205 0.873927584849298 -0.14069932196766904 -0.040974320116497223 0.22836964198866405 -0.17835995464807466 0.0060962595738643828 -0.37543015127279322 -0.76278571188449862 -0.23300349224697459 -0.85630511224269878 0.27703800722956656 -0.11674573392637316 0.84691279552601006 -0.056054707955230369 -0.15268644097571571 0.59675115401094614 0.090787733133350104 -0.087811986607362016 0.22104414209723472 -0.4722699551739627 0.80967015930218622 -0.20439744758051495 0.2465602581948042 -0.047764044567461944 -0.57621255622555811 -0.023297953701445037 0.6992402775585651 -0.37560935185567756 -0.274577842439924 0.28565688496155123 -0.0080346078627387026 0.091658096473183362 0.15450234941772892 -0.14162910214528954 0.14151975682803564
leaf_weight=39360 15679 3218 301 21 37 26 27 38 39 23 27 32 27 20 24 26 22 34 24 22 38 35 85 29 28 21 20 32 39 21 37 105 43 49 24 22 20 24 31 27 22 24 22 21 61 20 36 20 43 20 31 24 35 20 37 21 31 9358 775 116 58 21
leaf_count=39360 15679 3218 301 21 37 26 27 38 39 23 27 32 27 20 24 26 22 34 24 22 38 35 85 29 28 21 20 32 39 21 37 105 43 49 24 22 20 24 31 27 22 24 22 21 61 20 36 20 43 20 31 24 35 20 37 21 31 9358 775 116 58 21
internal_value=-0.000329774 -0.00475635 0.00640266 0.0072391 0.0422211 0.0600788 0.106871 0.236964 0.0355515 0.179476 0.469168 0.00495239 0.3612 0.266979 -0.0366686 -0.25163 0.0303325 -0.0948918 0.170788 0.481234 0.157524 -0.377804 -0.00411211 -0.238531 0.0251408 0.308643 -0.144767 0.0887457 0.234978 0.511419 -0.0906322 -0.0121906 -0.281334 -0.197108 -0.50963 0.0467461 -0.549781 0.0294509 0.143636 0.331854 0.050099 -0.0250059 0.232854 -0.225899 0.0152045 -0.0297101 -0.161627 0.0310134 0.147187 0.528115 -0.275857 -0.364449 0.155015 0.30361 -0.181991 -0.101498 0.0594082 0.00493981 0.0112422 -0.0060445 0.0754148 -0.0908934
internal_weight=70573 42578 27995 27694 1708 1582 915 324 591 298 92 564 59 69 505 120 385 194 80 46 191 94 667 74 593 69 48 167 92 53 75 524 114 92 45 49 59 419 143 58 206 146 60 69 85 276 87 189 104 40 67 48 77 42 126 89 52 25986 16512 9474 833 64
internal_count=70573 42578 27995 27694 1708 1582 915 324 591 298 92 564 59 69 505 120 385 194 80 46 191 94 667 74 593 69 48 167 92 53 75 524 114 92 45 49 59 419 143 58 206 146 60 69 85 276 87 189 104 40 67 48 77 42 126 89 52 25986 16512 9474 833 64
is_linear=0
shrinkage=0.05


Tree=71
num_leaves=63
num_cat=0
split_feature=61 100 90 40 55 11 113 22 61 100 57 11 100 54 55 12 8 91 12 67 8 46 114 100 114 14 28 52 68 21 114 12 65 85 100 110 94 94 111 50 9 100 100 12 54 40 8 56 52 104 65 100 114 54 85 100 103 14 100 55 17 40
split_gain=765.232 1034.27 2240.83 1784.94 3653.04 13421.8 1293.13 2374.25 2547.78 4342.05 2373.31 2717.5 1183.38 2016.49 1754.58 1773.66 1051.32 1454.44 2058.63 2606.79 979.787 944.444 1375.52 887.749 757.48 746.147 692.718 728.95 680.024 637.39 840.288 740.117 1173 2055.71 1127.85 693.403 577.233 1764.49 576.719 715.987 706.595 587.987 6917.02 1581.3 7972.96 7129.12 4625.89 919.341 869.353 761.723 2060.01 684.265 1916.15 2648.81 846.929 1010.44 1106.72 1917.35 775.475 823.189 822.846 1226.81
threshold=3.5000000000000004 2020.5000000000002 1.0000000180025095e-35 3.5000000000000004 3.0000000000000004 2.0000000000000004 5.5000000000000009 3.0000000000000004 4.5000000000000009 2018.5000000000002 4.0000000000000009 2.0000000000000004 2021.5000000000002 2.0000000000000004 3.0000000000000004 1.0000000180025095e-35 2.0000000000000004 2.0000000000000004 1.0000000180025095e-35 2.5000000000000004 2.0000000000000004 2.0000000000000004 18.500000000000004 2014.5000000000002 18.500000000000004 4.0000000000000009 2.0000000000000004 3.0000000000000004 2.0000000000000004 1.0000000180025095e-35 10.500000000000002 1.0000000180025095e-35 2.0000000000000004 1.0000000180025095e-35 2022.5000000000002 162.50000000000003 4.0000000000000009 2.0000000000000004 1.5000000000000002 2.0000000000000004 1.0000000180025095e-35 2018.5000000000002 2014.5000000000002 1.0000000180025095e-35 2.0000000000000004 3.5000000000000004 2.0000000000000004 3.0000000000000004 3.0000000000000004 1.5000000000000002 2.0000000000000004 2010.5000000000002 16.500000000000004 2.0000000000000004 1.0000000180025095e-35 2013.5000000000002 1.0000000180025095e-35 4.0000000000000009 2011.5000000000002 3.0000000000000004 3.0000000000000004 3.5000000000000004
decision_type=2 2 2 2 2 2 2 2 2 2 2 2 2 2 2 2 2 2 2 2 2 2 2 2 2 2 2 2 2 2 2 2 2 2 2 10 2 2 10 2 2 2 2 2 2 2 2 2 2 2 2 2 2 2 2 2 2 2 2 2 2 2
left_child=29 6 3 12 5 -5 -2 8 9 10 -8 -12 13 -3 15 -14 17 18 -6 -20 -10 25 36 -9 26 -18 -16 -28 -25 35 31 -31 34 -34 -33 -1 37 -23 39 40 -32 42 49 47 46 -46 48 -44 -45 50 -41 52 53 -51 55 56 -53 -58 60 -60 61 -56
right_child=1 2 -4 4 16 -7 7 23 20 -11 11 -13 14 -15 24 -17 21 -19 19 -21 -22 22 -24 28 -26 -27 27 -29 -30 30 38 32 33 -35 -36 -37 -38 -39 -40 41 -42 -43 43 44 45 -47 -48 -49 -50 51 -52 54 -54 -55 58 -57 57 -59 59 -61 -62 -63
leaf_value=0.002611415885242037 0.0041886628213626325 -0.069186356860925169 0.56923722787981945 -0.25338800770541031 -0.015635067022570941 1.2687349331432156 0.17859666056576229 -0.39621951594948768 0.1643919282158216 -0.14537102620189007 0.42504179955206134 1.2023368850674319 -0.049506295400281113 0.52235356019437318 -0.047085619121450394 -0.59850536691291001 -0.28821483033318679 0.55316603148267385 0.6844220722800699 -0.020037373093267283 -0.25943295693397522 -0.0086277642784019313 0.47750686031012307 0.22294927522540095 -0.24559699508245103 -0.019354395553251948 -0.14714801704341715 0.17463464559140532 -0.15878298218761172 -0.018380270359636349 -0.094777297906577587 -0.10032807655995135 -0.089460734895577557 -0.71572613015770914 0.29097364842891693 0.28343150209296836 -0.062383397372768205 0.50645701853639413 -0.010693625940868907 -0.040037192867414376 -0.0073277877643206264 -0.0010582438096106346 0.38971593335445509 -0.29479181364592577 0.048908306161562609 1.2023391846063975 0.54711811739184402 0.11201244829638866 0.046112221432849765 0.69589762710607972 0.5897974594309926 -0.031683368665565335 -0.074178321253169671 -0.069474051147699362 -0.3053067998339733 -0.001033847505645298 0.70809294119477273 0.051280287250876425 0.26893003810019722 -0.051244630584628081 -0.35187691905620427 0.20024861851707101
leaf_weight=27020 11483 34 21 30 107 28 21 20 30 26 22 23 31 25 192 28 31 21 29 24 25 60 21 20 32 154 22 88 28 8846 250 113 38 20 22 22 68 23 10606 37 3038 3592 32 45 21 37 34 434 32 26 20 35 55 20 24 2797 20 25 21 456 44 24
leaf_count=27020 11483 34 21 30 107 28 21 20 30 26 22 23 31 25 192 28 31 21 29 24 25 60 21 20 32 154 22 88 28 8846 250 113 38 20 22 22 68 23 10606 37 3038 3592 32 45 21 37 34 434 32 26 20 35 55 20 24 2797 20 25 21 456 44 24
internal_value=-0.000313285 0.0107654 0.0578426 0.0475951 0.104421 0.48143 0.00646338 0.127954 0.240962 0.401908 0.617503 0.822326 -0.0273347 0.181466 -0.0586814 -0.310048 0.0637771 0.161939 0.11059 0.365422 -0.0282557 0.0140089 0.0983513 -0.116343 -0.0142783 -0.0644067 0.0102323 0.110278 0.000272125 -0.00276012 -0.00768261 -0.0204936 -0.117356 -0.305414 -0.0365604 0.00283988 0.045621 0.134107 -0.00235241 0.00560396 -0.0139769 0.0138254 0.0264373 0.178598 0.309619 0.784718 0.0613691 0.131082 -0.153117 -0.000372392 0.180957 -0.00328635 0.124991 0.363127 -0.00704606 0.0039775 0.179187 0.343197 -0.0627838 -0.0371489 -0.195695 -0.0525291
internal_weight=70573 12767 1069 1048 596 58 11698 215 147 92 66 45 452 59 393 59 538 181 160 53 55 357 172 68 334 185 302 110 48 57806 30764 9039 193 58 135 27042 151 83 21725 11119 3288 7831 4239 635 169 58 111 466 77 3604 57 3547 101 46 3446 2877 80 45 569 477 92 48
internal_count=70573 12767 1069 1048 596 58 11698 215 147 92 66 45 452 59 393 59 538 181 160 53 55 357 172 68 334 185 302 110 48 57806 30764 9039 193 58 135 27042 151 83 21725 11119 3288 7831 4239 635 169 58 111 466 77 3604 57 3547 101 46 3446 2877 80 45 569 477 92 48
is_linear=0
shrinkage=0.05


Tree=72
num_leaves=63
num_cat=0
split_feature=104 103 88 12 101 20 68 114 114 22 15 8 16 101 24 63 54 101 101 46 14 114 50 114 48 43 114 16 25 101 63 16 63 101 14 101 101 28 101 75 101 101 44 44 8 54 114 76 62 114 63 103 46 104 114 40 11 114 102 101 48 52
split_gain=725.264 707.448 650.23 725.497 2429.42 1614.44 2450.36 3295.37 4396.19 4626.3 4856.54 4252.88 4949.36 2733.93 2166.13 2301.23 4126.25 3905.86 2479.67 4303.95 2159.85 2135.22 1694.25 1720.78 1769.39 3772.04 4118.15 2911.17 3336.54 2912.7 2773.78 2680.3 2718.04 2243.16 2154.52 3267.57 4242.93 1935.83 1312.26 1247.27 1100.43 1044.17 958.51 929.856 919.519 894.346 822.88 798.687 704.381 1165.17 2158.98 674.721 601.963 581.047 3091.06 505.095 478.871 552.458 475.931 500.748 493.478 727.25
threshold=7.5000000000000009 1.0000000180025095e-35 1.0000000180025095e-35 1.0000000180025095e-35 1.5000000000000002 2.5000000000000004 2.0000000000000004 9.5000000000000018 15.500000000000002 3.0000000000000004 3.0000000000000004 2.0000000000000004 3.5000000000000004 13.500000000000002 2.5000000000000004 2.5000000000000004 2.0000000000000004 7.5000000000000009 9.5000000000000018 2.0000000000000004 2.0000000000000004 8.5000000000000018 2.0000000000000004 11.500000000000002 3.0000000000000004 2.0000000000000004 13.500000000000002 3.5000000000000004 2.5000000000000004 3.5000000000000004 2.5000000000000004 3.5000000000000004 2.5000000000000004 9.5000000000000018 2.0000000000000004 11.500000000000002 8.5000000000000018 2.0000000000000004 10.500000000000002 2.0000000000000004 9.5000000000000018 8.5000000000000018 2.0000000000000004 2.0000000000000004 2.0000000000000004 2.0000000000000004 17.500000000000004 3.5000000000000004 2.5000000000000004 16.500000000000004 2.5000000000000004 1.0000000180025095e-35 2.0000000000000004 1.0000000180025095e-35 8.5000000000000018 3.5000000000000004 1.0000000180025095e-35 15.500000000000002 1.0000000180025095e-35 15.500000000000002 3.0000000000000004 3.0000000000000004
decision_type=2 2 2 2 2 2 2 2 2 2 2 2 2 2 2 2 2 2 2 2 2 2 2 2 2 2 2 2 2 2 2 2 2 2 2 2 2 2 2 2 2 2 2 2 2 2 2 2 2 2 2 2 2 2 2 2 2 2 2 2 2 2
left_child=1 53 3 58 48 39 7 51 9 10 52 12 -12 14 -10 42 18 -18 19 -17 -15 -8 47 45 25 27 -27 34 -29 -30 -31 37 -33 -32 -25 36 55 40 -14 -6 -26 -41 -16 -28 -39 -24 -34 -23 49 -5 -51 -7 -9 54 -1 -36 -4 -58 -2 -60 61 -61
right_child=2 -3 56 4 5 6 21 8 13 -11 11 -13 38 20 15 16 17 -19 -20 -21 -22 22 23 24 31 26 43 28 29 30 33 32 46 -35 35 -37 -38 44 -40 41 -42 -43 -44 -45 -46 -47 -48 -49 -50 50 -52 -53 -54 -55 -56 -57 57 -59 59 60 -62 -63
leaf_value=-0.14043657815817631 0.036234016797675357 -0.026947943189886393 -0.034041505324322797 -0.31123168726225159 0.022106321864114462 -0.070044395752251146 0.39844154916289781 -0.11423073943866335 -0.27653416442098439 -0.14467520041062551 0.44767246919147896 0.2486826415908964 0.98850351214408883 0.088403782993555072 -0.19587067467410391 -0.099888008847938192 0.23842704221606256 1.1404914567867914 -0.19947268737329019 0.71393172831246354 -0.56349332150485787 -0.32001736826517369 -0.031023007929325105 0.79026758405897357 -0.26332198638340526 0.51962975488665208 -0.27108999140033818 -0.47011834383010864 0.6566272770166397 -0.34117912049255067 -0.087392758420019437 0.47593628651329456 0.10539661074678104 0.46347739653927944 0.35990006469544911 -0.12167855821775669 0.9882463485289078 -0.66899601060610558 1.561273736814037 -0.041193865927366111 0.16517429866137046 -0.40048062042111443 0.19221457122610167 0.019866890871995377 -0.2484836821551793 -0.41397668237407359 -0.23507602445781234 0.036442884260957896 -0.35633493823980966 0.43206505565480752 -0.22004928035040697 -0.45448676525792547 0.24751723318806162 -0.002789986067746423 0.63554960326069887 0.02073629731717317 -0.06443690645851588 -0.36023985208184633 0.0026091364719195444 0.0071903633910256467 0.0095275740242666673 0.30217528192636872
leaf_weight=33 1142 3218 236 37 131 25 36 23 27 34 33 38 20 24 41 32 24 24 37 33 27 55 30 27 29 24 99 24 25 31 33 35 36 42 21 33 26 26 20 39 31 42 26 38 26 31 35 22 37 22 30 21 23 39306 21 23 38 27 24660 37 99 48
leaf_count=33 1142 3218 236 37 131 25 36 23 27 34 33 38 20 24 41 32 24 24 37 33 27 55 30 27 29 24 99 24 25 31 33 35 36 42 21 33 26 26 20 39 31 42 26 38 26 31 35 22 37 22 30 21 23 39306 21 23 38 27 24660 37 99 48
internal_value=-0.000297621 -0.00440766 0.0059534 0.00674783 0.0383139 0.055143 0.0750124 0.158937 0.197222 0.384112 0.498626 0.677646 0.900942 0.0762194 0.145809 0.198358 0.307179 0.689459 0.127283 0.313282 -0.256718 0.0217331 0.00482344 0.0285071 0.0518548 0.108918 -0.0845457 0.218209 0.0718605 0.171154 0.056656 -0.06489 0.115324 0.221095 0.392701 0.288484 0.481846 -0.23545 1.27489 -0.0732586 -0.0419322 -0.227491 -0.0452704 -0.190387 -0.45874 -0.225639 -0.062442 -0.218172 -0.172984 -0.0967598 0.0558452 -0.245551 0.0666432 -0.00256481 0.161336 0.18261 -0.0671391 -0.187309 0.00467306 0.00322231 0.0854005 0.17377
internal_weight=70573 42578 27995 27694 1708 1582 1370 532 486 191 157 111 73 295 244 217 150 48 102 65 51 838 802 725 664 446 161 285 155 131 106 218 106 75 130 103 70 112 40 212 60 81 67 137 52 61 71 77 126 89 52 46 46 39360 54 44 301 65 25986 24844 184 85
internal_count=70573 42578 27995 27694 1708 1582 1370 532 486 191 157 111 73 295 244 217 150 48 102 65 51 838 802 725 664 446 161 285 155 131 106 218 106 75 130 103 70 112 40 212 60 81 67 137 52 61 71 77 126 89 52 46 46 39360 54 44 301 65 25986 24844 184 85
is_linear=0
shrinkage=0.05


Tree=73
num_leaves=63
num_cat=0
split_feature=61 113 61 100 90 40 55 62 100 54 87 55 77 114 49 114 42 113 69 80 87 113 91 14 17 8 40 47 85 72 114 12 65 85 106 110 95 113 50 87 112 104 19 100 100 41 85 49 49 87 54 8 113 100 44 87 63 114 57 70 40 100
split_gain=668.846 952.109 3449.73 788.175 2022.25 2020.83 3250.05 13409.3 1079.91 1763.87 1537.99 1730.91 1345.61 1067.76 1000.97 2548.39 2219.84 3225.56 1970.7 795.425 896.538 732.616 1781.94 1475.87 835.445 947.235 778.646 679.1 671.879 619.829 753.326 674.228 1074.74 1864.27 1043.04 622.86 528.501 490.668 477.328 811.409 578.804 787.565 1628.05 577.343 6321.15 1508.62 3074.52 4923.56 1098.3 1411.64 6787.34 7079.47 619.625 1662.48 2191.34 776.723 1344.34 1019.97 879.056 588.719 476.911 469.407
threshold=3.5000000000000004 6.5000000000000009 4.5000000000000009 2020.5000000000002 1.0000000180025095e-35 3.5000000000000004 3.0000000000000004 2.5000000000000004 2021.5000000000002 2.0000000000000004 1.0000000180025095e-35 3.0000000000000004 2.5000000000000004 15.500000000000002 4.0000000000000009 19.500000000000004 2.0000000000000004 3.5000000000000004 3.0000000000000004 3.5000000000000004 1.0000000180025095e-35 5.5000000000000009 2.0000000000000004 4.0000000000000009 3.0000000000000004 2.0000000000000004 3.5000000000000004 2.0000000000000004 1.0000000180025095e-35 1.0000000180025095e-35 10.500000000000002 1.0000000180025095e-35 2.0000000000000004 1.0000000180025095e-35 1.0000000180025095e-35 162.50000000000003 2.0000000000000004 3.5000000000000004 2.0000000000000004 1.0000000180025095e-35 inf 1.5000000000000002 3.5000000000000004 2014.5000000000002 2018.5000000000002 2.0000000000000004 4.0000000000000009 4.0000000000000009 4.0000000000000009 1.0000000180025095e-35 2.0000000000000004 2.0000000000000004 3.5000000000000004 2013.5000000000002 2.0000000000000004 1.0000000180025095e-35 2.5000000000000004 18.500000000000004 4.0000000000000009 2.0000000000000004 3.5000000000000004 2015.5000000000002
decision_type=2 2 2 2 2 2 2 2 2 2 2 2 2 2 2 2 2 2 2 2 2 2 2 2 2 2 2 2 2 2 2 2 2 2 2 10 2 2 2 2 8 2 2 2 2 2 2 2 2 2 2 2 2 2 2 2 2 2 2 2 2 2
left_child=29 3 -3 21 5 8 7 -7 9 -5 -10 -12 -13 -14 16 19 17 -8 -19 28 36 -2 23 26 -25 -26 -23 -22 -16 35 31 -31 34 -34 -33 -1 -21 -18 39 -32 41 42 -40 52 45 48 -47 -48 59 61 51 60 53 54 -42 -54 57 -57 -58 -45 -51 -50
right_child=1 2 -4 4 -6 6 14 -9 10 -11 11 12 13 -15 15 -17 37 18 -20 20 27 22 -24 24 25 -27 -28 -29 -30 30 38 32 33 -35 -36 -37 -38 -39 40 -41 43 -43 -44 44 -46 46 47 -49 49 50 -52 -53 55 -55 -56 56 58 -59 -60 -61 -62 -63
leaf_value=0.0030380661364934032 0.0038751785883881108 0.55778022408485417 -0.22611005747318269 -0.065588784568450034 0.53632752160053876 1.3616438246021669 0.033936428399973143 -0.18198035327608098 -0.0061628920583557479 0.50135200917720801 -0.56653307633740568 0.13008696769966799 -0.49087438914510939 -0.027270915812772252 0.043064884577897637 0.5120654994249344 0.065513841272331771 1.0089938148111106 0.31549257820560817 -0.035208089564178813 -0.38013400041470025 -0.37930749404430392 0.48059859154401008 0.31015569796992676 -0.17413524820886811 0.25553721409776936 0.015317837417125703 -0.030582169319192571 0.35588229710147501 -0.017054862098452663 -0.011285402934818625 -0.10265180622772858 -0.085709494940544431 -0.68210092610679574 0.2438597129450904 0.26919750083576549 0.2354995932430029 -0.25766513315231904 -0.018045428838278796 -0.14884128373355496 0.039430628291198186 -0.0080764460444227859 0.54187413692940023 -0.10511682922540999 -0.00060276127904783567 0.16539154879967957 0.097489427893676539 1.1230871751308442 -0.021851236121012616 -0.12257821532456499 0.83782592296600356 0.77860389935473606 -0.017995913982660316 0.00068320192633876333 0.54239040157108598 0.29167862123250965 -0.070612911740317946 -0.1751218153671785 -0.37423958761333409 0.16729501741273065 -0.40727800658593583 0.135872863694419
leaf_weight=25425 11483 32 25 34 21 24 43 34 274 23 28 34 27 23 94 25 24 20 21 183 33 25 27 45 29 23 25 24 21 9315 6516 111 38 20 27 22 20 23 37 109 63 8284 20 68 3660 119 22 25 65 38 40 24 580 2775 33 25 40 22 59 28 24 172
leaf_count=25425 11483 32 25 34 21 24 43 34 274 23 28 34 27 23 94 25 24 20 21 183 33 25 27 45 29 23 25 24 21 9315 6516 111 38 20 27 22 20 23 37 109 63 8284 20 68 3660 119 22 25 65 38 40 24 580 2775 33 25 40 22 59 28 24 172
internal_value=-0.00028274 0.0100748 0.213969 0.00916038 0.0505878 0.0407035 0.101383 0.456761 -0.0399737 0.163177 -0.0699726 -0.226079 -0.112594 -0.277617 0.0625655 0.0232795 0.182523 0.336482 0.653786 -0.00930628 -0.0577365 0.00541816 0.107246 0.0386714 0.152417 0.0159122 -0.181995 -0.232954 0.100188 -0.0025703 -0.00716165 -0.0189859 -0.110761 -0.291362 -0.0348561 0.00326817 -0.00853738 -0.0926376 -0.00223952 -0.0135486 0.00237877 -0.006802 0.178418 0.0120942 0.0244925 0.17145 0.300624 0.64302 0.124734 0.164509 0.299737 0.0494634 -0.00267559 0.00775998 0.212323 -0.0439435 -0.147023 0.0731763 -0.251562 -0.0256634 -0.232785 0.0926152
internal_weight=70573 12767 57 12710 1053 1032 589 58 443 57 386 112 84 50 531 400 131 84 41 375 260 11657 174 147 97 52 50 57 115 57806 32359 9511 196 58 138 25447 203 47 22848 6625 16223 8341 57 7882 4285 625 166 47 459 363 126 86 3597 2871 96 726 146 47 99 96 62 237
internal_count=70573 12767 57 12710 1053 1032 589 58 443 57 386 112 84 50 531 400 131 84 41 375 260 11657 174 147 97 52 50 57 115 57806 32359 9511 196 58 138 25447 203 47 22848 6625 16223 8341 57 7882 4285 625 166 47 459 363 126 86 3597 2871 96 726 146 47 99 96 62 237
is_linear=0
shrinkage=0.05


Tree=74
num_leaves=63
num_cat=0
split_feature=112 110 110 49 61 52 26 61 100 24 12 8 100 65 114 114 11 106 87 114 42 12 100 100 100 83 67 100 100 68 94 63 54 55 12 12 24 22 114 48 17 100 114 11 77 85 61 100 100 20 111 41 85 49 28 114 52 76 77 46 62 12
split_gain=640.477 1158.96 779.89 1027.58 1062.64 1258.12 1336.36 622.416 659.313 1861.8 7372.81 1290.6 2459.06 3363.35 16215.8 2481.95 2501.27 2630.94 1895.45 1299.18 1370.76 1011.79 834.777 665.177 619.161 617.215 1389.68 457.741 680.457 2821.06 5029.49 2450.02 815.922 666.229 2044.31 1205.97 2876.52 1927.79 1376.71 2520.92 5689.23 1330.32 450.638 895.281 1056.28 816.515 451.807 426.685 3782.15 1718.54 1456.03 2271 2293.64 4417.18 1550.95 2701.3 2078.72 1872.44 1863.57 2822.36 6332.89 8357.96
threshold=1.0000000180025095e-35 163.50000000000003 49.250000000000007 4.0000000000000009 4.5000000000000009 3.0000000000000004 2.5000000000000004 3.5000000000000004 2020.5000000000002 2.5000000000000004 1.0000000180025095e-35 2.0000000000000004 2024.5000000000002 2.0000000000000004 12.500000000000002 17.500000000000004 2.0000000000000004 1.0000000180025095e-35 1.0000000180025095e-35 18.500000000000004 2.0000000000000004 1.0000000180025095e-35 2022.5000000000002 2022.5000000000002 2018.5000000000002 1.0000000180025095e-35 2.5000000000000004 2015.5000000000002 2014.5000000000002 2.0000000000000004 4.0000000000000009 2.5000000000000004 2.0000000000000004 3.0000000000000004 1.0000000180025095e-35 1.0000000180025095e-35 2.5000000000000004 3.0000000000000004 19.500000000000004 3.0000000000000004 3.0000000000000004 2013.5000000000002 9.5000000000000018 2.0000000000000004 2.5000000000000004 4.0000000000000009 2.5000000000000004 2014.5000000000002 2018.5000000000002 2.5000000000000004 1.5000000000000002 2.0000000000000004 4.0000000000000009 4.0000000000000009 2.0000000000000004 17.500000000000004 3.0000000000000004 3.5000000000000004 2.5000000000000004 2.0000000000000004 2.5000000000000004 1.0000000180025095e-35
decision_type=8 10 10 2 2 2 2 2 2 2 2 2 2 2 2 2 2 2 2 2 2 2 2 2 2 2 2 2 2 2 2 2 2 2 2 2 2 2 2 2 2 2 2 2 2 2 2 2 2 2 10 2 2 2 2 2 2 2 2 2 2 2
left_child=-1 2 7 4 5 6 24 42 25 10 -10 12 13 15 -15 16 22 -18 -13 20 23 -14 -11 -20 -4 27 -27 28 33 30 -30 -31 -33 34 -9 -35 -37 38 39 40 -38 -41 43 -2 46 -46 -45 -44 49 -49 51 54 -53 -54 58 56 -56 -57 -51 60 61 -60
right_child=1 -3 3 -5 -6 -7 -8 8 9 11 -12 18 21 14 -16 -17 17 -19 19 -21 -22 -23 -24 -25 -26 26 -28 -29 29 31 -32 32 -34 35 -36 36 37 -39 -40 41 -42 -43 47 44 45 -47 -48 48 -50 50 -52 52 53 -55 55 57 -58 -59 59 -61 -62 -63
leaf_value=-0.0059536907392318192 -0.0071167911273659779 0.35107707629601159 0.64177847638726238 0.024891126415743814 0.47481263804694884 -0.052909159442553158 0.022005184351333553 0.022719405275648058 -0.047409260895714837 0.29253747488061588 0.85659491936950127 0.034940221209016041 -0.01577395710932172 -0.37134094716360178 1.448199409723282 -0.30180706589510953 0.15405899276336035 0.87393050478263334 -0.58206146359443667 0.062466516526969711 0.032866702477137251 -0.42193297452252843 -0.04368071093573235 -0.26121250748634339 0.24834442406892779 0.040050621143403069 0.49323065720853354 -0.0044554857268877882 0.053896036341383652 -0.41832708929975831 1.0380281152576207 0.31813907345136005 -0.094151673391461382 0.012964836281515702 -0.44124556165188555 0.62103969780383295 1.099290257421407 -0.25915569257405074 -0.1122949359033789 -0.23858789744285436 -0.02538669737784759 0.28969923047010199 -0.0036435529470911993 -0.09495289452606813 -0.085946216496328512 -0.47440673451750509 0.15943262067933878 -0.015672265161439877 0.0013238022807725786 0.024628480675164613 -0.036516502562948722 0.21156512456232901 0.088941175153567684 1.0639201886951923 -0.4337463823524681 0.54190962404915788 0.0037500498633758692 0.027091271391040402 0.22785182727331466 0.082509339713540519 0.047701032720506194 1.6060886101289229
leaf_weight=29108 11394 24 20 1048 23 65 35 92 67 24 34 414 46 24 25 33 30 22 30 37 24 23 80 35 20 87 21 3646 37 30 20 30 20 2798 32 27 22 36 35 26 23 22 10195 64 24 31 24 221 9604 96 97 111 21 26 37 33 102 38 22 76 40 22
leaf_count=29108 11394 24 20 1048 23 65 35 92 67 24 34 414 46 24 25 33 30 22 30 37 24 23 80 35 20 87 21 3646 37 30 20 30 20 2798 32 27 22 36 35 26 23 22 10195 64 24 31 24 221 9604 96 97 111 21 26 37 33 102 38 22 76 40 22
internal_value=-0.000268603 0.00372227 0.0035211 0.0430554 0.159842 0.108097 0.247635 0.00233104 0.014861 0.0539943 0.256909 0.0297979 0.111654 0.187848 0.556996 0.0921431 0.175479 0.45862 -0.0167388 -0.186541 -0.290062 -0.15116 0.0339081 -0.409297 0.445061 0.00956429 0.128169 0.00770679 0.021351 0.130409 0.399206 -0.0611084 0.153223 0.0165515 -0.0970135 0.0212627 0.142821 0.0640894 0.155002 0.255598 0.524455 0.0035437 -0.000755839 -0.00867718 -0.133006 -0.304897 -0.025575 0.00365034 0.0107015 0.10631 0.1437 0.171714 0.335528 0.628291 0.116172 0.0154589 -0.112706 0.266373 0.198788 0.303284 0.503033 0.91697
internal_weight=70573 41465 41441 1211 163 140 75 40230 7952 948 101 847 307 238 49 189 156 52 540 126 89 69 104 65 40 7004 108 6896 3250 137 57 80 50 3113 124 2989 191 164 128 93 45 48 32278 11537 143 55 88 20741 10546 942 721 624 158 47 466 210 139 71 256 160 84 44
internal_count=70573 41465 41441 1211 163 140 75 40230 7952 948 101 847 307 238 49 189 156 52 540 126 89 69 104 65 40 7004 108 6896 3250 137 57 80 50 3113 124 2989 191 164 128 93 45 48 32278 11537 143 55 88 20741 10546 942 721 624 158 47 466 210 139 71 256 160 84 44
is_linear=0
shrinkage=0.05


Tree=75
num_leaves=63
num_cat=0
split_feature=107 110 114 61 12 46 16 100 55 65 14 67 113 55 17 51 15 62 100 100 55 113 94 113 28 42 66 100 100 42 100 114 85 17 106 113 48 100 114 46 12 100 28 113 62 17 100 100 111 109 44 9 103 16 50 91 66 49 114 48 42 16
split_gain=2108.69 564.67 547.389 533.997 1355.6 4643.23 4233.37 5276.5 7271.72 3880.47 6509.23 3595.02 3004.81 2413.46 2792.72 2295.44 1688.94 1532.94 1418.72 1409.69 1059.65 1107.17 1309.02 972.067 955.73 971.442 1144.28 911.852 1813.42 828.541 717.987 693.075 664.426 605.353 580.082 1592.68 1817.71 2737.08 1205.67 1599.98 704.871 691.009 638 950.525 537.169 518.457 504.398 1816.4 2602.86 1181.58 1964.57 1130.77 1607.68 1536.06 887.772 847.92 1061.58 1393.61 1423.82 1826.43 1766.85 2618.04
threshold=140.50000000000003 15.750000000000002 1.0000000180025095e-35 3.5000000000000004 1.0000000180025095e-35 2.0000000000000004 4.5000000000000009 2011.5000000000002 3.0000000000000004 2.0000000000000004 2.0000000000000004 2.5000000000000004 5.5000000000000009 3.0000000000000004 3.0000000000000004 2.5000000000000004 3.0000000000000004 2.5000000000000004 2016.5000000000002 2018.5000000000002 3.0000000000000004 3.5000000000000004 2.0000000000000004 6.5000000000000009 2.0000000000000004 2.0000000000000004 2.0000000000000004 2016.5000000000002 2020.5000000000002 2.0000000000000004 2023.5000000000002 15.500000000000002 4.0000000000000009 3.0000000000000004 1.0000000180025095e-35 3.5000000000000004 3.0000000000000004 2023.5000000000002 9.5000000000000018 2.0000000000000004 1.0000000180025095e-35 2023.5000000000002 2.0000000000000004 4.5000000000000009 2.5000000000000004 3.0000000000000004 2014.5000000000002 2018.5000000000002 1.5000000000000002 148.50000000000003 2.0000000000000004 1.0000000180025095e-35 1.0000000180025095e-35 2.5000000000000004 1.0000000180025095e-35 2.0000000000000004 2.0000000000000004 4.0000000000000009 19.500000000000004 3.0000000000000004 2.0000000000000004 2.5000000000000004
decision_type=10 8 2 2 2 2 2 2 2 2 2 2 2 2 2 2 2 2 2 2 2 2 2 2 2 2 2 2 2 2 2 2 2 2 2 2 2 2 2 2 2 2 2 2 2 2 2 2 10 10 2 2 2 2 2 2 2 2 2 2 2 2
left_child=1 -1 -3 34 23 6 7 -6 -9 18 -11 19 15 14 -8 16 -10 -15 29 -12 -20 32 -23 -5 25 26 -24 44 -29 31 -30 -7 -22 -26 46 36 37 -36 -37 40 -40 -38 43 -41 -17 -31 -4 48 51 54 -51 55 -53 -54 -49 56 -48 -58 60 -60 -59 -62
right_child=-2 2 3 4 5 9 13 8 12 10 11 -13 -14 17 -16 27 -18 -19 20 -21 21 22 24 -25 33 -27 -28 28 30 45 -32 -33 -34 -35 35 38 41 -39 39 42 -42 -43 -44 -45 -46 -47 47 49 -50 50 -52 52 53 -55 -56 -57 57 58 59 -61 61 -63
leaf_value=-0.013363602495155042 0.50043168550445916 -0.010516683957535524 -0.0046035436279997181 0.0065525580204124191 1.0491283441131765 -0.15774950784598959 0.62534552904275753 0.96012610687363531 0.12977528031915428 0.91800555174167353 -0.6178148406744004 0.39003075270447884 0.62795197516679768 -0.2771803295164294 -0.16054254606366158 0.2182276581608972 0.72295589745044708 0.12442169236285346 -0.29800362878612113 -0.02416304647922516 -0.0070520818819878282 -0.24146236942874061 0.10618016012944281 0.28699242241920964 -0.20573598202317955 0.0018532325824101765 0.60516669424595659 -0.39481982685424188 0.24133555580068522 -0.2517667747356675 -0.15392217352986337 -0.46614667393115106 -0.34894362121820449 0.14939099450906118 0.59206706352772254 0.22140571933181491 -0.36953482240438462 0.0026191386721890284 -0.14264328720477912 -0.10295100302994252 -0.45857943803071977 -0.029452220129512124 -0.21754176820317905 0.27985344380140303 -0.095423091351985942 0.091498613493009057 0.021723527572036761 0.012850659671360698 0.0034598211963591595 0.57866893151532051 -0.098908154889941216 0.056232454243459198 0.23681928687772463 0.64707323418095197 -0.0084756703681347929 -0.10536139030699376 -0.049004132624288078 0.066884304521871468 0.82881965219974529 0.15309246652759612 0.038098656758666041 0.70013220324181025
leaf_weight=7799 21 8988 21076 9566 22 29 26 31 30 26 20 32 28 74 20 43 20 35 35 20 27 27 20 31 24 24 27 37 27 22 20 49 30 24 31 20 20 54 26 50 55 59 45 24 20 22 230 8880 1142 23 20 95 107 29 10833 54 61 140 20 20 28 32
leaf_count=7799 21 8988 21076 9566 22 29 26 31 30 26 20 32 28 74 20 43 20 35 35 20 27 27 20 31 24 24 27 37 27 22 20 49 30 24 31 20 20 54 26 50 55 59 45 24 20 22 230 8880 1142 23 20 95 107 29 10833 54 61 140 20 20 28 32
internal_value=-0.000526915 -0.000676245 0.000903144 0.00281588 0.0129357 0.0719311 0.189321 0.306059 0.242201 -0.0390508 0.239894 -0.00498019 0.143287 -0.0200545 0.283655 0.0744009 0.367048 -0.148226 -0.114986 -0.320989 -0.0439203 -0.000112793 0.0728481 0.00745843 0.144162 0.26067 0.392832 -0.0251387 -0.132985 -0.253621 0.0731408 -0.351486 -0.186995 -0.0281725 0.000357547 -0.0608224 0.0571167 0.217594 -0.148741 -0.185755 -0.357168 -0.115549 -0.0690794 0.0212018 0.118656 -0.0801341 0.000906579 0.0062548 0.0521903 0.00170217 0.263517 0.120389 0.214056 0.3243 0.00113108 0.0834029 0.102599 0.164398 0.218638 0.490956 0.164174 0.391183
internal_weight=70470 70449 62650 53662 10488 891 433 278 256 458 98 72 225 155 46 197 50 109 360 40 238 203 146 9597 119 71 47 147 84 122 47 78 57 48 43174 384 164 85 220 200 81 79 119 74 63 44 42790 21714 1958 19756 43 816 231 136 19713 585 531 301 240 40 200 60
internal_count=70470 70449 62650 53662 10488 891 433 278 256 458 98 72 225 155 46 197 50 109 360 40 238 203 146 9597 119 71 47 147 84 122 47 78 57 48 43174 384 164 85 220 200 81 79 119 74 63 44 42790 21714 1958 19756 43 816 231 136 19713 585 531 301 240 40 200 60
is_linear=0
shrinkage=0.05


Tree=76
num_leaves=63
num_cat=0
split_feature=108 41 100 100 55 74 16 71 87 67 49 65 40 100 91 73 11 62 100 12 24 78 63 54 72 94 87 54 68 113 89 100 69 17 55 65 87 43 8 26 67 76 100 12 16 100 63 16 113 94 16 63 110 94 62 113 8 40 8 12 100 100
split_gain=1641.64 523.877 588.998 1112.87 2617.99 9293.99 976.393 921.515 2314.2 996.078 3807.1 1179.11 1652.39 960.442 850.118 1950.18 839.644 1476.94 796.491 796.463 752.2 814.438 1637.49 2407.24 811.828 2047.91 1086.9 1287.56 712.802 1541.06 826.202 1478.48 4402.98 2526.83 914.078 13421.1 1677.14 1105.34 1569.09 1533.74 1061.25 1301 1945.74 1060.24 1543.86 925.668 767.513 709.064 698.598 622.667 559.195 549.515 502.81 456.424 628.628 930.753 787.764 560.991 439.554 780.98 1635.48 3198.05
threshold=165.00000000000003 1.0000000180025095e-35 2019.5000000000002 2022.5000000000002 3.0000000000000004 2.5000000000000004 4.5000000000000009 3.0000000000000004 1.0000000180025095e-35 2.5000000000000004 4.0000000000000009 2.0000000000000004 3.5000000000000004 2023.5000000000002 2.0000000000000004 2.5000000000000004 2.0000000000000004 2.5000000000000004 2023.5000000000002 1.0000000180025095e-35 2.5000000000000004 3.0000000000000004 2.5000000000000004 2.0000000000000004 3.5000000000000004 4.0000000000000009 1.0000000180025095e-35 2.0000000000000004 2.0000000000000004 6.5000000000000009 -1.4999999999999998 2010.5000000000002 3.0000000000000004 3.0000000000000004 3.0000000000000004 2.0000000000000004 1.0000000180025095e-35 2.0000000000000004 2.0000000000000004 2.5000000000000004 2.5000000000000004 3.5000000000000004 2015.5000000000002 1.0000000180025095e-35 4.5000000000000009 2013.5000000000002 2.5000000000000004 3.5000000000000004 3.5000000000000004 4.0000000000000009 3.5000000000000004 2.5000000000000004 163.50000000000003 2.0000000000000004 2.5000000000000004 4.5000000000000009 2.0000000000000004 3.5000000000000004 2.0000000000000004 1.0000000180025095e-35 2016.5000000000002 2014.5000000000002
decision_type=10 2 2 2 2 2 2 2 2 2 2 2 2 2 2 2 2 2 2 2 2 2 2 2 2 2 2 2 2 2 2 2 2 2 2 2 2 2 2 2 2 2 2 2 2 2 2 2 2 2 2 2 10 2 2 2 2 2 2 2 2 2
left_child=1 2 28 4 5 -4 20 9 -9 14 -11 12 47 -10 16 -16 -5 18 -18 -8 48 -22 23 -23 25 -24 -26 -28 29 30 31 32 33 -1 35 43 49 39 -39 -38 41 45 -43 -33 -45 -41 -47 -12 -6 53 -15 -20 -32 -36 55 -55 -57 -56 59 -30 61 -61
right_child=-2 -3 3 7 6 -7 19 8 13 10 11 -13 -14 50 15 -17 17 -19 51 -21 21 22 24 -25 26 -27 27 -29 58 -31 52 34 -34 -35 36 -37 37 38 -40 40 -42 42 -44 44 -46 46 -48 -49 -50 -51 -52 -53 -54 54 57 56 -58 -59 -60 60 -62 -63
leaf_value=1.0062860148772597 0.42185084567121839 -0.0050319609186493522 1.0266677602132162 0.021586506373986188 0.020585379832967498 -0.18930501558563928 0.024901471193879844 -0.0070822925388236485 -0.55226624974837668 0.55036989838442618 0.5236514653172345 -0.28663450782852518 -0.15729172783238549 -0.32496906361327721 -0.011509942517069908 0.47471779808402065 -0.42070331270496047 0.1761133073226494 0.09418762637810274 -0.32719297470717601 0.0014549720371007057 0.72021106417690017 -0.029167513463359614 0.085390668665058914 0.11633336899930057 0.62629470825195321 0.11073239085574944 -0.39259574600943814 -0.021767778678627558 0.35685820742360047 0.0003821779699879195 0.024160130761918568 -0.094894688680768016 0.22975975667888468 0.030037107503363483 1.0598823443520815 0.14472728059109716 0.29509639788318326 -0.19150154729684196 0.023585866178785053 -0.39864541042458129 -0.20875922046601772 0.40250014114477067 -0.51084941534532446 0.053409329869530425 -0.14309914633631707 -0.50813173154989888 0.10262171305716038 -0.30135098269039934 -0.006360863039457528 0.026695608645677566 -0.20073062106966974 0.24514421210402537 0.063471922269318165 -0.19308236181735994 0.46416762743063056 0.12380372881889344 0.10566274367103523 -0.00033962538068072601 -0.1598314207934198 -0.26790407281901157 0.2942870425858668
leaf_weight=20 23 34562 30 731 72 33 36 525 26 43 20 28 35 26 58 32 30 34 22 29 138 28 26 32 131 22 24 27 1748 31 25093 105 50 22 2516 32 36 37 30 21 54 30 23 27 22 24 36 20 22 1222 20 56 21 123 30 34 34 33 1788 126 105 56
leaf_count=20 23 34562 30 731 72 33 36 525 26 43 20 28 35 26 58 32 30 34 22 29 138 28 26 32 131 22 24 27 1748 31 25093 105 50 22 2516 32 36 37 30 21 54 30 23 27 22 24 36 20 22 1222 20 56 21 123 30 34 34 33 1788 126 105 56
internal_value=-0.000500569 -0.000638461 0.00359306 0.0277584 0.0834304 0.38973 0.0505567 0.00654694 -0.0435384 0.033509 0.155208 -0.00976226 0.0936034 -0.309364 0.0150583 0.161371 -2.55415e-05 -0.111282 -0.201758 -0.132187 0.0733121 0.10144 0.14902 0.38164 0.0883361 0.271253 0.0400943 -0.155735 0.00189502 0.00451034 0.00414226 0.0237192 0.222127 0.599534 0.0196348 0.128146 0.0149224 -0.100963 0.0772167 -0.154258 -0.21151 -0.136098 0.0565043 -0.0654618 -0.257509 -0.262121 -0.362119 0.313137 -0.0547614 0.02337 -0.172071 -0.117549 0.000586845 0.0364859 0.100364 0.14554 0.293986 -0.0365968 -0.0184269 -0.0343188 -0.110762 -0.0201027
internal_weight=70470 70447 35885 2356 650 63 587 1706 597 1109 146 103 75 72 963 90 873 142 108 65 522 428 290 60 230 48 182 51 33529 29706 29675 4561 92 42 4469 186 4283 291 67 224 188 134 53 154 49 81 60 40 94 3992 46 78 25114 2770 254 191 68 63 3823 2035 287 182
internal_count=70470 70447 35885 2356 650 63 587 1706 597 1109 146 103 75 72 963 90 873 142 108 65 522 428 290 60 230 48 182 51 33529 29706 29675 4561 92 42 4469 186 4283 291 67 224 188 134 53 154 49 81 60 40 94 3992 46 78 25114 2770 254 191 68 63 3823 2035 287 182
is_linear=0
shrinkage=0.05


Tree=77
num_leaves=63
num_cat=0
split_feature=107 104 101 48 114 28 103 87 114 110 101 101 41 111 85 46 114 55 55 12 63 16 19 42 8 114 17 67 63 16 94 48 43 28 77 44 72 12 67 72 107 66 72 16 12 42 40 55 8 43 28 114 79 17 8 11 101 87 48 114 66 40
split_gain=1814.64 602.083 884.52 2681.89 5416.64 1480.24 677.14 768.94 520.012 514.585 462.963 2423.67 2173.17 3279.41 2083.81 3151.07 1457.53 7665.01 1427.71 1321.43 1360.5 1166.26 1089.5 1046.71 1665.94 971.519 897.758 1160.69 889.719 1723.97 1880.88 3263.12 882.587 805.537 633.031 859.678 1574.88 1049.43 2747.68 607.49 788.47 513.409 1087.21 486.28 2729.16 6605.28 5705.97 25260.9 2470.03 3837.08 1827.55 1580.48 1624.9 1497.81 2588.3 1204.44 742.053 739.328 1716.08 1771.87 3057.19 3603.85
threshold=140.50000000000003 7.5000000000000009 15.500000000000002 3.0000000000000004 15.500000000000002 2.0000000000000004 1.0000000180025095e-35 1.0000000180025095e-35 2.5000000000000004 17.750000000000004 11.500000000000002 7.5000000000000009 3.5000000000000004 7.5000000000000009 4.0000000000000009 2.0000000000000004 15.500000000000002 3.0000000000000004 3.0000000000000004 1.0000000180025095e-35 2.5000000000000004 3.5000000000000004 3.5000000000000004 2.0000000000000004 2.0000000000000004 19.500000000000004 3.0000000000000004 2.5000000000000004 2.5000000000000004 4.5000000000000009 4.0000000000000009 3.0000000000000004 2.0000000000000004 2.0000000000000004 2.5000000000000004 2.0000000000000004 3.5000000000000004 1.0000000180025095e-35 2.5000000000000004 1.0000000180025095e-35 40.500000000000007 2.0000000000000004 3.5000000000000004 3.5000000000000004 1.0000000180025095e-35 2.0000000000000004 3.5000000000000004 3.0000000000000004 2.0000000000000004 2.0000000000000004 2.0000000000000004 11.500000000000002 2.0000000000000004 3.0000000000000004 2.0000000000000004 2.0000000000000004 3.5000000000000004 1.0000000180025095e-35 3.0000000000000004 14.500000000000002 2.0000000000000004 3.5000000000000004
decision_type=10 2 2 2 2 2 2 2 2 8 2 2 2 10 2 2 2 2 2 2 2 2 2 2 2 2 2 2 2 2 2 2 2 2 2 2 2 2 2 2 10 2 2 2 2 2 2 2 2 2 2 2 2 2 2 2 2 2 2 2 2 2
left_child=1 6 8 4 -4 -6 -1 -8 -3 -10 11 39 16 14 22 -16 17 -13 23 26 32 -22 -14 24 -18 34 -19 -28 -27 30 -30 -32 -21 -33 41 37 -37 -36 -39 40 -11 -20 -43 57 -45 46 51 -48 49 -49 -50 -46 -53 54 -54 -47 -57 -41 59 60 -59 -62
right_child=-2 2 3 -5 5 -7 7 -9 9 10 -12 12 13 -15 15 -17 18 19 25 20 21 -23 -24 -25 -26 28 27 -29 29 -31 31 33 -34 -35 35 36 -38 38 -40 43 -42 42 -44 44 45 55 47 48 50 -51 -52 52 53 -55 -56 56 -58 58 -60 -61 61 -63
leaf_value=-0.0025408356790057982 0.46424378412110467 -0.015553170721464555 0.85658211469650269 -0.066219468579961457 -0.11193526400172192 0.37933150988234132 -0.022216627048126297 -0.17372435801987385 -0.011344110610425454 0.02539204310712416 0.00077698587732467678 0.80421046091092596 0.54072747649624942 -0.0051652877984091272 0.98749642395056214 0.24110137966852033 -0.5264869611603874 0.052674210102371735 -0.034720004326207386 -0.54832996186755956 0.24270973997456691 -0.17842858472178061 0.14387014827462941 0.089350683274476428 0.021305885554655738 0.0073011030496014824 0.47663552816957239 0.11623116987379822 0.0077375097466366631 -0.23276008546352386 0.95196901247614907 0.39310840574594647 -0.089919810068039674 -0.017980053072625939 -0.033051421861899528 0.37186063402504832 -0.090421594627972307 -0.62632795926183471 0.01470628076366016 -0.0031063343237416373 0.33295104711183482 0.3661840904969722 0.018763066347884508 -0.0024381157287319058 -0.27767249964177609 -0.40528667941689495 2.1388983821123837 0.78603310313294916 0.24784476007475997 -0.073579805663653783 -0.30135919153690338 -0.22430906891822816 0.77061127622425563 -0.013873899603883424 0.058077014180330136 -0.25388327461221943 0.1360001781812081 0.64304777222375087 -0.24271030157394369 -0.13162517828806755 0.36608301244283981 -0.28873692249998134
leaf_weight=39162 21 2945 30 106 46 23 3195 86 3420 2711 8849 37 21 121 26 31 35 263 102 21 35 31 98 23 23 123 32 74 42 20 21 26 21 22 95 27 58 32 35 5298 21 32 76 2240 30 45 20 34 33 21 28 25 25 36 26 23 26 24 109 124 38 47
leaf_count=39162 21 2945 30 106 46 23 3195 86 3420 2711 8849 37 21 121 26 31 35 263 102 21 35 31 98 23 23 123 32 74 42 20 21 26 21 22 95 27 58 32 35 5298 21 32 76 2240 30 45 20 34 33 21 28 25 25 36 26 23 26 24 109 124 38 47
internal_value=-0.000475541 -0.000614068 0.00507627 0.108555 0.295688 0.0518203 -0.00436884 -0.0261879 0.00431324 0.00666706 0.00954065 0.0157017 0.0731344 0.195214 0.332975 0.581562 0.0453721 0.110939 0.0028195 0.0571637 -0.0966638 0.0449023 0.213904 -0.196073 -0.309259 0.0254782 0.102186 0.225032 0.103876 0.194553 0.271546 0.432125 -0.319125 0.204693 -0.018095 -0.0723558 0.056421 -0.139924 -0.291459 0.00732003 0.0277561 0.0457259 0.121703 0.000554221 0.0183898 0.143805 0.266319 0.497785 0.214834 0.457817 -0.00424886 0.0446333 0.130965 0.233055 0.407359 -0.218524 -0.0470063 -0.00770579 -0.078957 -0.00235132 0.144713 0.00400611
internal_weight=70470 70449 28006 205 99 69 42443 3281 27801 24856 21436 12587 1603 297 176 57 1306 514 792 477 108 66 119 81 58 711 369 106 254 131 111 69 42 48 457 247 85 162 67 10984 2732 210 108 8252 2612 372 278 136 116 55 61 142 112 87 51 94 49 5640 342 233 109 85
internal_count=70470 70449 28006 205 99 69 42443 3281 27801 24856 21436 12587 1603 297 176 57 1306 514 792 477 108 66 119 81 58 711 369 106 254 131 111 69 42 48 457 247 85 162 67 10984 2732 210 108 8252 2612 372 278 136 116 55 61 142 112 87 51 94 49 5640 342 233 109 85
is_linear=0
shrinkage=0.05


Tree=78
num_leaves=63
num_cat=0
split_feature=107 110 57 72 100 16 87 106 114 11 52 103 16 100 89 110 14 100 100 100 87 114 114 8 65 55 16 100 42 62 100 26 44 114 14 100 100 55 69 68 28 42 47 100 65 61 49 68 28 62 43 100 52 54 62 100 14 100 20 106 52 110
split_gain=1637.71 476.258 487.767 642.053 1203.62 1769.1 833.421 1472.98 1566.59 1208.39 1643.98 1451.9 639.705 1104.94 614.115 639.143 550.854 811.836 919.042 542.226 812.01 3069.43 4736.42 1855.45 9227.56 17082.5 6283.45 5044.45 2370.24 2388.05 4649.69 2164.35 2743.6 2138.78 2106.33 2942.4 2101.47 2857.7 1880.38 1851.28 1742.17 1688.61 1650.74 1433.48 1847.56 1947.16 1996.03 2555.53 2112.7 1077.34 1785.24 1011.61 935.161 841.677 814.305 786.953 738.884 847.661 705.462 704.634 668.136 665.822
threshold=140.50000000000003 15.750000000000002 4.0000000000000009 1.0000000180025095e-35 2010.5000000000002 2.5000000000000004 1.0000000180025095e-35 1.0000000180025095e-35 13.500000000000002 1.0000000180025095e-35 3.0000000000000004 1.0000000180025095e-35 3.5000000000000004 2014.5000000000002 -1.4999999999999998 149.50000000000003 2.0000000000000004 2017.5000000000002 2015.5000000000002 2024.5000000000002 1.0000000180025095e-35 7.5000000000000009 8.5000000000000018 2.0000000000000004 2.0000000000000004 3.0000000000000004 1.5000000000000002 2020.5000000000002 2.0000000000000004 2.5000000000000004 2015.5000000000002 2.5000000000000004 2.0000000000000004 11.500000000000002 2.0000000000000004 2012.5000000000002 2015.5000000000002 3.0000000000000004 3.0000000000000004 2.0000000000000004 2.0000000000000004 2.0000000000000004 2.0000000000000004 2011.5000000000002 2.0000000000000004 3.5000000000000004 4.0000000000000009 2.0000000000000004 2.0000000000000004 2.5000000000000004 2.0000000000000004 2019.5000000000002 3.0000000000000004 2.0000000000000004 2.5000000000000004 2014.5000000000002 4.0000000000000009 2021.5000000000002 2.5000000000000004 1.0000000180025095e-35 3.0000000000000004 82.250000000000014
decision_type=10 8 2 2 2 2 2 2 2 2 2 2 2 2 2 10 2 2 2 2 2 2 2 2 2 2 2 2 2 2 2 2 2 2 2 2 2 2 2 2 2 2 2 2 2 2 2 2 2 2 2 2 2 2 2 2 2 2 2 2 2 8
left_child=1 -1 3 14 5 -5 -6 9 -9 11 12 -8 13 -11 -3 -16 -12 18 -18 20 -4 51 -23 24 26 -26 -24 40 43 30 -30 32 -28 -33 41 -36 38 -38 60 -39 -27 55 -32 -25 45 46 -45 -48 -49 50 53 -22 -51 -47 59 -35 -46 -58 -21 -41 -37 -60
right_child=-2 2 19 4 6 -7 7 8 -10 10 16 -13 -14 -15 15 -17 17 -19 -20 58 21 22 23 28 25 27 31 -29 29 -31 42 33 -34 34 35 36 37 39 -40 54 -42 -43 -44 44 56 49 47 48 -50 52 -52 -53 -54 -55 -56 -57 57 -59 61 -61 -62 -63
leaf_value=-0.012235208260046536 0.44103157179696223 0.035432587543058218 0.0074164630607395227 -0.0080150597786996514 -0.0060426571594926716 0.46755106715541905 -0.063634575045359701 0.53411511957645419 -0.070950656287048178 0.0051862783970371374 0.19611992146819832 0.30706143438816075 -0.46907604147748255 -0.38454247296533806 0.0022633372375581279 0.27824191422689531 -0.12591099806416492 -0.37521991848945624 0.27291838660836221 0.096048099581490867 -0.13316663407127968 0.76309947694341351 0.7822232340462506 -0.4667434943758923 1.5216573053790678 0.073271388637608501 0.53301104335662197 0.666970442129033 0.75698272943496703 -0.13372008353471757 -0.23856847317054353 0.34672946024824075 -0.2050164246186614 0.040719261494549838 -0.48205773839727045 0.65778059107916698 -0.63085736870765696 0.37874263315289114 -0.11226921992545778 -0.070200226207574212 -0.53332425475120548 -0.72787156701087952 0.26832382621036638 -0.16440666948910804 -0.52115608936264401 -0.5911603635007685 -0.16495148853531905 0.15193256929230234 0.7677271577715874 0.33422218674705145 0.14319163483602029 -0.62449847638607026 -0.11438455707751788 -0.22115527961914447 0.10402161134406925 -0.321614401708258 -0.037299761863855217 -0.42545216909863737 0.076306002908104076 -0.44069502190465021 0.2676992916542551 -0.097234408171874856
leaf_weight=7799 21 1521 11848 48 25961 33 221 20 23 31 20 30 41 44 21103 21 52 20 20 77 22 24 25 23 31 29 34 28 35 49 29 27 20 22 32 21 20 27 22 33 20 20 36 32 21 22 21 26 30 21 27 20 26 51 32 47 39 22 66 21 23 340
leaf_count=7799 21 1521 11848 48 25961 33 221 20 23 31 20 30 41 44 21103 21 52 20 20 77 22 24 25 23 31 29 34 28 35 49 29 27 20 22 32 21 20 27 22 33 20 20 36 32 21 22 21 26 30 21 27 20 26 51 32 47 39 22 66 21 23 340
internal_value=-0.000451764 -0.000583365 0.000867118 -0.00143862 -0.0067118 0.185734 -0.0073004 -0.0698528 0.210475 -0.095018 -0.178343 -0.0193283 -0.310269 -0.223455 0.00474715 0.0025377 -0.0417054 -0.0934065 -0.0151251 0.00930867 0.0112475 0.05214 0.0686283 0.0526634 0.117805 0.530601 0.0131524 0.131605 -0.0155437 0.152237 0.292356 -0.0347946 0.259668 -0.0806187 -0.116676 -0.0370515 0.0345073 -0.0799519 0.26516 0.0175534 -0.174319 -0.323343 0.0421719 -0.0847938 -0.0588031 0.00735727 0.167496 0.30543 0.481823 -0.111385 -0.204183 -0.367134 0.0860568 -0.332664 -0.0958432 -0.206088 -0.265353 -0.177289 -0.0427077 -0.214282 0.453874 -0.0690234
internal_weight=70470 70449 62650 49209 26564 81 26483 522 43 479 228 251 116 75 22645 21124 112 92 72 13441 12958 1110 1068 1044 534 108 426 77 510 149 100 401 54 347 320 231 199 133 66 113 49 89 65 361 338 256 109 77 56 147 100 42 47 73 86 69 82 61 483 54 44 406
internal_count=70470 70449 62650 49209 26564 81 26483 522 43 479 228 251 116 75 22645 21124 112 92 72 13441 12958 1110 1068 1044 534 108 426 77 510 149 100 401 54 347 320 231 199 133 66 113 49 89 65 361 338 256 109 77 56 147 100 42 47 73 86 69 82 61 483 54 44 406
is_linear=0
shrinkage=0.05


Tree=79
num_leaves=63
num_cat=0
split_feature=108 104 100 48 114 28 103 113 114 110 100 100 41 113 65 114 8 113 61 94 14 114 48 63 11 113 65 77 76 72 16 24 14 113 100 68 77 113 68 94 8 102 54 17 114 114 111 48 105 54 55 114 44 63 55 14 11 16 114 11 100 113
split_gain=1335.01 553.171 766.73 2399.83 4890.86 1313.86 604.215 518.841 465.889 440.917 416.091 2237.44 3208.91 2312.85 1574.52 6373.28 9847.41 1707 1505.18 1456.64 1264.29 1350.3 1969.06 3438.32 1110.31 988.243 986.831 960.725 860.979 1351.1 3281.77 1364.7 886.997 1256.42 1028.06 882.142 873.949 783.294 2205.84 781.348 738.474 594.104 588.977 486.924 428.947 2284.11 406.592 471.628 403.531 396.966 2688.74 6140.42 1478.48 1396.39 741.142 2168.17 2182.95 1521.56 4809.65 1413.6 988.317 853.487
threshold=165.00000000000003 7.5000000000000009 2010.5000000000002 3.0000000000000004 15.500000000000002 2.0000000000000004 1.0000000180025095e-35 3.5000000000000004 2.5000000000000004 17.750000000000004 2014.5000000000002 2017.5000000000002 2.0000000000000004 3.5000000000000004 2.0000000000000004 16.500000000000004 2.0000000000000004 3.5000000000000004 4.5000000000000009 4.0000000000000009 2.0000000000000004 18.500000000000004 3.0000000000000004 2.5000000000000004 2.0000000000000004 4.5000000000000009 2.0000000000000004 2.5000000000000004 3.5000000000000004 3.5000000000000004 2.5000000000000004 2.5000000000000004 4.0000000000000009 3.5000000000000004 2015.5000000000002 2.0000000000000004 2.5000000000000004 6.5000000000000009 2.0000000000000004 4.0000000000000009 2.0000000000000004 1.0000000180025095e-35 2.0000000000000004 3.0000000000000004 12.500000000000002 13.500000000000002 3.5000000000000004 3.0000000000000004 1.0000000180025095e-35 2.0000000000000004 3.0000000000000004 11.500000000000002 2.0000000000000004 2.5000000000000004 3.0000000000000004 2.0000000000000004 1.0000000180025095e-35 4.5000000000000009 14.500000000000002 2.0000000000000004 2020.5000000000002 4.5000000000000009
decision_type=10 2 2 2 2 2 2 2 2 8 2 2 2 2 2 2 2 2 2 2 2 2 2 2 2 2 2 2 2 2 2 2 2 2 2 2 2 2 2 2 2 2 2 2 2 2 8 2 2 2 2 2 2 2 2 2 2 2 2 2 2 2
left_child=1 6 3 4 -3 -6 48 -8 -4 -10 -11 12 14 26 18 16 -16 -17 20 -18 27 28 23 -23 -19 -24 -14 -12 32 30 -30 -31 33 -22 -34 -33 -36 41 -39 -20 -26 44 -40 -41 -13 -46 47 -43 -1 54 51 -51 53 -53 55 56 -48 59 -59 60 -57 -61
right_child=-2 2 8 -5 5 -7 7 -9 9 10 11 37 13 -15 15 17 19 24 39 -21 21 22 25 -25 40 -27 -28 -29 29 31 -32 35 34 -35 36 -37 -38 38 42 43 -42 46 -44 -45 45 -47 49 -49 -50 50 -52 52 -54 -55 -56 57 -58 58 -60 61 -62 -63
leaf_value=-0.032393391634272677 0.38044194060823194 0.81124041358629873 -0.014612774781923825 -0.064084378180076493 -0.10774451863506568 0.35509025402691052 -0.013070997161445209 -0.05857606223966122 -0.010252217115657223 0.00076969018543840851 0.012027139020190664 0.040962830632608339 0.3211731010575134 0.72513687461614618 1.3018436127238804 0.22433655468480929 0.34570925144048842 -0.49734403057531873 -0.019851159481775196 -0.22186576619744303 -0.023511067802707356 0.053291080072522173 -0.059941070122168517 0.98042585670948024 -0.24844737074993276 0.32571717867484462 -0.018018807633779943 -0.28375692526725205 -0.03852454172074795 0.40056148433969141 0.8207765240967273 0.20378818696942824 0.27348414363960427 -0.53513002842664725 0.1570381750231204 -0.11288414720220717 -0.23544762553395451 0.58862357212399896 -0.22618131019175053 -0.48804394914345306 0.13709925361301586 0.31389323442202549 0.15294704948152815 -0.16238545750578245 0.60237525879955767 0.0067838344412545371 -0.023886462560143887 -0.0099245821718465209 -0.0015659410483283528 0.88206323006286702 0.00903920990686073 0.52578611915080775 -0.17227768185662062 0.063055210294468075 0.0028709831372832274 -0.049270893601251059 -0.62841110854642468 0.81154153637942805 -0.18203896583411203 -0.43526149204799114 0.33290270794005622 -0.025811524204909803
leaf_weight=1092 23 30 2945 106 46 23 2438 843 3420 8845 73 397 65 28 27 35 26 22 42 20 30 20 46 20 27 26 32 44 25 21 20 29 30 20 23 91 37 22 20 22 23 23 21 24 22 60 28 22 38074 29 2020 23 41 56 8608 87 32 21 29 35 21 20
leaf_count=1092 23 30 2945 106 46 23 2438 843 3420 8845 73 397 65 28 27 35 26 22 42 20 30 20 46 20 27 26 32 44 25 21 20 29 30 20 23 91 37 22 20 22 23 23 21 24 22 60 28 22 38074 29 2020 23 41 56 8608 87 32 21 29 35 21 20
internal_value=-0.000429176 -0.000553525 0.00490171 0.101244 0.278263 0.0465337 -0.00415205 -0.0247628 0.00419114 0.00641961 0.00908026 0.0149211 0.0887856 0.324828 0.0529347 0.183646 0.543848 -0.0620989 0.0163436 0.0989375 0.0468052 0.0858087 0.235587 0.516858 -0.201338 0.0793244 0.209275 -0.0992079 0.0343513 0.104847 0.343387 0.0287177 -0.0593078 -0.228159 0.0344982 -0.036355 -0.0849947 0.00890378 0.18473 -0.175772 -0.0710959 0.00794671 -0.0319936 -0.318135 0.0624667 0.166577 0.00559294 0.155582 -0.00242545 0.00498213 0.0241585 0.229132 0.0713399 0.197774 0.000298693 -0.0808085 -0.3463 -0.00602231 0.235265 -0.0800368 0.0250406 -0.286371
internal_weight=70470 70447 28000 205 99 69 42447 3281 27795 24850 21430 12585 948 125 823 180 73 107 643 46 555 438 112 40 72 72 97 117 326 186 45 141 140 50 90 120 60 11637 63 88 50 11574 41 46 479 82 11095 45 39166 11050 2169 149 120 79 8881 273 60 213 50 163 108 55
internal_count=70470 70447 28000 205 99 69 42447 3281 27795 24850 21430 12585 948 125 823 180 73 107 643 46 555 438 112 40 72 72 97 117 326 186 45 141 140 50 90 120 60 11637 63 88 50 11574 41 46 479 82 11095 45 39166 11050 2169 149 120 79 8881 273 60 213 50 163 108 55
is_linear=0
shrinkage=0.05


Tree=80
num_leaves=63
num_cat=0
split_feature=108 100 100 55 40 8 28 48 12 43 46 12 28 114 49 87 40 87 46 68 100 77 109 91 73 44 80 114 51 100 52 113 12 110 77 104 87 100 100 65 48 68 54 91 55 114 80 48 100 70 51 100 100 52 72 113 66 42 109 100 14 43
split_gain=1190.39 640.635 882.119 1816.88 8917.42 1032.6 2463.35 3151.56 1125.51 1030.48 964.906 1807.49 963.883 1174.2 1386.95 3327.47 3636.7 1076.15 1181.69 1629.72 1014.48 800.949 746.242 735.62 1536.57 713.93 831.042 711.985 606.002 566.121 562.363 528.541 1807.28 516.745 556.381 1375.21 1013.49 2344.27 4976.17 14603.2 6949.13 11556.9 3930.87 3120.22 2714.73 1150.76 3683.95 2514.28 3905.05 1203.69 1247.83 1308.71 929.794 918.446 893.549 882.366 1183.64 1692.58 1646.04 1808.17 3327.74 846.589
threshold=165.00000000000003 2019.5000000000002 2022.5000000000002 3.0000000000000004 3.5000000000000004 2.0000000000000004 2.0000000000000004 3.0000000000000004 1.0000000180025095e-35 2.0000000000000004 2.0000000000000004 1.0000000180025095e-35 2.0000000000000004 11.500000000000002 4.0000000000000009 1.0000000180025095e-35 3.5000000000000004 1.0000000180025095e-35 2.0000000000000004 2.0000000000000004 2023.5000000000002 2.5000000000000004 65.500000000000014 2.0000000000000004 2.5000000000000004 2.0000000000000004 3.5000000000000004 19.500000000000004 2.5000000000000004 2023.5000000000002 3.0000000000000004 4.5000000000000009 1.0000000180025095e-35 16.250000000000004 2.5000000000000004 1.0000000180025095e-35 1.0000000180025095e-35 2017.5000000000002 2014.5000000000002 2.0000000000000004 3.0000000000000004 2.0000000000000004 2.0000000000000004 2.0000000000000004 3.0000000000000004 17.500000000000004 3.5000000000000004 3.0000000000000004 2013.5000000000002 2.0000000000000004 2.5000000000000004 2013.5000000000002 2013.5000000000002 3.0000000000000004 1.0000000180025095e-35 3.5000000000000004 2.0000000000000004 2.0000000000000004 147.50000000000003 2015.5000000000002 2.0000000000000004 2.0000000000000004
decision_type=10 2 2 2 2 2 2 2 2 2 2 2 2 2 2 2 2 2 2 2 2 2 10 2 2 2 2 2 2 2 2 2 2 8 2 2 2 2 2 2 2 2 2 2 2 2 2 2 2 2 2 2 2 2 2 2 2 2 8 2 2 2
left_child=1 33 3 4 -3 6 10 -8 -7 -10 21 -12 13 22 15 -15 -17 -14 20 -20 -19 -5 28 25 -25 26 -16 -27 -4 -28 -21 32 -30 -1 54 -36 -37 38 43 40 42 -42 61 44 -38 49 -47 48 -48 50 -46 53 -51 -52 55 -35 -57 -58 -59 -60 -61 -40
right_child=-2 2 12 5 -6 8 7 -9 9 -11 11 -13 17 14 23 16 -18 18 19 30 -22 -23 -24 24 -26 27 29 -29 31 -31 -32 -33 -34 34 35 36 37 -39 39 -41 41 -43 -44 -45 45 46 47 -49 -50 52 51 -53 -54 -55 -56 56 57 58 59 60 -62 -63
leaf_value=-0.012588029548765967 0.36023037563199584 -0.19333277611356034 0.0079192753280892779 0.009856683269265247 0.95983252132932351 0.031064464167986656 0.07776915557682515 0.75570912520090738 -0.3145838866225229 0.081502817074457806 0.049867620511449939 0.50870769763222101 -0.013121607633879635 0.083112099573456791 0.051631917180898407 0.07804666027426721 0.99993635260540514 0.24340079426765443 0.055628963169597451 -0.65090573144995645 -0.17866362128938951 -0.27118957431521268 0.22706106563634948 0.028652223713303865 0.39807241789996628 0.044821639047188909 -0.33195818811655048 0.33676496232333397 -0.047745468177821576 -0.075892256523918691 -0.30832331490516668 0.10254674735101495 -0.42861927017155621 0.002463071037070449 0.42295962572097778 0.0053564408991259548 -0.4612442597321102 -0.058590015639519821 -0.44709890573892902 1.2150347519766642 1.5399435395980254 0.040884324080414244 0.30514903335999222 0.45152535313474279 0.042636393155993491 -0.22698487890884281 1.0147149674283962 -0.051490892159442109 0.068719164207577718 0.31392143278249673 -0.72047265470027932 -0.011784937946746748 -0.11019050039661427 -0.25718341579903731 -0.0099556965484517961 0.014010730720164101 0.021891774383506604 -0.030823830992747575 0.13924687630750918 1.024729526246136 0.2481986263716543 -0.1056909155783554
leaf_weight=7985 23 38 833 122 30 242 40 30 52 24 123 26 674 186 138 20 23 24 21 23 35 32 33 95 40 227 25 23 231 158 25 37 36 21306 20 16168 35 269 46 37 20 36 39 35 41 44 24 24 20 28 20 24 24 23 19497 741 175 39 55 22 37 30
leaf_count=7985 23 38 833 122 30 242 40 30 52 24 123 26 674 186 138 20 23 24 21 23 35 32 33 95 40 227 25 23 231 158 25 37 36 21306 20 16168 35 269 46 37 20 36 39 35 41 44 24 24 20 28 20 24 24 23 19497 741 175 39 55 22 37 30
internal_value=0.00058095 0.000463667 0.0208148 0.0688145 0.315417 0.0445469 0.100983 0.368315 -0.02165 -0.189504 0.039223 0.129934 0.00828235 0.0260537 0.0678273 0.174752 0.57115 -0.0383619 -0.171268 -0.311749 -0.0069764 -0.0485425 -0.00732948 0.0331448 0.13811 0.00832816 -0.0410116 0.0716804 -0.0141324 -0.110874 -0.472477 -0.0745568 -0.0990992 -0.000652138 0.000966573 0.00859305 0.00810519 0.0623686 0.121528 0.314378 0.119498 0.576263 -0.102926 0.00423998 -0.0467535 0.00658175 0.129504 0.360173 0.584717 -0.0794637 -0.174624 -0.307575 0.118177 -0.472667 -0.00213105 0.00468715 0.0490148 0.128094 0.249568 0.345491 0.537753 -0.312333
internal_weight=70553 70530 3666 759 68 691 373 70 318 76 303 149 2907 2105 935 229 43 802 128 69 59 154 1170 706 135 571 321 250 1137 183 48 304 267 66864 58879 17007 16987 819 550 208 171 56 115 342 307 272 112 68 44 160 108 67 52 43 41872 22375 1069 328 153 114 59 76
internal_count=70553 70530 3666 759 68 691 373 70 318 76 303 149 2907 2105 935 229 43 802 128 69 59 154 1170 706 135 571 321 250 1137 183 48 304 267 66864 58879 17007 16987 819 550 208 171 56 115 342 307 272 112 68 44 160 108 67 52 43 41872 22375 1069 328 153 114 59 76
is_linear=0
shrinkage=0.05


Tree=81
num_leaves=63
num_cat=0
split_feature=108 104 12 113 22 65 16 14 114 63 28 101 114 43 41 46 17 114 101 55 79 40 72 101 48 114 73 21 58 50 113 101 70 114 48 17 63 40 114 114 61 14 62 43 114 52 14 101 113 16 16 114 28 22 104 114 87 114 63 113 46 101
split_gain=1074.32 608.411 876.204 2356.31 2532.76 2382.39 9109.62 7761.22 18209 4113.97 3396.94 2780 2768.56 13017.3 2632.74 5373.89 1994.9 2279.97 3414.41 1638.96 2903.02 2952.11 1534.02 1469.87 1368.99 2357.15 1270.68 1499.61 1112.83 2544.77 2047.01 4438.64 1405.97 2073.63 3233.84 2321.21 2012.48 1784.96 1797.78 1610.96 1172.99 1214.5 1142.25 983.645 948.791 901.047 805.324 856.855 803.635 746.42 1505.69 1068.17 686.667 613.755 803.327 2507.63 794.973 521.998 497.226 481.137 473.612 573.594
threshold=165.00000000000003 7.5000000000000009 1.0000000180025095e-35 2.5000000000000004 3.0000000000000004 2.0000000000000004 2.5000000000000004 4.0000000000000009 16.500000000000004 2.5000000000000004 2.0000000000000004 15.500000000000002 9.5000000000000018 2.0000000000000004 3.5000000000000004 2.0000000000000004 3.0000000000000004 16.500000000000004 6.5000000000000009 3.0000000000000004 2.0000000000000004 3.5000000000000004 3.5000000000000004 6.5000000000000009 3.0000000000000004 14.500000000000002 2.5000000000000004 2.5000000000000004 3.0000000000000004 2.0000000000000004 5.5000000000000009 7.5000000000000009 2.0000000000000004 19.500000000000004 3.0000000000000004 3.0000000000000004 2.5000000000000004 3.5000000000000004 16.500000000000004 13.500000000000002 2.5000000000000004 4.0000000000000009 2.5000000000000004 2.0000000000000004 14.500000000000002 3.0000000000000004 4.0000000000000009 8.5000000000000018 4.5000000000000009 4.5000000000000009 3.5000000000000004 14.500000000000002 2.0000000000000004 1.0000000180025095e-35 1.0000000180025095e-35 7.5000000000000009 1.0000000180025095e-35 13.500000000000002 2.5000000000000004 4.5000000000000009 2.0000000000000004 13.500000000000002
decision_type=10 2 2 2 2 2 2 2 2 2 2 2 2 2 2 2 2 2 2 2 2 2 2 2 2 2 2 2 2 2 2 2 2 2 2 2 2 2 2 2 2 2 2 2 2 2 2 2 2 2 2 2 2 2 2 2 2 2 2 2 2 2
left_child=1 53 60 26 5 11 44 8 -8 10 -9 12 13 -5 19 -16 17 18 -6 20 -14 23 -19 -22 25 -11 -4 -28 40 43 32 -32 33 35 -35 36 -31 38 -34 -38 41 -21 -37 -30 -7 48 -39 -48 -18 50 59 -52 -41 54 55 -1 -55 -42 -58 -47 -3 -62
right_child=-2 2 3 4 16 6 7 9 -10 24 -12 -13 14 -15 15 -17 45 22 -20 28 21 -23 -24 -25 -26 -27 27 -29 29 30 31 -33 37 34 -36 42 39 46 -40 52 57 -43 -44 -45 -46 49 47 -49 -50 -51 51 -53 -54 56 -56 -57 58 -59 -60 -61 61 -63
leaf_value=-0.13619576231125863 0.34221885916979417 -0.0017683430609865076 -0.04071906473978143 -0.19503658515297706 -0.12889757204962812 -0.59438388546307885 1.7057101722686523 0.81538874864992172 0.018125472737081122 0.50137763222058618 0.073478809992472333 0.64073930528014911 -0.5217928466506494 1.3713763455727273 0.97535330355167393 -0.14286761876534335 -0.11987559382732099 -0.47184009920805697 0.67514713973768303 0.42801218228414656 0.53893686022619602 -0.33503177807881285 0.058197826918127929 0.0036980565251975225 -0.29596853179316368 -0.12253340529959376 0.012335490304130045 -0.51745323157485801 0.21757888058976582 -0.6667998366314789 -0.16207347210616835 0.63947690843771676 0.60932060706204383 0.48519462857927592 -0.29964226938429334 -0.085322744655422875 0.19544254034048036 -0.28375538859678356 0.052578776869280586 -0.47621079798667659 0.058068575100465258 -0.082134709720100674 0.29756792294127599 0.69236171968281279 -0.17752510316860981 -0.39507469535683809 -0.092556567851341143 0.3102872782640837 -0.48914964937550187 -0.34122489690780644 0.42308276078917767 -0.046265600235373891 -0.13130998743904962 -0.025952516855630825 -0.0024115351836254233 0.50505130295952172 -0.35105124394098919 -0.21143892505111134 -0.085826950983772451 -0.075049932549397153 0.010093320163240894 0.086566720686229587
leaf_weight=31 23 15425 206 36 23 21 31 36 33 24 27 20 39 21 21 22 26 20 31 20 23 39 43 29 31 41 22 34 24 29 31 39 29 35 21 64 21 23 29 31 22 28 28 20 39 23 33 22 34 24 22 27 27 1538 40801 30 30 98 43 24 10615 251
leaf_count=31 23 15425 206 36 23 21 31 36 33 24 27 20 39 21 21 22 26 20 31 20 23 39 43 29 31 41 22 34 24 29 31 39 29 35 21 64 21 23 29 31 22 28 28 20 39 23 33 22 34 24 22 27 27 1538 40801 30 30 98 43 24 10615 251
internal_value=0.000551902 0.000440484 0.00615419 0.0402468 0.0643524 0.0965384 0.223469 0.370615 0.835549 0.183472 0.497427 0.0576625 0.0447626 0.382063 0.0220635 0.40324 -0.0664508 0.0942788 0.332684 0.0016772 -0.160872 -0.00619174 -0.110068 0.240438 -0.0225607 0.107834 -0.0981304 -0.309322 0.0330294 0.0700492 0.0354453 0.284505 -0.00902953 -0.0780478 0.190881 -0.153348 -0.310563 0.120887 0.33095 -0.179793 -0.0784704 0.130426 0.0312092 0.433389 -0.323426 -0.170925 -0.0353131 0.068581 -0.329131 -0.0918222 -0.0294715 0.164462 -0.315654 -0.0033339 -0.00214046 0.179172 -0.0336046 -0.162029 -0.194823 -0.231658 0.00386414 0.0118598
internal_weight=70553 70530 28057 1766 1504 1207 283 223 64 159 63 924 904 57 847 43 297 117 54 804 130 91 63 52 96 65 262 56 674 506 462 70 392 256 56 200 108 136 58 79 168 48 92 44 60 180 78 55 60 120 96 49 58 42473 40862 61 1611 120 73 47 26291 10866
internal_count=70553 70530 28057 1766 1504 1207 283 223 64 159 63 924 904 57 847 43 297 117 54 804 130 91 63 52 96 65 262 56 674 506 462 70 392 256 56 200 108 136 58 79 168 48 92 44 60 180 78 55 60 120 96 49 58 42473 40862 61 1611 120 73 47 26291 10866
is_linear=0
shrinkage=0.05


Tree=82
num_leaves=63
num_cat=0
split_feature=108 104 12 25 111 40 77 55 114 114 67 114 11 54 68 100 46 46 52 114 14 44 68 46 17 79 100 114 67 114 54 100 42 100 114 100 67 51 114 77 52 46 114 100 114 46 100 94 16 110 67 76 49 103 87 17 65 54 67 70 8 111
split_gain=969.578 549.091 790.774 1914.06 2096.42 2977.78 4775.28 6264.26 13044.7 4884.66 7764.79 5514.97 5572.04 4019.93 3906.31 3337.17 3283.17 2994.47 2924.59 2464.12 2292.87 3919.35 2126.76 4079.43 5795.66 2855.34 3174.97 4364.14 2842.42 2141.41 2092.61 5789.61 1851.16 1814.98 1488.99 1251.63 1500.6 2754.99 1628.7 2016.3 1191.76 1179.05 1494.95 1131.58 904.926 1129.19 1048.1 827.624 806.477 733.329 713.282 707.531 701.878 648.441 705.482 627.514 516.047 514.065 512.673 503.954 503.924 491.503
threshold=165.00000000000003 7.5000000000000009 1.0000000180025095e-35 2.5000000000000004 5.5000000000000009 3.5000000000000004 2.5000000000000004 3.0000000000000004 16.500000000000004 14.500000000000002 2.5000000000000004 16.500000000000004 2.0000000000000004 2.0000000000000004 2.0000000000000004 2011.5000000000002 2.0000000000000004 2.0000000000000004 3.0000000000000004 9.5000000000000018 2.0000000000000004 2.0000000000000004 2.0000000000000004 2.0000000000000004 3.0000000000000004 2.0000000000000004 2021.5000000000002 14.500000000000002 2.5000000000000004 15.500000000000002 2.0000000000000004 2016.5000000000002 2.0000000000000004 2015.5000000000002 19.500000000000004 2022.5000000000002 2.5000000000000004 2.5000000000000004 15.500000000000002 2.5000000000000004 3.0000000000000004 2.0000000000000004 17.500000000000004 2024.5000000000002 17.500000000000004 2.0000000000000004 2018.5000000000002 4.0000000000000009 3.5000000000000004 70.250000000000014 2.5000000000000004 3.5000000000000004 4.0000000000000009 1.0000000180025095e-35 1.0000000180025095e-35 3.0000000000000004 2.0000000000000004 2.0000000000000004 2.5000000000000004 2.0000000000000004 2.0000000000000004 1.0000000180025095e-35
decision_type=10 2 2 2 10 2 2 2 2 2 2 2 2 2 2 2 2 2 2 2 2 2 2 2 2 2 2 2 2 2 2 2 2 2 2 2 2 2 2 2 2 2 2 2 2 2 2 2 2 10 2 2 2 2 2 2 2 2 2 2 2 10
left_child=1 53 -3 35 5 15 14 8 -8 32 11 12 -11 16 17 18 -13 -7 -5 -17 21 48 23 24 -22 50 28 -28 41 -30 51 -32 47 -31 -15 36 37 61 39 -38 -40 42 -27 -29 45 57 -47 -9 -21 -6 -24 -12 -25 -1 -55 -50 -56 -16 -46 -19 -49 -4
right_child=-2 2 3 4 49 6 7 9 -10 10 30 13 -14 34 44 19 -18 59 -20 20 22 -23 25 52 -26 26 27 43 29 33 31 -33 -34 -35 -36 -37 38 -39 40 -41 -42 -43 -44 -45 58 46 -48 60 55 -51 -52 -53 -54 54 56 -57 -58 -59 -60 -61 -62 -63
leaf_value=-0.0013870649309054954 0.32510792975840364 0.0036709346545250898 0.093380142176627295 -0.86250004053115858 -0.16725976558686315 0.7370450126628082 1.3373143365553448 0.041304380608641583 -0.26342056572437283 1.5512072913024737 -0.24773345467380503 1.0329085614818794 0.45061037553393324 -0.29112174588701001 -0.082977856583893297 -0.4026938054213921 0.23831469645866982 0.19720842738946279 -0.027087839155203922 -0.12616597278866656 1.2233886578808661 0.40093795204604121 -0.46148226441672213 0.17660138010978699 0.13378402183835322 -0.63976174592971802 0.80550620521817895 0.29191067075729371 -0.090285721737327004 0.7956431332230568 -0.37618098840827036 0.70627325316270195 0.28487808294594291 0.162090497979751 0.28424700241197243 -0.36487208441380536 0.017885419243463763 -0.40804238361306489 0.1675957872144257 0.63478923497291717 -0.33068536669015886 0.02643837490502526 -0.092524882291372013 -0.20595380642584393 -0.42603423133110391 0.38612159501761201 -0.11963154701959521 -0.45161159095925191 -0.59818804597854613 0.14136023923106816 -0.097791906552655364 0.093426837381862471 -0.21438613405281848 -0.020751849673186419 -0.094229374894729032 -0.24025305531298125 -0.3743893657387658 -0.39344066611180706 -0.11960953956558591 -0.14262905433773995 -0.16164486593213576 -0.070382211324832744
leaf_weight=39217 23 26291 72 20 118 24 35 23 20 23 55 26 23 23 30 30 26 24 22 43 23 27 26 24 26 24 35 25 33 20 21 30 24 26 22 31 27 56 24 26 24 34 26 21 39 20 21 31 25 23 28 21 22 3169 65 24 22 24 21 20 29 126
leaf_count=39217 23 26291 72 20 118 24 35 23 20 23 55 26 23 23 30 30 26 24 22 43 23 27 26 24 26 24 35 25 33 20 21 30 24 26 22 31 27 56 24 26 24 34 26 21 39 20 21 31 25 23 28 21 22 3169 65 24 22 24 21 20 29 126
internal_value=0.000524307 0.00041846 0.00584648 0.0382345 0.0657645 0.0865539 0.159746 0.256744 0.755229 0.18402 0.29732 0.550009 1.00091 0.33618 -0.0281586 0.00446307 0.635612 0.287787 -0.424903 0.037735 0.0635414 -0.128744 0.121765 0.327771 0.645231 0.0560923 0.128903 0.384759 0.00175928 0.217061 0.0127954 0.260557 -0.101875 0.437548 -0.00983036 -0.0601889 -0.0335828 -0.0984061 0.129438 0.320517 -0.0815448 -0.200726 -0.355199 0.0646247 -0.166767 -0.0707552 0.127077 -0.213707 -0.284195 -0.116917 -0.272902 -0.153465 -0.0103926 -0.0031672 -0.0246081 -0.422873 -0.165074 -0.220961 -0.318786 0.0427368 -0.311461 -0.0108323
internal_weight=70553 70530 28057 1766 1380 1239 655 432 55 377 270 143 46 97 223 584 52 68 42 542 512 119 393 95 49 298 244 81 163 79 127 51 107 46 45 386 355 254 101 53 48 84 50 46 155 95 41 83 92 141 54 76 46 42473 3256 49 87 54 60 44 60 198
internal_count=70553 70530 28057 1766 1380 1239 655 432 55 377 270 143 46 97 223 584 52 68 42 542 512 119 393 95 49 298 244 81 163 79 127 51 107 46 45 386 355 254 101 53 48 84 50 46 155 95 41 83 92 141 54 76 46 42473 3256 49 87 54 60 44 60 198
is_linear=0
shrinkage=0.05


Tree=83
num_leaves=63
num_cat=0
split_feature=108 100 100 47 87 114 106 67 8 28 87 46 68 114 46 87 63 42 22 100 51 16 87 113 12 114 100 109 109 28 14 110 114 104 112 110 110 100 91 12 67 43 113 44 100 40 40 114 94 87 114 104 87 114 113 68 46 22 61 55 100 17
split_gain=875.044 523.684 809.515 1640.3 4161.35 5965.86 2027.26 1834.09 1606.81 894.919 1067.63 1040.49 1517.67 1024.48 1054.51 1756.5 3639.93 931.373 885.955 877.76 738.648 1583.73 896.51 718.794 842.455 645.112 625.304 571.462 538.393 477.629 976.22 459.953 441.55 1447.66 566.109 598.922 958.222 523.076 791.651 1905.57 1063.95 871.319 644.696 2222.71 3050.77 2363.43 2144.68 1986.2 1338.2 798.238 1829.06 515.955 483.374 2858.29 4432.18 6784.74 11098.2 2636.88 1821.44 3464.25 1803.81 1873.68
threshold=165.00000000000003 2019.5000000000002 2022.5000000000002 2.0000000000000004 1.0000000180025095e-35 12.500000000000002 1.0000000180025095e-35 2.5000000000000004 2.0000000000000004 2.0000000000000004 1.0000000180025095e-35 2.0000000000000004 2.0000000000000004 11.500000000000002 2.0000000000000004 1.0000000180025095e-35 2.5000000000000004 2.0000000000000004 1.0000000180025095e-35 2023.5000000000002 2.5000000000000004 3.5000000000000004 1.0000000180025095e-35 4.5000000000000009 1.0000000180025095e-35 16.500000000000004 2023.5000000000002 65.500000000000014 41.500000000000007 2.0000000000000004 4.0000000000000009 16.250000000000004 14.500000000000002 1.0000000180025095e-35 1.0000000180025095e-35 52.250000000000007 53.250000000000007 2013.5000000000002 2.0000000000000004 1.0000000180025095e-35 2.5000000000000004 2.0000000000000004 4.5000000000000009 2.0000000000000004 2011.5000000000002 3.5000000000000004 3.5000000000000004 18.500000000000004 4.0000000000000009 1.0000000180025095e-35 17.500000000000004 1.0000000180025095e-35 1.0000000180025095e-35 16.500000000000004 3.5000000000000004 2.0000000000000004 2.0000000000000004 3.0000000000000004 4.5000000000000009 3.0000000000000004 2015.5000000000002 3.0000000000000004
decision_type=10 2 2 2 2 2 2 2 2 2 2 2 2 2 2 2 2 2 2 2 2 2 2 2 2 2 2 10 10 2 2 8 2 2 10 10 10 2 2 2 2 2 2 2 2 2 2 2 2 2 2 2 2 2 2 2 2 2 2 2 2 2
left_child=1 31 3 4 29 -6 -5 8 -7 13 -11 19 -13 18 20 26 -17 25 27 -12 21 -15 -22 24 -20 -18 -16 -4 -28 -3 -31 -1 34 -34 51 -36 -37 38 41 40 -40 42 49 44 46 -46 -44 -48 -45 -35 -51 -33 -39 54 -54 56 -56 58 59 -55 -57 -62
right_child=-2 2 9 6 5 7 -8 -9 -10 10 11 12 -14 14 15 16 17 -19 23 -21 22 -23 -24 -25 -26 -27 28 -29 -30 30 -32 32 33 37 35 36 -38 52 39 -41 -42 -43 43 48 45 -47 47 -49 -50 50 -52 -53 53 57 55 60 -58 -59 -60 -61 61 -63
leaf_value=-0.011872199459756561 0.30885251630907473 0.0079445767484037227 0.0031942681704907449 0.024180035273750108 0.87592503814361045 0.53375606471672654 -0.36771343740678969 -0.16254869893644797 -0.037542784810066225 -0.013012639316980651 0.21652726391330362 0.052171400757063002 -0.4574562440315883 0.02456206630087561 0.31984507506308346 0.71159209636705267 0.014827563365300498 -0.20780728101730347 -0.094031350731096253 -0.17606716952153614 -0.00043283165763310401 0.44926120996475216 -0.23227868891424605 0.073884181933183427 -0.38662272192099517 0.41161213517189027 0.034176254236426028 0.21475130511504231 0.26212573631533553 0.33148508443448105 0.0076010766377051682 -0.16041163116131191 0.43158801265060903 0.036249782159107589 0.0074186451660659767 0.3599114094789212 0.049291981256608358 0.0025623958044652248 0.020446141251633243 0.58868696138262755 0.33311608561286421 -0.054652639510765627 0.14973321184515953 0.10927159881591797 0.3259776292176082 -0.2733827303310758 1.0512415462732316 0.34657937645912174 -0.39839775824436435 0.084660999548089297 -0.46898031097192033 -0.0042805672556079409 -0.090245284729225703 -0.59461270809173594 1.5199193633540915 -0.24629874517177713 0.13333341998438683 -0.33572801675026614 0.25545411455061506 0.018398415199167715 0.62489742964506156 0.004160915663646114
leaf_weight=7985 23 341 976 154 39 32 42 33 20 674 24 21 48 180 23 35 21 20 89 35 183 25 54 38 34 20 346 33 28 38 60 53 20 809 2844 26 551 20424 155 20 33 304 32 25 29 38 20 20 27 35 26 32716 86 25 27 29 31 60 68 295 20 31
leaf_count=7985 23 341 976 154 39 32 42 33 20 674 24 21 48 180 23 35 21 20 89 35 183 25 54 38 34 20 346 33 28 38 60 53 20 809 2844 26 551 20424 155 20 33 304 32 25 29 38 20 20 27 35 26 32716 86 25 27 29 31 60 68 295 20 31
internal_value=0.000498092 0.000397537 0.0187975 0.0647795 0.108149 0.363922 -0.0597971 0.129003 0.314026 0.00679192 -0.0381528 -0.170531 -0.302352 0.0239157 0.0629354 0.113213 0.305137 0.0719258 -0.00726664 -0.0163677 0.00685621 0.0763546 -0.0532585 -0.116189 -0.17491 0.208381 0.0668034 0.0101134 0.051242 0.0359034 0.133189 -0.000611293 0.000915879 0.00638436 -0.00251254 0.0168419 0.0632887 0.00600922 0.0338238 0.124691 0.0753297 0.0199773 0.0413605 0.124543 0.228868 -0.0139581 0.454832 0.69891 -0.154326 0.0230985 -0.151317 -0.00453309 0.00393525 0.0456603 0.191493 0.367068 0.778813 -0.0272558 0.0204461 -0.0294931 0.0685534 0.247587
internal_weight=70553 70530 3666 759 563 124 196 85 52 2907 802 128 69 2105 935 493 96 61 1170 59 442 205 237 161 123 41 397 1009 374 439 98 66864 58879 22689 36190 3421 577 22669 1573 208 188 1365 1061 191 139 67 72 40 52 870 61 32769 21096 672 224 138 58 448 388 320 80 51
internal_count=70553 70530 3666 759 563 124 196 85 52 2907 802 128 69 2105 935 493 96 61 1170 59 442 205 237 161 123 41 397 1009 374 439 98 66864 58879 22689 36190 3421 577 22669 1573 208 188 1365 1061 191 139 67 72 40 52 870 61 32769 21096 672 224 138 58 448 388 320 80 51
is_linear=0
shrinkage=0.05


Tree=84
num_leaves=63
num_cat=0
split_feature=108 99 77 12 65 63 94 100 8 14 52 114 55 100 41 58 54 61 44 63 100 63 11 44 62 43 114 113 72 100 114 94 72 113 61 24 63 67 114 44 11 79 113 66 111 14 114 61 104 113 110 61 48 61 65 8 94 94 114 100 112 110
split_gain=789.727 484.985 528.773 1206.25 3197.09 6366.44 8306.82 8317.7 8416.81 3854.68 2140.91 4757.01 2541.23 2323.55 5246.5 3539.36 4918.31 3848.79 3649.15 2291.33 1647.62 2585.41 2019 1247.51 1016 983.684 975.871 2405.98 846.677 830.002 1045.21 778.931 774.433 717.562 3196.65 850.216 1461 1563.91 640.85 583.385 743.604 632.426 474.101 771.648 1081.68 951.405 2166.33 532.173 436.457 394.627 382.069 354.704 334.366 408.972 320.235 318.777 314.669 1126.58 1020.59 1052.45 1180.62 658.912
threshold=165.00000000000003 3.0000000000000004 2.5000000000000004 1.0000000180025095e-35 2.0000000000000004 2.5000000000000004 4.0000000000000009 2014.5000000000002 2.0000000000000004 2.0000000000000004 3.0000000000000004 10.500000000000002 3.0000000000000004 2018.5000000000002 3.5000000000000004 3.0000000000000004 2.0000000000000004 3.5000000000000004 2.0000000000000004 2.5000000000000004 2012.5000000000002 2.5000000000000004 2.0000000000000004 2.0000000000000004 2.5000000000000004 2.0000000000000004 14.500000000000002 3.5000000000000004 3.5000000000000004 2010.5000000000002 15.500000000000002 4.0000000000000009 1.0000000180025095e-35 5.5000000000000009 3.5000000000000004 2.5000000000000004 2.5000000000000004 2.5000000000000004 16.500000000000004 2.0000000000000004 2.0000000000000004 2.0000000000000004 3.5000000000000004 2.0000000000000004 2.5000000000000004 2.0000000000000004 11.500000000000002 3.5000000000000004 1.0000000180025095e-35 6.5000000000000009 148.25000000000003 3.5000000000000004 3.0000000000000004 3.5000000000000004 2.0000000000000004 2.0000000000000004 4.0000000000000009 2.0000000000000004 7.5000000000000009 2023.5000000000002 1.0000000180025095e-35 44.250000000000007
decision_type=10 2 2 2 2 2 2 2 2 2 2 2 2 2 2 2 2 2 2 2 2 2 2 2 2 2 2 2 2 2 2 2 2 2 2 2 2 2 2 2 2 2 2 2 10 2 2 2 2 2 10 2 2 2 2 2 2 2 2 2 10 8
left_child=1 50 32 29 10 6 -6 -8 -9 -7 11 -5 19 14 15 -13 18 -18 20 -12 -17 -22 -23 24 25 38 27 -11 -25 30 -4 -32 42 35 -35 -14 37 51 -15 41 -41 -38 -3 -44 45 46 -45 -47 -31 56 -1 -37 53 -28 -33 -39 57 -50 -59 60 -60 -62
right_child=-2 2 3 4 5 9 7 8 -10 26 12 13 33 23 -16 16 17 -19 -20 -21 21 22 -24 28 -26 -27 52 -29 -30 48 31 54 -34 34 -36 36 39 55 -40 40 -42 -43 43 44 -46 47 -48 -49 49 -51 -52 -53 -54 -55 -56 -57 -58 58 59 -61 61 -63
leaf_value=-0.0060547736534383705 0.29340988734494083 0.0051533059779328349 -0.057118811175967447 0.74268716725486295 -0.28776191358144082 0.56005192066614451 -0.018668216337328371 1.6963369239250135 0.44443144547939301 -0.30187061382830144 -0.59290554209759361 -0.38280685595103675 -0.1910680375993252 -0.63162269535518833 0.87129135086484577 0.48397414036419084 1.0167799708843233 0.17021529859509962 -0.61313366198113994 -0.062873199040239511 -0.45071626468138259 -0.13177131692116911 0.53821950606677837 0.33091157420092954 0.071785796490999365 -0.04233759738361606 -0.48282317131757735 0.37884452916957717 -0.1139084056019783 0.22834297364408318 0.010667416006326676 0.50498856142163273 -0.0084408495798860804 -0.28433457288358893 0.53818554712666411 0.1041432776999089 0.11561038613319397 0.51314707370031454 -0.26623193813221796 0.23103629414891375 -0.12402825087308884 -0.19213512385134945 0.011052477457336313 0.091980073840490409 -0.0096912390840075482 0.016989142554146904 0.68807087248122256 0.27896894390827848 0.0077719126008553409 -0.17879116596846745 0.19784051461712174 -0.13702847347866434 -0.075840244340625682 -0.18208121204605471 0.23656190291047097 0.25340478928000837 -0.0013407381592108055 0.43358177006244658 0.072905840135361472 -0.10218657475749129 0.1592150570736045 0.56022128142416483
leaf_weight=21692 23 15233 39 27 24 26 23 29 25 25 38 35 65 21 23 23 25 29 21 44 22 22 23 23 26 26 20 27 20 22 20 25 15935 21 27 31 20 21 28 29 30 101 545 35 102 63 27 28 7314 29 23 30 22 26 20 27 7722 20 394 76 21 20
leaf_count=21692 23 15233 39 27 24 26 23 29 25 25 38 35 65 21 23 23 25 29 21 44 22 22 23 23 26 26 20 27 20 22 20 25 15935 21 27 31 20 21 28 29 30 101 545 35 102 63 27 28 7314 29 23 30 22 26 20 27 7722 20 394 76 21 20
internal_value=0.000473187 0.00037766 0.00314301 0.0103115 0.060327 0.219244 0.524445 0.7776 1.11675 0.00811183 0.0156203 0.102156 -0.0548242 0.0550327 0.156131 0.0738871 0.170762 0.562143 -0.0196404 -0.308498 0.118841 -0.00650266 0.210668 -0.101529 -0.197554 -0.290925 -0.111475 0.0515776 0.124019 0.00673255 0.147516 0.270297 -0.000634724 -0.00307977 0.178333 -0.0276781 0.00907049 0.153538 -0.422828 -0.0784124 0.050495 -0.141268 0.00712369 0.0446422 0.116432 0.200514 0.351568 0.0975983 0.00579508 0.00548115 -0.00583881 -0.0144658 -0.236163 -0.312839 0.385688 0.367042 0.00582443 0.0128773 0.0831983 0.0694847 0.0994778 0.354828
internal_weight=70553 70530 48815 16847 1125 247 101 77 54 146 878 394 484 367 223 200 165 54 111 82 90 67 45 144 101 75 120 52 43 15722 104 65 31968 402 48 354 289 109 49 180 59 121 16033 800 255 153 62 91 15618 15596 21715 61 68 46 45 48 15567 7845 531 511 435 41
internal_count=70553 70530 48815 16847 1125 247 101 77 54 146 878 394 484 367 223 200 165 54 111 82 90 67 45 144 101 75 120 52 43 15722 104 65 31968 402 48 354 289 109 49 180 59 121 16033 800 255 153 62 91 15618 15596 21715 61 68 46 45 48 15567 7845 531 511 435 41
is_linear=0
shrinkage=0.05


Tree=85
num_leaves=63
num_cat=0
split_feature=110 112 49 110 100 71 66 110 26 114 104 19 113 104 22 100 87 14 40 113 113 114 94 100 17 22 28 69 91 70 87 17 43 66 114 46 114 16 102 46 113 114 94 12 14 100 100 110 100 15 100 44 106 113 68 113 100 14 49 14 114 87
split_gain=434.86 592.604 588.654 926.366 856.12 1089.69 844.709 550.055 458.356 413.363 2041 2750.86 1852 783.43 646.384 1404.44 1302.25 410.397 384.311 1087.62 674.687 5062.01 9124.66 4727.77 5656.57 1235.22 1801.38 2286.4 1194.57 1675.28 1294.3 1194.21 1430.59 1098.7 855.954 1202.65 832.739 1314.61 508.322 347.059 340.749 1488.85 2694.77 806.62 1059.57 1339.89 607.081 330.303 326.541 534.609 325.989 3899.35 528.665 336.195 1696.51 735.546 1789.61 915.087 352.008 320.398 373.085 1250.55
threshold=35.750000000000007 1.0000000180025095e-35 4.0000000000000009 52.750000000000007 2015.5000000000002 3.0000000000000004 2.0000000000000004 162.50000000000003 2.5000000000000004 19.500000000000004 1.5000000000000002 3.5000000000000004 6.5000000000000009 1.0000000180025095e-35 3.0000000000000004 2010.5000000000002 1.0000000180025095e-35 4.0000000000000009 3.5000000000000004 6.5000000000000009 4.5000000000000009 8.5000000000000018 2.0000000000000004 2011.5000000000002 3.0000000000000004 3.0000000000000004 2.0000000000000004 3.0000000000000004 2.0000000000000004 2.0000000000000004 1.0000000180025095e-35 3.0000000000000004 2.0000000000000004 2.0000000000000004 15.500000000000002 2.0000000000000004 17.500000000000004 3.5000000000000004 1.0000000180025095e-35 2.0000000000000004 5.5000000000000009 14.500000000000002 2.0000000000000004 1.0000000180025095e-35 4.0000000000000009 2017.5000000000002 2018.5000000000002 131.25000000000003 2010.5000000000002 3.0000000000000004 2020.5000000000002 2.0000000000000004 1.0000000180025095e-35 5.5000000000000009 2.0000000000000004 4.5000000000000009 2012.5000000000002 2.0000000000000004 4.0000000000000009 4.0000000000000009 14.500000000000002 1.0000000180025095e-35
decision_type=10 10 2 10 2 2 2 10 2 2 2 2 2 2 2 2 2 2 2 2 2 2 2 2 2 2 2 2 2 2 2 2 2 2 2 2 2 2 2 2 2 2 2 2 2 2 2 10 2 2 2 2 2 2 2 2 2 2 2 2 2 2
left_child=9 -2 3 -3 8 6 -6 47 -5 13 11 -11 14 -1 50 -16 17 -17 40 20 38 22 -22 24 -23 28 36 -28 30 -30 -25 34 -33 -34 -32 -36 37 -27 -20 -18 -15 42 -42 44 -43 -46 -45 -4 49 -40 53 52 -52 55 -55 -12 -57 -58 -59 60 -50 -62
right_child=1 2 7 4 5 -7 -8 -9 -10 10 12 -13 -14 18 15 16 39 -19 19 -21 21 23 -24 25 -26 26 27 -29 29 -31 31 32 33 -35 35 -37 -38 -39 48 -41 41 43 -44 46 45 -47 -48 -49 59 -51 51 -53 -54 54 -56 56 57 58 -60 -61 61 -63
leaf_value=-0.16265740739060688 0.0013654968799032196 -0.0074984284214161595 0.022886589580172357 0.23786548084268966 0.18396379170210467 0.050812071016480331 0.57869076462406099 0.23917044832788667 -0.024747512906927754 0.058154940986159177 0.0086670384346124573 0.74291530003432527 0.42029772447767083 -0.0075868462854341888 0.31258199853822588 -0.16930137706751175 -0.48601298419137795 0.019588423390165869 0.013538163857132857 -0.26034784183837473 -0.051341869985615768 0.89676494058221579 1.3577207401767373 -0.026290201582481389 -0.096119929162355566 0.27314766432557785 0.60903762751258916 0.042005915679037574 -0.053284182086586952 0.40571342876011673 -0.11207090409265624 0.16696098285752375 0.018825372122228148 -0.48295613588027964 -0.72604784473128947 -0.22969914772189581 -0.29740183968906819 -0.13745567329566588 0.0055756759863080721 -0.21711903487642609 0.48437409053299707 -0.2930046233622467 -0.13370088383555412 -0.49727758516629161 0.37365761802842223 -0.14708078215519588 -0.14855015664361418 -0.12426329201612718 -0.013369668284095727 -0.23204713056727155 0.0054153781870137094 0.50790407955646522 -0.25244803377560204 0.44464408826828006 -0.073319130546824873 -0.38150276081954559 0.28557924438606608 0.09033166815837225 -0.091075361074206052 0.0027790806753149218 -0.00026004695033596882 0.18011087385785518
leaf_weight=77 4428 116 1721 24 23 32 33 29 54 44 6164 22 27 22073 20 44 24 83 5335 40 27 32 20 399 26 35 32 40 50 33 27 37 20 24 23 26 23 44 56 24 29 34 45 26 21 30 24 39 10234 41 46 38 35 25 43 41 22 33 141 13073 4948 98
leaf_count=77 4428 116 1721 24 23 32 33 29 54 44 6164 22 27 22073 20 44 24 83 5335 40 27 32 20 399 26 35 32 40 50 33 27 37 20 24 23 26 23 44 56 24 29 34 45 26 21 30 24 39 10234 41 46 38 35 25 43 41 22 33 141 13073 4948 98
internal_value=-0.000631802 0.0116911 0.0337682 0.10091 0.176665 0.283568 0.416571 0.0231847 0.0560565 -0.00188358 0.00969827 0.286408 0.00701649 -0.00327823 0.00537141 -0.0843433 -0.129706 -0.0458537 -0.00306302 0.000224152 0.000524497 0.0428184 0.548259 0.0155444 0.451679 -0.0155698 0.102536 0.29402 -0.0477301 0.129209 -0.0741436 -0.195758 -0.0621837 -0.254874 -0.338121 -0.462679 -0.0326287 0.0444572 -0.000624706 -0.351566 -0.00818851 -0.0717315 0.108518 -0.170535 -0.0767973 0.0673409 -0.329888 0.0196259 -0.00328056 -0.0948628 0.0080269 0.0900318 -0.106007 0.00651839 0.117109 0.00534355 -0.0810952 -0.0182548 -0.0566706 -0.00296724 -0.00788358 0.003243
internal_weight=70477 6499 2071 282 166 88 56 1789 78 63978 6876 66 6810 57102 6783 195 175 127 57025 34743 34703 918 47 871 58 813 174 72 639 83 556 157 81 44 76 49 102 79 33785 48 22282 209 74 135 85 51 50 1760 28450 97 6588 119 81 6469 68 6401 237 196 174 28353 15280 5046
internal_count=70477 6499 2071 282 166 88 56 1789 78 63978 6876 66 6810 57102 6783 195 175 127 57025 34743 34703 918 47 871 58 813 174 72 639 83 556 157 81 44 76 49 102 79 33785 48 22282 209 74 135 85 51 50 1760 28450 97 6588 119 81 6469 68 6401 237 196 174 28353 15280 5046
is_linear=0
shrinkage=0.05


Tree=86
num_leaves=63
num_cat=0
split_feature=46 113 48 104 113 100 112 16 15 108 114 107 87 76 70 100 113 113 100 63 72 100 63 65 66 47 40 21 103 66 16 77 72 79 11 65 100 100 100 82 106 91 72 94 65 16 100 54 100 77 11 94 100 87 100 104 102 113 66 100 77 87
split_gain=361.953 1482.68 3037.65 1416.02 688.262 2017.9 372.996 582.564 1519.93 534.108 1209.17 1433.23 396.474 1641.32 1819.47 1333.6 1188.23 1339.88 1560.33 3446.61 2594.22 1792 1217.73 4519.87 1933.45 1969.83 1930.31 1160.23 1316.21 1016.26 926.468 930.57 909.887 1424.77 988.403 674.993 825.862 427.488 405.623 345.139 317.982 2211 2137.31 2742.99 1779.57 1379.87 1331.64 954.373 870.947 590.366 1032.19 494.689 417.552 4483.82 9010.53 791.957 317.675 659.715 2242.43 4158.86 324.554 585.19
threshold=2.0000000000000004 6.5000000000000009 3.0000000000000004 1.0000000180025095e-35 6.5000000000000009 2017.5000000000002 1.0000000180025095e-35 4.5000000000000009 3.0000000000000004 52.500000000000007 11.500000000000002 58.500000000000007 1.0000000180025095e-35 3.5000000000000004 2.0000000000000004 2013.5000000000002 5.5000000000000009 4.5000000000000009 2017.5000000000002 2.5000000000000004 3.5000000000000004 2013.5000000000002 2.5000000000000004 2.0000000000000004 2.0000000000000004 2.0000000000000004 3.5000000000000004 2.5000000000000004 1.0000000180025095e-35 2.0000000000000004 3.5000000000000004 2.5000000000000004 3.5000000000000004 2.0000000000000004 2.0000000000000004 2.0000000000000004 2023.5000000000002 2020.5000000000002 2021.5000000000002 2.5000000000000004 1.0000000180025095e-35 2.0000000000000004 3.5000000000000004 4.0000000000000009 2.0000000000000004 3.5000000000000004 2023.5000000000002 2.0000000000000004 2023.5000000000002 2.5000000000000004 2.0000000000000004 4.0000000000000009 2020.5000000000002 1.0000000180025095e-35 2022.5000000000002 1.0000000180025095e-35 1.0000000180025095e-35 3.5000000000000004 2.0000000000000004 2017.5000000000002 2.5000000000000004 1.0000000180025095e-35
decision_type=2 2 2 2 2 2 10 2 2 10 2 10 2 2 2 2 2 2 2 2 2 2 2 2 2 2 2 2 2 2 2 2 2 2 2 2 2 2 2 2 2 2 2 2 2 2 2 2 2 2 2 2 2 2 2 2 2 2 2 2 2 2
left_child=4 3 -3 -2 40 -6 12 9 39 -8 11 -11 -5 16 15 -15 17 22 21 -20 -21 -19 23 27 25 -24 -27 28 -14 -18 31 -17 33 -16 -34 36 37 -26 -29 -9 52 42 46 47 49 -43 -42 48 -44 -45 -51 -48 55 -54 -55 -1 57 -57 -59 -60 61 -58
right_child=1 2 -4 6 5 -7 7 8 -10 10 -12 -13 13 14 32 30 29 18 19 20 -22 -23 24 -25 35 26 -28 38 -30 -31 -32 -33 34 -35 -36 -37 -38 -39 -40 -41 41 45 43 44 -46 -47 51 -49 -50 50 -52 -53 53 54 -56 56 60 58 59 -61 -62 -63
leaf_value=-0.21329113072819184 0.33580996301025157 -0.14632856483044832 0.63562027254590292 0.0021240115322300451 -0.49596197119465579 0.072533226939471993 0.0093183926322138854 0.20407461787539499 0.40579519017654309 0.63731056910008199 -0.012665503410928286 0.064205868573238456 -0.015746261286003902 -0.62400285818924506 -0.073637988494010639 -0.062156707616079422 0.047988942407426384 0.29017094914559965 -0.13519406815369925 0.17625512570418694 0.85731693624422478 -0.23701540730893611 -0.1625295434543427 0.56918056397824679 -0.15966489807732645 -0.019974819635567461 0.63513600148937921 -0.10838675104826689 0.39260412156581881 -0.40249893011585364 0.021573955317338311 -0.48548439066199695 0.031218428723514081 0.44906308464705946 -0.3449266455346538 -0.44419292057714155 0.062151671946048738 -0.44416599986345873 -0.35845398300637804 0.0093748754140888825 0.42956457209327947 0.030449340254068376 0.33248001476404848 -0.018290721051968061 -0.62727725750360741 0.58764853060245514 -0.11053312266866366 -0.20640229263032475 -0.033238118087373134 -0.10590800240083978 -0.56728323278102011 0.14903758610448531 0.00535996049959805 1.1926094120368362 -0.1171106585140886 0.0029940873394531972 -0.007711244205535147 -0.00090995037071678764 0.052632575493592487 0.75644236956873256 0.0013315412892093217 -0.07267501409991052
leaf_weight=45 32 23 27 23170 27 37 2912 27 34 20 67 24 111 24 32 21 21 27 30 27 29 40 47 37 31 23 22 50 24 31 30 34 40 22 31 31 26 23 24 145 23 25 27 26 39 20 45 36 41 27 22 31 1124 24 29 5546 22819 274 65 31 12373 352
leaf_count=45 32 23 27 23170 27 37 2912 27 34 20 67 24 111 24 32 21 21 27 30 27 29 40 47 37 31 23 22 50 24 31 30 34 40 22 31 31 26 23 24 145 23 25 27 26 39 20 45 36 41 27 22 31 1124 24 29 5546 22819 274 65 31 12373 352
internal_value=-0.000600212 0.00389678 0.275924 0.0033989 -0.00345532 -0.167301 0.00300908 0.0189657 0.100322 0.0134217 0.121068 0.324708 0.000867429 -0.0319198 -0.145563 -0.294868 0.00874141 0.0285491 0.156335 0.29727 0.528948 -0.0245672 -0.0149948 0.0598053 -0.105639 0.0638552 0.300302 -0.0303711 0.0568494 -0.220571 -0.201936 -0.32385 -0.0153681 0.139314 -0.133014 -0.246121 -0.169369 -0.280841 -0.18949 0.0399382 -0.00321171 -0.0498758 -0.0964329 -0.183924 -0.353326 0.278093 0.0962238 0.00176649 0.111973 -0.210871 -0.313056 -0.0046556 -0.00281593 0.0265514 0.47597 -0.00364873 -0.00342119 0.00730675 0.07195 0.279904 -0.00520677 -0.00869814
internal_weight=70477 27369 50 27319 43108 64 27287 3229 206 3023 111 44 24058 888 234 109 654 602 153 86 56 67 449 246 203 92 45 209 135 52 85 55 125 54 71 111 80 54 74 172 43044 362 317 218 114 45 99 104 68 75 49 76 42682 1177 53 41505 41460 5916 370 96 35544 23171
internal_count=70477 27369 50 27319 43108 64 27287 3229 206 3023 111 44 24058 888 234 109 654 602 153 86 56 67 449 246 203 92 45 209 135 52 85 55 125 54 71 111 80 54 74 172 43044 362 317 218 114 45 99 104 68 75 49 76 42682 1177 53 41505 41460 5916 370 96 35544 23171
is_linear=0
shrinkage=0.05


Tree=87
num_leaves=63
num_cat=0
split_feature=110 114 104 19 113 104 22 100 87 11 40 113 113 114 94 100 52 22 28 69 42 113 87 100 114 16 66 28 102 91 100 114 12 104 63 46 16 77 87 80 61 85 15 47 113 100 113 66 100 49 100 113 68 113 100 11 66 68 11 100 106 16
split_gain=378.159 372.883 1837.08 2478.09 1666.83 709.94 576.788 1259.08 1154.07 441.323 345.837 980.31 602.127 4554.5 8199.34 4300.83 6132.34 1114.04 1618.11 2035.88 1421.99 1959.25 1694.49 842.562 756.186 1175.41 450.654 1170.88 437.545 356.724 319.151 2463.06 3368.63 1846.37 506.271 315.147 300.411 295.764 829.901 1816.43 1610.92 664.45 586.424 641.518 294.687 284.379 414.647 1357.98 278.077 1722.49 1714.87 308.071 1528.83 662.9 1591.79 276.328 269.482 663.219 265.87 259.51 2129 1581.24
threshold=35.750000000000007 19.500000000000004 1.5000000000000002 3.5000000000000004 6.5000000000000009 1.0000000180025095e-35 3.0000000000000004 2010.5000000000002 1.0000000180025095e-35 2.0000000000000004 3.5000000000000004 6.5000000000000009 4.5000000000000009 8.5000000000000018 2.0000000000000004 2011.5000000000002 3.0000000000000004 3.0000000000000004 2.0000000000000004 3.0000000000000004 2.0000000000000004 5.5000000000000009 1.0000000180025095e-35 2014.5000000000002 17.500000000000004 3.5000000000000004 2.0000000000000004 2.0000000000000004 1.0000000180025095e-35 2.0000000000000004 2011.5000000000002 12.500000000000002 1.0000000180025095e-35 7.5000000000000009 2.5000000000000004 2.0000000000000004 3.5000000000000004 2.5000000000000004 1.0000000180025095e-35 3.5000000000000004 3.5000000000000004 4.0000000000000009 3.0000000000000004 2.0000000000000004 4.5000000000000009 2017.5000000000002 3.5000000000000004 2.0000000000000004 2020.5000000000002 4.0000000000000009 2024.5000000000002 5.5000000000000009 2.0000000000000004 4.5000000000000009 2012.5000000000002 2.0000000000000004 2.0000000000000004 2.0000000000000004 1.0000000180025095e-35 2022.5000000000002 1.0000000180025095e-35 4.5000000000000009
decision_type=10 2 2 2 2 2 2 2 2 2 2 2 2 2 2 2 2 2 2 2 2 2 2 2 2 2 2 2 2 2 2 2 2 2 2 2 2 2 2 2 2 2 2 2 2 2 2 2 2 2 2 2 2 2 2 2 2 2 2 2 2 2
left_child=1 5 3 -3 6 -1 48 -8 9 36 30 12 28 14 -14 16 -15 20 24 -20 22 29 -17 -24 25 -19 -25 -28 45 56 31 33 34 -7 -33 -10 -9 38 -30 40 41 -40 -41 -44 -36 -12 -47 -48 51 -50 -51 53 -53 -4 -55 -27 57 -22 -52 60 -39 -61
right_child=-2 2 4 -5 -6 10 7 8 35 -11 11 -13 13 15 -16 17 -18 18 19 -21 21 -23 23 26 -26 55 27 -29 37 -31 -32 32 -34 -35 44 -37 -38 59 39 42 -42 -43 43 -45 -46 46 47 -49 49 50 58 52 -54 54 -56 -57 -58 -59 -60 61 -62 -63
leaf_value=-0.15478204030108145 0.010921267351817785 0.05514412900242447 0.0083033475195343192 0.70506846859035166 0.3987955265574985 0.0035856711997517519 0.29623285705223679 -0.058849287653075802 -0.45951439212464423 0.039174409160836483 0.0014752732476171809 -0.24712294336408377 -0.048450915846559743 1.1392796367406846 1.2872571583837271 -0.03045958165055165 0.05762048079387138 0.25871392269219673 0.57585856597870588 0.040792287997901439 -0.09386072571112497 0.38889439271664933 -0.023298574622833371 -0.15851468038745226 -0.28329649198314416 0.0015910704930623373 -0.56733053651375653 -0.15564874523589689 -0.0054172047181628331 0.1863687062636018 -0.0070322630079903544 0.032876507904209006 -0.57928063793060103 0.47804471583201968 -0.080693179135229082 -0.20328098783890405 -0.29805854814393179 0.0031044034581143741 -0.0074483742365640971 -0.047745979896613527 0.41978347033262253 -0.26396111819532608 -0.45623095205823044 -0.12795535682446577 -0.29025027433037759 0.020515128457098006 -0.0038432530182249403 0.38705661330710761 -0.23025459549389782 0.4508511869530929 -0.1108284302353859 0.42306383825838573 -0.068635257939959685 -0.36022891422233932 -0.017645430122065962 -0.24927110892275106 -0.10176931355003414 0.24362606406211854 0.12215615523358186 0.0087766056678720509 -0.44154294685081202 0.26637058306598299
leaf_weight=77 6499 44 6164 22 27 70 20 35 24 71 2766 40 27 20 20 308 38 35 32 40 37 38 33 32 23 21 39 31 18324 20 21992 76 39 29 51 24 21 9145 136 21 20 31 46 22 25 2468 68 33 32 38 25 25 43 41 196 23 77 24 24 612 27 66
leaf_count=77 6499 44 6164 22 27 70 20 35 24 71 2766 40 27 20 20 308 38 35 32 40 37 38 33 32 23 21 39 31 18324 20 21992 76 39 29 51 24 21 9145 136 21 20 31 46 22 25 2468 68 33 32 38 25 25 43 41 196 23 77 24 24 612 27 66
internal_value=-0.000570201 -0.00173753 0.00926262 0.271786 0.00671835 -0.00306212 0.00515767 -0.0795898 -0.122541 -0.0436029 -0.00285725 0.000261037 0.000546181 0.0405012 0.519935 0.0146304 0.430606 -0.0150456 0.0971179 0.2786 -0.0455878 0.0665475 -0.0952006 -0.242906 -0.0309868 0.0424704 -0.313956 -0.385014 -0.000539469 -0.010979 -0.00771942 -0.0598298 -0.164738 0.142569 -0.058375 -0.331398 -0.148553 -0.00300349 -0.0067134 -0.0927696 -0.00427863 -0.0550645 -0.2787 -0.350024 -0.149626 0.0126005 0.0245788 0.123877 0.00766613 0.0834053 0.198775 0.00627287 0.112136 0.00514825 -0.0769109 -0.129541 -0.0395801 0.038921 0.00328647 0.00400202 0.00179548 0.0338521
internal_weight=70477 63978 6876 66 6810 57102 6783 195 175 127 57025 34743 34703 918 47 871 58 813 174 72 639 196 443 135 102 79 102 70 33785 158 22282 290 191 99 152 48 56 28450 18600 276 187 167 89 68 76 5335 2569 101 6588 119 87 6469 68 6401 237 44 138 61 49 9850 9172 678
internal_count=70477 63978 6876 66 6810 57102 6783 195 175 127 57025 34743 34703 918 47 871 58 813 174 72 639 196 443 135 102 79 102 70 33785 158 22282 290 191 99 152 48 56 28450 18600 276 187 167 89 68 76 5335 2569 101 6588 119 87 6469 68 6401 237 44 138 61 49 9850 9172 678
is_linear=0
shrinkage=0.05


Tree=88
num_leaves=63
num_cat=0
split_feature=112 110 14 110 82 109 77 88 113 71 46 70 61 14 55 79 40 105 100 24 87 72 49 113 87 62 87 65 11 100 48 79 8 44 46 100 8 65 16 77 11 87 65 49 113 100 62 68 87 52 9 104 113 54 94 113 54 8 15 47 15 100
split_gain=371.56 957.733 700.095 1651.2 1705.42 1261.74 500.773 395.128 520.734 820.453 328.935 476.022 317.163 775.43 1915.81 2069.79 1991.47 1240.17 1102.63 2016.41 7938.15 1084.97 1682.24 1202.63 3780.25 2496.8 2424.15 6446.79 1081.86 993.264 664.296 944.372 684.51 756.687 610.901 603.928 1186.89 916.356 521.538 516.47 496.413 475.532 459.823 3178.81 1130.28 763.886 933.431 539.193 780.536 1503.71 514.785 439.608 437.361 406.853 393.098 500.702 1579.89 1314.54 1806.15 1274.32 1282.73 1094.5
threshold=1.0000000180025095e-35 68.250000000000014 2.0000000000000004 71.250000000000014 2.5000000000000004 147.50000000000003 2.5000000000000004 1.0000000180025095e-35 3.5000000000000004 3.0000000000000004 2.0000000000000004 2.0000000000000004 3.5000000000000004 2.0000000000000004 3.0000000000000004 2.0000000000000004 3.5000000000000004 1.0000000180025095e-35 2020.5000000000002 2.5000000000000004 1.0000000180025095e-35 3.5000000000000004 4.0000000000000009 3.5000000000000004 1.0000000180025095e-35 2.5000000000000004 1.0000000180025095e-35 2.0000000000000004 2.0000000000000004 2023.5000000000002 3.0000000000000004 2.0000000000000004 2.0000000000000004 2.0000000000000004 2.0000000000000004 2024.5000000000002 2.0000000000000004 2.0000000000000004 4.5000000000000009 2.5000000000000004 2.0000000000000004 1.0000000180025095e-35 2.0000000000000004 4.0000000000000009 4.5000000000000009 2020.5000000000002 2.5000000000000004 2.0000000000000004 1.0000000180025095e-35 3.0000000000000004 1.0000000180025095e-35 1.0000000180025095e-35 4.5000000000000009 2.0000000000000004 4.0000000000000009 3.5000000000000004 2.0000000000000004 2.0000000000000004 3.0000000000000004 2.0000000000000004 3.0000000000000004 2010.5000000000002
decision_type=8 10 2 10 2 10 2 2 2 2 2 2 2 2 2 2 2 2 2 2 2 2 2 2 2 2 2 2 2 2 2 2 2 2 2 2 2 2 2 2 2 2 2 2 2 2 2 2 2 2 2 2 2 2 2 2 2 2 2 2 2 2
left_child=-1 7 3 -3 5 10 -4 12 -9 -10 -5 -12 51 14 15 -14 -17 -16 -15 20 -20 22 28 24 -23 26 29 -28 -21 34 31 -24 -32 -34 -25 36 -27 38 53 -31 -37 -33 45 -44 -45 47 52 48 -19 -50 -49 -2 -47 -38 -53 -56 57 58 -57 -59 -61 -60
right_child=1 2 6 4 -6 -7 -8 8 9 -11 11 -13 13 18 17 16 -18 42 19 21 -22 23 30 25 -26 35 27 -29 -30 39 32 41 33 -35 -36 40 37 -39 -40 -41 -42 -43 43 44 -46 46 -48 50 49 -51 -52 54 -54 -55 55 56 -58 59 61 60 -62 -63
leaf_value=-0.0048849742504880533 -0.14830162644386291 0.51020697525057657 -0.026361402724586522 0.038398103758800727 -0.17611398458718619 0.53919799469411378 0.08516271098362492 -0.024403459965536486 0.045587586935447615 -0.33883867454315936 0.31015686835679745 0.0059204756561666728 -0.63729043161869059 0.0096721582297733411 0.38083756692707538 -0.4072022396942665 0.15308951622673445 -0.018999168400963148 -0.019231467715957587 -0.094674326684325946 0.94617895868516744 0.062173366397999974 0.41231100491502071 0.122545126080513 -0.63712047121741566 0.32793413207811467 0.15617355119839715 1.2703741693496706 -0.54506219873825712 0.15907483950257303 -0.29358098826681578 -0.11799293297476002 -0.14114438738407833 0.25070814245045769 0.50436082333326338 -0.32354681596159934 0.13498205400716801 -0.26293727082234847 0.28824047162419275 -0.17888877080896726 -0.0060032336972653871 0.18884018581846487 0.50616748579777782 0.013281247798237675 -0.35237154066562654 -0.17156235391894978 0.050292488881226241 -0.24970069976989182 -0.10276077822954566 0.4003794734225129 -0.031447769920341671 0.0033348151089830445 -0.45472815781831744 -0.14213165122049828 -0.0039634638866716488 -0.024031595502104333 0.027962196038771786 -0.053157815901087785 0.078217731388630696 -0.052638511144107697 0.41206386576999315 -0.257917146191318
leaf_weight=28988 50 26 218 69 47 20 187 343 23 35 36 20 25 6202 20 29 35 414 68 30 31 159 22 22 22 34 37 20 24 20 24 28 28 22 20 20 26 27 21 26 32 23 32 177 24 30 29 44 27 33 70 23970 25 27 7095 201 543 255 27 27 33 235
leaf_count=28988 50 26 218 69 47 20 187 343 23 35 36 20 25 6202 20 29 35 414 68 30 31 159 22 22 22 34 37 20 24 20 24 28 28 22 20 20 26 27 21 26 32 23 32 177 24 30 29 44 27 33 70 23970 25 27 7095 201 543 255 27 27 33 235
internal_value=-0.000541691 0.00249292 0.0640195 0.136264 0.0856257 0.170465 0.0251324 0.00155495 -0.0478335 -0.186394 0.111468 0.201501 0.00204438 0.0109416 -0.0299285 -0.251494 -0.100793 -0.00861023 0.0168493 0.0716001 0.283069 0.0422788 -0.0561879 0.0808594 -0.0228237 0.137385 0.2931 0.547121 -0.294847 0.128564 0.0314827 0.138498 -0.0740866 0.0312707 0.304362 0.0166441 0.072411 -0.0136067 0.0773653 -0.0319481 -0.128135 0.0203828 -0.0172168 0.04331 -0.0303788 -0.038203 -0.179245 -0.0180542 0.00542685 0.173966 -0.115686 -0.00015798 -0.300274 -0.00618908 7.07354e-05 -0.00922584 -0.0374897 -0.0831714 -0.13678 -0.00437579 0.202948 -0.223277
internal_weight=70477 41489 623 218 192 145 405 40866 401 58 125 56 40465 8029 1014 89 64 925 7015 813 99 714 201 513 181 332 145 57 54 88 147 73 74 50 42 187 135 101 74 46 52 51 905 233 201 672 84 588 474 60 114 32436 55 53 32386 8416 1321 778 463 315 60 262
internal_count=70477 41489 623 218 192 145 405 40866 401 58 125 56 40465 8029 1014 89 64 925 7015 813 99 714 201 513 181 332 145 57 54 88 147 73 74 50 42 187 135 101 74 46 52 51 905 233 201 672 84 588 474 60 114 32436 55 53 32386 8416 1321 778 463 315 60 262
is_linear=0
shrinkage=0.05


Tree=89
num_leaves=63
num_cat=0
split_feature=44 104 22 87 114 100 114 113 110 113 66 62 110 12 112 102 114 49 17 113 24 52 46 63 12 70 62 113 46 12 87 114 18 18 28 12 97 100 64 114 87 94 77 22 79 94 46 100 112 88 113 30 87 103 77 113 100 57 40 76 114 113
split_gain=342.201 3345.06 796.96 1167.32 1149.74 801.468 554.706 469.068 460.706 455.629 2967.82 2480.67 442.683 846.004 416.781 1145.7 1220.39 431.228 413.564 1972.33 8713.26 1485.25 2291.88 467.033 702.275 493.808 504.225 432.172 702.962 1972.99 725.056 333.54 328.215 284.892 340.111 2881.51 282.833 311.082 335.959 256.086 1108.44 1967.13 825.01 631.423 1052.28 1346.42 1103.31 304.94 255.767 352.837 407.832 301.273 264.588 272.859 262.614 1141.21 3447.15 4261.92 3662.5 1379.38 1156.36 822.919
threshold=2.0000000000000004 1.0000000180025095e-35 3.0000000000000004 1.0000000180025095e-35 14.500000000000002 2016.5000000000002 9.5000000000000018 6.5000000000000009 163.50000000000003 6.5000000000000009 2.0000000000000004 2.5000000000000004 82.250000000000014 1.0000000180025095e-35 1.0000000180025095e-35 1.0000000180025095e-35 9.5000000000000018 4.0000000000000009 3.0000000000000004 4.5000000000000009 2.5000000000000004 3.0000000000000004 2.0000000000000004 2.5000000000000004 1.0000000180025095e-35 2.0000000000000004 2.5000000000000004 4.5000000000000009 2.0000000000000004 1.0000000180025095e-35 1.0000000180025095e-35 17.500000000000004 1.5000000000000002 1.0000000180025095e-35 2.0000000000000004 1.0000000180025095e-35 1.5000000000000002 2024.5000000000002 2.5000000000000004 10.500000000000002 1.0000000180025095e-35 4.0000000000000009 2.5000000000000004 3.0000000000000004 2.0000000000000004 2.0000000000000004 2.0000000000000004 2019.5000000000002 1.0000000180025095e-35 1.0000000180025095e-35 3.5000000000000004 2.0000000000000004 1.0000000180025095e-35 1.0000000180025095e-35 2.5000000000000004 5.5000000000000009 2015.5000000000002 4.0000000000000009 3.5000000000000004 3.5000000000000004 18.500000000000004 5.5000000000000009
decision_type=2 2 2 2 2 2 2 2 10 2 2 2 10 2 10 2 2 2 2 2 2 2 2 2 2 2 2 2 2 2 2 2 2 2 2 2 2 2 2 2 2 2 2 2 2 2 2 2 8 2 2 2 2 2 2 2 2 2 2 2 2 2
left_child=9 -2 7 6 -5 -6 -4 8 18 12 -11 -12 39 14 32 16 -16 -17 27 -20 -21 22 -22 -23 25 26 -25 33 29 -29 -30 -31 -14 34 -3 -36 37 38 -8 40 43 47 -43 -1 -45 -46 -47 -42 52 51 -51 54 -41 -54 61 -56 57 -57 -59 -58 -61 -50
right_child=1 2 3 4 5 -7 36 -9 -10 10 11 -13 13 -15 15 17 -18 -19 19 20 21 23 -24 24 -26 -27 -28 28 30 31 -32 -33 -34 -35 35 -37 -38 -39 -40 48 41 42 -44 44 45 46 -48 -49 49 50 -52 -53 53 -55 55 56 59 58 -60 60 -62 -63
leaf_value=-0.0080853791892232935 0.62029955576766627 0.007436002658606897 -0.24537247882948982 0.0022166705960708281 -0.63017272584140305 -0.21575377854917732 -0.00059035890485171843 -0.19980699717998507 -0.22914256884472534 -0.31416347393622768 0.64413457615622161 -0.06942556475599608 -0.040652951795007691 0.36140221007168294 0.56325362736926132 0.20962557418644431 0.036057199750627787 -0.018480625721695256 0.010117222009244281 1.0221609641081439 0.029280114737716884 -0.17853173379387177 0.66487010963585069 -0.066207392236521084 0.27194033106788995 -0.16759406860917808 0.18939282868589674 -0.034168455318785179 -0.029645667526106173 -0.56390913951964616 0.21732503605654113 -0.27860296858474615 0.071103518475827424 -0.0027438927140031907 0.0070382359708206568 0.51777656611896328 -0.14706088910145418 -0.1723293819775184 0.18316290444797942 -0.0060174819308081752 -0.050525580411868214 -0.18764145377287139 -0.54047954062620807 -0.19128570672124626 -0.10974205490201712 0.12856489588385042 0.61830985805262695 0.15708018764853479 -0.00013579324319852395 -0.026789275847756078 -0.210052145501742 0.1425832303455816 -0.031934046658376854 -0.20446347432831924 0.0077168874801243174 -0.11872395525376003 -0.21575605560232095 0.29316037520766258 1.2093065168336035 -0.028071496886915938 0.41115618001507681 -0.14153350333486184
leaf_weight=15774 22 12165 27 31 20 28 316 28 21 26 29 21 213 20 23 25 21 121 2831 26 37 35 23 43 24 40 35 153 151 21 37 20 95 9661 253 31 35 24 27 11295 153 37 30 20 21 23 23 20 9722 137 39 39 75 33 5985 24 54 24 20 43 23 104
leaf_count=15774 22 12165 27 31 20 28 316 28 21 26 29 21 213 20 23 25 21 121 2831 26 37 35 23 43 24 40 35 153 151 21 37 20 95 9661 253 31 35 24 27 11295 153 37 30 20 21 23 23 20 9722 137 39 39 75 33 5985 24 54 24 20 43 23 104
internal_value=-0.000514607 0.00401945 0.00350084 -0.058514 -0.235137 -0.388428 -0.0259889 0.00472976 0.00495341 -0.00319184 0.119128 0.344439 -0.00340199 0.0425489 0.0297435 0.0879817 0.311637 0.0205787 0.00514555 0.0222849 0.153261 0.0579384 0.272923 -0.0149377 0.0253848 -0.0247621 0.048485 0.00278786 -0.0499408 -0.116711 0.0189603 -0.424735 -0.00618261 0.00369887 0.00869875 0.0627878 -0.0112542 0.00169738 0.0138742 -0.00394645 -0.00895826 -0.115608 -0.345629 -0.00734449 0.126986 0.221993 0.373437 -0.0265249 -0.00102451 0.00301072 -0.0673987 0.00378339 -0.00676224 -0.0846514 0.00344504 0.0115271 0.132826 0.417244 0.70959 -0.0283442 0.124993 -0.00163237
internal_weight=70477 26165 26143 508 79 48 429 25635 25607 44312 76 50 44236 518 498 190 44 146 25586 3094 263 237 60 177 142 118 78 22492 382 194 188 41 308 22110 12449 284 402 367 343 43718 16101 240 67 15861 87 67 46 173 27617 16214 176 16038 11403 108 15999 6173 188 68 44 120 66 9826
internal_count=70477 26165 26143 508 79 48 429 25635 25607 44312 76 50 44236 518 498 190 44 146 25586 3094 263 237 60 177 142 118 78 22492 382 194 188 41 308 22110 12449 284 402 367 343 43718 16101 240 67 15861 87 67 46 173 27617 16214 176 16038 11403 108 15999 6173 188 68 44 120 66 9826
is_linear=0
shrinkage=0.05


Tree=90
num_leaves=63
num_cat=0
split_feature=61 108 87 98 8 65 14 65 24 61 68 11 43 62 21 69 54 55 52 67 55 67 46 14 67 44 43 46 14 44 106 72 21 43 63 12 11 40 62 46 104 102 109 109 40 18 87 104 12 69 28 67 106 49 52 14 40 72 66 102 19 66
split_gain=486.036 927.945 569.746 3829.85 2898.65 6920.39 10475.9 3099.68 4554.88 10662.4 1930.97 3787.91 3146.1 1922.13 1762.44 1606.11 1906.81 1557.74 1120.12 2837.9 1035.1 1488.01 994.849 1890.52 2736.44 3138.05 512.184 522.376 485.942 444.033 527.499 1030.18 1550.8 1355.82 1228.15 860.606 420.455 388.028 325.763 324.209 321.452 264.211 303.333 268.813 259.224 254.413 441.797 298.898 348.705 1600.07 1537.91 5959.92 2390.85 856.791 575.131 630.24 555.106 928.661 576.986 310.749 706.339 803.699
threshold=3.5000000000000004 123.00000000000001 1.0000000180025095e-35 1.0000000180025095e-35 2.0000000000000004 2.0000000000000004 4.0000000000000009 2.0000000000000004 2.5000000000000004 4.5000000000000009 2.0000000000000004 2.0000000000000004 2.0000000000000004 2.5000000000000004 2.5000000000000004 3.0000000000000004 2.0000000000000004 3.0000000000000004 3.0000000000000004 2.5000000000000004 3.0000000000000004 2.5000000000000004 2.0000000000000004 2.0000000000000004 2.5000000000000004 2.0000000000000004 2.0000000000000004 2.0000000000000004 2.0000000000000004 2.0000000000000004 1.0000000180025095e-35 3.5000000000000004 2.5000000000000004 2.0000000000000004 2.5000000000000004 1.0000000180025095e-35 2.0000000000000004 3.5000000000000004 2.5000000000000004 2.0000000000000004 1.0000000180025095e-35 1.0000000180025095e-35 147.50000000000003 117.50000000000001 3.5000000000000004 1.0000000180025095e-35 1.0000000180025095e-35 5.5000000000000009 1.0000000180025095e-35 3.0000000000000004 2.0000000000000004 2.5000000000000004 1.0000000180025095e-35 4.0000000000000009 3.0000000000000004 4.0000000000000009 3.5000000000000004 3.5000000000000004 2.0000000000000004 1.0000000180025095e-35 2.0000000000000004 2.0000000000000004
decision_type=2 10 2 2 2 2 2 2 2 2 2 2 2 2 2 2 2 2 2 2 2 2 2 2 2 2 2 2 2 2 2 2 2 2 2 2 2 2 2 2 2 2 10 10 2 2 2 2 2 2 2 2 2 2 2 2 2 2 2 2 2 2
left_child=29 2 -2 4 5 10 -7 8 9 -6 11 12 14 37 -4 16 -9 36 19 -12 -16 28 23 -19 25 -25 27 -20 -22 30 40 32 35 34 -33 -32 -10 -8 -24 -35 -1 42 43 -42 -36 47 -47 -31 59 50 52 -52 56 -51 55 -55 58 -58 -50 60 61 -49
right_child=1 -3 3 -5 7 6 13 15 17 -11 18 -13 -14 -15 20 -17 -18 22 26 -21 21 -23 38 24 -26 -27 -28 -29 -30 45 31 33 -34 39 44 -37 -38 -39 -40 -41 41 -43 -44 -45 -46 46 -48 48 49 53 51 -53 -54 54 -56 -57 57 -59 -60 -61 -62 -63
leaf_value=-0.12016138128936292 0.0056986049562027137 0.34941325236111881 0.29091434195064586 0.71452846016202665 1.1739695333540439 1.2008032356224518 0.44571165794676004 -0.18566766738891605 -0.20109159782528879 -0.28632877307757737 -0.5394635286927224 0.72480561603670546 0.43474301837193663 -0.29474098443984986 -0.4653594317643539 -0.045234817067782089 -0.78644397578069147 -0.36326269343495371 0.26957502846534437 0.092264426127076152 -0.048460831972105163 -0.35047027403488756 -0.18058379664130153 0.73566343668968459 -0.12526404531889185 -0.045146799510852861 -0.12533749513901199 -0.065710130360509669 0.26971807687410287 0.0007405432866906071 0.025039253566487164 -0.49987535257088517 0.3144658923149109 0.12908465431608035 -0.24649801204601923 -0.34337731570653296 -0.52530415323562918 0.14141317617148161 -0.0057194712834480483 -0.1096249230504036 0.0052363148637573371 -0.0062492086258185732 0.19053870392116634 -0.15588392143209395 -0.02256169401641403 -0.00099585727892019375 -0.10003319399353738 0.087776596592829659 0.2535663729409377 0.19035909846425059 0.91348186977780788 -0.19145519317168258 0.576685920059681 -0.10213196469470859 -0.020162120973691345 -0.49431620084104089 0.01713312867283821 -0.37269090481779799 -0.093140126010403043 0.0089538799112756761 0.022932990396809377 0.40381005507707601
leaf_weight=60 11895 20 26 21 25 34 22 25 20 25 40 23 39 20 23 30 28 20 26 32 28 32 84 31 43 22 39 21 21 5973 51 38 35 33 24 23 20 20 39 25 5983 30069 22 26 28 9214 114 103 30 20 26 23 20 20 32 21 50 22 20 5083 794 25
leaf_count=60 11895 20 26 21 25 34 22 25 20 25 40 23 39 20 23 30 28 20 26 32 28 32 84 31 43 22 39 21 21 5973 51 38 35 33 24 23 20 20 39 25 5983 30069 22 26 28 9214 114 103 30 20 26 23 20 20 32 21 50 22 20 5083 794 25
internal_value=0.000280858 0.00910194 0.00856912 0.0474141 0.0310861 0.119416 0.495483 -0.0645326 0.00435178 0.44382 0.0162655 0.122803 0.0408734 0.108695 -0.0772874 -0.33758 -0.503059 -0.074406 -0.113197 -0.258696 -0.169338 -0.0852824 -0.0260727 0.0789718 0.171104 0.411554 0.00861483 0.119767 0.0879016 -0.00166472 -0.00503302 -0.076413 0.0402351 -0.162323 -0.28381 -0.0894686 -0.363198 0.300808 -0.125139 0.0261926 -0.0045257 -0.00433351 0.00521767 0.00453917 -0.125917 0.00401679 -0.00220622 0.00875078 0.0163585 0.070497 0.153311 0.394838 0.0699673 -0.0995837 -0.17902 -0.303007 -0.0131013 -0.10198 0.114884 0.0137981 0.0405044 0.149502
internal_weight=70801 12794 12774 879 858 446 96 412 329 50 350 192 169 62 130 83 53 279 158 72 104 81 239 116 96 53 86 47 49 58007 36417 257 109 148 90 74 40 42 123 58 36160 36100 6031 6009 52 21590 9328 12262 6289 284 191 49 142 93 73 41 122 72 50 6005 922 128
internal_count=70801 12794 12774 879 858 446 96 412 329 50 350 192 169 62 130 83 53 279 158 72 104 81 239 116 96 53 86 47 49 58007 36417 257 109 148 90 74 40 42 123 58 36160 36100 6031 6009 52 21590 9328 12262 6289 284 191 49 142 93 73 41 122 72 50 6005 922 128
is_linear=0
shrinkage=0.05


Tree=91
num_leaves=63
num_cat=0
split_feature=100 55 52 100 49 76 63 70 109 26 114 100 106 114 11 114 100 47 52 114 54 106 114 22 61 8 16 46 65 106 114 28 114 100 85 66 68 94 28 12 114 95 100 8 51 11 100 16 110 9 42 12 114 108 94 114 71 94 11 15 110 40
split_gain=569.034 759.422 7505.97 1370.69 1574.41 3165.59 1165.04 1089.42 498.798 785.045 535.832 565.514 603.901 1133.07 635.402 632.064 506.513 1150.23 1247.19 3174.04 1583.66 1159.76 845.969 756.08 1021.23 1483.49 693.467 680.372 617.838 766.634 1137.5 646.313 840.823 608.977 600.966 599.997 1573.79 547.541 513.842 892.151 667.088 521.792 490.542 421.686 398.117 1250.09 372.024 364.899 342.14 309.546 279.914 653.58 275.319 283.463 270.943 260.785 252.06 372.038 524.927 287.817 248.232 237.896
threshold=2020.5000000000002 3.0000000000000004 3.0000000000000004 2021.5000000000002 4.0000000000000009 3.5000000000000004 2.5000000000000004 2.0000000000000004 70.500000000000014 2.5000000000000004 8.5000000000000018 2022.5000000000002 1.0000000180025095e-35 6.5000000000000009 1.0000000180025095e-35 7.5000000000000009 2023.5000000000002 2.0000000000000004 3.0000000000000004 15.500000000000002 2.0000000000000004 1.0000000180025095e-35 17.500000000000004 3.0000000000000004 4.5000000000000009 2.0000000000000004 2.5000000000000004 2.0000000000000004 2.0000000000000004 1.0000000180025095e-35 12.500000000000002 2.0000000000000004 12.500000000000002 2022.5000000000002 4.0000000000000009 2.0000000000000004 2.0000000000000004 4.0000000000000009 2.0000000000000004 1.0000000180025095e-35 17.500000000000004 2.0000000000000004 2022.5000000000002 2.0000000000000004 2.5000000000000004 2.0000000000000004 2024.5000000000002 3.5000000000000004 11.750000000000002 1.0000000180025095e-35 2.0000000000000004 1.0000000180025095e-35 1.0000000180025095e-35 163.50000000000003 4.0000000000000009 19.500000000000004 3.0000000000000004 4.0000000000000009 2.0000000000000004 3.0000000000000004 167.50000000000003 3.5000000000000004
decision_type=2 2 2 2 2 2 2 2 10 2 2 2 2 2 2 2 2 2 2 2 2 2 2 2 2 2 2 2 2 2 2 2 2 2 2 2 2 2 2 2 2 2 2 2 2 2 2 2 8 2 2 2 2 10 2 2 2 2 2 2 10 2
left_child=48 2 -2 -4 -5 6 -6 -7 10 -10 11 47 14 -14 -13 -16 17 18 19 20 27 35 26 24 38 -26 -20 54 29 31 -31 33 -33 -28 -27 36 -19 -30 41 49 -41 44 -23 -25 45 -18 -45 -3 -1 -40 55 -52 -50 60 -12 56 -46 59 -59 -58 -54 -51
right_child=1 8 3 4 5 7 -8 -9 9 -11 16 12 13 -15 15 -17 23 21 22 -21 -22 42 -24 43 25 34 28 -29 37 30 -32 32 -34 -35 -36 -37 -38 -39 39 40 -42 -43 -44 46 50 -47 -48 -49 52 61 51 -53 53 -55 -56 -57 57 58 -60 -61 -62 -63
leaf_value=-0.012691894374457306 0.89001639609190608 -0.32439357818414771 0.34329128370930756 0.2340595971354667 -0.72655043800107455 -0.0822396167833358 -0.23638107390315444 0.34387054281930129 0.39496324231678792 0.015850314373771348 0.19319234987099965 -0.0090543200828876631 -0.047329089990151785 0.43852623034091232 -0.045542020663138366 -0.40081448044095724 0.031108542857518628 -0.096984016506568252 -0.083659021840854123 0.62563052727161228 0.36224214487216055 -0.34969064584284121 -0.18516832712818596 -0.2517414316534996 0.42072160406724407 0.13080891670315001 -0.14127375345404555 -0.26324920779466632 0.080814189591058877 0.50149767588485372 0.06821199961538825 -0.00091162691513697316 0.35318710163823869 0.17182443583011628 -0.19199878133478621 -0.040529620171421109 0.49454335204579619 -0.23314464894079029 -0.095767510662207733 -0.38626841144015395 -0.040242711282693425 0.23415172066539527 -0.074943633005023005 0.038036265695098277 -0.065949895514175294 0.38094289247636448 -0.14104765527721108 -0.042478378515013238 -0.0078011094635527349 -0.04100077779985023 -0.022429081100922128 -0.33144469555806033 0.0016928294526783042 0.18113029870119962 -0.060796179959461807 0.16191400229930877 0.10076950926865852 7.5411324256232813e-05 0.32644847415133638 -0.13465984717887991 -0.15283942881685039 0.066155619866913193
leaf_weight=5498 27 24 24 34 22 40 27 24 22 36 21 864 28 21 31 21 471 23 55 37 34 33 34 34 38 46 41 25 41 33 28 30 38 25 21 72 22 21 74 30 26 30 32 58 100 27 58 22 8925 87 77 22 52940 22 21 25 21 28 22 34 26 128
leaf_count=5498 27 24 24 34 22 40 27 24 22 36 21 864 28 21 31 21 471 23 55 37 34 33 34 34 38 46 41 25 41 33 28 30 38 25 21 72 22 21 74 30 26 30 32 58 100 27 58 22 8925 87 77 22 52940 22 21 25 21 28 22 34 26 128
internal_value=0.000266815 0.0202555 0.115275 -0.00705306 -0.0642521 -0.15401 -0.456457 0.0775517 0.0143615 0.159652 0.0116727 -0.0182868 -0.0101223 0.160895 -0.0192706 -0.189017 0.0259398 0.0620627 0.102356 0.229447 0.0843101 -0.0450923 0.0516673 0.00942783 0.0216299 0.171168 0.0774763 -0.05673 0.111961 0.155674 0.302612 0.0887847 0.196967 -0.022676 0.0296304 0.0489845 0.192207 -0.0255267 0.00856703 -0.0429574 -0.225614 0.0293091 -0.214431 -0.0968925 0.0218783 0.0500755 -0.0515057 -0.189565 -0.000738388 -0.00756382 -0.0208032 -0.0910992 0.000323107 0.0016915 0.0661981 0.00945462 -0.00913798 0.0449686 0.14368 -0.0447686 0.00161697 0.0227947
internal_weight=70801 3390 198 171 147 113 49 64 3192 58 3134 1011 965 49 916 52 2123 666 484 138 101 182 346 1457 1307 105 312 67 257 195 61 134 68 66 67 117 45 62 1202 345 56 857 65 150 827 498 116 46 67411 289 329 99 61913 52988 42 230 205 105 50 55 52966 215
internal_count=70801 3390 198 171 147 113 49 64 3192 58 3134 1011 965 49 916 52 2123 666 484 138 101 182 346 1457 1307 105 312 67 257 195 61 134 68 66 67 117 45 62 1202 345 56 857 65 150 827 498 116 46 67411 289 329 99 61913 52988 42 230 205 105 50 55 52966 215
is_linear=0
shrinkage=0.05


Tree=92
num_leaves=63
num_cat=0
split_feature=100 61 72 52 114 44 8 49 16 87 43 77 70 11 62 48 87 100 109 109 113 65 74 87 44 87 72 65 63 66 100 16 63 74 80 65 14 49 106 113 61 113 28 104 108 102 109 109 100 114 66 40 87 114 77 113 14 114 114 40 100 85
split_gain=513.554 701.785 1006.76 2813.09 8855.58 1582.14 1474.2 5242.89 4550.31 1547.1 1540.07 2686.91 1339.52 1176.48 1429.33 939.989 820.315 813.99 759.632 559.013 485.656 998.47 1081.58 1365.61 728.8 689.386 1388.79 1553.52 1511.87 1192.87 558.524 479.549 991.585 1742.76 832.028 466.233 527.629 701.134 1032.05 497.958 458.817 452.803 444.738 349.491 716.184 417.986 943.405 373.594 367.276 1125.35 3185.13 5727.04 2082.16 1232.08 646.306 936.131 344.097 420.726 715.245 1458.64 313.291 307.127
threshold=2020.5000000000002 3.5000000000000004 3.5000000000000004 3.0000000000000004 12.500000000000002 2.0000000000000004 2.0000000000000004 4.0000000000000009 4.5000000000000009 1.0000000180025095e-35 2.0000000000000004 1.5000000000000002 2.0000000000000004 2.0000000000000004 2.5000000000000004 3.0000000000000004 1.0000000180025095e-35 2023.5000000000002 70.500000000000014 95.500000000000014 4.5000000000000009 2.0000000000000004 2.5000000000000004 1.0000000180025095e-35 2.0000000000000004 1.0000000180025095e-35 3.5000000000000004 2.0000000000000004 2.5000000000000004 2.0000000000000004 2021.5000000000002 4.5000000000000009 2.5000000000000004 2.5000000000000004 3.5000000000000004 2.0000000000000004 2.0000000000000004 4.0000000000000009 1.0000000180025095e-35 4.5000000000000009 4.5000000000000009 3.5000000000000004 2.0000000000000004 5.5000000000000009 163.50000000000003 1.0000000180025095e-35 128.50000000000003 148.50000000000003 2010.5000000000002 16.500000000000004 2.0000000000000004 3.5000000000000004 1.0000000180025095e-35 13.500000000000002 2.5000000000000004 4.5000000000000009 2.0000000000000004 12.500000000000002 13.500000000000002 3.5000000000000004 2023.5000000000002 4.0000000000000009
decision_type=2 2 2 2 2 2 2 2 2 2 2 2 2 2 2 2 2 2 10 10 2 2 2 2 2 2 2 2 2 2 2 2 2 2 2 2 2 2 2 2 2 2 2 2 10 2 10 10 2 2 2 2 2 2 2 2 2 2 2 2 2 2
left_child=43 18 13 4 -4 15 7 8 -5 35 11 -9 -13 31 17 -6 -12 -15 20 -20 25 22 30 24 -24 -2 28 29 -27 -28 -22 32 34 -34 40 36 -8 39 -39 42 -3 -37 -38 47 45 46 56 -1 49 50 53 -52 54 -47 -51 -56 57 -45 59 -59 -31 -33
right_child=1 2 3 6 5 -7 9 10 -10 -11 16 12 -14 14 -16 -17 -18 -19 19 -21 21 -23 23 -25 -26 26 27 -29 -30 60 -32 61 33 -35 -36 41 37 38 -40 -41 -42 -43 -44 44 -46 48 -48 -49 -50 52 51 -53 -54 -55 55 -57 -58 58 -60 -61 -62 -63
leaf_value=-0.0047823322826053075 0.0016382112002509106 -0.01167407048177784 0.95027158537728562 0.23314312569414961 0.044429956802300052 0.3073882459279369 -0.11992093640746493 0.56316489040851592 1.1607611984759569 -0.23897995350416751 -0.061098953492419665 -0.33971331516901654 0.19426527036272961 -0.57053273242452873 0.099207037687301644 -0.36184282855441174 -0.43104128802989855 -0.16218798321027023 0.3721768671025833 0.014256309531629086 0.18622238859534265 -0.15216870104941804 0.31349096825489631 0.54482621433282341 -0.040470970851002319 0.32881999900564551 0.19886403036117556 -0.49096467210089467 -0.13227232977747919 -0.12024308315506488 -0.10818503220774689 -0.0027387792368729911 0.53440402608226856 -0.011049307079520078 -0.30423083856701849 0.050375473326018376 -0.073370249919367567 0.079099817970556388 0.38947454409019366 -0.23832310624420644 0.21349841191122931 -0.1520003862205451 0.20025678089371435 0.020411524373615209 0.30144053712487223 0.24186934202909471 0.34188370259235734 -0.15769826989620925 0.00049944142556027538 -0.048698123484849934 -0.031395528439817758 0.99055726010925493 -0.49223779808907281 -0.2408199036732698 0.0060750613049153357 0.43843892685891622 -0.010233427311285289 -0.039242984303112689 0.043467329212460104 0.42899580872020665 -0.36383177086456936 -0.25205115534010386
leaf_weight=27732 1885 92 37 39 35 34 33 25 20 64 43 24 23 23 27 24 23 26 24 20 24 39 26 27 33 32 25 34 40 33 49 30 27 32 20 52 33 97 37 20 30 59 27 1235 20 20 23 40 37156 75 29 26 21 39 31 21 658 29 217 39 22 21
leaf_count=27732 1885 92 37 39 35 34 33 25 20 64 43 24 23 23 27 24 23 26 24 20 24 39 26 27 33 32 25 34 40 33 49 30 27 32 20 52 33 97 37 20 30 59 27 1235 20 20 23 40 37156 75 29 26 21 39 31 21 658 29 217 39 22 21
internal_value=0.000253474 0.0192428 0.0525817 0.0845723 0.296016 0.0357207 0.0401657 0.1531 0.54759 -0.0125548 -0.0155587 0.144363 -0.0784046 -0.0204699 -0.192902 -0.120834 -0.190018 -0.35386 0.00371917 0.209486 -0.00027101 0.0745415 0.13015 0.250297 0.115512 -0.00742354 -0.099259 -0.207838 0.0726576 -0.087509 -0.0113936 0.0315334 0.0662769 0.238565 -0.0053076 0.0279235 0.0661745 0.0948715 0.1648 -0.0222593 0.0436962 -0.0571937 0.0497619 -0.000701469 0.00231199 0.00216098 0.0233363 -0.00500258 0.000915411 0.0599069 0.177977 0.451709 -0.0310392 -0.0771964 0.0452219 0.180684 0.0199724 0.0330483 0.0878077 0.229306 -0.217679 -0.105397
internal_weight=70801 3390 1077 749 130 93 619 197 59 422 138 72 47 328 76 59 66 49 2313 44 2269 198 159 86 59 2071 186 114 72 80 73 252 201 59 142 358 247 214 134 80 122 111 60 67411 39639 39619 2201 27772 37418 262 114 55 148 59 127 52 2178 1520 285 68 55 51
internal_count=70801 3390 1077 749 130 93 619 197 59 422 138 72 47 328 76 59 66 49 2313 44 2269 198 159 86 59 2071 186 114 72 80 73 252 201 59 142 358 247 214 134 80 122 111 60 67411 39639 39619 2201 27772 37418 262 114 55 148 59 127 52 2178 1520 285 68 55 51
is_linear=0
shrinkage=0.05


Tree=93
num_leaves=63
num_cat=0
split_feature=100 42 55 28 114 62 87 16 114 114 108 100 24 91 106 52 54 77 94 70 63 91 12 54 100 40 43 113 62 28 114 94 52 40 100 113 113 16 16 106 113 113 77 62 85 112 108 104 110 100 42 43 12 72 46 114 114 40 54 114 104 40
split_gain=463.482 744.624 1883.27 5846.62 9787.93 2909.59 1011.66 776.243 1437.46 639.874 1000.62 819.874 1850.27 1290.87 1632.04 1375.5 777.746 1214.76 801.997 708.994 1681.94 660.605 2272.45 521.571 478.514 1414.87 1222.03 435.374 511.055 444.948 392.699 361.935 626.811 550.198 522.008 416.255 798.476 350.658 406.271 975.187 348.473 560.017 463.171 349.606 487.547 334.753 893.342 560.103 520.984 364.751 2879.83 1240.53 2112.98 1138 1024.5 835.606 756.989 503.638 333.704 317.502 1089.4 1225.03
threshold=2020.5000000000002 2.0000000000000004 3.0000000000000004 2.0000000000000004 11.500000000000002 2.5000000000000004 1.0000000180025095e-35 4.5000000000000009 11.500000000000002 11.500000000000002 12.500000000000002 2022.5000000000002 2.5000000000000004 2.0000000000000004 1.0000000180025095e-35 3.0000000000000004 2.0000000000000004 2.5000000000000004 4.0000000000000009 2.0000000000000004 2.5000000000000004 2.0000000000000004 1.0000000180025095e-35 2.0000000000000004 2022.5000000000002 3.5000000000000004 2.0000000000000004 4.5000000000000009 2.5000000000000004 2.0000000000000004 19.500000000000004 4.0000000000000009 3.0000000000000004 3.5000000000000004 2023.5000000000002 3.5000000000000004 4.5000000000000009 4.5000000000000009 3.5000000000000004 1.0000000180025095e-35 3.5000000000000004 4.5000000000000009 2.5000000000000004 2.5000000000000004 4.0000000000000009 1.0000000180025095e-35 128.50000000000003 1.0000000180025095e-35 25.250000000000004 2010.5000000000002 2.0000000000000004 2.0000000000000004 1.0000000180025095e-35 3.5000000000000004 2.0000000000000004 18.500000000000004 17.500000000000004 3.5000000000000004 2.0000000000000004 18.500000000000004 1.5000000000000002 3.5000000000000004
decision_type=2 2 2 2 2 2 2 2 2 2 10 2 2 2 2 2 2 2 2 2 2 2 2 2 2 2 2 2 2 2 2 2 2 2 2 2 2 2 2 2 2 2 2 2 2 8 10 2 10 2 2 2 2 2 2 2 2 2 2 2 2 2
left_child=45 2 3 4 -2 -6 27 8 -8 10 24 12 -11 14 16 -16 18 -18 -14 21 -21 31 -23 -17 25 -4 -27 30 -29 -30 -3 40 33 -33 -34 -36 -37 38 -26 -40 43 -42 -43 -13 -45 59 47 -47 49 50 51 52 53 -49 56 -52 -55 -53 -35 -1 61 -61
right_child=1 6 9 -5 5 -7 7 -9 -10 11 -12 19 13 -15 15 23 17 -19 -20 20 -22 22 -24 -25 37 26 -28 28 29 -31 -32 32 34 58 35 36 -38 -39 39 -41 41 42 -44 44 -46 46 -48 48 -50 -51 55 57 -54 54 -56 -57 -58 -59 -60 60 -62 -63
leaf_value=-0.0070809165555270519 1.2651865066289902 0.0056829774357540375 -0.34720796244218949 -0.34376894755022869 0.41840086048696101 -0.19316055643800145 0.24669359200026678 -0.43902978271245963 -0.21057431616765609 -0.31263314105925111 0.28153181686547807 0.02686442843884887 0.37114995277176299 -0.14883175020894179 0.34320958489957065 0.04240314790180752 0.79176968425512317 0.29503276078030466 -0.0019928661485513052 0.41569787367786237 0.014058003464646369 0.027070236665707445 0.60141471639275557 -0.30596614093943075 -0.011968455996951059 -0.18654905492812396 0.31845788249503015 -0.27853816932645342 0.12916427614489714 -0.16626470991969111 0.22415636415992465 -0.32417936132234687 -0.23219854782025018 0.031191379825274153 -0.051007494304761071 0.26234498467387224 -0.087827101087680576 -0.15500890727884867 -0.024173689490327471 0.29208438514898988 -0.12486196678391724 0.2636112038578306 -0.028982773374177907 0.0031930511817336083 0.34073964020480285 -0.13168021937211355 0.29535232210675111 -0.073983335506283873 0.023223209755660557 0.00039852381597319582 -0.084097139456274894 0.10475737606840474 0.70725886090235279 0.34510060264305636 0.56390084874900903 -0.44397509331288543 -0.079923139661550527 -0.21916334405541421 -0.22763998739421371 -0.048655926740982319 0.0045992908502350462 0.44256077554076917
leaf_weight=24014 25 1001 40 35 41 37 23 20 68 21 29 204 36 26 23 21 20 32 24 38 83 124 20 22 654 25 23 29 26 25 21 34 21 33 69 41 27 37 65 39 86 21 38 20 23 78 26 33 2797 35573 54 28 22 22 22 23 20 21 20 22 4626 30
leaf_count=24014 25 1001 40 35 41 37 23 20 68 21 29 204 36 26 23 21 20 32 24 38 83 124 20 22 654 25 23 29 26 25 21 34 21 33 69 41 27 37 65 39 86 21 38 20 23 78 26 33 2797 35573 54 28 22 22 22 23 20 21 20 22 4626 30
internal_value=0.000240801 0.0182806 0.0357726 0.214531 0.404244 0.128301 -0.0131127 -0.156988 -0.0950011 0.0236742 -0.00746249 0.048871 0.134258 0.180262 0.228332 0.0311065 0.344554 0.486085 0.221893 0.0275715 0.140193 0.0101231 0.10684 -0.135832 -0.0169538 -0.127585 0.0554334 0.0013793 -0.110949 -0.0156539 0.0101722 -0.0117408 -0.0594141 -0.167191 -6.88226e-05 0.0355131 0.123306 -0.0047078 0.0026288 0.0944231 0.018055 -0.0434734 0.0751608 0.054175 0.183741 -0.000666396 0.00236669 0.00216982 0.00244019 0.00081726 0.061616 0.17767 0.264856 0.164517 0.287493 -0.191593 0.142708 -0.0340658 -0.0664808 -0.00475946 0.00715748 0.234738
internal_weight=70801 3390 2177 138 103 78 1213 111 91 2039 912 1127 225 204 178 66 112 52 60 902 121 781 144 43 883 88 48 1102 80 51 1022 637 245 87 158 137 68 795 758 104 392 145 59 247 43 67411 38719 38693 38615 35818 245 168 119 97 64 77 42 49 53 28692 4678 52
internal_count=70801 3390 2177 138 103 78 1213 111 91 2039 912 1127 225 204 178 66 112 52 60 902 121 781 144 43 883 88 48 1102 80 51 1022 637 245 87 158 137 68 795 758 104 392 145 59 247 43 67411 38719 38693 38615 35818 245 168 119 97 64 77 42 49 53 28692 4678 52
is_linear=0
shrinkage=0.05


Tree=94
num_leaves=63
num_cat=0
split_feature=107 109 100 55 52 114 62 65 114 48 104 100 109 114 100 113 47 52 54 40 67 66 14 44 11 61 87 28 46 100 44 40 24 113 47 12 71 106 100 107 85 54 87 114 12 100 112 104 110 87 110 67 100 42 79 12 114 77 46 40 62 113
split_gain=562.451 454.953 436.432 706.381 6480.78 1373.2 1533.82 2927.99 2950.47 1180.46 669.637 405.632 395.95 387.483 677.314 929.935 816.337 1313.4 2930.82 1451.3 1278.89 1114.59 839.117 1340.77 1497.87 2051.33 815.177 751.972 1037.3 653.964 955.037 1047.14 631.151 596.737 505.985 1079.74 429.336 414.887 413.183 358.533 335.307 333.988 792.9 1051.22 512.509 2894.01 316.154 501.964 366.447 1658.83 779.953 313.346 310.531 2544.05 1404.12 2269.43 718.381 634.299 775.209 425.755 310.077 282.779
threshold=147.00000000000003 165.00000000000003 2020.5000000000002 3.0000000000000004 3.0000000000000004 10.500000000000002 2.5000000000000004 2.0000000000000004 15.500000000000002 3.0000000000000004 1.5000000000000002 2023.5000000000002 163.50000000000003 9.5000000000000018 2023.5000000000002 5.5000000000000009 2.0000000000000004 3.0000000000000004 2.0000000000000004 3.5000000000000004 2.5000000000000004 2.0000000000000004 2.0000000000000004 2.0000000000000004 2.0000000000000004 3.5000000000000004 1.0000000180025095e-35 2.0000000000000004 2.0000000000000004 2022.5000000000002 2.0000000000000004 3.5000000000000004 2.5000000000000004 4.5000000000000009 2.0000000000000004 1.0000000180025095e-35 3.0000000000000004 1.0000000180025095e-35 2024.5000000000002 24.500000000000004 4.0000000000000009 2.0000000000000004 1.0000000180025095e-35 16.500000000000004 1.0000000180025095e-35 2024.5000000000002 1.0000000180025095e-35 1.0000000180025095e-35 52.250000000000007 1.0000000180025095e-35 53.250000000000007 2.5000000000000004 2010.5000000000002 2.0000000000000004 2.0000000000000004 1.0000000180025095e-35 16.500000000000004 2.5000000000000004 2.0000000000000004 3.5000000000000004 2.5000000000000004 4.5000000000000009
decision_type=10 10 2 2 2 2 2 2 2 2 2 2 10 2 2 2 2 2 2 2 2 2 2 2 2 2 2 2 2 2 2 2 2 2 2 2 2 2 2 10 2 2 2 2 2 2 8 2 10 2 10 2 2 2 2 2 2 2 2 2 2 2
left_child=1 2 12 4 -4 -6 7 8 -7 -8 -5 -11 39 29 16 32 17 18 20 -20 36 33 60 24 25 -24 -23 -26 -29 30 31 -12 38 -18 41 -36 -15 -17 40 46 -16 44 -43 -44 -34 -46 -1 -48 52 50 -50 -28 53 54 59 57 -55 -56 -59 -49 -19 -31
right_child=-2 -3 3 10 5 6 9 -9 -10 11 13 -13 -14 14 15 37 21 22 19 -21 -22 26 23 -25 27 -27 51 28 -30 61 -32 -33 34 -35 35 -37 -38 -39 -40 -41 -42 42 43 -45 45 -47 47 48 49 -51 -52 -53 -54 56 55 -57 -58 58 -60 -61 -62 -63
leaf_value=-0.0054543457755431221 0.2653447829838842 -0.112821801961138 0.82929727981487911 0.21542639648076145 -0.28880798209677722 -0.31863347260015357 -0.42865368366241463 0.73985842350870379 0.44565560869548632 -0.10740589406341315 -0.2842249077558518 0.19349752792733765 0.19836267280578612 0.021469465012733752 0.067124169282615193 -0.061916999848416227 0.027063423878437767 -0.27922097366789117 0.82267776889105648 0.27281024400144815 0.35099678263068201 0.0040352906896309422 0.14910419653568949 -0.057981971688568591 -0.068433563137110673 0.77418827116489419 -0.42954125976189972 0.42547281837463385 -0.051201743348723364 0.00058925430475835526 -0.41776652541011572 0.21566065549850466 -0.011693775434373116 0.36077007622945878 0.016386500311610118 0.29919474165886645 -0.28666912078857426 -0.34438102646515922 0.053948702058800452 0.019473629226639727 0.33517565681998218 -0.020791638718995576 -0.44824044889371306 -0.034533132525051344 0.52548699884030681 -0.22052951374879251 -0.12509620812458871 0.065964451024220105 0.26498046568594874 0.46296593526547608 0.0131641997346593 -0.1684249695804384 0.00076012210652154604 -0.032281608195044102 0.015003710751402744 0.6949680879388167 -0.33586147635390889 0.12860642342995374 0.51148237049579615 -0.25637767918407922 -0.010030187517404558 -0.14001599977145326
leaf_weight=27050 20 89 27 40 34 28 20 20 23 24 20 21 25 26 20 26 37 23 24 24 22 55 35 100 53 21 20 25 21 1066 24 22 554 21 216 40 20 26 143 2141 28 240 28 34 26 26 78 21 32 22 787 27 36920 40 49 23 38 39 20 20 20 37
leaf_count=27050 20 89 27 40 34 28 20 20 23 24 20 21 25 26 20 26 37 23 24 24 22 55 35 100 53 21 20 25 21 1066 24 22 554 21 216 40 20 26 143 2141 28 240 28 34 26 26 78 21 32 22 787 27 36920 40 49 23 38 39 20 20 20 37
internal_value=0.000228761 0.000153849 0.000296083 0.017809 0.109694 -0.00459605 0.0664569 0.22712 0.0260459 -0.109036 0.0121346 0.0330157 -0.000585223 0.00955315 0.0230243 0.00435059 0.0687978 0.105867 0.248607 0.547744 0.0374522 -0.0271178 0.0503031 0.0847569 0.176846 0.383511 -0.126631 0.0599455 0.207861 -0.0132753 -0.166157 -0.0223801 0.0123137 0.147888 -0.00150948 0.0605753 -0.112504 -0.203149 0.0965553 -0.000659149 0.223488 -0.0190136 -0.0619697 -0.221369 0.00239364 0.152479 -0.00132088 0.00161463 0.00187464 0.0345123 0.0230032 -0.279538 0.00113619 0.0566738 0.164084 0.244006 -0.180179 0.147967 0.258395 -0.0912756 -0.154016 -0.00412733
internal_weight=70801 70781 70692 3387 197 170 136 71 51 65 3190 45 67305 3150 1981 1407 574 414 116 48 68 160 298 255 155 56 102 99 46 1169 66 42 1355 58 1164 256 46 52 191 67280 48 908 302 62 606 52 65139 38089 38011 841 819 47 37170 250 172 131 78 108 59 41 43 1103
internal_count=70801 70781 70692 3387 197 170 136 71 51 65 3190 45 67305 3150 1981 1407 574 414 116 48 68 160 298 255 155 56 102 99 46 1169 66 42 1355 58 1164 256 46 52 191 67280 48 908 302 62 606 52 65139 38089 38011 841 819 47 37170 250 172 131 78 108 59 41 43 1103
is_linear=0
shrinkage=0.05


Tree=95
num_leaves=63
num_cat=0
split_feature=108 104 44 66 113 113 49 100 113 72 94 94 100 77 12 77 62 16 12 100 111 11 94 96 54 55 113 55 8 11 40 44 67 100 100 57 74 52 52 52 113 68 28 79 113 69 63 100 67 11 73 47 17 65 8 68 44 25 55 87 79 42
split_gain=580.881 459.173 3804.95 372.17 793.463 423.801 1717.8 2193.77 406.769 1107.34 1555.78 1044.39 842.304 1086.39 1925 516.01 442.46 1025.22 434.1 3108.62 2166.14 2143.18 1293.03 1657.52 1942.99 8860.84 4769.28 2938.34 2458.83 4412.74 1794.38 2634.46 1632.26 2786.6 2544.47 2346.71 1561.13 3634.31 1682.37 1532.62 1400.2 1125.51 2263.03 1007.38 1358.54 929.182 1072.6 738.19 471.198 381.462 341.87 473.535 630.459 1153.21 792.791 938.926 1103.99 602.576 573.844 514.173 1546.89 2465.46
threshold=165.00000000000003 1.0000000180025095e-35 2.0000000000000004 2.0000000000000004 6.5000000000000009 6.5000000000000009 4.0000000000000009 2018.5000000000002 5.5000000000000009 3.5000000000000004 4.0000000000000009 2.0000000000000004 2014.5000000000002 2.5000000000000004 1.0000000180025095e-35 2.5000000000000004 2.5000000000000004 3.5000000000000004 1.0000000180025095e-35 2010.5000000000002 2.5000000000000004 1.0000000180025095e-35 2.0000000000000004 1.5000000000000002 2.0000000000000004 3.0000000000000004 3.5000000000000004 3.0000000000000004 2.0000000000000004 2.0000000000000004 3.5000000000000004 2.0000000000000004 2.5000000000000004 2015.5000000000002 2012.5000000000002 4.0000000000000009 2.5000000000000004 3.0000000000000004 3.0000000000000004 3.0000000000000004 4.5000000000000009 2.0000000000000004 2.0000000000000004 2.0000000000000004 3.5000000000000004 3.0000000000000004 2.5000000000000004 2017.5000000000002 2.5000000000000004 2.0000000000000004 2.5000000000000004 2.0000000000000004 3.0000000000000004 2.0000000000000004 2.0000000000000004 2.0000000000000004 2.0000000000000004 2.5000000000000004 3.0000000000000004 1.0000000180025095e-35 2.0000000000000004 2.0000000000000004
decision_type=10 2 2 2 2 2 2 2 2 2 2 2 2 2 2 2 2 2 2 2 10 2 2 2 2 2 2 2 2 2 2 2 2 2 2 2 2 2 2 2 2 2 2 2 2 2 2 2 2 2 2 2 2 2 2 2 2 2 2 2 2 2
left_child=1 2 -1 4 50 8 -7 -8 18 12 11 -11 -10 -14 -15 -13 17 -12 -5 -20 22 -22 41 -24 27 -26 49 -25 29 -28 47 39 34 40 -29 -36 38 -38 -37 -32 -34 42 -21 -43 -45 46 -35 -30 -23 -27 -3 59 58 54 57 -56 -57 -54 -53 -52 -61 -62
right_child=-2 3 -4 5 -6 6 7 -9 9 10 16 15 13 14 -16 -17 -18 -19 19 20 21 48 23 24 25 26 28 32 30 -31 31 -33 33 45 35 36 37 -39 -40 -41 -42 43 -44 44 -46 -47 -48 -49 -50 -51 51 52 53 -55 55 56 -58 -59 -60 60 61 -63
leaf_value=-0.066827873503299148 0.25638638877055864 -0.0022123461922427747 0.65532941153893876 0.0027531878018357122 -0.23208879420631812 0.49495978626337922 -0.3662061254995374 0.2479058007399241 -0.11220506735973888 -0.11429496744275094 -0.14253083300259381 0.056096813082695013 -0.067112940980587163 0.021387798135930843 0.69916053131222733 0.39890561038184735 -0.1133925067709276 -0.50631684356314299 0.62323169193484573 -0.039421839950084851 -0.031746164166451069 -0.53795515504376645 0.47954866557761477 -0.40326946474611758 0.94676065584926905 -0.21307693660259247 1.035004734992981 -0.57604789137840273 -0.39234609663486486 0.11820526616913932 -0.27380243186717451 0.66939029687124751 0.22035516418516635 -0.14295637763064842 0.41978008855134252 -0.54195921405085501 0.54833868764913996 -0.21883322016188972 0.011200753019915688 0.30993527052077385 0.79840256151827904 0.11398797470331193 0.48465691745281225 0.039049346386282532 -0.39669429972627257 -0.26587240447600685 0.29658998998148101 -0.011555231809616089 -0.22696386100280855 -0.50118003597965943 -0.020031669196779928 -0.24937185484170912 0.15952404047362509 0.33779375804098033 -0.078848341624769905 0.42688297914961981 0.023255089460872114 -0.15548975396723974 -0.0023383507746458526 -0.25857632934571584 -0.091756382113913224 0.32874345037908781
leaf_weight=76 22 38863 24 27063 38 22 26 33 36 50 45 23 26 22 20 21 54 34 22 117 158 29 27 40 33 20 21 20 20 35 23 23 20 23 30 28 26 38 27 22 22 25 25 27 53 21 35 35 21 27 2233 25 20 38 36 36 32 63 394 94 205 42
leaf_count=76 22 38863 24 27063 38 22 26 33 36 50 45 23 26 22 20 21 54 34 22 117 158 29 27 40 33 20 21 20 20 35 23 23 20 23 30 28 26 38 27 22 22 25 25 27 53 21 35 35 21 27 2233 25 20 38 36 36 32 63 394 94 205 42
internal_value=-0.000496158 -0.000575995 0.10649 -0.000727459 -0.0037154 0.00367779 0.117885 -0.0227198 0.00335305 -0.0517521 -0.113654 0.0420478 0.0833598 0.186894 0.344137 0.21971 -0.223698 -0.299097 0.00400086 0.0348937 0.0228083 -0.122033 0.0577179 0.0964727 0.0789124 0.18142 0.0696665 -0.00154041 0.187363 0.462005 0.0623231 0.234075 0.0538705 0.19406 -0.0465021 0.0245779 -0.0750529 0.0928304 -0.270408 0.0115804 0.523142 -0.038934 0.0528455 -0.163055 -0.249631 0.0191055 0.122287 -0.150025 -0.407339 -0.378583 -0.00350917 -0.0191706 0.0191748 0.0866853 0.0356579 0.127629 0.23694 -0.0795828 -0.0170778 -0.0287645 -0.0859502 -0.0202544
internal_weight=70809 70787 100 70687 42119 28568 81 59 28487 331 227 94 104 68 42 44 133 79 28156 1093 1071 208 863 616 589 259 226 330 179 56 123 68 290 121 169 149 119 64 55 45 42 247 142 105 80 79 58 55 50 47 42081 3218 644 225 187 104 68 83 419 2574 341 247
internal_count=70809 70787 100 70687 42119 28568 81 59 28487 331 227 94 104 68 42 44 133 79 28156 1093 1071 208 863 616 589 259 226 330 179 56 123 68 290 121 169 149 119 64 55 45 42 247 142 105 80 79 58 55 50 47 42081 3218 644 225 187 104 68 83 419 2574 341 247
is_linear=0
shrinkage=0.05


Tree=96
num_leaves=63
num_cat=0
split_feature=107 108 66 113 18 16 100 55 49 114 46 69 65 16 114 43 113 16 94 106 50 77 114 114 68 100 22 113 114 100 113 16 12 8 69 44 113 44 100 16 62 46 40 67 43 62 16 43 69 65 62 16 11 113 8 67 22 12 28 12 12 77
split_gain=547.926 415.569 332.068 717.597 351.728 886.717 1712.93 3112.23 1876.06 3204.87 2228.41 1289.9 1648.36 1011.95 2897.78 8173.2 1260.47 3193.34 1348.42 1154.47 1813.22 1537.75 2333.76 1467.77 2563.42 4401.94 2681.14 2747.69 1593.75 1941.36 1805.58 1641.1 1610.09 1599.59 1523.72 1485.24 1431.99 3039.91 2481.58 2055.73 1943.2 1645.54 1414.37 1404.34 1394.09 2766.94 1615.51 1230.05 1120.84 1086.65 2400.47 2456.76 1043.09 1012.34 924.383 900.359 858.071 765.416 750.039 765.201 711.87 664.468
threshold=147.00000000000003 149.00000000000003 2.0000000000000004 6.5000000000000009 1.0000000180025095e-35 4.5000000000000009 2017.5000000000002 3.0000000000000004 4.0000000000000009 13.500000000000002 2.0000000000000004 3.0000000000000004 2.0000000000000004 2.5000000000000004 8.5000000000000018 2.0000000000000004 6.5000000000000009 3.5000000000000004 2.0000000000000004 1.0000000180025095e-35 2.0000000000000004 2.5000000000000004 18.500000000000004 18.500000000000004 2.0000000000000004 2011.5000000000002 3.0000000000000004 4.5000000000000009 15.500000000000002 2020.5000000000002 3.5000000000000004 3.5000000000000004 1.0000000180025095e-35 2.0000000000000004 3.0000000000000004 2.0000000000000004 4.5000000000000009 2.0000000000000004 2014.5000000000002 3.5000000000000004 2.5000000000000004 2.0000000000000004 3.5000000000000004 2.5000000000000004 2.0000000000000004 2.5000000000000004 3.5000000000000004 2.0000000000000004 3.0000000000000004 2.0000000000000004 2.5000000000000004 3.5000000000000004 2.0000000000000004 4.5000000000000009 2.0000000000000004 2.5000000000000004 3.0000000000000004 1.0000000180025095e-35 2.0000000000000004 1.0000000180025095e-35 1.0000000180025095e-35 1.5000000000000002
decision_type=10 10 2 2 2 2 2 2 2 2 2 2 2 2 2 2 2 2 2 2 2 2 2 2 2 2 2 2 2 2 2 2 2 2 2 2 2 2 2 2 2 2 2 2 2 2 2 2 2 2 2 2 2 2 2 2 2 2 2 2 2 2
left_child=1 2 3 -1 5 13 7 -7 9 -8 11 -10 -13 55 15 52 18 -18 -16 20 60 49 44 24 25 -22 34 -28 30 31 48 32 35 57 42 -30 37 -25 -39 43 41 -41 -27 58 45 46 -23 -31 -26 50 51 -21 -15 -37 -36 -4 -9 -32 59 -38 -20 -33
right_child=-2 -3 4 -5 -6 6 8 56 10 -11 -12 12 -14 14 16 -17 17 -19 19 21 23 22 -24 36 28 26 27 -29 29 47 33 61 -34 -35 54 53 39 38 -40 40 -42 -43 -44 -45 -46 -47 -48 -49 -50 -51 -52 -53 -54 -55 -56 -57 -58 -59 -60 -61 -62 -63
leaf_value=-0.0031070419385247038 0.25489096811839512 -0.22843182362616063 0.0078690098303587763 -0.22048435493519436 -0.0010040804192837781 -0.66435364451673307 -0.18319669894196772 -0.021555764784033482 -0.15594899538991741 0.59129832347526268 -0.30121586743210044 -0.0044620191212743519 0.52601325120087028 0.22618422909923225 -0.044454941035002679 1.0659697602153757 -0.12897656212250394 0.67847288227081304 -0.075590596839108251 0.084288659581431641 0.88312467626797475 -0.87874057984352116 0.27753832752888025 -0.045274111173585457 0.40358363534841274 0.074555118829011918 0.13059536037700517 0.782697346409162 -0.0077060370201087859 0.71887525682863984 -0.12247306841925004 0.11565720667131246 0.51803113900241449 0.02722494888373397 0.45657299757003789 0.5220119615395864 -0.022909143567085268 0.084081038884047818 0.75019322975918101 -0.3790840608378252 -0.55763323200452664 0.18992872064527885 -0.43466174682229763 0.35408335429217136 0.007083153018825933 -0.0098946791580494728 -0.31032012510299684 0.18959642847379049 0.071290828535593181 -0.14410493978066372 -0.21531695308892626 0.79608502523465596 -0.228252518615253 0.075469486038623898 -0.0082110354304313661 -0.099381671012379227 -0.26892708285401262 -0.41232318474965934 0.14690975410242876 -0.41060404449701315 -0.42941774215017053 -0.16904410600923658
leaf_weight=42136 21 20 9068 38 16697 27 22 130 32 34 56 32 27 23 508 26 24 25 44 27 26 25 26 113 36 30 35 30 83 23 69 32 32 187 23 30 35 29 27 24 36 27 25 28 38 34 25 21 86 32 23 22 28 22 20 200 48 34 30 20 21 57
leaf_count=42136 21 20 9068 38 16697 27 22 130 32 34 56 32 27 23 508 26 24 25 44 27 26 25 26 113 36 30 35 30 83 23 69 32 32 187 23 30 35 29 27 24 36 27 25 28 38 34 25 21 86 32 23 22 28 22 20 200 48 34 30 20 21 57
internal_value=-0.00047135 -0.000547106 -0.000482702 -0.00330291 0.00367688 0.0102464 -0.0621896 -0.164138 0.0407632 0.287032 -0.0530536 0.0996616 0.238298 0.0128188 0.0431317 0.344498 0.0323084 0.282987 0.0264452 0.0491404 0.0676686 -0.0490149 -0.152553 0.0808515 0.115251 0.278942 0.182569 0.431566 0.0717988 0.159464 0.0079647 0.106733 0.19915 -0.0599261 0.0174191 0.123564 -0.00314206 0.104009 0.405242 -0.0936851 -0.276376 -0.077842 -0.156907 0.046971 -0.244211 -0.357892 -0.59453 0.466265 0.169344 0.0983271 0.206075 0.403871 -0.0233105 0.33309 0.240394 0.00555458 -0.0882626 -0.218152 -0.0541954 -0.163889 -0.189904 -0.0666796
internal_weight=70809 70788 70768 42174 28594 11897 408 205 203 56 147 91 59 11489 2221 77 2144 49 2095 1587 1335 252 148 1270 901 189 163 65 712 300 412 256 167 290 98 135 369 169 56 200 87 51 55 113 122 84 50 44 122 104 72 49 51 52 43 9268 178 103 85 55 65 89
internal_count=70809 70788 70768 42174 28594 11897 408 205 203 56 147 91 59 11489 2221 77 2144 49 2095 1587 1335 252 148 1270 901 189 163 65 712 300 412 256 167 290 98 135 369 169 56 200 87 51 55 113 122 84 50 44 122 104 72 49 51 52 43 9268 178 103 85 55 65 89
is_linear=0
shrinkage=0.05


Tree=97
num_leaves=63
num_cat=0
split_feature=108 104 44 107 104 102 109 103 110 100 52 113 111 82 114 114 113 11 87 85 77 52 106 46 88 113 16 100 100 113 65 8 106 87 50 46 114 76 100 43 66 70 114 94 46 65 72 12 28 100 114 70 100 12 54 113 76 85 67 114 61 40
split_gain=526.022 412.325 3449.13 333.444 320.029 420.787 648.194 375.987 363.781 329.936 327.557 782.648 1006.57 322.575 429.787 295.528 842.023 5797.21 1982.05 2400.41 2891.03 467.286 389.283 927.851 323.721 549.932 470.303 274.474 600.385 962.308 912.364 1893.61 4662.95 1464.86 944.106 3043.67 1051.79 2097.14 1385.5 2023.96 2119.25 797.6 713.137 1395.26 2010.16 3447.59 1310.05 1025.86 784.968 1140.65 661.258 647.242 1414.96 1100.7 1311.69 529.259 512.433 502.278 440.232 430.409 410.02 363.115
threshold=165.00000000000003 1.0000000180025095e-35 2.0000000000000004 121.50000000000001 5.5000000000000009 1.0000000180025095e-35 128.50000000000003 1.0000000180025095e-35 150.50000000000003 2015.5000000000002 3.0000000000000004 3.5000000000000004 6.5000000000000009 2.5000000000000004 12.500000000000002 9.5000000000000018 4.5000000000000009 2.0000000000000004 1.0000000180025095e-35 1.0000000180025095e-35 2.5000000000000004 3.0000000000000004 1.0000000180025095e-35 2.0000000000000004 1.0000000180025095e-35 3.5000000000000004 3.5000000000000004 2020.5000000000002 2023.5000000000002 5.5000000000000009 2.0000000000000004 2.0000000000000004 1.0000000180025095e-35 1.0000000180025095e-35 2.0000000000000004 2.0000000000000004 16.500000000000004 3.5000000000000004 2021.5000000000002 2.0000000000000004 2.0000000000000004 2.0000000000000004 15.500000000000002 4.0000000000000009 2.0000000000000004 2.0000000000000004 3.5000000000000004 1.0000000180025095e-35 2.0000000000000004 2024.5000000000002 14.500000000000002 2.0000000000000004 2022.5000000000002 1.0000000180025095e-35 2.0000000000000004 3.5000000000000004 2.5000000000000004 4.0000000000000009 2.5000000000000004 18.500000000000004 3.5000000000000004 3.5000000000000004
decision_type=10 2 2 10 2 2 10 2 10 2 2 2 10 2 2 2 2 2 2 2 2 2 2 2 2 2 2 2 2 2 2 2 2 2 2 2 2 2 2 2 2 2 2 2 2 2 2 2 2 2 2 2 2 2 2 2 2 2 2 2 2 2
left_child=1 2 -1 4 -3 6 7 9 15 -6 11 -11 -13 14 -9 16 18 21 22 -20 -21 -18 -7 -24 27 -26 -27 -17 30 42 34 32 -32 41 35 -29 38 -38 39 40 -36 50 47 55 46 48 -45 -30 49 -46 -33 53 -53 58 -55 -44 -57 -48 -40 -51 -49 -39
right_child=-2 3 -4 -5 5 8 -8 13 -10 10 -12 12 -14 -15 -16 24 17 -19 19 20 -22 -23 23 -25 25 26 -28 28 29 -31 31 33 -34 -35 36 -37 37 61 51 -41 -42 -43 43 44 45 -47 57 60 -50 59 -52 52 -54 54 -56 56 -58 -59 -60 -61 -62 -63
leaf_value=-0.064081752128703026 0.24400404400446196 -0.0047431544704896605 0.62348143576333925 -0.17017657695145444 -0.0091687174670552329 -0.006330258694619075 0.30597871389240028 0.057101184430018985 -0.14615224308910824 0.034546330611489658 -0.011694296419735262 0.46174555751681334 0.017399613301341349 -0.068702196106314659 0.2828611837032981 0.0026305067183804297 0.064598006551915957 0.75730996137415918 -0.028044225788244639 -0.1090274892281741 -0.80472082250884602 -0.22229240830987693 -0.074379753246903421 0.36566403958460558 -0.015312369586662294 -0.067290576861092924 -0.34652403533458709 0.62768659001837179 0.0028464267094309133 -0.19851905034299483 -0.025553434005668087 0.11553724360081458 0.87322330601789333 -0.26544677791795851 0.040796354934573176 -0.20748328743502498 -0.41224348843097691 0.17946786654406582 -0.052968566365405381 -0.084403823436267914 0.71468469585691186 -0.086178473134835565 0.02900795927271247 0.22113877181495939 0.51813447579093608 0.73749370650658685 0.044749053716659548 -0.28507322580450112 -0.061402758868301627 0.24015419667675381 0.47892199541841241 0.36071912221836322 -0.036430430750229531 -0.56801118055979416 -0.031987242698669434 -0.30335461926357499 -0.031384345399605676 -0.25968848885524842 0.15440894588828089 -0.079968153153147023 -0.058683059881958703 -0.068650331298510239
leaf_weight=76 22 28065 24 29 834 8242 20 49 42 1028 349 25 26 20 37 29306 22 27 93 32 28 40 25 23 294 38 25 24 750 57 31 31 27 29 20 20 41 29 83 31 28 24 126 35 23 31 20 45 34 21 21 33 70 21 25 29 43 42 37 21 36 30
leaf_count=76 22 28065 24 29 834 8242 20 49 42 1028 349 25 26 20 37 29306 22 27 93 32 28 40 25 23 294 38 25 24 750 57 31 31 27 29 20 20 41 29 83 31 28 24 126 35 23 31 20 45 34 21 21 33 70 21 25 29 43 42 37 21 36 30
internal_value=-0.000447782 -0.000523756 0.100933 -0.000667286 -0.000597715 0.00213376 0.0225255 0.0201315 0.00092258 0.0158186 0.030412 0.0440312 0.235216 0.112168 0.15423 0.00107638 -0.00718185 0.145807 -0.00879455 -0.187119 -0.433684 -0.120493 -0.0055034 0.136475 0.00330392 -0.0440392 -0.178098 0.00384435 0.02192 0.00241437 0.0610207 0.163544 0.392843 0.0368836 0.0270547 0.248064 0.00534839 -0.137569 0.0464167 0.230514 0.433898 0.152246 0.0115332 0.0642158 0.148826 0.277351 -0.0234235 -0.0154104 0.133266 0.235092 0.262289 -0.00764898 0.0908117 -0.068742 -0.276694 -0.0327869 -0.140928 -0.161483 0.0109728 0.080093 -0.184455 0.0533061
internal_weight=70809 70787 100 70687 70658 42593 2388 2368 40205 2262 1428 1079 51 106 86 40163 8532 89 8443 153 60 62 8290 48 31631 357 63 31274 1968 1313 655 163 58 105 492 44 448 100 348 79 48 76 1256 425 227 130 97 831 99 65 52 269 103 166 46 198 72 62 120 42 81 59
internal_count=70809 70787 100 70687 70658 42593 2388 2368 40205 2262 1428 1079 51 106 86 40163 8532 89 8443 153 60 62 8290 48 31631 357 63 31274 1968 1313 655 163 58 105 492 44 448 100 348 79 48 76 1256 425 227 130 97 831 99 65 52 269 103 166 46 198 72 62 120 42 81 59
is_linear=0
shrinkage=0.05


Tree=98
num_leaves=63
num_cat=0
split_feature=107 108 66 113 41 16 100 55 49 114 46 55 114 113 16 22 48 87 100 114 70 55 54 55 91 22 52 100 72 28 80 100 100 100 114 17 28 20 63 114 106 114 100 52 40 113 114 8 54 22 87 11 100 100 14 11 114 55 95 114 113 8
split_gain=488.913 399.357 294.418 641.016 308.621 679.19 1443.78 2747.99 1517.53 2740.24 1678.13 3222.74 1139.28 910.878 3202.69 837.227 740.31 629.618 3188.36 8930.43 1573.65 6889.97 12455.7 2253.12 2124.79 1716.19 3562.12 1352.18 1221.75 2279.29 2070.63 1199.53 1865.54 1890.24 1669.76 1041.67 838.105 1760.84 1560.43 1076.21 512.647 568.132 508.004 467.416 426.847 419.417 394.552 743.866 605.725 300.79 2080.42 621.263 513.136 360.984 658.824 287.154 277.13 555.408 336.5 275.127 587.406 1495.63
threshold=147.00000000000003 149.00000000000003 2.0000000000000004 6.5000000000000009 1.0000000180025095e-35 4.5000000000000009 2017.5000000000002 3.0000000000000004 4.0000000000000009 13.500000000000002 2.0000000000000004 3.0000000000000004 17.500000000000004 6.5000000000000009 3.5000000000000004 3.0000000000000004 3.0000000000000004 1.0000000180025095e-35 2011.5000000000002 16.500000000000004 2.0000000000000004 3.0000000000000004 2.0000000000000004 3.0000000000000004 2.0000000000000004 3.0000000000000004 3.0000000000000004 2012.5000000000002 3.5000000000000004 2.0000000000000004 3.5000000000000004 2017.5000000000002 2016.5000000000002 2015.5000000000002 16.500000000000004 3.0000000000000004 2.0000000000000004 2.5000000000000004 2.5000000000000004 16.500000000000004 1.0000000180025095e-35 13.500000000000002 2020.5000000000002 3.0000000000000004 3.5000000000000004 4.5000000000000009 19.500000000000004 2.0000000000000004 2.0000000000000004 3.0000000000000004 1.0000000180025095e-35 2.0000000000000004 2015.5000000000002 2013.5000000000002 4.0000000000000009 2.0000000000000004 15.500000000000002 3.0000000000000004 2.0000000000000004 18.500000000000004 5.5000000000000009 2.0000000000000004
decision_type=10 10 2 2 2 2 2 2 2 2 2 2 2 2 2 2 2 2 2 2 2 2 2 2 2 2 2 2 2 2 2 2 2 2 2 2 2 2 2 2 2 2 2 2 2 2 2 2 2 2 2 2 2 2 2 2 2 2 2 2 2 2
left_child=1 2 3 49 5 13 7 -7 9 -8 11 -10 43 17 16 46 -15 -4 19 -19 21 22 -20 -22 25 27 -27 -23 30 42 -25 32 33 34 -29 -31 37 -33 -38 -40 -39 -42 44 -13 -30 -12 48 -48 -9 59 53 -52 -53 54 -51 -45 57 -55 -59 -1 -61 -62
right_child=-2 -3 4 -5 -6 6 8 15 10 -11 45 12 -14 14 -16 -17 -18 18 20 -21 23 24 -24 28 -26 26 -28 31 29 35 -32 36 -34 -35 -36 -37 38 40 39 -41 41 -43 -44 55 -46 -47 47 -49 -50 50 51 52 -54 56 -56 -57 -58 58 -60 60 61 -63
leaf_value=-0.0040176038930489653 0.24079379638036094 -0.22389246765524151 0.0075661093870810874 -0.20835522350512053 -0.001055163608077827 -0.60468062376603493 -0.15623465306483783 -0.0016100749958497592 0.63512802049517636 0.5064430757974967 -0.1362546756099432 0.2217309114212791 -0.38499127507209779 -0.2912802740931511 0.64366074949502949 -0.25660256963844102 0.12903488427400589 1.0986384302449341 -0.21258121302351354 -0.14891303189797328 -0.46012765665849048 -0.34669672995805745 1.5114790335297585 -0.06210409695139299 -0.34726823783583116 0.64660192009280715 -0.062343900328552408 -0.043711002896490853 0.11379588767886162 -0.61060162758082148 0.40250887729619678 0.15238091083834085 0.5169693551957607 -0.33103161926070851 0.44244665535110417 -0.15857460013805674 -0.22611112365355859 -0.38616232267908152 0.45888917967677118 0.0026052240903178853 0.065760263800621041 -0.27827589044968287 0.24395634649942319 0.070998776495456703 -0.18141234350204469 -0.39261485724537465 -0.091603489155354711 0.31507241834293714 -0.28442941784858705 0.29785636852362324 -0.39864139255136255 0.055015713118371515 -0.25154731132281133 0.26726603735060922 -0.0061783030477105365 -0.17113205473870041 -0.06291576267769898 -0.030927338318837927 0.15094926690061888 0.0064913044125723615 -0.10418593656449092 0.49255645005475907
leaf_weight=35979 21 20 11020 38 16217 28 26 78 21 39 39 24 20 20 25 48 22 26 20 32 33 25 22 65 36 34 37 38 24 25 38 41 28 24 33 26 26 37 28 24 20 30 24 25 25 27 23 22 25 28 40 21 39 21 49 24 166 167 30 5554 21 21
leaf_count=35979 21 20 11020 38 16217 28 26 78 21 39 39 24 20 20 25 48 22 26 20 32 33 25 22 65 36 34 37 38 24 25 38 41 28 24 33 26 26 37 28 24 20 30 24 25 25 27 23 22 25 28 40 21 39 21 49 24 166 167 30 5554 21 21
internal_value=-0.000425393 -0.000496953 -0.000433819 -0.00308934 0.00348287 0.00942884 -0.0495901 -0.141337 0.0342933 0.241372 -0.0404852 0.0756772 -0.0506504 0.0117533 0.195592 -0.0751456 -0.0711152 0.0107131 0.052954 0.410334 0.0257875 0.077413 0.690498 -0.074088 0.0215571 0.0527988 0.277151 0.00780158 -0.0179677 -0.123687 0.109307 0.0347391 0.158294 0.0525786 0.18225 -0.380156 -0.0390336 -0.117761 0.0901607 0.248297 -0.24507 -0.140661 0.0554897 0.0409499 -0.0368206 -0.241129 -0.0162947 0.107216 -0.0702555 -0.00290422 -0.0392714 -0.246007 -0.14425 0.00557359 0.10438 -0.0475959 -0.0142391 0.0228266 -0.00323039 -0.00241349 0.00790002 0.194185
internal_weight=70809 70788 70768 42174 28594 12377 469 224 245 65 180 114 93 11908 67 196 42 11841 821 58 763 503 42 260 461 425 71 354 227 124 103 329 123 95 71 51 206 128 78 52 87 50 73 73 49 66 148 45 103 42136 561 100 60 461 77 49 384 218 197 41575 5596 42
internal_count=70809 70788 70768 42174 28594 12377 469 224 245 65 180 114 93 11908 67 196 42 11841 821 58 763 503 42 260 461 425 71 354 227 124 103 329 123 95 71 51 206 128 78 52 87 50 73 73 49 66 148 45 103 42136 561 100 60 461 77 49 384 218 197 41575 5596 42
is_linear=0
shrinkage=0.05


Tree=99
num_leaves=63
num_cat=0
split_feature=108 104 44 107 104 102 109 18 110 69 100 113 112 103 114 113 11 12 85 77 16 88 113 16 110 103 12 97 15 51 12 93 79 100 20 66 100 100 98 17 12 40 14 113 105 43 91 97 49 72 40 114 100 76 114 68 12 100 76 11 55 16
split_gain=477.242 369.543 3134.04 318.296 285.309 379.635 584.603 346.384 317.352 276.692 310.596 412.376 737.574 306.832 262.958 759.348 5198.63 1607.09 2346.86 2608.36 447.685 288.664 487.033 417.71 261.5 391.651 393.687 327.641 972.498 621.565 576.404 393.277 846.592 813.958 1350.36 806.53 1709.32 1943.58 1637.45 1456.82 4341.22 3917.5 2428.11 1724.31 1198.26 1045.2 1755.94 1300.38 1100.28 3462.89 2115.13 1041 805.232 1195.91 875.86 728.593 722.96 694.255 669.902 1152.42 648.131 2173.39
threshold=165.00000000000003 1.0000000180025095e-35 2.0000000000000004 121.50000000000001 5.5000000000000009 1.0000000180025095e-35 128.50000000000003 3.5000000000000004 150.50000000000003 3.0000000000000004 2017.5000000000002 3.5000000000000004 inf 1.0000000180025095e-35 9.5000000000000018 4.5000000000000009 2.0000000000000004 1.0000000180025095e-35 1.0000000180025095e-35 2.5000000000000004 1.5000000000000002 1.0000000180025095e-35 3.5000000000000004 3.5000000000000004 27.750000000000004 1.0000000180025095e-35 1.0000000180025095e-35 3.0000000000000004 3.0000000000000004 2.5000000000000004 1.0000000180025095e-35 3.0000000000000004 2.0000000000000004 2024.5000000000002 2.5000000000000004 2.0000000000000004 2014.5000000000002 2018.5000000000002 1.0000000180025095e-35 3.0000000000000004 1.0000000180025095e-35 3.5000000000000004 4.0000000000000009 4.5000000000000009 1.0000000180025095e-35 2.0000000000000004 2.0000000000000004 1.5000000000000002 4.0000000000000009 3.5000000000000004 3.5000000000000004 11.500000000000002 2015.5000000000002 3.5000000000000004 15.500000000000002 2.0000000000000004 1.0000000180025095e-35 2020.5000000000002 3.5000000000000004 2.0000000000000004 3.0000000000000004 3.5000000000000004
decision_type=10 2 2 10 2 2 10 2 10 2 2 2 8 2 2 2 2 2 2 2 2 2 2 2 8 2 2 2 2 2 2 2 2 2 2 2 2 2 2 2 2 2 2 2 2 2 2 2 2 2 2 2 2 2 2 2 2 2 2 2 2 2
left_child=1 2 -1 4 -3 6 7 9 14 10 13 -12 -13 -6 15 17 20 -7 -19 -20 -17 24 -23 -24 25 -16 -27 31 -29 -30 -31 -26 -33 34 56 44 51 39 45 40 52 -42 43 -41 -36 46 47 48 49 57 -51 -37 -38 -54 -55 -45 -34 -39 59 -47 61 -53
right_child=-2 3 -4 -5 5 8 -8 -9 -10 -11 11 12 -14 -15 21 16 -18 18 19 -21 -22 22 23 -25 27 26 -28 28 29 30 -32 32 33 -35 35 36 37 38 -40 42 41 -43 -44 55 -46 58 -48 -49 -50 50 -52 60 53 54 -56 -57 -58 -59 -60 -61 -62 -63
leaf_value=-0.061724168583015472 0.23243741806257856 -0.0044585148949303453 0.59368091548482582 -0.16622642712860272 -0.0064981823847086347 -0.0051013585664364518 0.2905937524139881 0.22129461877048018 -0.13648488908296538 -0.013061458337268076 0.036160457422173262 0.040624912965454556 0.40985518594582876 0.16253496019967967 0.00071228805551629007 0.034399368294647764 0.71759535112866657 -0.02202187817903203 -0.10515197986627328 -0.7506358200106128 -0.23558179481941113 -0.014543018905384716 -0.063308618178493106 -0.32646607744693756 0.0027030190577331816 -0.026045341167026299 -0.22643683204799891 -0.00061719168807907289 0.054999847617000344 -0.13636494693430987 -0.42223130805151804 -0.0022959741375274258 -0.038998332919560119 -0.050226518018719024 0.36544057863454027 0.2773411151586157 -0.11782515148321789 0.089580018615815798 0.40981625318527226 0.60072000329382724 0.25440886716047922 0.97637569720254236 -0.024304418484954276 0.31276241566823876 0.0091869798038783888 -0.0055216089658602918 -0.045913269839443785 0.43217595265630415 0.066766692757316642 0.192159328765304 0.71358519547895805 0.53912282981688076 -0.069984229633377665 0.067293634230736643 0.39856491344717315 -0.094585418701171875 -0.28748995975563019 -0.31745138534090739 0.02841640651173015 -0.31719245432918386 -0.020520550979482424 -0.18916968390345576
leaf_weight=76 22 28065 24 29 652 8266 20 21 42 568 1040 38 21 28 5649 28 27 114 34 29 34 294 38 25 15454 1249 25 913 35 110 21 3399 259 289 24 33 30 20 32 32 42 34 153 23 1428 91 187 34 347 41 37 21 36 32 53 21 33 22 281 44 720 20
leaf_count=76 22 28065 24 29 652 8266 20 21 42 568 1040 38 21 28 5649 28 27 114 34 29 34 294 38 25 15454 1249 25 913 35 110 21 3399 259 289 24 33 30 20 32 32 42 34 153 23 1428 91 187 34 347 41 37 21 36 32 53 21 33 22 281 44 720 20
internal_value=-0.000404124 -0.000476489 0.0955731 -0.000612369 -0.000544396 0.00203466 0.0214036 0.0191301 0.000884228 0.0173212 0.0270218 0.0434555 0.172046 0.000462006 0.00102788 -0.00676201 0.138522 -0.00829349 -0.157368 -0.402279 -0.113655 0.00312909 -0.0415771 -0.167736 0.00363942 -0.00493541 -0.0299777 0.00607725 -0.0208577 -0.132181 -0.182191 0.00732608 0.0164646 0.0308948 0.0365713 0.0444574 0.0623377 0.0922249 0.057223 0.179423 0.269185 0.577394 0.0904441 0.321451 0.0150755 0.0470029 0.084833 0.133634 0.111899 0.242407 0.439502 0.00241265 0.114061 0.171553 0.273851 0.118346 -0.0670813 -0.123627 -0.0155623 -0.107103 -0.00950934 0.183858
internal_weight=70809 70787 100 70687 70658 42593 2388 2368 40205 2347 1779 1099 59 680 40163 8532 89 8443 177 63 62 31631 357 63 31274 6923 1274 24351 1079 166 131 23272 7818 4419 4130 3838 2386 1592 1136 456 227 76 229 76 1452 1104 688 501 467 120 78 794 151 121 85 44 292 42 416 135 761 41
internal_count=70809 70787 100 70687 70658 42593 2388 2368 40205 2347 1779 1099 59 680 40163 8532 89 8443 177 63 62 31631 357 63 31274 6923 1274 24351 1079 166 131 23272 7818 4419 4130 3838 2386 1592 1136 456 227 76 229 76 1452 1104 688 501 467 120 78 794 151 121 85 44 292 42 416 135 761 41
is_linear=0
shrinkage=0.05


Tree=100
num_leaves=63
num_cat=0
split_feature=107 108 114 11 71 89 107 70 12 55 68 106 14 114 54 28 77 85 9 100 28 77 11 22 42 15 114 15 100 114 44 100 114 11 66 55 12 9 106 42 70 54 48 72 95 44 100 28 87 114 106 100 54 12 11 100 44 67 52 62 66 15
split_gain=584.211 417.129 415.132 612.488 515.232 596.476 760.956 639.178 410.445 1998.82 959.573 1209.49 762.058 1099.73 1133.42 1663.85 1512.05 714.559 443.895 363.833 1352.25 2107.24 2698.76 931.428 1108.66 1139.45 985.424 840.502 311.852 470.082 2294.54 895.969 579.469 1337.68 2913.67 884.95 968.816 542.934 540.916 425.331 811.663 1437.71 886.916 526.707 602.807 679.539 1358.38 3552.15 1035.11 732.277 922.378 468.247 464.875 463.013 428.119 366.818 343.63 369.101 329.936 327.164 302.693 621.993
threshold=147.00000000000003 149.00000000000003 12.500000000000002 4.0000000000000009 1.0000000180025095e-35 -1.4999999999999998 33.500000000000007 2.0000000000000004 1.0000000180025095e-35 3.0000000000000004 2.0000000000000004 1.0000000180025095e-35 4.0000000000000009 9.5000000000000018 2.0000000000000004 2.0000000000000004 2.5000000000000004 4.0000000000000009 1.0000000180025095e-35 2010.5000000000002 2.0000000000000004 2.5000000000000004 2.0000000000000004 3.0000000000000004 2.0000000000000004 3.0000000000000004 16.500000000000004 3.0000000000000004 2019.5000000000002 19.500000000000004 2.0000000000000004 2024.5000000000002 13.500000000000002 2.0000000000000004 2.0000000000000004 3.0000000000000004 1.0000000180025095e-35 1.0000000180025095e-35 1.0000000180025095e-35 2.0000000000000004 2.0000000000000004 2.0000000000000004 3.0000000000000004 2.5000000000000004 2.0000000000000004 2.0000000000000004 2023.5000000000002 2.0000000000000004 1.0000000180025095e-35 16.500000000000004 1.0000000180025095e-35 2024.5000000000002 2.0000000000000004 1.0000000180025095e-35 1.0000000180025095e-35 2024.5000000000002 2.0000000000000004 2.5000000000000004 3.0000000000000004 2.5000000000000004 2.0000000000000004 3.0000000000000004
decision_type=10 10 2 2 2 2 10 2 2 2 2 2 2 2 2 2 2 2 2 2 2 2 2 2 2 2 2 2 2 2 2 2 2 2 2 2 2 2 2 2 2 2 2 2 2 2 2 2 2 2 2 2 2 2 2 2 2 2 2 2 2 2
left_child=1 2 3 4 5 6 -1 -8 -6 -10 11 17 -12 18 15 -15 -16 -11 -14 20 23 -22 -23 24 25 -4 -27 -26 60 32 37 -32 33 -30 -35 36 -34 38 59 40 43 51 -43 52 45 46 47 -45 55 53 -51 -42 -37 -48 -41 -47 57 -36 -40 -31 61 -21
right_child=-2 -3 19 -5 8 -7 7 -9 9 10 12 -13 13 14 16 -17 -18 -19 -20 28 21 22 -24 -25 27 26 -28 -29 29 30 31 -33 35 34 56 39 -38 -39 58 54 41 42 -44 44 -46 48 49 -49 -50 50 -52 -53 -54 -55 -56 -57 -58 -59 -60 -61 -62 -63
leaf_value=0.02009864578086594 0.26988857209682465 -0.21328108956146502 -0.021278251160586639 0.27235641942359506 -0.0087255871067537863 -0.0020667389701538234 0.38090000828659099 0.050568576209479944 0.30433878691660032 -0.026885491002646561 -0.3557951924524137 0.26706520235748032 -0.41071894645803808 0.35113126854686177 0.06882601096902205 -0.21492384005160559 -0.52561542004346851 -0.28420656118541959 -0.11665602356550241 0.0005081018738385387 -0.076650852013018828 0.85499161705374727 0.080382168450919181 -0.24433688311015858 0.0050930937597750813 0.5003101826778481 0.09975807215361035 -0.35991604255201914 0.0065148765320699777 0.16788256041084726 0.63153737678446564 0.19403139804303648 -0.0076836815651725315 0.6842343474809941 0.1083442565626823 0.060005209748943647 -0.33873438498912711 0.20676165886578107 -0.35452969223260883 0.010928084105277474 -0.12584558716842106 0.15172015009102999 0.5650160216242075 -0.12110442732545464 0.20959455769123703 -0.11309397891163826 -0.066503259167075154 0.52575052823962243 -0.31716182260286241 -0.061721724917491276 0.37664111956954005 0.13098770418307848 0.33130790908820928 -0.30448734992742543 -0.10826041432277811 0.044906077461524141 0.22822222950912657 -0.17736205935478211 -0.067329337298870084 -0.102353845022264 0.0073127392876481644 -0.032262237984379993
leaf_weight=2541 20 23 63 20 18403 12693 27 32 36 208 42 32 33 34 23 21 20 31 21 17699 31 22 23 34 46 28 34 24 206 24 22 25 51 26 26 75 39 21 20 192 35 27 25 44 29 75 112 41 42 30 20 36 20 25 124 72 21 20 20 21 14920 1577
leaf_count=2541 20 23 63 20 18403 12693 27 32 36 208 42 32 33 34 23 21 20 31 21 17699 31 22 23 34 46 28 34 24 206 24 22 25 51 26 26 75 39 21 20 192 35 27 25 44 29 75 112 41 42 30 20 36 20 25 124 72 21 20 20 21 14920 1577
internal_value=-0.00030693 -0.000383791 -0.000314122 -0.00425932 -0.0044211 0.00240241 0.0242204 0.201737 -0.0099412 -0.0545937 -0.082382 -0.0216107 -0.167274 -0.115183 -0.0153495 0.135001 -0.207658 -0.0602619 -0.296361 0.00342872 0.0578072 0.240558 0.45908 -0.00284379 0.0392627 0.128479 0.280653 -0.120053 0.00296494 0.0247835 0.108034 0.398821 0.0157691 0.0775737 0.234973 -0.000819407 -0.151139 -0.0209003 -0.0771462 0.0123923 0.0339206 0.150673 0.35042 0.00937262 -0.0115175 -0.0254269 0.0251757 0.190908 -0.0982519 -0.0501571 0.113623 0.00437974 0.117122 -0.109931 -0.0358421 -0.0357062 0.0606325 -0.0158759 -0.21093 0.0417722 0.00196577 -0.00217289
internal_weight=70327 70307 70284 34217 34197 15293 2600 59 18904 501 465 271 194 152 98 55 43 239 54 36067 305 76 45 229 195 125 62 70 35762 1566 153 47 1413 299 93 1114 90 106 85 1024 708 123 52 585 490 461 272 85 189 187 50 71 95 137 316 147 67 46 40 45 34196 19276
internal_count=70327 70307 70284 34217 34197 15293 2600 59 18904 501 465 271 194 152 98 55 43 239 54 36067 305 76 45 229 195 125 62 70 35762 1566 153 47 1413 299 93 1114 90 106 85 1024 708 123 52 585 490 461 272 85 189 187 50 71 95 137 316 147 67 46 40 45 34196 19276
is_linear=0
shrinkage=0.05


Tree=101
num_leaves=63
num_cat=0
split_feature=107 108 114 11 113 11 71 107 111 113 100 113 17 44 77 15 52 11 24 67 54 87 46 106 28 100 12 100 114 100 100 114 44 40 49 114 100 49 68 62 72 21 87 12 16 113 46 54 113 87 54 68 46 100 62 28 63 79 62 15 100 70
split_gain=527.25 376.459 374.657 552.771 691.151 1073.72 429.262 544.838 1334.83 407.104 328.36 1457.7 2595.3 717.476 1211.6 367.162 441.47 298.623 1912.31 5573.55 868.899 2526.3 854.961 748.712 2978.56 580.704 389.941 339.596 337.312 378.813 281.446 424.249 2070.82 2245.07 531.055 522.97 1257.25 2797.29 602.899 952.783 456.859 1046.2 1316.43 748.456 687.921 656.412 576.88 481.586 460.731 445.876 1186.55 2124.65 1010.37 593.461 1058.55 451.548 344.21 340.369 376.93 314.192 311.165 310.278
threshold=147.00000000000003 149.00000000000003 12.500000000000002 4.0000000000000009 5.5000000000000009 2.0000000000000004 1.0000000180025095e-35 40.500000000000007 7.5000000000000009 2.5000000000000004 2010.5000000000002 4.5000000000000009 3.0000000000000004 2.0000000000000004 2.5000000000000004 3.0000000000000004 3.0000000000000004 2.0000000000000004 2.5000000000000004 2.5000000000000004 2.0000000000000004 1.0000000180025095e-35 2.0000000000000004 1.0000000180025095e-35 2.0000000000000004 2020.5000000000002 1.0000000180025095e-35 2010.5000000000002 8.5000000000000018 2021.5000000000002 2019.5000000000002 19.500000000000004 2.0000000000000004 3.5000000000000004 4.0000000000000009 13.500000000000002 2023.5000000000002 4.0000000000000009 2.0000000000000004 2.5000000000000004 3.5000000000000004 2.5000000000000004 1.0000000180025095e-35 1.0000000180025095e-35 3.5000000000000004 5.5000000000000009 2.0000000000000004 2.0000000000000004 3.5000000000000004 1.0000000180025095e-35 2.0000000000000004 2.0000000000000004 2.0000000000000004 2022.5000000000002 2.5000000000000004 2.0000000000000004 2.5000000000000004 2.0000000000000004 2.5000000000000004 3.0000000000000004 2021.5000000000002 2.0000000000000004
decision_type=10 10 2 2 2 2 2 10 10 2 2 2 2 2 2 2 2 2 2 2 2 2 2 2 2 2 2 2 2 2 2 2 2 2 2 2 2 2 2 2 2 2 2 2 2 2 2 2 2 2 2 2 2 2 2 2 2 2 2 2 2 2
left_child=1 2 3 4 6 -6 7 9 -9 -1 11 13 -13 15 -15 -4 -17 27 19 25 23 28 -23 26 -25 -19 -20 -8 -22 -30 -12 35 34 -34 -33 36 37 -32 -39 -40 41 43 46 -37 -45 49 -43 -47 -48 53 51 -51 -52 54 -42 57 -57 58 -55 -60 -56 -36
right_child=-2 -3 10 -5 5 -7 17 8 -10 -11 30 12 -14 14 -16 16 -18 18 20 -21 21 22 -24 24 -26 -27 -28 -29 29 -31 31 32 33 -35 61 40 -38 38 39 -41 45 42 -44 44 -46 47 48 -49 -50 50 52 -53 -54 55 60 56 -58 -59 59 -61 -62 -63
leaf_value=-0.004159136917366738 0.25639414310455327 -0.20261703557942226 0.0053003556151654469 0.25873859994113446 -0.33165179997216909 0.056925708428025246 0.16639295715306487 0.031724560586552278 0.36975018205967819 0.01407962009159377 0.001867479994172863 0.5522649985634619 -0.04016391509457639 -0.033427501185373826 0.35744720817573611 -0.33512341211671415 -0.070436130478978162 0.013333817307850243 -0.043201242388734316 0.72232716983379497 -0.19181696355524588 -0.28648511079641492 -0.71542443789186938 0.47696245869000758 -0.26200198721885681 -0.29121734201908112 -0.25114204051593941 -0.0078718205243934469 -0.077047865907205082 0.11358976615326746 0.67404009830951694 -0.22672080850849549 0.040586538240313531 0.73188258927801386 -0.037118087247014049 0.01998805618618894 -0.0028446969149323806 0.26337964198103658 -0.27999130805361677 0.14480439243894636 0.35227517115347312 -0.053423256820665212 0.42117015105836536 -0.38339542488295897 -0.015489349100324843 -0.048535529836531616 0.043204092296461272 -0.33200264285350672 0.33077186145461523 0.15225763519605001 -0.15423662824290141 -0.46881056988611819 0.21361780177801848 -0.042811288752339111 -0.10682020237436518 0.074400729447603231 -0.13242185970732165 -0.012020144023596359 0.078659079046476454 0.35556654378771785 0.12860772573947907 0.16226688550668769
leaf_weight=10723 20 23 72 20 40 32 28 254 33 4281 34196 36 38 55 31 23 50 72 372 31 41 26 21 30 25 20 24 18007 102 35 25 24 24 23 50 274 192 27 22 33 33 53 34 24 27 31 30 29 26 21 35 40 40 22 32 25 103 169 21 20 25 32
leaf_count=10723 20 23 72 20 40 32 28 254 33 4281 34196 36 38 55 31 23 50 72 372 31 41 26 21 30 25 20 24 18007 102 35 25 24 24 23 50 274 192 27 22 33 33 53 34 24 27 31 30 29 26 21 35 40 40 22 32 25 103 169 21 20 25 32
internal_value=-0.000291583 -0.000364602 -0.000298416 -0.00404636 -0.00420005 -0.158951 -0.00387354 0.00235016 0.0705916 0.00104482 0.00325728 0.0549169 0.248045 -0.00695095 0.107469 -0.0748139 -0.153831 -0.00892645 -0.0388384 0.142503 -0.0718339 -0.15209 -0.478139 -0.0317948 0.14107 -0.052873 -0.0558037 -0.00760127 -0.0659985 -0.0283448 0.0028167 0.0235443 0.102632 0.37888 -0.0198553 0.0149806 0.073695 0.211037 0.0698779 -0.0251139 -0.000778437 0.036841 0.149542 -0.0127476 -0.188622 -0.0280321 0.0648143 -0.185545 0.176718 -0.0119046 -0.0912396 -0.255 0.0419524 0.0120723 0.126911 -0.0166375 -0.0920268 0.0249565 0.124148 0.213736 -0.00356234 0.0406907
internal_weight=70327 70307 70284 34217 34197 72 34125 15291 287 15004 36067 305 74 231 86 145 73 18834 799 123 676 225 47 451 55 92 396 18035 178 137 35762 1566 153 47 106 1413 299 107 82 55 1114 468 143 325 51 646 109 60 56 586 136 61 75 450 90 360 128 232 63 41 57 82
internal_count=70327 70307 70284 34217 34197 72 34125 15291 287 15004 36067 305 74 231 86 145 73 18834 799 123 676 225 47 451 55 92 396 18035 178 137 35762 1566 153 47 106 1413 299 107 82 55 1114 468 143 325 51 646 109 60 56 586 136 61 75 450 90 360 128 232 63 41 57 82
is_linear=0
shrinkage=0.05


Tree=102
num_leaves=63
num_cat=0
split_feature=108 110 66 100 12 46 114 113 44 61 15 47 12 114 49 113 55 48 52 40 114 68 79 100 52 11 113 91 17 11 79 52 100 49 114 109 49 80 114 100 54 100 40 100 67 40 94 113 100 58 46 72 99 12 61 46 100 113 114 114 114 17
split_gain=508.243 440.248 351.561 690.32 3012.63 757.887 804.042 665.465 1395.77 1832.32 614.211 837.696 1273.18 2398.42 1227.65 2479.66 2455.73 3470.33 3415.21 1110.94 897.285 627.514 582.801 558.194 620.786 748.136 521.5 640.393 497.986 893.468 2060.66 702.318 699.354 577.335 1039.59 489.735 661.732 1017.9 1609.85 465.479 465.204 464.745 440.683 406.362 396.226 389.692 676.124 359.705 1237.61 341.052 333.971 327.918 315.007 514.62 1932.73 2367.33 2004.1 1450.23 2408.97 1468.35 1475.16 2528.6
threshold=165.00000000000003 143.25000000000003 2.0000000000000004 2010.5000000000002 1.0000000180025095e-35 2.0000000000000004 15.500000000000002 6.5000000000000009 2.0000000000000004 3.5000000000000004 3.0000000000000004 2.0000000000000004 1.0000000180025095e-35 12.500000000000002 4.0000000000000009 4.5000000000000009 3.0000000000000004 3.0000000000000004 3.0000000000000004 3.5000000000000004 17.500000000000004 2.0000000000000004 2.0000000000000004 2010.5000000000002 3.0000000000000004 2.0000000000000004 3.5000000000000004 2.0000000000000004 3.0000000000000004 2.0000000000000004 2.0000000000000004 3.0000000000000004 2018.5000000000002 4.0000000000000009 15.500000000000002 70.500000000000014 4.0000000000000009 3.5000000000000004 15.500000000000002 2023.5000000000002 2.0000000000000004 2021.5000000000002 3.5000000000000004 2015.5000000000002 2.5000000000000004 3.5000000000000004 4.0000000000000009 5.5000000000000009 2018.5000000000002 3.0000000000000004 2.0000000000000004 3.5000000000000004 3.0000000000000004 1.0000000180025095e-35 4.5000000000000009 2.0000000000000004 2017.5000000000002 2.5000000000000004 8.5000000000000018 10.500000000000002 12.500000000000002 3.0000000000000004
decision_type=10 10 2 2 2 2 2 2 2 2 2 2 2 2 2 2 2 2 2 2 2 2 2 2 2 2 2 2 2 2 2 2 2 2 2 10 2 2 2 2 2 2 2 2 2 2 2 2 2 2 2 2 2 2 2 2 2 2 2 2 2 2
left_child=1 2 10 4 5 42 -7 35 9 -9 47 12 23 19 15 -15 21 20 -19 -14 22 -16 -18 24 -12 -26 41 43 33 40 -31 -32 -33 34 -13 52 37 -37 -39 -35 -30 -25 -4 -28 -29 -43 -47 -1 -49 -45 -3 -22 -5 -54 57 56 -56 -55 -59 -60 61 -61
right_child=-2 50 3 7 -6 6 -8 8 -10 -11 11 28 13 14 16 -17 17 18 -20 -21 51 -23 -24 26 25 -27 27 44 29 30 31 32 -34 39 -36 36 -38 38 -40 -41 -42 45 -44 49 -46 46 -48 48 -50 -51 -52 -53 53 54 55 -57 -58 58 59 60 -62 -63
leaf_value=-0.0016747664899894245 0.24000789766961877 -0.17677776918055552 0.060903281061088332 -0.0074791891171511991 0.68154757499694829 -0.05456615635552086 0.3103282707018985 -0.030365590886636214 -0.15076328974962236 0.58435094312385283 -0.1070580878481269 0.028611801766480011 -0.22706315784204389 -0.21738696156009552 -0.24734370004047049 0.38519762358383131 -0.5312211566028141 0.69267362563836354 -0.11834011149406434 -0.67504326856136332 -0.18993423110339791 -0.61017460158238057 -0.20861975178122522 -0.017990186173774275 0.44358752650164424 0.026359506357799878 -0.038987879466982359 -0.02969653462821787 -0.073635567813603725 0.51642735265195372 0.28131146946301067 0.13068399801850319 -0.20517160786736396 -0.002391217557240778 -0.34967167319264264 0.044254349774025661 0.019928754875874546 0.62451708171030751 0.055269048887270467 0.20576302848696226 0.13570034587265631 -0.027173801979353263 -0.17648530901085749 -0.02119080377312807 0.17712316468358041 0.28823595384047146 -0.04018134182691574 0.41024092164906589 -0.10395697033405304 -0.15041876117691022 0.0099705833464096769 0.043229656627303679 0.0031333968585124045 -0.068509284971774248 -0.19520655486951857 -0.34611592281665376 0.35177214513673927 0.51676674673728873 -0.17868760841597311 0.61780024383436238 0.075095530941242328 -0.052515090256929402
leaf_weight=39054 22 62 34 6848 20 26 36 22 25 27 20 42 31 31 22 38 21 27 25 25 25 26 42 998 21 22 278 55 88 33 24 31 31 201 32 108 930 23 27 31 38 43 46 65 40 42 25 22 25 238 39 38 19208 157 34 67 33 33 51 34 541 24
leaf_count=39054 22 62 34 6848 20 26 36 22 25 27 20 42 31 31 22 38 21 27 25 25 25 26 42 998 21 22 278 55 88 33 24 31 31 201 32 108 930 23 27 31 38 43 46 65 40 42 25 22 25 238 39 38 19208 157 34 67 33 33 51 34 541 24
internal_value=-0.000277004 -0.000352195 -0.000202121 0.00409651 0.107015 0.026095 0.157308 0.00350511 0.153248 0.308356 -0.00311451 -0.0259593 -0.0397787 -0.127072 -0.0701261 0.114471 -0.126485 -0.0408967 0.302763 -0.427054 -0.182725 -0.443877 -0.316154 -0.0231897 0.123081 0.230122 -0.028355 -0.0629646 0.0291676 0.0822904 0.180542 0.0516553 -0.0372438 -0.0133653 -0.13497 0.00311102 0.0360013 0.130605 0.317123 0.0254225 -0.0105025 -0.00723944 -0.0755952 -0.0826432 0.0573854 0.0902991 0.165692 -0.0015084 0.136731 -0.122697 -0.104667 -0.0492957 0.00178714 0.00493131 0.0403876 -0.135958 0.0742009 0.0685188 0.100017 0.0788592 0.100787 0.340428
internal_weight=70327 70305 70204 28354 162 142 62 28192 74 49 41850 2749 2198 351 295 69 226 178 52 56 126 48 63 1847 63 43 1784 676 551 245 119 86 62 306 74 28118 1088 158 50 232 126 1108 80 581 95 110 67 39101 47 303 101 63 27030 20182 974 134 67 840 683 650 599 58
internal_count=70327 70305 70204 28354 162 142 62 28192 74 49 41850 2749 2198 351 295 69 226 178 52 56 126 48 63 1847 63 43 1784 676 551 245 119 86 62 306 74 28118 1088 158 50 232 126 1108 80 581 95 110 67 39101 47 303 101 63 27030 20182 974 134 67 840 683 650 599 58
is_linear=0
shrinkage=0.05


Tree=103
num_leaves=63
num_cat=0
split_feature=108 110 114 110 85 63 110 71 89 108 42 100 100 52 79 87 63 40 113 12 48 54 113 113 70 100 106 44 79 85 14 66 63 66 100 12 46 42 113 67 114 100 100 44 15 113 47 105 113 17 43 10 113 52 114 100 113 12 49 113 112 57
split_gain=458.689 397.324 339.419 424.494 507.89 1397.49 429.635 396.269 530.632 369.931 589.241 357.858 2409.07 10882.2 1879.1 1827.12 1717.95 1704.63 762.708 1893.37 702.133 683.062 417.853 314.406 311.803 290.734 288.695 695.108 443.327 315.728 284.848 354.931 373.021 270.08 707.855 2599.43 1162.37 705.863 553.039 1949.61 481.354 416.221 635.473 2561.67 481.056 506.086 459.13 1006.05 742.293 1101.04 1964.42 685.333 1260.04 1935.4 520.042 1959.44 2348.95 1286.53 1437.63 1282.53 720.927 722.096
threshold=165.00000000000003 143.25000000000003 12.500000000000002 90.250000000000014 1.0000000180025095e-35 2.5000000000000004 92.250000000000014 1.0000000180025095e-35 -1.4999999999999998 42.500000000000007 2.0000000000000004 2022.5000000000002 2021.5000000000002 3.0000000000000004 2.0000000000000004 1.0000000180025095e-35 2.5000000000000004 3.5000000000000004 4.5000000000000009 1.0000000180025095e-35 3.0000000000000004 2.0000000000000004 3.5000000000000004 5.5000000000000009 2.0000000000000004 2010.5000000000002 1.0000000180025095e-35 2.0000000000000004 2.0000000000000004 4.0000000000000009 4.0000000000000009 2.0000000000000004 2.5000000000000004 2.0000000000000004 2010.5000000000002 1.0000000180025095e-35 2.0000000000000004 2.0000000000000004 6.5000000000000009 2.5000000000000004 18.500000000000004 2022.5000000000002 2023.5000000000002 2.0000000000000004 3.0000000000000004 5.5000000000000009 2.0000000000000004 1.0000000180025095e-35 4.5000000000000009 3.0000000000000004 2.0000000000000004 -1.4999999999999998 3.5000000000000004 3.0000000000000004 17.500000000000004 2011.5000000000002 4.5000000000000009 1.0000000180025095e-35 4.0000000000000009 4.5000000000000009 1.0000000180025095e-35 4.0000000000000009
decision_type=10 10 2 10 2 2 10 2 2 10 2 2 2 2 2 2 2 2 2 2 2 2 2 2 2 2 2 2 2 2 2 2 2 2 2 2 2 2 2 2 2 2 2 2 2 2 2 2 2 2 2 2 2 2 2 2 2 2 2 2 8 2
left_child=1 2 7 33 6 -6 -5 8 9 -1 -11 12 18 -14 -15 22 -17 20 25 23 -16 -18 30 -20 -3 -9 28 -28 -24 -30 31 -13 -33 41 35 36 -35 -38 -36 40 -40 44 43 -43 45 -4 47 -46 -48 -50 -51 52 -49 -54 57 56 -56 -53 -59 -60 61 -57
right_child=-2 24 3 4 5 -7 -8 11 -10 10 -12 15 13 14 17 16 21 -19 19 -21 -22 -23 26 -25 -26 -27 27 -29 29 -31 -32 32 -34 34 38 -37 37 -39 39 -41 -42 42 -44 -45 46 -47 48 51 49 50 -52 54 53 -55 55 60 -58 58 59 -61 -62 -63
leaf_value=0.02032149663114893 0.2280075113881718 -0.15926101750329785 -0.00026114369632323348 0.20596177676512351 -0.038535436501842928 0.44068447171614089 0.0087477747395104579 0.13874650750966633 -0.0019871739769879971 0.36722530396655206 0.0031109248697757724 -0.023937347461797404 1.0617334622239436 -0.41081779217720032 -0.31090776194696845 -0.59148973341171562 0.036263715465449625 0.34750688727412909 -0.066621887234941821 -0.41294962104409932 0.084195501492782085 -0.27624224963433602 0.088856073265725921 0.098860483539819313 0.029569054162129762 -0.0076069082860846559 0.13803866108258564 -0.21345482983319514 -0.021864995052755784 -0.20213811599608997 -0.014974142922273961 0.010943719712444224 0.21817134311493983 -0.10549804857973732 0.005948561628318666 0.64747018761932851 0.37960204535962216 0.0011377188504080882 0.19185414038598539 -0.21241968766502711 0.53875265866518018 0.63219270915502601 0.025736143205133157 -0.1041174588104089 0.2102940102800345 0.18485171464649408 -0.025513264242485824 -0.025422881094702532 -0.05169717484050327 0.61399406981468196 0.03368648886680603 -0.060852913735815521 0.60512387454509742 -0.04024561872849098 -0.027094414757771624 -0.082436583902952942 0.60379063618183137 0.10182941670063883 -0.14271839559078217 -0.50112978942119157 -0.10932425030436542 0.28726944649219516
leaf_weight=2550 22 69 17626 31 32 29 253 34 12676 20 25 71 29 25 23 26 36 35 128 40 22 34 22 37 32 17382 39 22 33 92 693 39 49 67 15628 20 28 22 20 23 20 21 410 27 39 37 227 404 45 25 35 391 21 26 36 28 25 24 48 52 277 25
leaf_count=2550 22 69 17626 31 32 29 253 34 12676 20 25 71 29 25 23 26 36 35 128 40 22 34 22 37 32 17382 39 22 33 92 693 39 49 67 15628 20 28 22 20 23 20 21 410 27 39 37 227 404 45 25 35 391 21 26 36 28 25 24 48 52 277 25
internal_value=-0.000263154 -0.000334585 -0.000192015 0.00319465 0.0583905 0.18929 0.0302747 -0.00376098 0.00222989 0.0228293 0.16494 -0.00859872 -0.00684369 0.204358 -0.0324408 -0.0355543 -0.244432 0.085802 -0.00844978 -0.10433 -0.117746 -0.115525 -0.0166371 -0.0295137 -0.0994337 -0.00732119 -0.0801727 0.0112705 -0.118118 -0.154546 -0.00112609 0.0592305 0.126332 0.0026609 0.00753257 0.120693 0.0306455 0.213078 0.00654455 0.154389 0.365303 -0.00122387 0.045888 0.218018 -0.00233662 0.000126626 -0.027515 -0.0400838 0.0253343 0.135262 0.275481 -0.0472796 0.00308286 0.248111 -0.0723496 -0.0288745 0.231465 -0.105357 -0.245688 -0.329092 -0.0769979 0.0919531
internal_weight=70327 70305 70204 36022 345 61 284 34182 15271 2595 45 18911 17755 134 105 1156 96 80 17621 205 45 70 1060 165 101 17416 208 61 147 125 852 159 88 35677 15828 137 117 50 15691 63 40 19849 458 48 19391 17663 1728 1396 332 105 60 1357 451 47 906 391 61 515 124 100 330 53
internal_count=70327 70305 70204 36022 345 61 284 34182 15271 2595 45 18911 17755 134 105 1156 96 80 17621 205 45 70 1060 165 101 17416 208 61 147 125 852 159 88 35677 15828 137 117 50 15691 63 40 19849 458 48 19391 17663 1728 1396 332 105 60 1357 451 47 906 391 61 515 124 100 330 53
is_linear=0
shrinkage=0.05


Tree=104
num_leaves=63
num_cat=0
split_feature=108 99 87 101 51 66 12 16 101 14 77 55 55 54 114 62 61 114 97 65 54 65 114 28 101 106 28 114 28 43 40 46 113 8 52 70 114 113 54 101 11 113 11 113 63 46 109 48 73 113 47 12 114 113 9 101 79 54 114 11 101 106
split_gain=413.967 312.794 831.943 736.784 494.059 391.219 1063.52 2018.94 4563.96 1884.73 1717.4 4093.31 3480 6553.17 2708.97 3355.96 3620.91 4718.05 2059.12 1993.82 1862.29 1812.88 3011.9 2696.61 3338.1 1740.16 2792.05 1669.37 4172.3 2980.53 1641.8 1335 1327.24 1899.4 1030.61 993.88 848 723.299 587.857 546.069 524.964 495.686 454.105 443.377 414.128 403.649 354.396 351.232 311.162 591.884 580.549 634.393 2145.86 2210.98 1961.69 1566.95 1410.84 1048.4 1019.96 858.162 800.702 2205.03
threshold=165.00000000000003 3.0000000000000004 1.0000000180025095e-35 13.500000000000002 2.5000000000000004 2.0000000000000004 1.0000000180025095e-35 4.5000000000000009 14.500000000000002 4.0000000000000009 2.5000000000000004 3.0000000000000004 3.0000000000000004 2.0000000000000004 15.500000000000002 2.5000000000000004 2.5000000000000004 16.500000000000004 1.5000000000000002 2.0000000000000004 2.0000000000000004 2.0000000000000004 18.500000000000004 2.0000000000000004 6.5000000000000009 1.0000000180025095e-35 2.0000000000000004 15.500000000000002 2.0000000000000004 2.0000000000000004 3.5000000000000004 2.0000000000000004 3.5000000000000004 2.0000000000000004 3.0000000000000004 2.0000000000000004 13.500000000000002 3.5000000000000004 2.0000000000000004 9.5000000000000018 2.0000000000000004 6.5000000000000009 2.0000000000000004 6.5000000000000009 2.5000000000000004 2.0000000000000004 163.50000000000003 3.0000000000000004 2.5000000000000004 5.5000000000000009 2.0000000000000004 1.0000000180025095e-35 18.500000000000004 4.5000000000000009 1.0000000180025095e-35 14.500000000000002 2.0000000000000004 2.0000000000000004 14.500000000000002 2.0000000000000004 9.5000000000000018 1.0000000180025095e-35
decision_type=10 2 2 2 2 2 2 2 2 2 2 2 2 2 2 2 2 2 2 2 2 2 2 2 2 2 2 2 2 2 2 2 2 2 2 2 2 2 2 2 2 2 2 2 2 2 10 2 2 2 2 2 2 2 2 2 2 2 2 2 2 2
left_child=1 2 -1 4 -4 41 43 8 10 -10 11 -8 13 -12 18 16 -16 -18 20 25 30 22 23 32 -25 26 47 28 -9 39 31 -14 -13 -34 -22 36 -23 -32 -17 -29 -24 46 -36 -7 -39 -45 48 -19 49 -3 51 -50 54 -54 55 56 58 59 -53 -55 61 -58
right_child=-2 5 3 -5 -6 6 7 27 9 -11 12 21 14 -15 15 38 17 19 -20 -21 34 35 40 24 -26 -27 -28 29 -30 -31 37 -33 33 -35 42 -37 -38 44 -40 -41 -42 -43 -44 45 -46 -47 -48 -49 50 -51 -52 52 53 57 -56 -57 60 -59 -60 -61 -62 -63
leaf_value=-0.0040119164383290284 0.21660712559453468 -0.00017409393469470185 -0.04130485474814586 -0.30838501318357886 -0.27646501943624269 0.0041176014259021792 -0.67327449281254548 0.39835917454313591 0.90696677687493255 0.25248374783179978 -0.15169793140320553 -0.041543364603571671 -0.053891755826771262 1.0167383616524084 -0.26565601279338202 -0.21559675528921862 0.96889900986490574 -0.13990032404661179 0.39835979148097667 0.61437832489609723 -0.5474190035007066 -0.53420049939304592 -0.10933050378447487 0.15247368033855194 0.96892638664160458 -0.2317136780075405 0.65632906814238856 -0.33439020000655079 -0.49799472364713443 0.16957763227132649 0.038650171458721162 0.48946841129889851 0.61551914533430885 -0.057731718719005592 -0.31856256023697233 0.025654650955564448 -0.12917264423200064 -0.41575468636694413 0.084279420742621791 -0.65326610112190253 -0.45883116667920892 -0.18745293509629038 -0.0076578458150227862 0.01191557750105858 -0.11456759488582612 0.32958238959312441 -0.14199849891579816 0.14961073669520292 -0.018548241533356099 0.21843990125963764 0.029398861495901148 -0.62142613037274441 -0.21716756286720434 0.65267382923513662 0.28439191338140518 -0.643547097593546 -0.45036578548921125 -0.025043627419508996 -0.19014728919699275 0.20484707523947177 0.049292920130704132 0.18174143311652272
leaf_weight=21263 22 24873 322 32 24 20164 23 37 22 22 21 97 20 28 24 44 29 20 23 30 27 24 21 31 21 23 28 29 20 26 40 26 22 20 23 36 28 21 26 25 22 36 24 20 25 20 45 22 1616 31 499 26 36 20 20 21 37 20 29 23 56 22
leaf_count=21263 22 24873 322 32 24 20164 23 37 22 22 21 97 20 28 24 44 29 20 23 30 27 24 21 31 21 23 28 29 20 26 40 26 22 20 23 36 28 21 26 25 22 36 24 20 25 20 45 22 1616 31 499 26 36 20 20 21 37 20 29 23 56 22
internal_value=-0.000249996 -0.000317856 -0.00531903 -0.0788456 -0.0576165 0.00190618 0.00699726 0.0560595 0.0829167 0.579725 0.0577619 -0.0288649 0.114797 0.51598 0.0734115 0.188618 0.305085 0.395202 -0.050347 0.25994 -0.100445 0.0171643 0.0899188 0.175033 0.482195 0.145605 0.269581 -0.122924 0.083849 -0.270249 0.012116 0.253225 0.0601229 0.294923 -0.30123 -0.176296 -0.316109 -0.116849 -0.104214 -0.482018 -0.288145 -0.0020415 -0.159803 0.0044475 -0.252066 0.170749 -0.00179766 0.0117483 -0.00156681 9.80324e-05 -0.0186642 -0.0311167 -0.0966347 0.0954147 -0.186743 -0.236077 -0.185742 0.274033 -0.394025 0.413139 -0.0861289 -0.214665
internal_weight=70327 70305 21641 378 346 48664 21254 1050 913 44 869 345 524 49 475 246 176 152 229 123 206 322 234 191 52 93 70 137 57 80 132 46 139 42 74 88 52 86 70 54 43 27410 47 20204 46 40 27374 42 27329 24904 2425 1926 310 99 211 191 170 63 55 43 115 59
internal_count=70327 70305 21641 378 346 48664 21254 1050 913 44 869 345 524 49 475 246 176 152 229 123 206 322 234 191 52 93 70 137 57 80 132 46 139 42 74 88 52 86 70 54 43 27410 47 20204 46 40 27374 42 27329 24904 2425 1926 310 99 211 191 170 63 55 43 115 59
is_linear=0
shrinkage=0.05


Tree=105
num_leaves=63
num_cat=0
split_feature=107 109 107 44 104 113 100 72 114 110 113 77 97 91 57 113 100 28 40 12 100 104 100 55 113 100 12 113 61 100 94 12 12 100 108 71 24 54 110 94 113 40 63 114 12 77 70 94 100 42 40 54 113 40 11 40 114 14 103 109 110 55
split_gain=359.576 441.132 343.702 302.657 1351.54 859.109 654.611 798.6 768.575 560.437 363.414 2349.79 3225.93 1553.13 896.725 930.477 1154.54 1115.63 726.147 554.276 527.64 415.161 336.346 330.38 8781.41 12406.5 931.138 314.078 499.483 471.178 392.239 279.38 256.446 251.123 249.644 315.98 244.64 222.066 629.839 215.429 418.564 761.642 816.684 796.453 545.168 412.028 403.419 303.345 556.401 321.001 292.706 250.381 385.392 544.484 407.427 223.875 206.794 232.443 691.806 209.991 543.686 203.018
threshold=29.500000000000004 168.50000000000003 116.50000000000001 2.0000000000000004 1.0000000180025095e-35 5.5000000000000009 2021.5000000000002 3.5000000000000004 17.500000000000004 163.50000000000003 5.5000000000000009 2.5000000000000004 1.5000000000000002 2.0000000000000004 4.0000000000000009 6.5000000000000009 2013.5000000000002 2.0000000000000004 3.5000000000000004 1.0000000180025095e-35 2013.5000000000002 1.0000000180025095e-35 2014.5000000000002 3.0000000000000004 4.5000000000000009 2015.5000000000002 1.0000000180025095e-35 6.5000000000000009 3.5000000000000004 2018.5000000000002 2.0000000000000004 1.0000000180025095e-35 1.0000000180025095e-35 2018.5000000000002 94.500000000000014 1.0000000180025095e-35 2.5000000000000004 2.0000000000000004 40.750000000000007 4.0000000000000009 4.5000000000000009 3.5000000000000004 2.5000000000000004 17.500000000000004 1.0000000180025095e-35 2.5000000000000004 2.0000000000000004 2.0000000000000004 2022.5000000000002 2.0000000000000004 3.5000000000000004 2.0000000000000004 4.5000000000000009 3.5000000000000004 2.0000000000000004 3.5000000000000004 18.500000000000004 2.0000000000000004 1.0000000180025095e-35 106.50000000000001 69.250000000000014 3.0000000000000004
decision_type=10 10 10 2 2 2 2 2 2 10 2 2 2 2 2 2 2 2 2 2 2 2 2 2 2 2 2 2 2 2 2 2 2 2 10 2 2 2 10 2 2 2 2 2 2 2 2 2 2 2 2 2 2 2 2 2 2 2 2 10 10 2
left_child=3 2 31 9 -5 23 7 8 -7 10 21 20 13 14 32 16 -16 18 -18 -19 -12 -1 -9 24 26 -26 -6 28 30 -30 -22 34 -13 -24 36 -36 37 -2 -39 47 -41 43 45 46 -44 -43 -42 56 49 51 -50 52 54 -54 -49 -51 59 58 -58 -25 -61 -23
right_child=1 -3 -4 4 5 6 -8 22 -10 -11 11 12 -14 -15 15 -17 17 19 -20 -21 27 61 33 39 25 -27 -28 -29 29 -31 -32 -33 -34 -35 35 -37 -38 38 -40 40 41 42 44 -45 -46 -47 -48 48 50 55 -52 -53 53 -55 -56 -57 57 -59 -60 60 -62 -63
leaf_value=-0.12530683454724828 0.039896130585965743 0.22710850536823274 -0.12909437342742949 0.35737029181586372 -0.006836072710127785 0.26196682569260399 -0.33503874302483522 -0.028917199419811371 -0.13242507761433012 0.24368719334673622 -0.33861972845118982 -0.043693169774044131 0.65030539256555064 0.39148992543870753 0.36854259314991178 0.37232949986406 -0.047045060736792432 -0.051582389066998781 0.29457201731524302 -0.38479819223284722 -0.14838044704110534 -0.028864476385184513 -0.31809156664189531 0.0027361266282554439 -0.17950549693334672 1.4846196727827192 -0.28509477914282771 0.093534632298079401 -0.061332339973887429 -0.38993279905989769 0.12113196794633513 -0.10921708061121023 -0.2807035210132599 -0.12770060981775441 0.25741847143150293 0.028670364970134365 0.008583338677276833 -0.029118934690952305 0.32237136329058558 -0.0017809243568869444 -0.18525111995833488 -0.1189659761603583 -0.14826449590516003 0.19573890685357831 -0.40718566189552174 0.18704501390457154 0.062374047164259289 0.026566460928929749 0.095353418373717719 -0.16719445442159972 0.30951587899967481 0.18843626608441194 -0.261415567572998 0.09072445034980775 0.23587334804957913 -0.00081090922918050526 0.031638893462361317 0.0087390535960990921 0.25374861157222378 0.25611787054302365 0.017184508830673042 -0.0029722599476224216
leaf_weight=70 443 26 38 27 338 30 26 44 21 23 23 21 27 33 21 23 35 26 28 24 27 771 29 15639 21 24 33 22 20 24 27 39 25 43 26 36 1047 25 26 6266 38 22 68 44 29 22 29 93 39 30 27 31 23 21 31 62 668 1571 37 29 133 41898
leaf_count=70 443 26 38 27 338 30 26 44 21 23 23 21 27 33 21 23 35 26 28 24 27 771 29 15639 21 24 33 22 20 24 27 39 25 43 26 36 1047 25 26 6266 38 22 68 44 29 22 29 93 39 30 27 31 23 21 31 62 668 1571 37 29 133 41898
internal_value=5.5748e-05 0.0227311 0.0195681 -0.000506881 0.00380189 0.00342841 -0.101664 -0.0653297 0.0995702 -0.00306092 -0.00319246 0.0438895 0.132587 0.0733565 0.0216402 0.078523 0.0280935 -0.0351757 0.104785 -0.211526 -0.119239 -0.00363971 -0.137829 0.00422795 0.0484196 0.708028 -0.0315868 -0.0771915 -0.115518 -0.240569 -0.0136242 0.0230085 -0.172503 -0.204386 0.0262255 0.124597 0.0222676 0.0512706 0.150072 0.00349119 -0.00432189 -0.0675032 -0.144629 0.0304668 -0.225674 0.0340395 -0.0780701 0.00625379 0.0518951 0.0221678 0.182965 0.057874 0.0337822 -0.0933487 0.0788932 -0.0550664 0.00535242 0.0194431 0.0432957 0.00332278 0.0599565 -0.00344011
internal_weight=70462 1706 1680 68756 25588 25561 193 167 51 43168 43145 406 263 236 203 157 134 113 63 50 143 42739 116 25368 416 45 371 120 98 44 54 1642 46 72 1603 62 1541 494 51 24952 6518 252 141 111 97 44 67 18434 357 291 66 199 168 44 124 92 18077 2276 705 15801 162 42669
internal_count=70462 1706 1680 68756 25588 25561 193 167 51 43168 43145 406 263 236 203 157 134 113 63 50 143 42739 116 25368 416 45 371 120 98 44 54 1642 46 72 1603 62 1541 494 51 24952 6518 252 141 111 97 44 67 18434 357 291 66 199 168 44 124 92 18077 2276 705 15801 162 42669
is_linear=0
shrinkage=0.05


Tree=106
num_leaves=63
num_cat=0
split_feature=110 112 113 110 15 12 46 85 110 54 85 76 110 47 40 100 108 67 105 113 111 22 16 94 114 72 69 28 114 12 55 114 49 70 106 113 100 106 100 9 66 69 77 85 100 97 100 28 63 77 43 8 12 62 114 100 66 105 40 113 11 94
split_gain=270.714 417.99 645.087 657.033 323.473 474.297 281.173 523.476 1758.41 529.402 443.196 364.196 403.698 358.437 329.757 302.83 278.723 261.705 661.015 2618.11 2082.48 480.775 514.766 712.328 656.73 668.402 618.91 1464.75 604.071 526.418 513.114 6010.52 1030.47 2409.7 1149.35 432.893 636.504 418.947 1456.47 1600.16 1639.61 1234.51 733.129 452.62 427.673 726.777 1631.33 712.973 991.395 1694.19 2736.03 1590.51 939.62 833.584 568.291 476.381 1223.64 400.808 366.719 356.659 336.132 333.951
threshold=25.750000000000004 1.0000000180025095e-35 5.5000000000000009 163.50000000000003 3.0000000000000004 1.0000000180025095e-35 2.0000000000000004 4.0000000000000009 70.250000000000014 2.0000000000000004 4.0000000000000009 3.5000000000000004 71.250000000000014 2.0000000000000004 2.5000000000000004 2019.5000000000002 143.50000000000003 2.5000000000000004 1.0000000180025095e-35 4.5000000000000009 4.5000000000000009 3.0000000000000004 4.5000000000000009 2.0000000000000004 15.500000000000002 3.5000000000000004 3.0000000000000004 2.0000000000000004 11.500000000000002 1.0000000180025095e-35 3.0000000000000004 10.500000000000002 4.0000000000000009 2.0000000000000004 1.0000000180025095e-35 4.5000000000000009 2017.5000000000002 1.0000000180025095e-35 2022.5000000000002 1.0000000180025095e-35 2.0000000000000004 3.0000000000000004 2.5000000000000004 1.0000000180025095e-35 2018.5000000000002 1.5000000000000002 2014.5000000000002 2.0000000000000004 2.5000000000000004 2.5000000000000004 2.0000000000000004 2.0000000000000004 1.0000000180025095e-35 2.5000000000000004 15.500000000000002 2016.5000000000002 2.0000000000000004 1.0000000180025095e-35 3.5000000000000004 5.5000000000000009 2.0000000000000004 4.0000000000000009
decision_type=10 10 2 10 2 2 2 2 10 2 2 2 10 2 2 2 10 2 2 2 8 2 2 2 2 2 2 2 2 2 2 2 2 2 2 2 2 2 2 2 2 2 2 2 2 2 2 2 2 2 2 2 2 2 2 2 2 2 2 2 2 2
left_child=17 4 3 6 16 -6 10 13 9 -9 -3 12 -12 14 -8 -16 -2 57 19 20 -19 30 23 -23 26 -26 58 28 -28 -24 31 -20 33 -33 35 -34 -37 43 42 40 -40 -42 -39 -32 45 47 -47 48 49 -45 -51 -52 60 54 -54 -50 -57 -1 -25 -27 -49 -59
right_child=1 2 -4 -5 5 -7 7 8 -10 -11 11 -13 -14 -15 15 -17 -18 18 21 -21 -22 22 29 24 25 59 27 -29 -30 -31 37 32 34 -35 -36 36 -38 38 39 -41 41 -43 -44 44 -46 46 -48 52 55 50 51 -53 53 -55 -56 56 -58 61 -60 -61 -62 -63
leaf_value=-0.030117664135619195 0.0041986385694039409 0.01391855878040156 0.25044766267941848 0.29980208265284697 -0.028850389530118772 -0.2503280893254739 0.19753160444753512 -0.051458745652011466 0.42896785254900655 0.22066859304128836 -0.07038918225013692 -0.0056753069205188206 -0.3200085761547089 -0.010056215239943244 0.033402653786870365 0.21078915997222067 -0.17406401356512852 0.49820850409567358 0.69767571190262545 0.52814522092541061 -0.046277209176009318 -0.12376599158242084 -0.070058422817965038 0.095363368093967449 0.14993941968884961 -0.075021734114927366 -0.36540986895561223 0.25200844022470553 -0.026203330590256625 -0.32999083128358642 0.0098087823349196166 -0.090768718566264839 0.028032977686414863 0.61317926958203328 -0.40781114602630791 -0.32264197611808781 0.05579354427754879 0.053648421615362166 -0.021489989449237957 -0.10189187546309673 0.60768601525770993 0.13000028854502099 -0.36027064912992979 -0.089498754884318812 -0.061281686283637296 -0.021829359762762724 0.53606016553938385 0.10508569490034568 -0.070050434586393859 0.73336821906268601 -0.20575329996645453 0.39008685382349151 -0.52739765619238221 0.011270295796187027 -0.18677168881893158 0.35300147527456288 -0.13244989125265016 0.00073538527561972124 0.3295515864854679 -0.31169406592845922 -0.078075563237071044 -0.0082307141004282457
leaf_weight=1276 6668 1455 31 21 344 26 35 70 36 24 46 87 25 430 640 25 22 20 34 30 144 114 64 35 29 78 21 37 35 28 5203 31 117 20 22 25 20 20 29 38 38 21 23 46 475 38 20 43 188 24 24 21 24 23 25 25 27 37438 32 20 60 14372
leaf_count=1276 6668 1455 31 21 344 26 35 70 36 24 46 87 25 430 640 25 22 20 34 30 144 114 64 35 29 78 21 37 35 28 5203 31 117 20 22 25 20 20 29 38 38 21 23 46 475 38 20 43 188 24 24 21 24 23 25 25 27 37438 32 20 60 14372
internal_value=5.29605e-05 0.00768022 0.0235737 0.0211434 0.00109547 -0.0444137 0.0191066 0.0368045 0.131821 0.0180206 0.00528186 -0.0742523 -0.158283 0.0258733 0.0479443 0.0400713 0.00361242 -0.00120633 0.00760861 0.0986835 0.0201235 0.00515363 -0.0425014 -0.0180292 0.0239708 -0.0609239 0.091356 0.00788805 -0.153406 -0.149168 0.00865809 0.0763144 -0.0135847 0.185289 -0.0687074 -0.0226563 -0.154448 0.00582988 0.0835131 0.169262 0.286351 0.437662 -0.16775 0.00373469 -0.0259958 0.00250896 0.170546 -0.01588 0.0248368 0.145545 0.30224 0.0723054 -0.098477 -0.23705 -0.353609 -0.0330025 0.10094 -0.00243361 0.207214 -0.123322 -0.00161018 -0.00175179
internal_weight=70462 9985 2925 2894 7060 370 2873 1260 130 94 1613 158 71 1130 700 665 6690 60477 7391 194 164 7197 493 401 287 127 160 93 56 92 6704 269 235 51 184 162 45 6435 169 126 88 59 43 6266 1063 588 58 530 355 115 69 45 175 72 49 240 52 53086 67 98 103 51810
internal_count=70462 9985 2925 2894 7060 370 2873 1260 130 94 1613 158 71 1130 700 665 6690 60477 7391 194 164 7197 493 401 287 127 160 93 56 92 6704 269 235 51 184 162 45 6435 169 126 88 59 43 6266 1063 588 58 530 355 115 69 45 175 72 49 240 52 53086 67 98 103 51810
is_linear=0
shrinkage=0.05


Tree=107
num_leaves=63
num_cat=0
split_feature=107 90 57 94 87 114 25 100 114 68 113 51 8 100 52 72 28 65 77 48 8 65 113 100 74 114 113 66 67 52 61 48 66 67 113 67 15 104 114 94 114 22 113 55 79 14 104 106 100 28 100 76 77 100 100 8 48 65 22 68 106 68
split_gain=313.371 515.245 285.867 349.688 967.771 2852.07 2287.03 1974.72 1899.02 2604.79 2809.04 2672.03 5268.29 3445.06 4579.59 3096.87 2161.07 5102.08 8365.96 7366.85 6895.08 2739.08 1693.69 1683 2687.4 1254.89 1350.89 2209.9 1199.47 976.244 1255.26 1109.02 959.579 891.338 849.641 814.106 740.897 696.014 2720.99 698.696 954.58 714.938 841.405 667.74 1015.3 594.015 815.216 558.131 1169.76 1155.21 2151.59 547.53 511.329 506.474 726.409 1492.09 1066.15 942.846 1037.77 886.9 723.671 498.026
threshold=29.500000000000004 1.0000000180025095e-35 2.0000000000000004 4.0000000000000009 1.0000000180025095e-35 19.500000000000004 2.5000000000000004 2011.5000000000002 8.5000000000000018 2.0000000000000004 5.5000000000000009 2.5000000000000004 2.0000000000000004 2016.5000000000002 3.0000000000000004 3.5000000000000004 2.0000000000000004 2.0000000000000004 2.5000000000000004 3.0000000000000004 2.0000000000000004 2.0000000000000004 5.5000000000000009 2017.5000000000002 2.5000000000000004 18.500000000000004 4.5000000000000009 2.0000000000000004 2.5000000000000004 3.0000000000000004 3.5000000000000004 3.0000000000000004 2.0000000000000004 2.5000000000000004 3.5000000000000004 2.5000000000000004 3.0000000000000004 1.0000000180025095e-35 15.500000000000002 2.0000000000000004 17.500000000000004 1.0000000180025095e-35 6.5000000000000009 3.0000000000000004 2.0000000000000004 2.0000000000000004 7.5000000000000009 1.0000000180025095e-35 2018.5000000000002 2.0000000000000004 2014.5000000000002 3.5000000000000004 2.5000000000000004 2024.5000000000002 2020.5000000000002 2.0000000000000004 3.0000000000000004 2.0000000000000004 3.0000000000000004 2.0000000000000004 1.0000000180025095e-35 2.0000000000000004
decision_type=10 2 2 2 2 2 2 2 2 2 2 2 2 2 2 2 2 2 2 2 2 2 2 2 2 2 2 2 2 2 2 2 2 2 2 2 2 2 2 2 2 2 2 2 2 2 2 2 2 2 2 2 2 2 2 2 2 2 2 2 2 2
left_child=2 -2 -1 37 34 6 23 -7 -8 10 11 -10 13 14 -13 -15 17 22 -19 20 -20 29 25 24 33 26 51 -28 -14 31 35 52 -16 -6 -5 -31 -25 38 -4 41 45 -39 -43 -9 -45 -41 -47 48 49 50 -46 -11 -18 54 57 60 -57 -48 -59 -58 -56 -42
right_child=1 -3 3 4 5 7 8 43 9 16 -12 12 28 15 32 -17 21 18 19 -21 -22 -23 -24 36 -26 -27 27 -29 -30 30 -32 -33 -34 -35 -36 -37 -38 39 -40 40 61 42 -44 44 47 46 53 -49 -50 -51 -52 -53 -54 -55 55 56 59 58 -60 -61 -62 -63
leaf_value=-0.0076841617998540147 0.018225934599495855 0.27350932126864791 -0.06946887044236065 -0.0036090607975217295 -0.34788199255863828 -0.48615969938616604 0.46599391859231726 -0.24382432848215105 0.76786556888658275 -0.19831727487966419 -0.22385611136754358 0.7093733949661255 -0.41003776479650428 0.21099820963361046 0.071860848516225817 0.95642304702808989 0.19377333521842957 -0.41755323733972471 1.5793293069761534 -0.068651889588521878 0.41636006015539168 -0.42280937956303966 0.34967619095529834 -0.095734391890776649 0.41205918844789269 -0.4128525682117628 -0.15934317458060482 0.40952047023334004 0.042479025502689186 0.55240201026201252 -0.086389103619491356 -0.42731636336871559 -0.39279520109295851 0.06092839986085892 -0.038144428645489399 0.10126297421753408 -0.42624119856418707 0.0039358546216796773 0.63337527458511644 -0.030346495257216995 -0.084536018034762281 -0.031558624997388762 0.24956689679788219 -0.31264983863383533 -0.16502435302734375 -0.027850011860330898 0.040480803109433812 -0.13441115900089867 0.3813739947974682 -0.20773775335401298 0.49775921291050812 0.036487330475615136 -0.12183635248379275 -0.03350821088254452 0.67478924366560855 0.35058497109928649 -0.18875469202796619 0.10296463716142584 0.47097638060649238 0.15643856701802236 0.25922419428825377 0.050362378209829334
leaf_weight=11459 1686 20 40 15936 30 31 36 40 26 80 30 25 27 22 25 38 21 23 26 23 25 49 28 30 32 23 31 38 32 20 34 21 20 24 2005 20 39 35125 21 118 181 1872 27 25 25 117 240 38 26 38 24 36 33 50 22 37 30 53 30 49 20 110
leaf_count=11459 1686 20 40 15936 30 31 36 40 26 80 30 25 27 22 25 38 21 23 26 23 25 49 28 30 32 23 31 38 32 20 34 21 20 24 2005 20 39 35125 21 118 181 1872 27 25 25 117 240 38 26 38 24 36 33 50 22 37 30 53 30 49 20 110
internal_value=5.03125e-05 0.0212187 -0.000474926 0.000966871 -0.00454508 0.0386594 0.077392 -0.112978 0.110987 0.094518 0.22938 0.292622 0.227245 0.405085 0.166785 0.683101 0.0322936 0.110073 0.415349 0.674224 1.00925 -0.0985181 -0.0153999 -0.0986047 0.0489734 -0.0645447 -0.0212416 0.153944 -0.164605 0.00812797 0.136974 -0.119 -0.134653 -0.166188 -0.00746857 0.326832 -0.282543 0.00373499 0.172494 0.00346466 0.043548 0.00232032 -0.0275616 -0.0594192 -0.0175089 0.0728347 0.0916239 0.0313555 0.0871 -0.000843935 0.159604 -0.125447 0.000900748 0.117949 0.133693 0.221546 0.12909 0.0907177 0.235981 0.0253525 0.476901 -0.0335435
internal_weight=70462 1706 68756 57297 19155 1214 967 247 812 776 245 215 189 130 70 60 531 333 97 74 51 198 236 155 86 208 185 69 59 149 74 75 45 54 17941 40 69 38142 61 38081 1057 37024 1899 216 176 766 648 151 113 87 49 116 54 531 481 158 116 323 83 79 42 291
internal_count=70462 1706 68756 57297 19155 1214 967 247 812 776 245 215 189 130 70 60 531 333 97 74 51 198 236 155 86 208 185 69 59 149 74 75 45 54 17941 40 69 38142 61 38081 1057 37024 1899 216 176 766 648 151 113 87 49 116 54 531 481 158 116 323 83 79 42 291
is_linear=0
shrinkage=0.05


Tree=108
num_leaves=63
num_cat=0
split_feature=107 98 104 11 44 104 110 101 55 87 67 87 8 101 79 16 16 49 25 57 52 28 101 101 11 67 17 106 94 101 66 55 87 40 101 17 14 79 46 87 110 61 42 66 101 61 8 52 28 101 62 101 17 101 101 28 42 66 66 67 48 77
split_gain=282.818 293.136 506.288 273.029 269.432 1139.79 481.165 262.157 249.044 3927.49 5400.88 229.986 883.227 1308.18 2264.09 1126.12 934.553 690.232 1253.15 684.196 915.386 475.503 275.286 1222.76 363.659 314.065 262.579 295.702 247.387 256.426 321.553 224.712 1416.65 3960.96 2748.42 3026.07 2378.6 1755.47 795.415 631.095 2259.76 862.45 1289.62 2172.08 3309.38 2577.75 3493.68 5256.86 1948.41 1418.04 1295.01 954.516 1069.56 942.749 2808.69 5590.42 1259.95 2058.03 814.489 1651.15 572.08 1241.51
threshold=29.500000000000004 1.0000000180025095e-35 7.5000000000000009 1.0000000180025095e-35 2.0000000000000004 1.0000000180025095e-35 163.50000000000003 7.5000000000000009 3.0000000000000004 1.0000000180025095e-35 2.5000000000000004 1.0000000180025095e-35 2.0000000000000004 6.5000000000000009 2.0000000000000004 3.5000000000000004 4.5000000000000009 4.0000000000000009 2.5000000000000004 4.0000000000000009 3.0000000000000004 2.0000000000000004 9.5000000000000018 7.5000000000000009 1.0000000180025095e-35 2.5000000000000004 3.0000000000000004 1.0000000180025095e-35 4.0000000000000009 15.500000000000002 2.0000000000000004 3.0000000000000004 1.0000000180025095e-35 3.5000000000000004 9.5000000000000018 3.0000000000000004 2.0000000000000004 2.0000000000000004 2.0000000000000004 1.0000000180025095e-35 69.750000000000014 3.5000000000000004 2.0000000000000004 2.0000000000000004 2.5000000000000004 4.5000000000000009 2.0000000000000004 3.0000000000000004 2.0000000000000004 13.500000000000002 2.5000000000000004 8.5000000000000018 3.0000000000000004 9.5000000000000018 11.500000000000002 2.0000000000000004 2.0000000000000004 2.0000000000000004 2.0000000000000004 2.5000000000000004 3.0000000000000004 2.5000000000000004
decision_type=10 2 2 2 2 2 10 2 2 2 2 2 2 2 2 2 2 2 2 2 2 2 2 2 2 2 2 2 2 2 2 2 2 2 2 2 2 2 2 2 10 2 2 2 2 2 2 2 2 2 2 2 2 2 2 2 2 2 2 2 2 2
left_child=4 3 -3 -2 6 -6 31 -5 9 -7 -11 28 13 14 -13 -16 22 18 -15 21 -21 -19 23 26 -24 -26 27 -14 -10 -30 -31 32 -1 36 35 -35 -34 -38 -39 -33 41 53 43 51 -45 46 47 -46 -48 58 -47 -43 -53 60 55 -55 -56 -58 59 -44 -41 -62
right_child=1 2 -4 7 5 8 -8 -9 11 10 -12 12 16 17 15 -17 -18 19 -20 20 -22 -23 24 -25 25 -27 -28 -29 29 30 -32 39 33 34 -36 -37 37 38 -40 40 -42 42 49 44 45 50 48 -49 -50 -51 -52 52 -54 54 56 -57 57 -59 -60 -61 61 -63
leaf_value=0.0056723383956353421 0.023040959730560102 -0.0041882418597546907 0.32589337149901049 -0.12646668816526091 0.32830636744145997 -0.01736976930508002 0.22577132394780286 0.0080847742464179289 0.0063692062170297497 -0.13545561069622636 0.85678220884874468 -0.14092301811884952 -0.069761168661609516 -0.12334358405483806 0.19326816160570492 0.7051578964505878 -0.35377631904857776 -0.039844827191925974 0.37889568430406079 -0.46986628515379769 -0.056556620171948062 0.19781740053246422 -0.010709403073556271 0.34141179345548156 -0.35928844349539801 -0.1007298414905866 0.020145555478619768 -0.2680142945968188 -0.0042297802621789017 0.026503299992708937 -0.23436730128747449 -0.0035277618826974272 -0.79702576401953895 0.76928598725277453 -0.23056044343746074 -0.060874603972548541 -0.6130403615179516 0.12485620012650123 -0.25920298674276898 -0.015035388072877576 0.56023309469223026 -0.19018675501990534 0.47354804112211524 0.66173031462563414 0.94110313049134087 -0.35735858399420978 0.2532172285517057 0.061860238629228931 -0.3267246369804655 -0.39943753147125244 0.15552426068112257 0.30150894182734195 -0.080255022021227113 0.83067534421720812 -0.095091755834060265 -0.13512656051537086 -0.096810957567336473 0.43132468019212999 -0.13141356378116392 -0.10803425814956427 0.0027191835624927828 -0.28610032235996591
leaf_weight=637 1510 26 21 62 27 375 23 87 18154 24 32 27 68 23 22 21 31 171 27 21 37 24 33 20 23 24 47 26 6283 21 27 41127 24 23 33 21 21 26 28 273 20 56 23 36 34 32 30 34 28 25 20 32 43 31 166 29 39 35 44 26 77 72
leaf_count=637 1510 26 21 62 27 375 23 87 18154 24 32 27 68 23 22 21 31 171 27 21 37 24 33 20 23 24 47 26 6283 21 27 41127 24 23 33 21 21 26 28 273 20 56 23 36 34 32 30 34 28 25 20 32 43 31 166 29 39 35 44 26 77 72
internal_value=4.77969e-05 0.0201578 0.143295 0.0166693 -0.000451179 0.00361421 -0.00286096 -0.0479031 0.00327124 0.0409569 0.431537 0.0026249 -0.0268461 0.0231178 0.217933 0.443261 -0.0953628 -0.021889 0.147866 -0.0554373 -0.206203 -0.0105941 -0.0621229 -0.0244538 -0.137932 -0.227259 -0.0763496 -0.124597 0.00340125 -0.00510931 -0.120236 -0.00298284 -0.0290208 -0.154586 0.114373 0.373073 -0.363777 -0.225137 -0.0742856 -0.00248277 0.0331831 0.0242878 0.0775545 0.126357 0.224515 0.13609 0.258325 0.501482 -0.0267547 -0.0651307 -0.160096 -0.0339934 0.0826309 -0.00987083 0.0578926 0.363871 -0.0186021 0.152983 0.0247367 0.164953 -0.0580439 -0.136845
internal_weight=70462 1706 47 1659 68756 25588 43168 149 25561 431 56 25130 645 373 70 43 272 303 50 253 58 195 241 161 80 47 141 94 24485 6331 48 43145 813 176 77 44 99 75 54 42332 1205 1185 463 345 214 178 126 68 58 118 52 131 75 722 300 60 240 74 93 49 422 149
internal_count=70462 1706 47 1659 68756 25588 43168 149 25561 431 56 25130 645 373 70 43 272 303 50 253 58 195 241 161 80 47 141 94 24485 6331 48 43145 813 176 77 44 99 75 54 42332 1205 1185 463 345 214 178 126 68 58 118 52 131 75 722 300 60 240 74 93 49 422 149
is_linear=0
shrinkage=0.05


Tree=109
num_leaves=63
num_cat=0
split_feature=107 72 110 107 109 67 77 111 85 113 114 100 40 43 63 16 42 87 8 100 66 16 100 8 100 87 114 8 22 12 97 72 87 100 106 28 40 47 42 28 100 65 51 42 89 94 107 85 100 40 41 100 28 114 85 52 65 106 24 94 114 113
split_gain=280.16 235.131 529.788 420.158 437.655 379.074 696.787 1075.35 619.167 541.604 7787.83 9798.45 1721.69 2173.49 4985.87 1302.23 1104.65 1402.4 1186.05 1050.12 741.298 825.453 557.819 546.756 495.496 830.056 1538.79 2124.49 602.472 913.291 405.705 421.727 564.34 1277.23 400.381 356.323 351.171 334.831 1194.21 485.209 460.811 320.703 315.671 574.461 298.899 407.47 460.973 736.08 367.947 289.245 1118.5 1968.3 2277.31 1388.52 771.725 442.59 575.195 617.309 280.559 268.353 251.641 243.499
threshold=147.00000000000003 1.0000000180025095e-35 149.50000000000003 76.500000000000014 86.500000000000014 2.5000000000000004 2.5000000000000004 1.5000000000000002 4.0000000000000009 4.5000000000000009 11.500000000000002 2022.5000000000002 3.5000000000000004 2.0000000000000004 2.5000000000000004 3.5000000000000004 2.0000000000000004 1.0000000180025095e-35 2.0000000000000004 2013.5000000000002 2.0000000000000004 3.5000000000000004 2011.5000000000002 2.0000000000000004 2018.5000000000002 1.0000000180025095e-35 18.500000000000004 2.0000000000000004 3.0000000000000004 1.0000000180025095e-35 1.5000000000000002 3.5000000000000004 1.0000000180025095e-35 2022.5000000000002 1.0000000180025095e-35 2.0000000000000004 3.5000000000000004 2.0000000000000004 2.0000000000000004 2.0000000000000004 2019.5000000000002 2.0000000000000004 2.5000000000000004 2.0000000000000004 -1.4999999999999998 4.0000000000000009 33.500000000000007 -1.4999999999999998 2015.5000000000002 3.5000000000000004 2.0000000000000004 2022.5000000000002 2.0000000000000004 11.500000000000002 4.0000000000000009 3.0000000000000004 2.0000000000000004 1.0000000180025095e-35 2.5000000000000004 4.0000000000000009 18.500000000000004 3.5000000000000004
decision_type=10 2 10 10 10 2 2 8 2 2 2 2 2 2 2 2 2 2 2 2 2 2 2 2 2 2 2 2 2 2 2 2 2 2 2 2 2 2 2 2 2 2 2 2 2 2 10 2 2 2 2 2 2 2 2 2 2 2 2 2 2 2
left_child=1 2 3 44 -5 -3 8 -8 -7 22 11 -11 13 14 -12 -16 17 41 -18 -19 21 -15 -9 -21 25 61 27 -27 49 -30 31 32 -10 -34 37 -36 -32 39 -39 40 42 -14 -33 -44 45 46 -1 -48 60 54 51 53 -53 -51 -26 -56 57 -57 -55 -20 -46 -24
right_child=-2 5 -4 4 -6 6 7 9 30 10 12 -13 16 20 15 -17 18 19 59 23 -22 -23 24 -25 28 26 -28 -29 29 -31 36 34 33 -35 35 -37 -38 38 -40 -41 -42 -43 43 -45 48 -47 47 -49 -50 50 -52 52 -54 58 55 56 -58 -59 -60 -61 -62 -63
leaf_value=0.024451467972159142 0.18264446968124026 -0.0046584124472793661 0.24887086830355903 0.30167980451217813 0.043928796514278633 0.00045710027289338085 0.3029073011920308 -0.15338400736743329 -0.049893926960331479 1.3867614419509968 0.89270106995105758 0.031324670910835267 0.026151092139923057 -0.087217921117941549 -0.18752276846047106 0.26269228512214288 0.3265045118119036 -0.6087761423804543 -0.2069465409286998 -0.079319903509957448 -0.12208717247471212 0.27020147928169796 0.030053880051235826 -0.39741631502454933 -0.00031420468975473467 0.033634446485137401 -0.18505063311507305 0.54400535845932996 -0.036295158207854804 -0.40077781107114713 -0.004042892158031464 -0.074370103539390997 -0.4242097983027206 0.064720708809115665 0.0065805364597158944 0.24287275760262103 -0.24692402500659227 0.27936896543417661 -0.099894760899684021 -0.1582605334486635 -0.2067583572979157 -0.1798988071198647 0.009170687197380371 0.30018121349540627 -0.008331018750426418 -0.010958634846385387 0.027449693053196639 0.37938653590972538 0.0069801300547075052 0.3282480207444341 0.0011462671738180902 0.67587940061775353 -0.012915619760751723 0.073716229218989612 -0.29630092713050543 -0.1005777318354534 -0.26690696434214195 0.23215789288282396 -0.14345414249932972 0.013568053535512976 0.01359147298377825 -0.022862241333050114
leaf_weight=2326 21 34430 22 23 58 2579 33 51 176 24 25 30 69 30 29 36 28 22 22 35 80 35 1762 22 627 44 24 38 68 23 22 55 34 22 39 27 46 35 51 84 26 26 74 22 9834 929 39 24 12688 27 1516 30 20 20 32 46 29 20 58 37 1510 248
leaf_count=2326 21 34430 22 23 58 2579 33 51 176 24 25 30 69 30 29 36 28 22 22 35 80 35 1762 22 627 44 24 38 68 23 22 55 34 22 39 27 46 35 51 84 26 26 74 22 9834 929 39 24 12688 27 1516 30 20 20 32 46 29 20 58 37 1510 248
internal_value=4.5407e-05 -9.02976e-06 0.00360583 0.00340912 0.117117 -0.00231755 0.00710006 0.0183804 -0.0109444 0.0165862 0.0635233 0.633741 0.0014431 0.0996163 0.292625 0.0618271 -0.0869504 -0.159686 0.0585209 -0.315347 -0.0201825 0.105239 0.0110736 -0.202094 0.0128843 0.0307164 0.167084 0.270148 -0.00211281 -0.128417 -0.052185 -0.0399387 -0.0938819 -0.23213 -0.00963645 0.103246 -0.168345 -0.0311068 0.0544568 -0.0593002 -0.0123359 -0.0302415 0.0211408 0.0758606 0.00307236 0.0171396 0.0280661 0.161521 0.00113015 0.00262686 0.0142265 0.14216 0.400361 0.0192065 -0.02308 -0.135475 -0.0813023 0.000251245 -0.0877694 -0.0686577 -0.00541292 0.0235249
internal_weight=70462 70441 27453 27431 81 42988 8558 5266 3292 5233 550 54 496 235 90 65 261 174 87 79 145 65 4683 57 4632 2116 106 82 2516 91 713 645 232 56 413 66 68 347 86 261 177 95 151 96 27350 3318 2389 63 24032 2425 1671 155 50 105 754 127 95 66 78 59 11344 2010
internal_count=70462 70441 27453 27431 81 42988 8558 5266 3292 5233 550 54 496 235 90 65 261 174 87 79 145 65 4683 57 4632 2116 106 82 2516 91 713 645 232 56 413 66 68 347 86 261 177 95 151 96 27350 3318 2389 63 24032 2425 1671 155 50 105 754 127 95 66 78 59 11344 2010
is_linear=0
shrinkage=0.05


Tree=110
num_leaves=63
num_cat=0
split_feature=110 110 41 77 85 110 97 61 101 94 114 113 79 106 114 113 46 114 105 101 43 101 28 48 114 114 16 11 11 114 12 79 113 49 42 48 48 63 94 46 101 87 113 101 97 52 11 114 22 67 66 113 48 113 58 97 11 63 52 40 12 28
split_gain=393.142 592.213 365.726 346.206 867.292 2743.98 1055.21 1137.47 1496.47 1413.99 1912.28 10584.4 1740.02 1431.59 1197.73 1097.1 2818.11 1056.23 1877.05 1869.58 989.633 1024.81 2336.94 1563.53 928.587 1495.96 2900.07 2036.23 1221.71 3050.28 7267.13 2687.79 1930.14 2514.45 1986.27 3109.02 1808.32 3055.22 1695.82 1204.07 1155.58 1117.56 843.672 715.449 678.041 943.888 902.081 1551.33 690.099 1371.96 649.354 824.105 1272.98 627.014 616.734 1001.91 1057.92 1634.88 990.642 1169.88 827.228 679.016
threshold=143.25000000000003 178.50000000000003 2.0000000000000004 2.5000000000000004 1.0000000180025095e-35 98.750000000000014 3.0000000000000004 3.5000000000000004 15.500000000000002 2.0000000000000004 11.500000000000002 4.5000000000000009 2.0000000000000004 1.0000000180025095e-35 16.500000000000004 5.5000000000000009 2.0000000000000004 17.500000000000004 1.0000000180025095e-35 14.500000000000002 2.0000000000000004 3.5000000000000004 2.0000000000000004 3.0000000000000004 14.500000000000002 12.500000000000002 4.5000000000000009 2.0000000000000004 2.0000000000000004 16.500000000000004 1.0000000180025095e-35 2.0000000000000004 5.5000000000000009 4.0000000000000009 2.0000000000000004 3.0000000000000004 3.0000000000000004 2.5000000000000004 4.0000000000000009 2.0000000000000004 10.500000000000002 1.0000000180025095e-35 5.5000000000000009 8.5000000000000018 1.5000000000000002 3.0000000000000004 2.0000000000000004 9.5000000000000018 3.0000000000000004 2.5000000000000004 2.0000000000000004 4.5000000000000009 3.0000000000000004 5.5000000000000009 3.0000000000000004 1.5000000000000002 2.0000000000000004 2.5000000000000004 3.0000000000000004 3.5000000000000004 1.0000000180025095e-35 2.0000000000000004
decision_type=10 10 2 2 2 10 2 2 2 2 2 2 2 2 2 2 2 2 2 2 2 2 2 2 2 2 2 2 2 2 2 2 2 2 2 2 2 2 2 2 2 2 2 2 2 2 2 2 2 2 2 2 2 2 2 2 2 2 2 2 2 2
left_child=3 2 -2 42 -5 6 7 8 17 15 11 12 -11 -14 -10 -9 -17 19 -19 44 24 22 23 -22 25 27 41 -12 29 30 -26 43 33 -31 35 40 -33 -38 -39 -40 -35 -27 -1 -30 46 -46 48 -48 53 -50 -23 52 -52 -6 -20 56 61 -58 59 -59 -60 -56
right_child=1 -3 -4 4 5 -7 -8 9 14 10 20 -13 13 -15 -16 16 -18 18 54 -21 21 50 -24 -25 28 26 -28 -29 31 32 -32 36 -34 34 -36 -37 37 38 39 -41 -42 -43 -44 -45 45 -47 47 -49 49 -51 51 -53 -54 -55 55 -57 57 58 60 -61 -62 -63
leaf_value=-0.0016409122405505079 -0.22647131176240612 0.14509620113032204 -0.017313082250907566 0.00074601984453184843 0.00076650174005943187 0.44425499771650023 -0.11564295306745778 -0.047632693119141256 0.49078776442578864 -0.24118461428663218 -0.12581195289438421 1.0950543779134752 0.026711186863421638 0.47829772107876267 0.014644463732838632 0.62289172509177171 -0.14601197265661681 0.50708970383486962 -0.02807150094179503 -0.38125216795338529 0.70230837622657427 0.029221438694011122 -0.23186936461925509 0.12765293974943201 0.012726622819900514 -0.1262361741409852 0.26935296106982876 0.52220751720446124 -0.092723406404256831 -0.37003744530581661 0.99193913135677581 -0.042474879778739885 0.51423145259420078 0.27346762337467889 -0.18287970981427604 -0.066121505544735837 0.75334458333253862 0.44263086142363373 -0.27807107719558255 0.19865125062373967 0.7703317524492741 -0.5136255143017604 -0.093909212257563476 -0.50592096854339952 0.35354120942025352 -0.01557510441472364 -0.36723640456519546 -0.051879729122047927 0.38792548291385176 -0.11834485203675603 -0.30706265712606501 -0.28916610126592673 0.095319724023784899 -0.25845497573415438 -0.06551760820781484 -0.23976770717164744 0.50813899175687272 0.03605987610561507 0.10047466328465625 0.55779926835305316 -0.27327053256332878 0.1453640507030316
leaf_weight=49235 57 21 33 17209 833 39 133 371 28 37 22 30 54 26 25 22 26 22 224 36 20 137 25 29 40 52 37 27 20 31 36 82 24 22 35 39 25 27 27 26 25 29 249 22 29 43 43 419 32 23 29 49 61 24 102 23 33 21 57 22 20 61
leaf_count=49235 57 21 33 17209 833 39 133 371 28 37 22 30 54 26 25 22 26 22 224 36 20 137 25 29 40 52 37 27 20 31 36 82 24 22 35 39 25 27 27 26 25 29 249 22 29 43 43 419 32 23 29 49 61 24 102 23 33 21 57 22 20 61
internal_value=3.21483e-05 -0.0939926 -0.14978 0.000180084 0.00554847 0.0269814 0.0227179 0.027713 0.00384968 0.0600598 0.0888191 0.257183 0.0423446 0.173477 0.266192 -0.0185308 0.206402 -0.00287704 0.0540116 -0.0253331 0.06402 -0.00372785 0.161505 0.362206 0.100612 -0.000967793 -0.0974014 0.23126 0.13588 0.211843 0.476564 0.0522882 0.0975309 0.0317361 0.13467 0.263905 0.133469 0.270873 0.120101 -0.0442073 0.537757 -0.264931 -0.0021052 -0.30916 -0.016472 0.133097 -0.0243097 -0.0812311 0.0045255 0.176212 -0.0480294 -0.124169 -0.0343368 -0.00649291 0.0363069 0.0788461 0.102036 0.196465 0.110754 0.302996 0.00339799 0.0134013
internal_weight=70660 111 90 70549 21065 3856 3817 3684 2120 1564 1145 147 117 80 53 419 48 2067 585 1482 998 350 74 49 648 167 118 49 481 252 76 229 176 152 121 86 187 105 80 53 47 81 49484 42 1446 72 1374 462 912 55 276 139 90 857 563 339 316 153 120 43 77 163
internal_count=70660 111 90 70549 21065 3856 3817 3684 2120 1564 1145 147 117 80 53 419 48 2067 585 1482 998 350 74 49 648 167 118 49 481 252 76 229 176 152 121 86 187 105 80 53 47 81 49484 42 1446 72 1374 462 912 55 276 139 90 857 563 339 316 153 120 43 77 163
is_linear=0
shrinkage=0.05


Tree=111
num_leaves=63
num_cat=0
split_feature=108 110 113 110 77 113 73 98 41 113 61 66 42 12 114 76 100 14 100 49 100 114 113 94 70 87 87 54 52 67 16 67 54 113 14 43 114 114 11 97 114 94 22 8 87 114 67 12 74 40 113 100 25 100 112 44 65 52 8 8 91 62
split_gain=356.702 510.284 344.566 306.751 358.312 761.517 610.137 1232.71 3076.98 1298.05 877.63 915.123 1397.37 2121.46 3888.68 11199.6 5617.01 2751.42 4533.39 3643.54 5951.35 3161.69 10466.7 3132.17 1903.39 3490.01 2278.96 2396.46 1805.97 2368.01 1348.2 1262.82 1045.59 705.088 677.753 770.825 1441.72 1022.37 1976.58 820.615 583.139 947.556 578.263 575.528 567.05 2081.86 696.299 508.468 498.497 649.82 497.002 767.946 490.386 1551.07 825.411 572.675 961.888 2266.07 3363.6 1741.92 1206.99 1249.52
threshold=165.00000000000003 143.25000000000003 2.5000000000000004 15.750000000000002 2.5000000000000004 5.5000000000000009 2.5000000000000004 1.0000000180025095e-35 2.0000000000000004 3.5000000000000004 2.5000000000000004 2.0000000000000004 2.0000000000000004 1.0000000180025095e-35 12.500000000000002 3.5000000000000004 2022.5000000000002 4.0000000000000009 2016.5000000000002 4.0000000000000009 2017.5000000000002 18.500000000000004 4.5000000000000009 4.0000000000000009 2.0000000000000004 1.0000000180025095e-35 1.0000000180025095e-35 2.0000000000000004 3.0000000000000004 2.5000000000000004 3.5000000000000004 2.5000000000000004 2.0000000000000004 3.5000000000000004 2.0000000000000004 2.0000000000000004 9.5000000000000018 19.500000000000004 2.0000000000000004 1.5000000000000002 11.500000000000002 2.0000000000000004 3.0000000000000004 2.0000000000000004 1.0000000180025095e-35 17.500000000000004 2.5000000000000004 1.0000000180025095e-35 2.5000000000000004 3.5000000000000004 5.5000000000000009 2018.5000000000002 2.5000000000000004 2013.5000000000002 1.0000000180025095e-35 2.0000000000000004 2.0000000000000004 3.0000000000000004 2.0000000000000004 2.0000000000000004 2.0000000000000004 2.5000000000000004
decision_type=10 10 2 8 2 2 2 2 2 2 2 2 2 2 2 2 2 2 2 2 2 2 2 2 2 2 2 2 2 2 2 2 2 2 2 2 2 2 2 2 2 2 2 2 2 2 2 2 2 2 2 2 2 2 10 2 2 2 2 2 2 2
left_child=1 3 -3 -1 5 -5 50 10 9 -9 33 52 13 34 15 16 -15 19 32 -16 -21 23 -23 -20 25 -14 40 31 29 -25 -22 -28 -19 42 -13 37 -37 39 -39 -36 41 -26 -8 47 -35 46 -46 -7 -45 -50 -6 -52 53 -12 -55 56 59 -58 -59 -54 -61 -62
right_child=-2 2 -4 4 6 43 7 8 -10 -11 11 12 24 14 17 -17 -18 18 21 20 30 22 -24 28 26 -27 27 -29 -30 -31 -32 -33 -34 44 35 36 -38 38 -40 -41 -42 -43 -44 48 45 -47 -48 -49 49 -51 51 -53 55 54 -56 -57 57 58 -60 60 61 -63
leaf_value=-0.0091893107458838261 0.20133057615973732 -0.026445607395310489 -0.2090066194844743 -0.00067826099572935485 0.002116585341796776 -0.10256413637120049 0.00085666507209045074 0.29459901434103297 0.62207012631697589 -0.1337750915515547 0.39820254618922868 -0.090539932866166864 0.021831834486996136 -0.41254193725494243 -0.153000956966031 1.4233502330987351 0.70200896084308628 -0.15803454719483853 0.49431984573602678 0.9430146425962449 -0.17445256969203121 1.3735202628374101 -0.093596514602822645 -0.77615445017814633 -0.079699892881104642 0.69594444483518603 0.22053521004590124 -0.58578655402629809 0.10035768679210118 -0.0067374551296234125 0.37304014807397667 -0.28182596071013094 -0.54852354605992637 -0.044549881790584257 0.089596187603382171 0.38495226605307487 -0.047601364045743652 0.60846308555316053 0.065027912469072788 -0.17028398864409502 -0.033099336312740174 0.38020013204465308 0.25659946028305142 -0.11232873448958765 -0.22441210462539285 0.15224336485068005 -0.60335402428595863 -0.33295692117775189 -0.053978003689220982 0.27601961619220677 0.38815808354743891 -0.039444843537750698 -0.13093273428235128 -0.017592315781426612 0.30531866657970985 -0.07512829776981618 -0.21866022938719165 0.76401593581988259 -0.0071394299307177139 0.018830095893349007 0.55966668180797408 0.026216158111180578
leaf_weight=7846 22 56 48 43754 14938 81 567 28 30 48 30 90 96 26 31 23 20 40 24 38 23 20 31 20 21 24 22 39 35 20 22 29 30 253 285 21 233 27 44 34 206 24 23 65 27 27 22 34 35 26 21 21 194 197 22 294 26 26 31 226 23 21
leaf_count=7846 22 56 48 43754 14938 81 567 28 30 48 30 90 96 26 31 23 20 40 24 38 23 20 31 20 21 24 22 39 35 20 22 29 30 253 285 21 233 27 44 34 206 24 23 65 27 27 22 34 35 26 21 21 194 197 22 294 26 26 31 226 23 21
internal_value=3.05409e-05 -3.21534e-05 -0.110705 0.000131029 0.00129756 -0.00116647 0.00709679 0.025241 0.193299 0.0240469 0.0203022 0.0347232 0.0588178 0.0885898 0.180763 0.52248 0.0720454 0.110168 0.00686446 0.309526 0.482277 0.161915 0.481743 -0.00284488 -0.014611 0.156654 -0.0748804 -0.290743 -0.161938 -0.391446 0.0932105 -0.0651211 -0.325387 -0.0218781 0.0379827 0.0559439 -0.0118391 0.10009 0.271686 0.0618974 0.00252049 0.16558 0.0108263 -0.0898022 -0.0805272 -0.200294 -0.394549 -0.17068 -0.0159848 0.0866767 0.0025995 0.174357 -0.000600797 0.0610337 0.0148462 -0.0188493 0.0113994 0.168168 0.344616 -0.0166433 0.0654758 0.305065
internal_weight=70660 70638 104 70534 62688 43995 18693 3713 106 76 3607 2688 1598 1137 403 69 46 334 220 114 83 150 51 99 461 120 341 90 75 40 45 51 70 919 734 644 254 390 71 319 251 45 590 241 329 76 49 115 126 61 14980 42 1090 249 219 841 547 83 57 464 270 44
internal_count=70660 70638 104 70534 62688 43995 18693 3713 106 76 3607 2688 1598 1137 403 69 46 334 220 114 83 150 51 99 461 120 341 90 75 40 45 51 70 919 734 644 254 390 71 319 251 45 590 241 329 76 49 115 126 61 14980 42 1090 249 219 841 547 83 57 464 270 44
is_linear=0
shrinkage=0.05


Tree=112
num_leaves=63
num_cat=0
split_feature=107 108 113 114 114 110 104 110 114 77 87 113 114 110 85 63 65 100 43 114 22 14 113 43 65 54 114 14 100 46 43 40 54 16 52 72 114 52 40 100 100 68 16 40 40 113 100 42 43 16 69 87 114 14 65 80 101 11 25 110 94 94
split_gain=345.28 441.344 278.614 895.168 700.375 274.171 322.172 313.066 307.443 292.88 597.953 2008.14 2748.49 2344.63 1942.84 1647.82 8013.87 5627.69 5459.76 12929.9 2303.11 3365.32 2444.35 1449.57 1348.4 3338.47 4741.86 1763.82 3467.63 5382.17 4178.81 6478.97 1329.13 1497.52 1459.64 1288.33 1266.21 1911.1 1061.99 1042.2 967.064 828.195 800.092 604.157 588.636 487.168 646.932 1440.07 754.374 609.326 400.316 836.055 1132.7 509.806 486.055 681.317 412.152 1550.2 2488.11 342.211 307.285 925.077
threshold=128.50000000000003 149.00000000000003 6.5000000000000009 13.500000000000002 19.500000000000004 15.750000000000002 5.5000000000000009 143.25000000000003 2.5000000000000004 2.5000000000000004 1.0000000180025095e-35 2.5000000000000004 8.5000000000000018 51.750000000000007 4.0000000000000009 2.5000000000000004 2.0000000000000004 2011.5000000000002 2.0000000000000004 15.500000000000002 3.0000000000000004 4.0000000000000009 4.5000000000000009 2.0000000000000004 2.0000000000000004 2.0000000000000004 16.500000000000004 4.0000000000000009 2018.5000000000002 2.0000000000000004 2.0000000000000004 3.5000000000000004 2.0000000000000004 3.5000000000000004 3.0000000000000004 3.5000000000000004 15.500000000000002 3.0000000000000004 3.5000000000000004 2020.5000000000002 2015.5000000000002 2.0000000000000004 4.5000000000000009 3.5000000000000004 3.5000000000000004 5.5000000000000009 2018.5000000000002 2.0000000000000004 2.0000000000000004 3.5000000000000004 3.0000000000000004 1.0000000180025095e-35 17.500000000000004 2.0000000000000004 2.0000000000000004 3.5000000000000004 14.500000000000002 2.0000000000000004 2.5000000000000004 33.750000000000007 4.0000000000000009 2.0000000000000004
decision_type=10 10 2 2 2 8 2 10 2 2 2 2 2 10 2 2 2 2 2 2 2 2 2 2 2 2 2 2 2 2 2 2 2 2 2 2 2 2 2 2 2 2 2 2 2 2 2 2 2 2 2 2 2 2 2 2 2 2 2 8 2 2
left_child=1 2 5 -4 -5 -1 -7 8 -8 45 60 14 -13 15 -12 16 17 -14 19 -18 24 -22 -23 36 27 26 -26 32 29 30 31 -29 34 -34 -17 -30 38 -38 -19 44 -31 -39 43 -37 -25 50 47 -47 49 -48 56 -52 53 -53 55 -55 -10 58 59 -58 61 -11
right_child=-2 -3 3 4 -6 6 7 -9 9 10 11 12 13 -15 -16 20 18 23 -20 -21 21 22 -24 39 25 -27 -28 28 35 40 -32 -33 33 -35 -36 42 37 41 -40 -41 -42 -43 -44 -45 -46 46 48 -49 -50 -51 51 52 -54 54 -56 -57 57 -59 -60 -61 -62 -63
leaf_value=-0.0086587843258963508 0.18220413986306927 -0.2190277776316456 0.18133096826076509 -0.26000984614448891 0.054013221911512893 -0.0030803717108340597 -0.0080373298190396427 -0.1071444224034037 0.0090255085537963974 0.010630832603819125 -0.038724060639339898 0.59705633396903679 0.79185340523719794 0.56505824611945588 -0.59326070926406171 -0.43838884549481527 1.7027665061255295 -0.55450063450583098 -0.020875093821556338 0.22774193586829383 0.16230800354646313 -0.12502228785306216 -0.73387134487138084 0.13581683348726345 0.56861520505377228 -0.47583881895989183 -0.41231667385859927 0.33135316579238228 0.23727522004180801 -0.20144881645894866 0.12189933921282109 1.5315543768758124 -0.20013103570256915 0.34671759247299166 0.0063887465936251185 -0.11670670912911495 -0.31140103401281899 -0.041059461647066579 -0.16476884948259052 0.3639397058486939 0.21568211453656355 0.3437533503191339 0.073148459737951116 -0.47531829452061136 -0.1975042550896223 -0.08969986341720404 -0.13916302586772614 0.37214413384596506 0.036600601136684417 -0.48249306927124663 -0.0020975339792305174 0.17700676005333663 -0.34728265896439559 -0.1324896729402244 -0.27498461466569168 0.18306861970609487 0.20650365311652422 -0.16232123378966307 0.65424664653837683 -0.054147451590089241 0.00061480498222145081 0.080439358512269077
leaf_weight=7841 26 23 25 56 26 25424 4377 63 10120 5125 56 24 20 22 22 35 24 29 31 39 36 32 34 27 28 40 22 23 26 33 26 22 21 31 39 24 39 29 44 25 24 27 22 23 26 86 28 21 25 24 9877 22 40 50 26 26 20 37 24 34 5666 523
leaf_count=7841 26 23 25 56 26 25424 4377 63 10120 5125 56 24 20 22 22 35 24 29 31 39 36 32 34 27 28 40 22 23 26 33 26 22 21 31 39 24 39 29 44 25 24 27 22 23 26 86 28 21 25 24 9877 22 40 50 26 26 20 37 24 34 5666 523
internal_value=2.90138e-05 -3.80439e-05 3.32873e-05 -0.0805882 -0.160442 0.000155642 0.00125859 0.0042209 0.00440963 0.00607067 0.0121548 0.0487235 0.0688087 0.0550732 -0.195132 0.0426207 0.125512 -0.0147251 0.522353 0.789656 -0.0125381 -0.226561 -0.438672 -0.0803006 0.0371894 -0.13537 0.137005 0.081689 0.166181 0.336041 0.626545 0.918118 -0.0678488 0.125875 -0.203979 -0.0626827 -0.163002 -0.0426739 -0.319594 0.0978261 -0.0258147 0.144475 -0.17571 -0.292197 -0.0276992 0.00240146 -0.0785899 0.000942416 -0.189109 -0.297623 0.00313644 -0.00395666 -0.115924 -0.0412915 -0.0883755 -0.0245355 0.0100951 0.104218 0.230654 0.04239 0.00884181 0.017095
internal_weight=70660 70634 70611 107 82 70504 62663 37239 37176 32799 12339 1025 947 923 78 901 360 266 94 63 541 102 66 246 439 90 50 349 223 128 71 45 126 52 74 95 168 95 73 78 57 56 69 47 53 20460 184 107 77 52 20276 10041 164 124 102 76 10235 115 78 54 11314 5648
internal_count=70660 70634 70611 107 82 70504 62663 37239 37176 32799 12339 1025 947 923 78 901 360 266 94 63 541 102 66 246 439 90 50 349 223 128 71 45 126 52 74 95 168 95 73 78 57 56 69 47 53 20460 184 107 77 52 20276 10041 164 124 102 76 10235 115 78 54 11314 5648
is_linear=0
shrinkage=0.05


Tree=113
num_leaves=63
num_cat=0
split_feature=108 110 113 113 114 114 8 112 104 77 55 12 66 16 12 46 28 65 63 24 52 65 20 91 28 11 48 65 67 100 114 113 114 40 21 52 47 40 100 68 8 47 67 12 62 94 113 67 11 114 68 107 107 76 103 20 15 100 114 46 113 8
split_gain=331.235 433.899 309.522 252.015 807.889 632.088 332.913 258.021 569.396 326.74 625.362 1447.57 2090.02 552.38 883.206 2080.98 5787.19 8408.27 7810.01 4429.3 9611.19 2265.32 2100.85 2081.51 3820.23 3953.53 4632.04 3895.22 2884.18 4217.27 1940.63 1740.01 2336.18 1511.31 1345.02 1281.3 1193.05 1119.89 1079.28 1962.2 897.761 622.175 573.321 499.333 990.125 1919.61 755.128 839.131 412.769 354.891 354.221 291.975 665.48 287.992 279.533 253.982 271.81 258.191 865.625 585.85 243.69 491.49
threshold=165.00000000000003 143.25000000000003 2.5000000000000004 6.5000000000000009 13.500000000000002 19.500000000000004 2.0000000000000004 1.0000000180025095e-35 1.0000000180025095e-35 2.5000000000000004 3.0000000000000004 1.0000000180025095e-35 2.0000000000000004 2.5000000000000004 1.0000000180025095e-35 2.0000000000000004 2.0000000000000004 2.0000000000000004 2.5000000000000004 2.5000000000000004 3.0000000000000004 2.0000000000000004 2.5000000000000004 2.0000000000000004 2.0000000000000004 2.0000000000000004 3.0000000000000004 2.0000000000000004 2.5000000000000004 2015.5000000000002 15.500000000000002 4.5000000000000009 14.500000000000002 3.5000000000000004 2.5000000000000004 3.0000000000000004 2.0000000000000004 3.5000000000000004 2016.5000000000002 2.0000000000000004 2.0000000000000004 2.0000000000000004 2.5000000000000004 1.0000000180025095e-35 2.5000000000000004 2.0000000000000004 3.5000000000000004 2.5000000000000004 2.0000000000000004 14.500000000000002 2.0000000000000004 36.500000000000007 53.500000000000007 3.5000000000000004 1.0000000180025095e-35 2.5000000000000004 3.0000000000000004 2010.5000000000002 15.500000000000002 2.0000000000000004 5.5000000000000009 2.0000000000000004
decision_type=10 10 2 2 2 2 2 8 2 2 2 2 2 2 2 2 2 2 2 2 2 2 2 2 2 2 2 2 2 2 2 2 2 2 2 2 2 2 2 2 2 2 2 2 2 2 2 2 2 2 2 10 8 2 2 2 2 2 2 2 2 2
left_child=1 3 -3 7 -5 6 -6 54 -9 10 11 -10 -13 43 55 19 17 34 -19 20 -16 36 -21 24 25 26 37 31 35 -30 -20 32 -26 -33 41 -27 48 -24 40 -40 50 -17 -41 51 46 -46 53 -48 -18 -38 -36 -11 -53 -45 -1 56 -15 58 -57 -60 -12 -62
right_child=-2 2 -4 4 5 -7 -8 8 9 13 60 12 -14 14 15 16 21 18 30 22 -22 -23 23 -25 27 28 -28 -29 29 -31 -32 33 -34 -35 38 -37 49 -39 39 42 -42 -43 -44 44 45 -47 47 -49 -50 -51 -52 52 -54 -55 -56 57 -58 -59 59 -61 61 -63
leaf_value=-0.001716279384795318 0.1940084188837897 -0.022227019823289344 -0.19525559426789796 0.17226443266868594 -0.11125538909435273 0.051312559355910004 -0.35648836147400642 -0.12805502239940128 -0.017757397544291207 -0.0011126849935549326 0.0012046635827650521 0.0132076274002752 -0.5585313093481642 -0.0081943043462145582 1.3984817208633538 0.035963438953394482 -0.16882039416920058 1.2343935742442098 0.4745901793241501 -0.34421107106738624 0.021868985076434911 -0.6921999410346702 0.12055653660528121 0.48569463096997317 -0.088600633442401891 -0.64202583951827807 0.62714403545534292 0.74544937049641335 0.54985086218170498 -0.3321295767570987 -0.1988464379310608 0.14705672546782916 0.59624000381339681 -0.38479349450631578 -0.49948472082614903 -0.21136965915230255 -0.17998924594372512 -0.31568245122741379 0.31926608769332665 -0.28652342072554998 0.006076103153842269 0.41727651000022892 -0.0077711814871201145 0.09636037644964679 -0.22308788022824697 0.44524011899801819 -0.13078478683912478 -0.48643072368922058 -0.44372067865398201 0.085446801891221724 -0.23771198596077739 0.33926855493336916 -0.06373129011619659 -0.13457665193860455 -0.017870485695744846 -0.11395058362714705 -0.11949421060421775 0.013561550588341144 0.093623630440718419 0.42427226049559458 -0.15074505157386647 0.023060807042262134
leaf_weight=26110 22 56 48 25 25 26 31 83 277 5080 27797 31 33 476 21 23 22 28 23 27 32 27 31 34 20 39 37 34 23 33 20 34 33 22 24 31 20 28 34 35 25 20 39 27 21 22 43 27 36 34 28 20 21 27 2984 31 62 6117 37 21 78 85
leaf_count=26110 22 56 48 25 25 26 31 83 277 5080 27797 31 33 476 21 23 22 28 23 27 32 27 31 34 20 39 37 34 23 33 20 34 33 22 24 31 20 28 34 35 25 20 39 27 21 22 43 27 36 34 28 20 21 27 2984 31 62 6117 37 21 78 85
internal_value=2.75631e-05 -3.28517e-05 -0.102086 0.000117623 -0.0765588 -0.152419 -0.247009 0.000234117 0.00277323 0.00303647 2.64016e-05 -0.0672754 -0.281595 0.00961519 0.0181949 0.0642346 -0.0145334 0.109386 0.58453 0.136261 0.567319 -0.281093 0.0826312 0.111515 0.0766602 -0.0531653 0.188567 0.278207 -0.237343 0.0301124 0.161364 0.132462 0.33781 -0.0618844 -0.038576 -0.451307 -0.181987 -0.0864721 -0.0971244 0.00484862 -0.240152 0.213318 -0.139613 -0.00281471 -0.0878969 0.118847 -0.15959 -0.267963 -0.339448 -0.0128628 -0.35853 -4.01144e-05 0.132854 -0.0191081 -0.00337312 0.0119348 -0.0210207 0.0147917 0.0993407 0.213341 0.000847213 -0.0601101
internal_weight=70660 70638 104 70534 107 82 56 70427 41333 41250 28301 341 64 12949 7661 917 438 299 71 479 53 139 426 399 365 222 96 143 126 56 43 109 53 56 228 70 112 59 185 108 77 43 74 5288 167 43 124 70 58 54 52 5121 41 54 29094 6744 538 6206 89 58 27960 163
internal_count=70660 70638 104 70534 107 82 56 70427 41333 41250 28301 341 64 12949 7661 917 438 299 71 479 53 139 426 399 365 222 96 143 126 56 43 109 53 56 228 70 112 59 185 108 77 43 74 5288 167 43 124 70 58 54 52 5121 41 54 29094 6744 538 6206 89 58 27960 163
is_linear=0
shrinkage=0.05


Tree=114
num_leaves=63
num_cat=0
split_feature=110 110 41 61 12 109 46 100 55 8 44 100 100 67 65 63 100 11 114 113 113 67 113 114 8 55 114 52 100 62 65 63 11 106 72 8 61 11 62 114 8 21 62 114 52 46 114 8 100 85 113 113 104 114 104 76 87 69 114 100 44 80
split_gain=268.76 537.618 322.601 251.112 886.595 3523.28 2385.38 3415.66 10212.9 4495.33 2869.71 3744.48 2800.56 1703.9 3017.01 3925.64 2705.88 1754.14 1590.23 1570.83 1579.42 1488.74 1921.06 2434.19 3045.08 1585.85 2351.04 1320.22 1582.42 882.3 866.41 817.44 784.324 713.172 1120.9 1457.4 1489.76 1445.05 3222.33 950.217 826.779 700.172 672.241 963.087 1089.9 647.199 630.594 538.747 497.145 490.399 403.084 325.562 303.447 289.678 321.066 1258.23 320.999 1554.65 1227.08 1066.79 1264.02 1010.48
threshold=143.25000000000003 178.50000000000003 2.0000000000000004 3.5000000000000004 1.0000000180025095e-35 85.500000000000014 2.0000000000000004 2020.5000000000002 3.0000000000000004 2.0000000000000004 2.0000000000000004 2011.5000000000002 2011.5000000000002 2.5000000000000004 2.0000000000000004 2.5000000000000004 2015.5000000000002 2.0000000000000004 15.500000000000002 4.5000000000000009 3.5000000000000004 2.5000000000000004 3.5000000000000004 15.500000000000002 2.0000000000000004 3.0000000000000004 16.500000000000004 3.0000000000000004 2016.5000000000002 2.5000000000000004 2.0000000000000004 2.5000000000000004 2.0000000000000004 1.0000000180025095e-35 3.5000000000000004 2.0000000000000004 2.5000000000000004 2.0000000000000004 2.5000000000000004 12.500000000000002 2.0000000000000004 2.5000000000000004 2.5000000000000004 16.500000000000004 3.0000000000000004 2.0000000000000004 17.500000000000004 2.0000000000000004 2024.5000000000002 -1.4999999999999998 3.5000000000000004 6.5000000000000009 1.0000000180025095e-35 17.500000000000004 1.5000000000000002 3.5000000000000004 1.0000000180025095e-35 3.0000000000000004 18.500000000000004 2013.5000000000002 2.0000000000000004 3.5000000000000004
decision_type=10 10 2 2 2 10 2 2 2 2 2 2 2 2 2 2 2 2 2 2 2 2 2 2 2 2 2 2 2 2 2 2 2 2 2 2 2 2 2 2 2 2 2 2 2 2 2 2 2 2 2 2 2 2 2 2 2 2 2 2 2 2
left_child=3 2 -2 33 52 6 7 10 -9 18 11 -6 -8 14 15 17 -17 -13 -10 20 -15 25 49 24 -24 26 -14 28 -12 31 42 -25 -21 51 35 48 -37 40 39 -39 50 -38 43 44 -27 -42 -44 -41 -35 -23 -36 53 -5 -1 55 -55 -56 58 -58 -60 61 -61
right_child=1 -3 -4 4 5 -7 12 8 9 -11 27 13 21 19 -16 16 -18 -19 -20 32 -22 22 23 29 -26 30 -28 -29 -30 -31 -32 -33 -34 34 37 36 41 38 -40 47 45 -43 46 -45 -46 -47 -48 -49 -50 -51 -52 -53 -54 54 56 -57 57 -59 59 60 -62 -63
leaf_value=-0.002341617339614467 -0.20289637497381163 0.15008696459588552 -0.0064565573000546668 -0.16782446847512172 0.64650662501653045 0.70996963843703276 -0.59263729290528733 1.2712006124357382 0.81458987848833209 -0.20336276865472983 -0.70604557503353471 -0.0079762967363480597 -0.77100871175527574 -0.17535800729636794 0.6699989238902927 0.79190713817423042 -0.011660137176513673 -0.60858401775360116 0.21642451906204224 -0.48415781087600274 0.3654618266831946 -0.041883304849267007 0.76164154246930149 0.32847406315803529 0.081143846043518611 -0.52210471387262702 -0.029774377138718319 -0.016976358561355265 -0.09153489351272584 -0.21623694589061124 0.18647170713969641 -0.058648590023318931 -0.095787481390512907 -0.22493561309702856 -0.0012197218835353853 -0.043373757299213188 0.17343096771965857 -0.62321326471865179 0.24756116522476079 -0.49386315613985066 0.0081439817324280746 0.56357351224059637 0.2061190857489904 0.037652652514608281 -0.10662915639971432 -0.30528156847826077 -0.15633604511618615 -0.17325852097649325 -0.0052803174445503641 -0.36556056338277731 0.30892607325857341 -0.13521211937069894 0.0031787502039094385 0.008942638629351754 0.004635542582427577 0.4507319460809231 0.41592261354838106 -0.11249203833650395 0.36540336660467665 0.083651224175287836 0.25715880314960626 -0.31105113073306928
leaf_weight=46996 57 21 33 26 30 20 22 24 20 51 22 31 20 27 25 22 20 20 25 26 27 25 31 25 35 27 23 42 20 31 35 30 26 47 20 42 23 32 24 20 40 23 30 38 38 28 20 38 57 22 22 45 11760 83 10031 20 35 83 26 31 33 34
leaf_count=46996 57 21 33 26 30 20 22 24 20 51 22 31 20 27 25 22 20 20 25 26 27 25 31 25 35 27 23 42 20 31 35 30 26 47 20 42 23 32 24 20 40 23 30 38 38 28 20 38 57 22 22 45 11760 83 10031 20 35 83 26 31 33 34
internal_value=2.6185e-05 -0.0777147 -0.130868 0.000148501 0.00651017 0.0535103 0.0390826 0.119503 0.348664 0.11803 0.0381435 0.121926 -0.0424049 0.0516697 0.182371 0.0512883 0.409256 -0.243509 0.482276 -0.0938281 0.0950519 -0.0142535 0.0859827 0.172368 0.400772 -0.100604 -0.374535 -0.215199 -0.413421 -0.00291804 -0.0379499 0.117316 -0.289973 -0.00125027 -0.0664811 0.022169 0.171925 -0.142467 -0.267214 -0.404488 -0.0131831 0.368502 -0.0892881 -0.16231 -0.279211 -0.120914 0.061137 -0.283812 -0.104548 -0.193392 0.161238 -0.000777654 0.00280152 -0.00067221 0.00688904 0.094727 0.00600835 0.0629117 0.154475 0.0806789 0.00513969 -0.122808
internal_weight=70660 111 90 70549 12716 930 910 458 120 96 338 254 452 224 118 93 42 51 45 106 54 430 199 152 66 231 43 84 42 86 188 55 52 57833 416 192 88 224 114 90 110 46 153 103 65 68 50 58 104 47 42 57417 11786 57372 10376 103 10273 242 159 124 98 65
internal_count=70660 111 90 70549 12716 930 910 458 120 96 338 254 452 224 118 93 42 51 45 106 54 430 199 152 66 231 43 84 42 86 188 55 52 57833 416 192 88 224 114 90 110 46 153 103 65 68 50 58 104 47 42 57417 11786 57372 10376 103 10273 242 159 124 98 65
is_linear=0
shrinkage=0.05


Tree=115
num_leaves=63
num_cat=0
split_feature=108 109 72 89 114 96 85 12 57 79 12 8 14 65 70 100 55 100 52 63 16 100 40 11 100 40 100 46 44 22 52 46 65 52 100 46 100 55 11 12 24 111 15 100 100 11 100 63 100 100 97 100 100 100 91 40 46 110 111 85 72 11
split_gain=379.675 304.715 269.386 387.412 333.728 341.003 1291.17 784.146 323.388 593.931 1123.97 3465.42 3945.41 14262.4 4420.2 2623.11 4322.25 2140.83 2277.88 2076.47 2456.21 1969.68 3469.66 1945.96 3048.3 2996.36 2139.85 1799.28 1368.17 1038.29 915.417 886.871 789.335 1220.93 785.202 774.327 998.133 723.618 2452.17 2973.97 865.227 1255.66 704.846 635.671 3823.19 518.753 497.744 494.264 453.685 451.231 437.866 813.2 732.844 501.49 549.888 405.66 650.06 376.471 379.119 367.643 753.154 581.115
threshold=165.00000000000003 155.50000000000003 1.0000000180025095e-35 -1.4999999999999998 9.5000000000000018 3.5000000000000004 1.0000000180025095e-35 1.0000000180025095e-35 4.0000000000000009 2.0000000000000004 1.0000000180025095e-35 2.0000000000000004 2.0000000000000004 2.0000000000000004 2.0000000000000004 2012.5000000000002 3.0000000000000004 2022.5000000000002 3.0000000000000004 2.5000000000000004 3.5000000000000004 2018.5000000000002 3.5000000000000004 2.0000000000000004 2017.5000000000002 3.5000000000000004 2015.5000000000002 2.0000000000000004 2.0000000000000004 3.0000000000000004 3.0000000000000004 2.0000000000000004 2.0000000000000004 3.0000000000000004 2022.5000000000002 2.0000000000000004 2020.5000000000002 3.0000000000000004 2.0000000000000004 1.0000000180025095e-35 2.5000000000000004 2.5000000000000004 3.0000000000000004 2022.5000000000002 2023.5000000000002 2.0000000000000004 2023.5000000000002 2.5000000000000004 2018.5000000000002 2023.5000000000002 1.5000000000000002 2020.5000000000002 2020.5000000000002 2022.5000000000002 2.0000000000000004 3.5000000000000004 2.0000000000000004 85.250000000000014 1.0000000180025095e-35 4.0000000000000009 3.5000000000000004 1.0000000180025095e-35
decision_type=10 10 2 2 2 2 2 2 2 2 2 2 2 2 2 2 2 2 2 2 2 2 2 2 2 2 2 2 2 2 2 2 2 2 2 2 2 2 2 2 2 10 2 2 2 2 2 2 2 2 2 2 2 2 2 2 2 10 10 2 2 2
left_child=1 2 3 -1 -4 8 -7 -8 -6 37 46 12 13 19 15 -14 -17 18 21 -12 -21 22 -18 26 25 -25 30 32 47 34 -13 -20 33 -26 -29 36 -28 38 40 -40 42 -42 -10 59 -45 -30 50 -16 -49 -37 51 57 -52 54 55 -53 -57 58 -11 -39 61 -61
right_child=-2 -3 4 -5 5 6 7 -9 9 10 11 23 14 -15 28 16 17 -19 31 20 -22 -23 -24 24 27 -27 35 29 45 -31 -32 -33 -34 -35 -36 49 -38 43 39 -41 41 -43 -44 44 -46 -47 -48 48 -50 -51 52 53 -54 -55 -56 56 -58 -59 -60 60 -62 -63
leaf_value=0.02026013237594557 0.21806941360235213 -0.073242979628819954 -0.010246342313686613 0.0020071071729089863 -0.0025766371820704127 0.0066543566751633594 -0.11621674986699454 -0.43899721476164733 -0.014706298162525295 0.025991143688418379 0.51481488664944963 -0.64303684390109517 -0.27959933690726757 1.6334461192786696 -0.52523645080626014 0.83685426588716183 -0.096701976444040036 -0.19970827602571059 0.17818243459743613 0.35363990219930813 -0.25156833141257889 0.85516878678685149 0.72257427958150711 0.038290111911158234 -0.42565067268553236 0.65658376796378037 0.27581888141439243 0.036997624238332111 -0.12573574811897495 -0.15079132777949175 -0.2392145312494702 -0.235086158201808 -0.50384422086534053 0.078690567186900554 0.45987417335095615 -0.20807909619334777 -0.16260736414364407 0.0014945993088135319 -0.053082992207436334 -0.69289792645722637 0.39512582492083315 -0.051823523934140352 -0.33808541119098667 0.66545521581172951 -0.0061703727667709049 0.22169114675905024 -0.038634813370275474 -0.06227903301213783 -0.37078928328477423 0.035004746275288719 -0.018366344629537661 0.29546952499793128 -0.30880508834658116 0.026346425015168887 -0.029052573808779319 -0.085666055232286459 0.2542061635238283 0.136941061700221 -0.005136815871851344 -0.024485410968803703 -0.0030503348913643816 -0.20871352053874609
leaf_weight=3306 20 141 9791 24086 21821 429 130 22 107 2141 30 23 24 20 20 29 28 31 34 30 38 21 24 43 21 36 34 21 22 24 36 21 21 28 23 60 21 3829 42 32 30 33 20 25 139 21 484 22 26 28 390 65 23 120 30 24 34 61 1801 76 388 98
leaf_count=3306 20 141 9791 24086 21821 429 130 22 107 2141 30 23 24 20 20 29 28 31 34 30 38 21 24 43 21 36 34 21 22 24 36 21 21 28 23 60 21 3829 42 32 30 33 20 25 139 21 484 22 26 28 390 65 23 120 30 24 34 61 1801 76 388 98
internal_value=0.000248636 0.000186911 0.000333902 0.0042101 -0.00213275 0.000256144 -0.0377132 -0.162935 0.000931326 0.00798507 0.0184394 0.0713695 0.169203 0.416635 0.0788094 0.212649 0.275489 0.173101 0.263391 0.168307 0.0154353 0.446475 0.281426 -0.0316005 0.0723617 0.320044 -0.143283 -0.0694275 -0.176811 0.113751 -0.396637 0.020389 -0.247372 -0.137456 0.258047 -0.0387519 0.10842 -0.00510287 -0.085583 -0.32976 0.00951745 0.161009 -0.0656321 -0.000438381 0.0962116 0.0439379 0.00963985 -0.316403 -0.229389 -0.130734 0.0146228 0.0193713 -0.0345409 0.102866 0.162882 0.209695 0.113569 0.013677 0.0117696 -0.00404817 -0.041812 -0.128246
internal_weight=70598 70578 70437 27392 43045 33254 581 152 32673 10852 6033 860 441 118 323 212 188 159 128 98 68 73 52 419 217 79 202 138 111 68 59 55 70 49 44 143 55 4819 264 74 190 63 127 4555 164 43 5173 68 48 88 4689 4276 413 273 153 123 58 4003 3942 4391 562 174
internal_count=70598 70578 70437 27392 43045 33254 581 152 32673 10852 6033 860 441 118 323 212 188 159 128 98 68 73 52 419 217 79 202 138 111 68 59 55 70 49 44 143 55 4819 264 74 190 63 127 4555 164 43 5173 68 48 88 4689 4276 413 273 153 123 58 4003 3942 4391 562 174
is_linear=0
shrinkage=0.05


Tree=116
num_leaves=63
num_cat=0
split_feature=108 107 112 77 85 100 87 114 100 28 48 54 114 97 12 46 28 114 61 20 100 100 68 114 61 43 52 17 106 63 114 114 94 114 68 63 43 100 100 100 114 14 8 100 61 8 106 114 11 61 48 51 114 52 98 55 96 114 51 100 12 61
split_gain=342.656 472.325 229.799 277.158 844.53 840.516 833.691 723.341 638.238 1668.97 2849.36 843.606 698.81 476.951 643.389 2095.22 3927.05 2940.44 2105.78 2058.8 2408.26 2549.89 7084.19 5221.73 4196.13 2700.87 2293.4 2173.8 2050.88 3820.69 2159.73 1872.9 1360.95 2393.41 1710.07 1323.33 1668.86 1898.89 1127.89 1054.32 1551.99 1145.35 930.462 923.494 813.97 702.042 682.917 615.886 613.041 605.485 528.441 450.02 443 402.51 1365.6 1268.16 455.347 466.536 835.101 453.252 908.457 1530.51
threshold=165.00000000000003 128.50000000000003 1.0000000180025095e-35 2.5000000000000004 1.0000000180025095e-35 2012.5000000000002 1.0000000180025095e-35 17.500000000000004 2010.5000000000002 2.0000000000000004 3.0000000000000004 2.0000000000000004 16.500000000000004 3.0000000000000004 1.0000000180025095e-35 2.0000000000000004 2.0000000000000004 8.5000000000000018 1.5000000000000002 2.5000000000000004 2017.5000000000002 2014.5000000000002 2.0000000000000004 17.500000000000004 3.5000000000000004 2.0000000000000004 3.0000000000000004 3.0000000000000004 1.0000000180025095e-35 2.5000000000000004 18.500000000000004 19.500000000000004 2.0000000000000004 12.500000000000002 2.0000000000000004 2.5000000000000004 2.0000000000000004 2017.5000000000002 2020.5000000000002 2020.5000000000002 15.500000000000002 4.0000000000000009 2.0000000000000004 2016.5000000000002 3.5000000000000004 2.0000000000000004 1.0000000180025095e-35 13.500000000000002 1.0000000180025095e-35 3.5000000000000004 3.0000000000000004 2.5000000000000004 13.500000000000002 3.0000000000000004 1.0000000180025095e-35 3.0000000000000004 3.5000000000000004 9.5000000000000018 2.5000000000000004 2020.5000000000002 1.0000000180025095e-35 2.5000000000000004
decision_type=10 10 8 2 2 2 2 2 2 2 2 2 2 2 2 2 2 2 2 2 2 2 2 2 2 2 2 2 2 2 2 2 2 2 2 2 2 2 2 2 2 2 2 2 2 2 2 2 2 2 2 2 2 2 2 2 2 2 2 2 2 2
left_child=1 2 -1 4 -4 6 51 -8 9 11 -11 12 -5 14 -10 17 28 -16 -19 -20 21 23 -23 25 -24 47 -26 -25 30 -30 39 32 -22 -34 -35 49 37 -37 -39 40 41 -17 50 -42 -31 -33 -36 -21 -15 -18 -32 -6 -43 55 56 -7 57 58 -55 60 -57 -62
right_child=-2 -3 3 8 5 53 7 -9 13 10 -12 -13 -14 48 15 16 35 18 19 20 31 22 24 27 26 -27 -28 -29 29 44 42 45 33 34 46 36 -38 38 -40 -41 43 52 -44 -45 -46 -47 -48 -49 -50 -51 -52 -53 -54 54 -56 59 -58 -59 -60 -61 61 -63
leaf_value=-0.003157154965480231 0.20716594219207765 -0.24277067281305792 0.0023598616808816301 0.30316360151767729 0.13889801447158276 -0.4436342465877533 -0.12519143074750902 -0.48935134077072145 0.0057698355634076028 0.79044733714489712 0.00041802412271499633 -0.21053527521364615 -0.063695620145234805 -0.003578710482136141 0.696137175886404 0.34594417697396773 -0.25859017274209434 -0.306946403112623 -0.2628093810328706 -0.1136055146870406 0.21514095324609014 0.97237014823999157 0.61414696861590656 0.90658917001315542 -0.54662005447206041 0.30439331936836245 0.17608731078064963 0.21654136586189271 0.68692700488226754 0.24062248301506042 0.56574474356713755 0.51313133515756248 0.32841968491025597 -0.56924960951187786 0.037727514889679459 -0.5872851186880359 0.1503194449039606 0.17726080197220048 -0.32449627688952853 -0.42345052361488345 -0.39719423683913979 -0.12419932007269806 -0.018707687088421413 -0.016598561911710673 -0.13761201663450762 0.10382369063794612 -0.26203484986173481 -0.44483652783350813 -0.14395731610285142 -0.56753333519245019 0.20662805408239368 -0.098943627444507729 0.1606354694068432 0.016933096827740229 0.37014560435588162 -0.033991342517638391 -0.174467001437414 0.0076703469618442854 -0.19619386970817326 0.0369811849706125 0.10988187893577245 -0.38453466197361752
leaf_weight=29123 20 20 26220 25 23 20 30 25 11505 21 25 33 27 236 21 29 35 31 33 23 36 39 28 21 21 25 23 25 35 25 21 22 23 28 38 27 39 24 21 21 37 43 21 28 33 20 38 36 116 29 20 147 20 103 24 409 41 1062 83 149 23 49
leaf_count=29123 20 20 26220 25 23 20 30 25 11505 21 25 33 27 236 21 29 35 31 33 23 36 39 28 21 21 25 23 25 35 25 21 22 23 28 38 27 39 24 21 21 37 43 21 28 33 20 38 36 116 29 20 147 20 103 24 409 41 1062 83 149 23 49
internal_value=0.000236204 0.000177565 0.00024643 0.00263867 -0.000130513 -0.029974 -0.121509 -0.290719 0.00867744 0.118485 0.361084 -0.0128042 0.112679 0.007562 0.00917277 0.0468539 -0.0257387 0.116302 0.0924267 0.118273 0.14647 0.253628 0.429635 0.103344 0.135654 -0.131157 -0.168841 0.531563 0.0750398 0.274374 -0.00220229 0.0204947 -0.0562205 -0.133142 -0.235218 -0.217506 -0.113103 -0.25579 -0.0568925 -0.0907241 -0.0462193 0.0859187 0.251941 -0.233245 0.0254201 0.318223 -0.112154 -0.315713 -0.0498398 -0.39858 0.390566 -0.0667651 -0.0337756 -0.0194822 -0.00355196 -0.0516613 -0.0105099 -0.00512346 -0.0781719 -0.0392177 -0.062822 -0.226596
internal_weight=70598 70578 70558 41435 28408 2188 225 55 13027 131 46 85 52 12896 12544 1039 508 531 510 479 446 241 111 130 72 84 44 46 333 93 240 205 163 127 104 175 111 72 45 178 157 92 62 65 58 42 76 59 352 64 41 170 63 1963 1313 650 1289 1248 186 630 481 72
internal_count=70598 70578 70558 41435 28408 2188 225 55 13027 131 46 85 52 12896 12544 1039 508 531 510 479 446 241 111 130 72 84 44 46 333 93 240 205 163 127 104 175 111 72 45 178 157 92 62 65 58 42 76 59 352 64 41 170 63 1963 1313 650 1289 1248 186 630 481 72
is_linear=0
shrinkage=0.05


Tree=117
num_leaves=63
num_cat=0
split_feature=108 107 72 77 100 42 46 52 87 100 65 100 113 100 114 28 49 16 16 114 8 46 96 67 85 40 85 104 114 89 107 27 96 113 87 25 66 28 55 100 46 114 113 65 63 100 100 114 113 42 40 100 100 100 72 11 62 67 114 11 100 16
split_gain=309.247 426.273 250.738 458.698 564.504 2342.48 1105.76 1308.8 450.579 972.164 898.184 1423.07 1489.6 813.04 1369.7 1202.5 760.099 1001.93 871.189 657.509 555.361 1908.95 750.738 677.792 849.379 602.089 470.201 419.114 417.762 341.077 393.579 535.936 326.247 778.83 504.206 2052.77 2284.16 3711.99 7443.16 8436.95 4382.69 3464.85 3653.03 3028.03 10125.3 3050.27 2267.13 2171.57 2161.28 2041.92 2886.2 1667.3 1728.79 1529 1639.61 1499.28 1358.05 1226.73 1196.71 1084.58 1009.39 1006.51
threshold=165.00000000000003 128.50000000000003 1.0000000180025095e-35 2.5000000000000004 2010.5000000000002 2.0000000000000004 2.0000000000000004 3.0000000000000004 1.0000000180025095e-35 2012.5000000000002 2.0000000000000004 2021.5000000000002 4.5000000000000009 2021.5000000000002 16.500000000000004 2.0000000000000004 4.0000000000000009 3.5000000000000004 4.5000000000000009 17.500000000000004 2.0000000000000004 2.0000000000000004 1.5000000000000002 2.5000000000000004 4.0000000000000009 3.5000000000000004 -1.4999999999999998 1.0000000180025095e-35 12.500000000000002 -1.4999999999999998 33.500000000000007 2.0000000000000004 3.5000000000000004 3.5000000000000004 1.0000000180025095e-35 2.5000000000000004 2.0000000000000004 2.0000000000000004 3.0000000000000004 2017.5000000000002 2.0000000000000004 17.500000000000004 4.5000000000000009 2.0000000000000004 2.5000000000000004 2017.5000000000002 2015.5000000000002 11.500000000000002 5.5000000000000009 2.0000000000000004 3.5000000000000004 2012.5000000000002 2015.5000000000002 2015.5000000000002 3.5000000000000004 2.0000000000000004 2.5000000000000004 2.5000000000000004 13.500000000000002 1.0000000180025095e-35 2014.5000000000002 2.5000000000000004
decision_type=10 10 2 2 2 2 2 2 2 2 2 2 2 2 2 2 2 2 2 2 2 2 2 2 2 2 2 2 2 2 10 2 2 2 2 2 2 2 2 2 2 2 2 2 2 2 2 2 2 2 2 2 2 2 2 2 2 2 2 2 2 2
left_child=1 2 29 8 5 6 7 -5 27 19 13 12 26 16 15 -15 17 -11 20 -10 22 25 28 24 -24 -22 -12 -4 -18 30 -1 -32 34 -34 -6 57 47 38 39 -38 41 46 -43 48 -45 -46 -39 -37 61 51 -51 -49 60 -42 -55 -52 -54 59 -48 -36 -53 -40
right_child=-2 -3 3 4 32 -7 -8 -9 9 10 11 -13 -14 14 -16 -17 18 -19 -20 -21 21 -23 23 -25 -26 -27 -28 -29 -30 -31 31 -33 33 -35 35 36 37 40 43 -41 53 42 -44 44 45 -47 58 49 -50 50 55 52 56 54 -56 -57 -58 -59 -60 -61 -62 -63
leaf_value=0.016171637061001456 0.196807651668787 -0.23063213512301448 -0.18943114631598998 -0.185154767673124 0.0015937134856339496 -0.18710748866686355 0.4816655969077891 0.30183589817905748 -0.089784942454460892 -0.025979550089687109 -0.054531571734696631 -0.41907659466652308 0.25203139017025633 -0.1818694028611246 0.42091511374917528 0.21590393997336688 -0.038624454759992662 -0.39432467614610989 0.25894417671426651 -0.42248857902983827 0.080144147826358689 0.45755811082975317 -0.068322551173444546 -0.0060032390010280497 -0.4587744560837746 -0.24531398730145559 -0.29172332541564028 -0.0054587567857057387 0.23263770568777217 0.0019059546437315928 0.29934658716464868 0.036838427223896575 -0.0033467198923649469 -0.18973538609775339 -0.07319921200925654 -0.42884659408664449 0.069681038260459904 0.41294361225196297 0.26664423618627636 1.4474737696647644 -0.65781941860914239 0.99770039461907878 0.13787239464620749 1.0965144503861666 0.45798522557708482 -0.30425023044858662 -0.45489157676696784 -0.42745231595532651 0.40343756321817636 -0.12789010066877712 0.21179975076862007 0.046774304611608392 -0.26255651312073075 0.14103090236229557 -0.32757460232824087 0.79613814460379739 0.11463230326771737 0.027469716670698138 -0.0019565398991107943 -0.3949572525024414 0.45576703927733686 -0.090076582781072209
leaf_weight=3223 20 20 31 22 18309 46 33 37 33 48 48 34 30 38 29 38 40 30 31 27 30 24 26 39 30 27 37 22614 22 24113 29 59 231 74 55 32 20 21 23 25 20 21 30 32 21 35 25 29 33 33 23 48 75 28 56 21 35 87 35 50 22 141
leaf_count=3223 20 20 31 22 18309 46 33 37 33 48 48 34 30 38 29 38 40 30 31 27 30 24 26 39 30 27 37 22614 22 24113 29 59 231 74 55 32 20 21 23 25 20 21 30 32 21 35 25 29 33 33 23 48 75 28 56 21 35 87 35 50 22 141
internal_value=0.000224394 0.000168687 0.000234109 -0.00214253 0.00344755 0.104221 0.249886 0.120246 -0.00689839 -0.0475902 -0.028431 -0.134892 -0.0508725 0.00666351 0.12857 0.0170173 -0.0302246 -0.167651 0.00962385 -0.239502 -0.0228506 0.0834845 -0.0777114 -0.166039 -0.277493 -0.0740202 -0.15778 -0.00571061 0.0576299 0.00397221 0.0190201 0.123347 0.00274127 -0.0485689 0.00354857 0.036812 0.0689974 0.129241 0.237525 0.835121 -0.0221728 0.169083 0.491919 0.143168 0.387016 -0.0184119 -0.0341846 -0.0382291 0.0342409 0.00547636 0.225583 -0.0756157 -0.0189309 -0.26492 -0.171373 0.490689 -0.142542 -0.111375 -0.190679 -0.226417 0.175315 -0.0400487
internal_weight=70598 70578 70558 43134 19828 138 92 59 23306 661 601 149 115 452 105 76 347 78 269 60 238 81 157 95 56 57 85 22645 62 27424 3311 88 19690 305 19385 1076 884 566 330 45 236 132 51 285 88 56 81 318 197 286 77 209 180 104 84 44 110 192 60 105 70 164
internal_count=70598 70578 70558 43134 19828 138 92 59 23306 661 601 149 115 452 105 76 347 78 269 60 238 81 157 95 56 57 85 22645 62 27424 3311 88 19690 305 19385 1076 884 566 330 45 236 132 51 285 88 56 81 318 197 286 77 209 180 104 84 44 110 192 60 105 70 164
is_linear=0
shrinkage=0.05


Tree=118
num_leaves=63
num_cat=0
split_feature=104 107 107 103 113 107 100 100 77 109 110 42 85 40 109 103 110 11 85 81 42 85 100 100 67 114 114 77 12 46 114 40 113 10 52 24 61 22 100 40 113 52 55 12 100 114 40 44 44 18 18 114 68 113 16 11 22 113 72 58 114 24
split_gain=243.644 776.842 446.083 360.129 534.627 503.598 443.194 356.098 384.066 328.327 274.41 391.629 629.136 935.685 446.602 339.619 274.489 240.146 228.764 224.74 227.129 335.763 215.071 1103.65 1245.55 1462.21 2274.43 1222.4 1245.02 3690.9 9040.27 3171.84 1102.47 859.828 763.366 653.197 535.379 1063.93 775.879 531.378 493.418 611.242 485.713 1217.1 867.608 467.604 631.666 884.567 458.516 449.884 429.368 358.045 898.313 655.756 351.37 310.061 307.579 277.225 1140.15 1188.8 2160.63 283.059
threshold=6.5000000000000009 118.00000000000001 116.50000000000001 1.0000000180025095e-35 3.5000000000000004 41.500000000000007 2020.5000000000002 2013.5000000000002 1.5000000000000002 165.00000000000003 90.250000000000014 2.0000000000000004 -1.4999999999999998 3.5000000000000004 100.50000000000001 1.0000000180025095e-35 99.250000000000014 2.0000000000000004 1.0000000180025095e-35 1.0000000180025095e-35 2.0000000000000004 4.0000000000000009 2014.5000000000002 2017.5000000000002 2.5000000000000004 14.500000000000002 13.500000000000002 1.5000000000000002 1.0000000180025095e-35 2.0000000000000004 17.500000000000004 3.5000000000000004 5.5000000000000009 -1.4999999999999998 3.0000000000000004 2.5000000000000004 3.5000000000000004 3.0000000000000004 2016.5000000000002 3.5000000000000004 3.5000000000000004 3.0000000000000004 3.0000000000000004 1.0000000180025095e-35 2012.5000000000002 18.500000000000004 3.5000000000000004 2.0000000000000004 2.0000000000000004 1.5000000000000002 1.5000000000000002 15.500000000000002 2.0000000000000004 3.5000000000000004 3.5000000000000004 4.0000000000000009 3.0000000000000004 5.5000000000000009 3.5000000000000004 3.0000000000000004 18.500000000000004 2.5000000000000004
decision_type=2 10 10 2 2 10 2 2 2 10 10 2 2 2 10 2 8 2 2 2 2 2 2 2 2 2 2 2 2 2 2 2 2 2 2 2 2 2 2 2 2 2 2 2 2 2 2 2 2 2 2 2 2 2 2 2 2 2 2 2 2 2
left_child=2 9 3 -1 5 -5 7 8 17 10 19 12 14 -14 -12 -13 -15 -6 -9 22 21 -21 42 24 27 26 34 36 45 30 -30 -31 33 -27 -26 -35 37 49 -38 -36 -37 -42 43 -2 -45 50 47 -47 54 -24 51 52 53 -29 -43 -25 -53 61 -59 -60 -61 -44
right_child=1 -3 -4 4 6 -7 -8 18 -10 -11 11 15 13 16 -16 -17 -18 -19 -20 20 -22 -23 23 55 25 32 -28 28 29 31 -32 -33 -34 35 39 40 38 -39 -40 -41 41 48 57 44 -46 46 -48 -49 -50 -51 -52 56 -54 -55 -56 -57 -58 58 59 60 -62 -63
leaf_value=-0.0011851012928925839 -0.016713704165692133 0.30022022657689051 -0.21816622292002044 -0.011000183638044274 0.24338112741708759 0.24125913061201573 -0.2510355199376742 -0.049362353064903358 -0.086517862961045466 -0.1092580360174179 0.17494973772588898 0.022291953911084728 0.44587644676749527 0.21867316614159127 -0.037121706365597557 -0.18479534731998754 -0.009332494889244888 0.010931554697453976 -0.13060532269569544 -0.0022129963510311569 0.048639283562079076 -0.24585745168789741 0.010493877168785026 0.0032333243905210314 -0.28188169521279632 0.2385548982591856 0.51171655080148148 0.056677320922343913 1.0691463581596812 0.36898049994007404 -0.085872046416625381 -0.45270372622956834 -0.43703719783913009 -0.35478382168168371 -0.060739712160209125 0.12230661388743541 -0.24039318814873695 0.36853474578633905 0.10277930628508331 0.26107855724251788 -0.29922684149876722 0.02359461103166853 0.0082746841228846998 -0.49131155289136452 -0.074418755869070694 0.10516947265714408 0.048533153607575014 0.54410163560374225 0.085272582769393923 0.19751927245718737 0.23738114246726039 0.0041197945053378744 -0.092836364378800273 0.45226208105683324 -0.23653185748878647 0.19546342861084712 -0.21825885283760726 -0.11311566516243179 -0.059221794691525012 0.038563435162241394 0.61497437591696613 -0.0067817231207150681
leaf_weight=33439 210 22 24 1838 25 20 30 334 32 65 34 83 26 22 92 26 33 20 117 26 24 31 301 19187 20 21 28 22 36 23 32 24 22 22 29 29 40 25 28 23 31 21 4912 26 24 24 43 22 40 36 25 48 37 20 34 21 23 58 38 37 29 8564
leaf_count=33439 210 22 24 1838 25 20 30 334 32 65 34 83 26 22 92 26 33 20 117 26 24 31 301 19187 20 21 28 22 36 23 32 24 22 22 29 29 40 25 28 23 31 21 4912 26 24 24 43 22 40 36 25 48 37 20 34 21 23 58 38 37 29 8564
internal_value=0.000213174 0.00319916 -0.00267628 -0.00253203 -0.0211745 -0.0082848 -0.0640938 -0.0534721 0.0459037 0.00301083 0.00322155 0.0496021 0.0899938 0.198711 0.0201039 -0.027105 0.0818698 0.14007 -0.0704387 0.00279445 -0.0803923 -0.134721 0.00299127 0.00626738 0.054311 -0.0291921 0.129338 0.0873407 0.152807 0.290113 0.525608 -0.0506029 -0.101251 -0.0639415 -0.019365 -0.0998309 0.0296391 0.0538197 -0.0990869 0.081603 -0.0636441 -0.106442 -0.00180267 -0.0695001 -0.291203 0.0929953 0.186306 0.315094 -0.0435336 0.0304729 0.0455401 0.0135666 0.0868 0.245051 -0.137211 0.00344349 -0.0679184 -0.000512059 0.064506 0.163564 0.291835 -0.00129366
internal_weight=70598 34719 35879 35855 2416 1858 558 528 77 34697 34632 316 207 81 126 109 55 45 451 34316 81 57 34235 20337 1129 320 100 809 379 115 68 47 220 198 72 177 430 362 68 52 155 126 13898 260 50 264 89 46 95 337 175 150 79 42 55 19208 71 13638 162 104 66 13476
internal_count=70598 34719 35879 35855 2416 1858 558 528 77 34697 34632 316 207 81 126 109 55 45 451 34316 81 57 34235 20337 1129 320 100 809 379 115 68 47 220 198 72 177 430 362 68 52 155 126 13898 260 50 264 89 46 95 337 175 150 79 42 55 19208 71 13638 162 104 66 13476
is_linear=0
shrinkage=0.05


Tree=119
num_leaves=63
num_cat=0
split_feature=108 107 72 72 89 107 54 100 107 96 12 11 107 20 113 62 12 100 87 12 25 47 72 55 100 54 100 68 114 48 62 100 58 66 100 100 48 43 114 16 65 51 63 62 40 11 52 100 16 40 63 72 55 110 11 52 65 100 40 114 54 114
split_gain=274.073 378.258 228.204 309.448 307.054 355.952 681.353 303.572 377.874 293.369 1055.92 565.683 375.609 299.737 540.933 471.046 1085.65 344.119 1105 640.933 1760.41 1755.62 3609.7 5256.39 7935.99 19760.1 2564.25 2265.17 1845 3640.14 1840.32 1675.67 3221.06 1630.16 1473.84 1280.82 1142.65 1073.09 2257.25 1992.11 2574.17 4401.93 2557.21 3699.66 3327.07 2806.37 1803.68 1567.52 1324.53 1177.96 1483.33 943.465 724.542 949.044 705.961 692.43 602.033 518.067 477.252 1101.51 464.94 446.122
threshold=165.00000000000003 128.50000000000003 1.0000000180025095e-35 2.5000000000000004 -1.4999999999999998 33.500000000000007 2.0000000000000004 2015.5000000000002 77.500000000000014 3.5000000000000004 1.0000000180025095e-35 1.0000000180025095e-35 18.500000000000004 2.5000000000000004 4.5000000000000009 2.5000000000000004 1.0000000180025095e-35 2024.5000000000002 1.0000000180025095e-35 1.0000000180025095e-35 2.5000000000000004 2.0000000000000004 3.5000000000000004 3.0000000000000004 2014.5000000000002 2.0000000000000004 2023.5000000000002 2.0000000000000004 14.500000000000002 3.0000000000000004 2.5000000000000004 2011.5000000000002 3.0000000000000004 2.0000000000000004 2020.5000000000002 2020.5000000000002 3.0000000000000004 2.0000000000000004 10.500000000000002 2.5000000000000004 2.0000000000000004 2.5000000000000004 2.5000000000000004 2.5000000000000004 3.5000000000000004 2.0000000000000004 3.0000000000000004 2018.5000000000002 3.5000000000000004 3.5000000000000004 2.5000000000000004 3.5000000000000004 3.0000000000000004 32.250000000000007 2.0000000000000004 3.0000000000000004 2.0000000000000004 2018.5000000000002 3.5000000000000004 17.500000000000004 2.0000000000000004 17.500000000000004
decision_type=10 10 2 2 2 10 2 2 10 2 2 2 10 2 2 2 2 2 2 2 2 2 2 2 2 2 2 2 2 2 2 2 2 2 2 2 2 2 2 2 2 2 2 2 2 2 2 2 2 2 2 2 2 10 2 2 2 2 2 2 2 2
left_child=1 2 4 -4 5 -1 -7 -6 -9 13 11 12 -11 14 -5 16 -16 19 -19 -15 34 22 27 24 -24 -26 51 28 36 33 35 32 -25 -30 52 -29 -22 38 -33 -40 42 -42 46 44 48 -46 -41 -43 -44 50 -39 54 -21 58 -23 -53 60 -45 59 -54 -20 -60
right_child=-2 -3 3 9 7 6 -8 8 -10 10 -12 -13 -14 17 15 -17 -18 18 56 20 21 26 23 31 25 -27 -28 30 29 -31 -32 37 -34 -35 -36 -37 -38 49 39 40 41 47 43 57 45 -47 -48 -49 -50 -51 -52 55 53 -55 -56 -57 -58 -59 61 -61 -62 -63
leaf_value=0.015346649838705035 0.18526847630739213 -0.21726397961378097 -0.0091197880625167906 -0.0071224119198143076 -0.004068262601911731 0.032071838091360404 0.34446522572543475 0.0067877069243438828 0.20537478023519121 0.00030245159413276254 -0.30963795724691767 -0.10666909034605379 0.21755713490503178 0.0023096681375298048 -0.074293041338437601 0.02305100863663162 -0.49386262294082411 -0.0026843613378712437 0.039339095690558039 -0.33331795066595077 0.11335223501636869 -0.053519757943493985 -0.11580950180068612 -0.076977632629374668 0.074176907539367676 1.9597330036883553 0.43481903469562533 -0.46954300908087676 -0.32584647950918777 0.6868345271410613 0.057953638291877253 -0.24755870187403384 0.68929392583668236 0.27618137035857548 -0.46766443952270181 -0.084250547079478988 -0.39167902258535231 0.45534378698338634 0.50475905661128073 -0.62619255392679152 1.009833041727543 -0.13533046047848005 -0.21804710207162081 -0.35956950075924399 0.19879809327734013 0.94188511868317937 -0.033431135298627797 0.44547205680892588 0.26859934915756356 -0.14117794828583496 -0.048580926153808837 -0.29990149309326497 -0.071403559123476346 0.30899056628346444 0.29109074969816467 -0.090312289926958722 -0.37682662629201236 -0.028783563524484634 -0.070872132263674933 0.35706475140526894 -0.21594543434635161 -0.32732375833121213
leaf_weight=3223 20 20 11404 5375 11479 64 24 12610 24 378 33 135 21 23657 58 41 21 474 31 20 21 42 32 24 33 24 25 59 23 29 46 37 32 22 23 34 24 23 38 21 20 26 27 29 24 27 33 21 29 99 40 56 60 20 23 133 29 20 74 20 42 22
leaf_count=3223 20 20 11404 5375 11479 64 24 12610 24 378 33 135 21 23657 58 41 21 474 31 20 21 42 32 24 33 24 25 59 23 29 46 37 32 22 23 34 24 23 38 21 20 26 27 29 24 27 33 21 29 99 40 56 60 20 23 133 29 20 74 20 42 22
internal_value=0.000202515 0.000150072 0.000211699 -0.00205562 0.00377787 0.0180556 0.11727 0.00181738 0.00716495 0.000483289 -0.0351594 -0.0181972 0.0117369 0.00113179 -0.00946642 -0.114459 -0.185824 0.00340066 -0.03481 0.0042778 0.0367239 0.0614801 0.0948948 0.156966 0.514332 0.868095 -0.0483451 -0.0636506 0.0964691 0.249996 -0.200732 0.101166 0.360892 -0.0315218 -0.0871607 -0.328683 -0.155998 0.0728695 0.12188 0.165275 0.118703 0.388552 0.0326081 0.135263 0.300039 0.592197 -0.263949 0.124177 0.0339662 -0.0336231 0.135392 -0.0959006 -0.0466441 -0.0173917 0.0684193 -0.152413 -0.1841 -0.224555 -0.0544806 0.0357135 -0.107537 -0.129642
internal_weight=70598 70578 70558 43134 27424 3311 88 24113 12634 31730 567 534 399 31163 5495 120 79 25668 576 25092 1435 1196 917 659 89 57 279 258 119 74 139 570 56 45 239 93 45 514 352 315 277 67 210 156 107 51 54 47 56 162 63 254 216 196 65 189 102 49 176 80 73 96
internal_count=70598 70578 70558 43134 27424 3311 88 24113 12634 31730 567 534 399 31163 5495 120 79 25668 576 25092 1435 1196 917 659 89 57 279 258 119 74 139 570 56 45 239 93 45 514 352 315 277 67 210 156 107 51 54 47 56 162 63 254 216 196 65 189 102 49 176 80 73 96
is_linear=0
shrinkage=0.05


Tree=120
num_leaves=63
num_cat=0
split_feature=104 44 66 102 100 109 28 14 100 65 16 66 8 48 25 40 16 8 22 63 62 112 15 79 48 100 77 17 109 28 106 100 16 15 57 55 16 57 65 106 100 76 9 110 110 16 106 46 65 8 72 14 41 16 80 97 94 52 44 54 67 46
split_gain=510.664 3012.1 391.402 271.981 477.701 1370.83 443.061 332.715 420.94 844.575 1699.72 2883.73 608.628 517.684 996.658 469.063 407.564 345.868 551.956 726.123 2000.5 1188.04 603.183 545.067 647.305 688.471 632.574 521.911 355.434 352.413 1475.49 4133.13 6558.1 1095.56 1076.53 854.722 521.384 684.641 1074.53 635.047 505.063 325.631 316.156 304.274 543.678 295.202 288.644 1437.6 2027.87 1417.58 2137.77 918.808 251.719 933.036 542.535 1262.39 977.787 1657.03 4576.45 8714.69 1238.01 2420.14
threshold=1.0000000180025095e-35 2.0000000000000004 2.0000000000000004 1.0000000180025095e-35 2016.5000000000002 142.50000000000003 2.0000000000000004 4.0000000000000009 2011.5000000000002 2.0000000000000004 3.5000000000000004 2.0000000000000004 2.0000000000000004 3.0000000000000004 2.5000000000000004 3.5000000000000004 1.5000000000000002 2.0000000000000004 3.0000000000000004 2.5000000000000004 2.5000000000000004 1.0000000180025095e-35 3.0000000000000004 2.0000000000000004 3.0000000000000004 2021.5000000000002 2.5000000000000004 3.0000000000000004 167.00000000000003 2.0000000000000004 1.0000000180025095e-35 2024.5000000000002 3.5000000000000004 3.0000000000000004 4.0000000000000009 3.0000000000000004 3.5000000000000004 4.0000000000000009 2.0000000000000004 1.0000000180025095e-35 2011.5000000000002 3.5000000000000004 1.0000000180025095e-35 99.750000000000014 88.250000000000014 1.5000000000000002 1.0000000180025095e-35 2.0000000000000004 2.0000000000000004 2.0000000000000004 3.5000000000000004 2.0000000000000004 1.0000000180025095e-35 4.5000000000000009 3.5000000000000004 1.5000000000000002 4.0000000000000009 3.0000000000000004 2.0000000000000004 2.0000000000000004 2.5000000000000004 2.0000000000000004
decision_type=2 2 2 2 2 10 2 2 2 2 2 2 2 2 2 2 2 2 2 2 2 10 2 2 2 2 2 2 10 2 2 2 2 2 2 2 2 2 2 2 2 2 2 10 10 2 2 2 2 2 2 2 2 2 2 2 2 2 2 2 2 2
left_child=1 2 -1 4 6 41 -2 8 9 10 13 -12 15 14 -5 -11 -17 18 28 20 -20 22 -21 -24 26 27 -25 -26 29 30 -9 32 -32 -31 -33 -35 39 42 -39 40 -37 43 -38 44 -6 -15 -10 48 -48 50 -49 -51 53 54 -19 56 -56 58 60 -60 61 -58
right_child=3 -3 -4 7 5 -7 -8 17 46 12 11 -13 -14 45 -16 16 -18 52 19 21 -22 -23 23 24 25 -27 -28 -29 -30 33 31 34 -34 35 -36 36 37 38 -40 -41 -42 -43 -44 -45 -46 -47 47 49 -50 51 -52 -53 -54 -55 55 -57 57 -59 59 -61 -62 -63
leaf_value=-0.11718658806383611 -0.0041022049893787455 0.62862624864686623 0.13588982129638846 0.037645152924364218 0.019303673038914473 0.41149656718427485 0.23166304290294648 0.00089444069513662083 -0.0049431147677689484 -0.14832464644064508 0.015986793139018119 0.72491106620201706 -0.22785758536595566 -0.00062549032093221811 0.41327394218671892 -0.013673394737821637 0.26415786523033274 0.011553108340382515 -0.064551681890468865 -0.012971238194343947 0.42627600462963944 0.20208148227797615 -0.022664681135543756 -0.20169409707836483 0.076704154240673991 -0.41583952009677888 -0.56503332090377811 -0.2120313863434336 -0.17913675696223177 0.0037841172327690792 -0.12525983474872732 0.053599909196297327 0.91850483803188099 -0.34732512618814199 -0.43660160186035296 -0.31888916265396849 -0.28489373689112457 -0.016306097064491199 0.32006727182306349 -0.35770500810308892 -0.066179461496022468 -0.028506641509742792 -0.032626957794720378 -0.12160519800688092 0.26295266824814939 -0.1905409032312621 -0.07629135358242356 -0.097510938779000314 -0.56567521139427468 -0.2286116851568222 0.45875999576006188 0.10828570312108188 0.0034021741618868056 -0.064437467186648098 0.010394013133348831 -0.08770418897238777 -0.028530306653941379 0.054347140775991815 0.066483982936055827 1.1413590879038427 -0.17885668490614212 0.48812017512014683
leaf_weight=50 5465 22 22 111 5046 22 20 10864 32029 30 32 26 39 76 21 33 22 2972 103 60 26 27 35 23 29 20 25 34 28 1400 27 24 34 28 21 21 23 92 32 22 338 382 27 38 23 28 98 31 27 50 39 34 8751 322 498 151 68 561 44 33 42 34
leaf_count=50 5465 22 22 111 5046 22 20 10864 32029 30 32 26 39 76 21 33 22 2972 103 60 26 27 35 23 29 20 25 34 28 1400 27 24 34 28 21 21 23 92 32 22 338 382 27 38 23 28 98 31 27 50 39 34 8751 322 498 151 68 561 44 33 42 34
internal_value=0.000133849 0.116596 -0.0398577 -2.12993e-05 0.00720365 0.0176006 -0.00324253 -0.00135506 -0.00473919 0.0451149 0.0912719 0.33378 -0.0643221 0.0316724 0.0974043 0.0107119 0.0974591 0.00277136 -0.00292858 -0.0621655 0.0343748 -0.11139 -0.14884 -0.197949 -0.24478 -0.160258 -0.390933 -0.0791214 -0.00118538 -0.000800707 0.00270575 0.188348 0.456511 -0.0201985 -0.175161 -0.0777898 -0.0641916 0.00752016 0.0704999 -0.0969418 -0.0809619 0.0160218 -0.14867 0.0193525 0.0204092 -0.0517566 -0.0053842 -0.056021 -0.181998 0.0462333 0.212411 -0.0922485 0.00842351 0.0177233 0.0237319 0.0490257 0.0651556 0.100029 0.215992 0.527145 0.0496114 0.143687
internal_weight=70655 94 72 70561 10996 5511 5485 59565 32726 418 294 58 124 236 132 85 55 26839 13363 382 129 253 226 166 131 83 48 63 12981 12953 10970 106 61 1983 45 583 555 174 124 381 359 5489 50 5107 5069 104 32308 279 125 154 70 84 13476 4725 4403 1431 1280 782 221 77 144 102
internal_count=70655 94 72 70561 10996 5511 5485 59565 32726 418 294 58 124 236 132 85 55 26839 13363 382 129 253 226 166 131 83 48 63 12981 12953 10970 106 61 1983 45 583 555 174 124 381 359 5489 50 5107 5069 104 32308 279 125 154 70 84 13476 4725 4403 1431 1280 782 221 77 144 102
is_linear=0
shrinkage=0.05


Tree=121
num_leaves=63
num_cat=0
split_feature=104 8 15 107 102 109 14 14 100 113 52 16 113 113 49 67 77 11 52 8 22 113 113 48 100 100 112 113 91 100 17 63 65 63 28 106 100 16 15 57 55 16 57 65 113 112 62 100 113 11 52 77 66 70 113 104 26 16 100 113 79 49
split_gain=460.875 2206.56 789.127 253.739 252.403 717.24 353.699 302.666 379.496 1454.49 4516.85 873.812 404.336 392.79 866.561 1006.93 758.2 593.254 476.314 291.636 502.293 1127.74 523.531 1023.19 2208.84 875.564 589.651 384.125 1283.86 631.444 825.91 1789.96 363.151 679.541 317.772 1333.55 3730.15 5918.69 987.33 971.571 770.904 456.044 604.707 987.327 577.235 494.363 319.054 659.89 300.735 277.692 401.902 269.495 267.397 250.719 240.094 236.481 253.579 278.71 962.084 560.238 684.194 1485.89
threshold=1.0000000180025095e-35 2.0000000000000004 1.0000000180025095e-35 135.00000000000003 1.0000000180025095e-35 153.50000000000003 2.0000000000000004 4.0000000000000009 2011.5000000000002 4.5000000000000009 3.0000000000000004 3.5000000000000004 3.5000000000000004 5.5000000000000009 4.0000000000000009 2.5000000000000004 2.5000000000000004 2.0000000000000004 3.0000000000000004 2.0000000000000004 3.0000000000000004 5.5000000000000009 3.5000000000000004 3.0000000000000004 2018.5000000000002 2017.5000000000002 inf 5.5000000000000009 2.0000000000000004 2021.5000000000002 3.0000000000000004 2.5000000000000004 2.0000000000000004 2.5000000000000004 2.0000000000000004 1.0000000180025095e-35 2024.5000000000002 3.5000000000000004 3.0000000000000004 4.0000000000000009 3.0000000000000004 3.5000000000000004 4.0000000000000009 2.0000000000000004 4.5000000000000009 inf 2.5000000000000004 2017.5000000000002 3.5000000000000004 2.0000000000000004 3.0000000000000004 2.5000000000000004 2.0000000000000004 2.0000000000000004 4.5000000000000009 7.5000000000000009 2.5000000000000004 3.5000000000000004 2020.5000000000002 2.5000000000000004 2.0000000000000004 4.0000000000000009
decision_type=2 2 2 10 2 10 2 2 2 2 2 2 2 2 2 2 2 2 2 2 2 2 2 2 2 2 8 2 2 2 2 2 2 2 2 2 2 2 2 2 2 2 2 2 2 8 2 2 2 2 2 2 2 2 2 2 2 2 2 2 2 2
left_child=1 2 -1 4 5 6 -2 8 9 12 -11 -12 -6 17 -15 16 -16 55 -18 20 34 22 23 24 -22 32 -27 -21 29 30 53 -32 33 -24 35 -9 37 -37 -36 -38 -40 44 48 -44 49 -46 47 -47 -43 -42 -51 -28 -14 -29 -35 -10 57 59 -59 -57 -61 -62
right_child=3 -3 -4 -5 7 -7 -8 19 13 10 11 -13 52 14 15 -17 18 -19 -20 27 21 -23 25 -25 -26 26 51 28 -30 -31 31 -33 -34 54 38 36 39 -39 40 -41 41 42 43 -45 45 46 -48 -49 -50 50 -52 -53 -54 -55 -56 56 -58 58 -60 60 61 -63
leaf_value=0.13778939331913817 0.011193381643187686 0.46459535598754886 -0.21490656031029567 -0.16256917677819729 0.023681649583305056 0.26438532416467314 -0.01034481071680699 0.00072291915878864525 -0.0080519576652378824 0.77567856036699734 -0.22121731787919999 0.18992860689759256 -0.028197941420865916 0.12325446187722973 0.135306184142828 -0.34638384133577349 0.026363445624061257 -0.19711443677544593 -0.25919373799115419 0.0067950074930408933 -0.062268550983733607 -0.32138932305010592 0.3108483875791232 -0.049221871590113965 0.63100456960499285 0.00036558541655540468 -0.19737895288637708 0.018735600782868764 0.42701736293409182 -0.1479119588740361 0.59642028898000721 0.054511246783658866 -0.12995786423032935 0.066989843407645827 0.0034349622632641047 -0.11899683630024945 0.050919912817577517 0.87257959229104665 -0.32995887819145409 -0.41477152676809403 -0.0097652037226668518 -0.032541205627577646 -0.017923660824696222 0.30406390425050633 -0.015333674765295452 -0.54208935390819202 -0.11940359361469746 -0.16297720979588728 -0.2795752734623172 -0.22814569529955803 -0.044670473374426367 -0.40989375495566771 -0.23988402938613526 -0.17919079546506209 -0.14221598450094461 0.0032285898239615531 -0.005754200081250895 -0.012439305212666394 -0.33776486714680992 0.01434131544704857 0.27941441768996939 0.044432851732452323
leaf_weight=29 8502 30 35 24 279 27 2457 10882 18772 26 28 24 35 41 35 41 23 40 40 13254 27 37 21 102 20 25 35 48 23 39 20 64 33 32 1403 27 24 34 28 21 152 28 93 32 27 22 24 24 22 46 85 26 26 24 24 4571 7142 428 24 753 86 309
leaf_count=29 8502 30 35 24 279 27 2457 10882 18772 26 28 24 35 41 35 41 23 40 40 13254 27 37 21 102 20 25 35 48 23 39 20 64 33 32 1403 27 24 34 28 21 152 28 93 32 27 22 24 24 22 46 85 26 26 24 24 4571 7142 428 24 753 86 309
internal_value=0.000127157 0.110766 -0.0550912 -2.02344e-05 3.50724e-05 0.00699867 0.00636453 -0.00124957 -0.00447714 0.0428591 0.237588 -0.0314577 -0.00181392 -0.00508963 -0.0787443 -0.138327 -0.0512824 -0.00467693 -0.154943 0.00268719 -0.0025485 -0.0590572 -0.0309231 0.0397195 0.232741 -0.0846258 -0.204144 0.0078778 0.0737096 0.0320374 0.0770247 0.183537 0.00881544 0.0682897 -0.000884685 0.00244207 0.178931 0.433685 -0.0192907 -0.166403 -0.0739805 -0.0610663 0.00572191 0.0645052 -0.091824 -0.197084 -0.267187 -0.344292 -0.141236 -0.0557456 -0.109097 -0.287959 -0.118425 -0.0472399 -0.0226698 -0.00443702 0.000660213 0.00808393 -0.0297132 0.0110712 0.0422983 0.0955934
internal_weight=70655 94 64 70561 70537 10986 10959 59551 32723 418 78 52 340 32305 180 139 98 32125 63 26828 13356 382 345 149 47 196 86 13472 218 195 156 84 110 77 12974 10988 106 61 1986 45 583 555 175 125 380 97 70 46 50 283 131 61 61 72 56 32085 13313 6171 452 5719 1148 395
internal_count=70655 94 64 70561 70537 10986 10959 59551 32723 418 78 52 340 32305 180 139 98 32125 63 26828 13356 382 345 149 47 196 86 13472 218 195 156 84 110 77 12974 10988 106 61 1986 45 583 555 175 125 380 97 70 46 50 283 131 61 61 72 56 32085 13313 6171 452 5719 1148 395
is_linear=0
shrinkage=0.05


Tree=122
num_leaves=63
num_cat=0
split_feature=104 44 108 66 102 109 100 110 110 113 52 28 56 40 57 111 104 109 111 114 106 65 17 48 55 113 40 87 85 55 97 113 97 8 12 106 54 63 42 87 12 100 70 43 12 114 113 58 100 62 61 72 61 114 40 94 63 40 100 113 100 113
split_gain=415.939 2683.13 361.681 339.275 223.64 549.385 343.181 415.811 580.438 400.598 517.634 399.325 390.565 385.651 635.962 1588.29 709.957 606.411 395.096 319.273 349.173 4029.66 1628.85 1072.37 865.22 5191.14 865.203 624.388 1758.12 320.218 1280 1293.68 1735.29 831.304 1362.25 1299.01 1288.47 1808.61 1284.06 4156.02 2490.13 2412.71 818.702 546.022 470.451 810.799 1360.49 1245.55 2811.79 1377.3 1622.84 1253.96 1236.41 1123.21 1534.89 2583.42 5086.63 1191.83 1096.79 1045.27 1456.53 2278.28
threshold=1.0000000180025095e-35 2.0000000000000004 163.50000000000003 2.0000000000000004 1.0000000180025095e-35 153.50000000000003 2016.5000000000002 99.750000000000014 89.250000000000014 2.5000000000000004 3.0000000000000004 2.0000000000000004 3.0000000000000004 3.5000000000000004 2.0000000000000004 1.0000000180025095e-35 4.5000000000000009 70.500000000000014 2.5000000000000004 10.500000000000002 1.0000000180025095e-35 2.0000000000000004 3.0000000000000004 3.0000000000000004 3.0000000000000004 3.5000000000000004 3.5000000000000004 1.0000000180025095e-35 4.0000000000000009 3.0000000000000004 1.5000000000000002 3.5000000000000004 3.0000000000000004 2.0000000000000004 1.0000000180025095e-35 1.0000000180025095e-35 2.0000000000000004 2.5000000000000004 2.0000000000000004 1.0000000180025095e-35 1.0000000180025095e-35 2016.5000000000002 2.0000000000000004 2.0000000000000004 1.0000000180025095e-35 17.500000000000004 3.5000000000000004 3.0000000000000004 2011.5000000000002 2.5000000000000004 4.5000000000000009 3.5000000000000004 4.5000000000000009 12.500000000000002 3.5000000000000004 4.0000000000000009 2.5000000000000004 3.5000000000000004 2011.5000000000002 5.5000000000000009 2016.5000000000002 4.5000000000000009
decision_type=2 2 10 2 2 10 2 10 10 2 2 2 2 2 2 10 2 10 8 2 2 2 2 2 2 2 2 2 2 2 2 2 2 2 2 2 2 2 2 2 2 2 2 2 2 2 2 2 2 2 2 2 2 2 2 2 2 2 2 2 2 2
left_child=1 3 4 -1 5 6 11 8 9 -8 13 -2 -12 -11 15 16 -15 18 -16 20 24 22 26 -24 25 -6 -22 -26 -29 30 33 -32 -33 35 -35 36 38 -38 39 -21 -40 -41 -36 -39 -31 53 -47 51 -49 52 -51 -48 59 54 55 -46 -57 58 -55 60 -50 -62
right_child=2 -3 -4 -5 19 -7 7 -9 -10 10 12 -13 -14 14 17 -17 -18 -19 -20 29 21 -23 23 -25 27 -27 -28 28 -30 44 31 32 -34 34 42 -37 37 43 40 41 -42 -43 -44 -45 45 46 47 48 49 50 -52 -53 -54 57 -56 56 -58 -59 -60 -61 61 -63
leaf_value=-0.11443086892366411 -0.0036618913123201862 0.58848912959749045 -0.19408697051306567 0.12119110646572979 -0.0019204411926117112 0.22779530153742861 0.0071509643588703311 -0.12868105739355087 0.27852960448889508 0.020021120611176248 0.15545538742223691 0.22016635477542879 -0.037370170729918238 0.24410626353888679 0.14647524349415039 0.028759001348825065 0.63133713141083714 0.31256519942121075 0.024262777705226102 0.036805778274502231 -0.39190112378286279 -0.5728061249987646 0.40722288717241856 0.023046161883916613 -0.0060468477078897921 0.77154414343833932 0.0075853191090352601 -0.034636148551349027 -0.43187152980826798 0.00088381829487004047 -0.019284230700948021 -0.69219329745873159 -0.11493614281217257 -0.019125540173285008 -0.41538585973413372 0.34358124994870387 0.45406524717707086 -0.21445148691534996 0.0015488313727600629 -0.20924618549835988 0.62094729661941539 -0.86409980004484011 -0.059070794390780591 0.14652044840834358 0.013389645211520744 -0.056561744882614465 0.20392379994903292 0.65740885248890635 -0.018565155336490044 -0.15050602072561292 0.34983091865267074 -0.17041824200460989 -0.079129252078778606 -0.40209218638914601 -0.042798361162397464 1.1158628261834385 0.086438518216212595 0.028013360837236947 -0.069870925934272562 0.50381711911071425 0.57474390822787613 0.062976756861264069
leaf_weight=50 5442 22 24 22 164 28 4030 50 21 468 29 20 278 29 79 68 20 22 406 167 23 33 34 39 17585 25 33 215 32 38787 55 23 30 402 38 33 37 20 86 39 20 22 28 22 61 143 35 27 52 71 21 62 34 27 94 20 30 447 311 33 43 44
leaf_count=50 5442 22 24 22 164 28 4030 50 21 468 29 20 278 29 79 68 20 22 406 167 23 33 34 39 17585 25 33 215 32 38787 55 23 30 402 38 33 37 20 86 39 20 22 28 22 61 143 35 27 52 71 21 62 34 27 94 20 30 447 311 33 43 44
internal_value=0.000120799 0.105228 -1.92226e-05 -0.0424353 4.68083e-05 0.00660021 0.00603522 0.0148514 0.0161682 0.0151534 0.0382054 -0.00284231 -0.0191554 0.0543315 0.0800643 0.18514 0.40216 0.0558159 0.0441696 -0.00116269 -0.00668473 -0.0797632 0.0463641 0.201978 -0.00602779 0.10039 -0.156489 -0.0071557 -0.0860998 0.00126472 -0.0263751 -0.189159 -0.365444 -0.00714024 -0.0536904 0.0417061 0.0175853 0.199175 -0.0253655 -0.0922115 0.118416 -0.445423 -0.264222 -0.0253709 0.00196493 0.0289315 0.0767235 0.121889 0.168818 0.124549 -0.0362987 -0.0353464 0.196384 0.00165632 0.105874 0.231776 0.498208 -0.0255597 -0.0964093 0.250846 0.190788 0.315919
internal_weight=70655 94 70561 72 70537 10990 10962 5500 5450 5429 1399 5462 307 1092 624 117 49 507 485 59547 18183 162 129 73 18021 189 56 17832 247 41364 1022 108 53 914 468 446 413 79 334 228 106 61 66 42 40342 1555 565 422 325 298 92 97 206 990 205 111 50 785 338 172 139 87
internal_count=70655 94 70561 72 70537 10990 10962 5500 5450 5429 1399 5462 307 1092 624 117 49 507 485 59547 18183 162 129 73 18021 189 56 17832 247 41364 1022 108 53 914 468 446 413 79 334 228 106 61 66 42 40342 1555 565 422 325 298 92 97 206 990 205 111 50 785 338 172 139 87
is_linear=0
shrinkage=0.05


Tree=123
num_leaves=63
num_cat=0
split_feature=104 44 108 100 102 100 110 113 76 28 114 14 106 8 113 24 62 15 87 85 77 16 55 98 97 113 97 100 8 87 47 114 16 46 79 49 24 85 17 87 113 87 114 114 66 8 100 113 77 99 100 50 79 46 113 100 42 28 77 62 14 17
split_gain=375.385 2421.53 326.417 309.713 201.835 391.194 533.598 368.565 423.315 362.051 288.144 398.696 1987.67 1059.62 1032.68 5554.3 2668.81 1313.62 572.081 1008.98 1144.28 309.418 288.997 1561.57 1113.83 1082.16 1566.1 883.276 575.962 1281.36 1132.86 1131.72 4256.25 1496.85 1431.62 1366.71 986.642 1504.74 1159.93 2084.56 906.299 376.145 860.444 1467.79 1320.36 3435.14 1445.02 1203.74 1315.81 1062.08 1741.92 1256.01 1150.13 1520.81 1993.22 1796.81 1544.39 1015.98 2383.22 1460.46 1375.41 1122.38
threshold=1.0000000180025095e-35 2.0000000000000004 163.50000000000003 2014.5000000000002 1.0000000180025095e-35 2016.5000000000002 123.75000000000001 2.5000000000000004 3.5000000000000004 2.0000000000000004 10.500000000000002 2.0000000000000004 1.0000000180025095e-35 2.0000000000000004 4.5000000000000009 2.5000000000000004 2.5000000000000004 3.0000000000000004 1.0000000180025095e-35 4.0000000000000009 2.5000000000000004 2.5000000000000004 3.0000000000000004 1.0000000180025095e-35 1.5000000000000002 3.5000000000000004 3.0000000000000004 2024.5000000000002 2.0000000000000004 1.0000000180025095e-35 2.0000000000000004 15.500000000000002 4.5000000000000009 2.0000000000000004 2.0000000000000004 4.0000000000000009 2.5000000000000004 4.0000000000000009 3.0000000000000004 1.0000000180025095e-35 3.5000000000000004 1.0000000180025095e-35 12.500000000000002 17.500000000000004 2.0000000000000004 2.0000000000000004 2018.5000000000002 3.5000000000000004 2.5000000000000004 3.0000000000000004 2011.5000000000002 2.0000000000000004 2.0000000000000004 2.0000000000000004 4.5000000000000009 2014.5000000000002 2.0000000000000004 2.0000000000000004 1.5000000000000002 2.5000000000000004 4.0000000000000009 3.0000000000000004
decision_type=2 2 10 2 2 2 10 2 2 2 2 2 2 2 2 2 2 2 2 2 2 2 2 2 2 2 2 2 2 2 2 2 2 2 2 2 2 2 2 2 2 2 2 2 2 2 2 2 2 2 2 2 2 2 2 2 2 2 2 2 2 2
left_child=1 3 4 -1 5 9 7 -7 -9 -2 11 12 -6 -14 18 -16 17 -17 -13 -20 -21 -19 23 24 27 -26 -27 28 31 -30 -31 32 33 40 -35 -33 37 -37 39 -38 -12 -24 44 57 -43 46 -46 -45 -49 -50 -51 -52 -53 54 -54 -56 -55 61 59 -59 -60 -44
right_child=2 -3 -4 -5 10 6 -8 8 -10 -11 22 14 13 -15 15 16 -18 21 19 20 -22 -23 41 -25 25 26 -28 -29 29 30 -32 35 -34 34 -36 36 38 -39 -40 -41 -42 42 43 47 45 -47 -48 48 49 50 51 52 53 56 55 -57 -58 58 60 -61 -62 -63
leaf_value=-0.17419098422483162 -0.0039667913229258821 0.55906469171697448 -0.1843826183428367 0.04001298957400852 -0.014135879764940767 0.0069005011309169889 0.23339452466794422 0.044481512611900642 -0.056800659417058343 0.20915804222226142 0.017071071428318436 -0.0011340476135916209 -0.60701222192673454 -0.12067672535777092 0.74999916701866631 0.050136296169177912 0.402565631877493 -0.2179728612303734 -0.017378831494318174 0.013011521455787479 -0.46198421189328659 -0.48025808697161471 0.00094585035437276489 0.39163412344218657 -0.029137711151054613 -0.6575836264406858 -0.10918933500846227 -0.23979481610336473 -0.011121654641080314 -0.42453374407793354 0.03306280814466022 -0.32205030769109727 0.61849027954869806 -0.056978956338328626 0.47376082716164769 0.017047872940579859 0.057378477224847305 -0.476244183968414 -0.1133420959461567 0.61236546298731931 -0.30928685391942662 -0.012071097878506408 0.084303652230574164 -0.066734849276102112 0.26887591154802415 -0.060918952034014033 0.83681028798843426 -0.024106447329791655 -0.10896182308594388 0.59356978936837279 0.52244721173562791 -0.19302706840634345 0.5982198249246623 0.18040171889588238 0.48337350189685824 -0.10825740862073321 -0.22896053219834964 -0.023563126567751169 -0.41509460126360259 0.440973887236222 -0.11700916786532883 -0.071097475539037447
leaf_weight=27 5460 22 24 45 6256 4062 28 1308 112 20 52 11552 21 24 29 37 27 22 139 21 32 23 38926 22 54 23 30 42 378 38 21 35 36 24 27 52 64 22 43 23 36 80 245 115 21 41 24 119 30 26 22 25 37 64 21 33 36 64 60 23 109 221
leaf_count=27 5460 22 24 45 6256 4062 28 1308 112 20 52 11552 21 24 29 37 27 22 139 21 32 23 38926 22 54 23 30 42 378 38 21 35 36 24 27 52 64 22 43 23 36 80 245 115 21 41 24 119 30 26 22 25 37 64 21 33 36 64 60 23 109 221
internal_value=0.000114759 0.0999665 -1.82615e-05 -0.0403135 4.44679e-05 0.0062702 0.0156779 0.0145658 0.0364931 -0.00318896 -0.00110455 -0.00635049 -0.0165176 -0.347633 -0.000958885 0.135021 -0.0285965 -0.170565 -0.00255675 -0.0881558 -0.273778 -0.35203 0.00120148 -0.0250563 -0.0342235 -0.186669 -0.347172 -0.0159574 -0.00491023 -0.0449473 -0.26166 0.0373511 0.13396 0.00847062 0.224001 -0.033388 0.0161374 -0.129607 0.0990994 0.204099 -0.116439 0.00186668 0.0271805 0.0129769 0.134135 0.270141 0.571774 0.0763344 0.116172 0.172951 0.204987 0.162537 0.125879 0.167621 0.315522 0.121821 0.0330313 -0.0333566 -0.11338 0.0992455 -0.222838 0.0106048
internal_weight=70655 94 70561 72 70537 10990 5510 5482 1420 5480 59547 18183 6301 45 11882 138 109 82 11744 192 53 45 41364 1022 1000 107 53 893 851 437 59 414 175 139 51 239 204 74 130 87 88 40342 1416 1250 166 86 45 528 413 294 264 238 216 191 91 54 100 722 256 87 169 466
internal_count=70655 94 70561 72 70537 10990 5510 5482 1420 5480 59547 18183 6301 45 11882 138 109 82 11744 192 53 45 41364 1022 1000 107 53 893 851 437 59 414 175 139 51 239 204 74 130 87 88 40342 1416 1250 166 86 45 528 413 294 264 238 216 191 91 54 100 722 256 87 169 466
is_linear=0
shrinkage=0.05


Tree=124
num_leaves=63
num_cat=0
split_feature=108 94 94 100 110 100 68 67 43 113 22 55 100 46 64 91 79 111 8 16 91 113 8 65 67 22 85 61 49 100 48 113 77 65 100 57 27 109 22 113 12 108 98 113 12 73 113 49 14 87 106 46 67 46 110 100 113 100 46 25 113 100
split_gain=295.017 197.446 352.895 796.961 579.782 572.576 1182.76 913.546 690.567 535.517 581.513 812.219 533.559 455.803 424.825 448.744 391.02 448.209 507.542 331.047 411.029 345.001 332.742 263.784 674.344 434.624 403.082 349.413 426.509 890.217 580.118 1001.32 414.868 258.246 236.094 235.058 264.96 806.974 350.877 540.033 654.413 676.663 326.221 257.322 1086.83 255.541 384.34 1196.25 919.926 366.601 670.619 324.283 318.691 230.325 211.275 203.486 201.518 196.374 310.365 243.465 204.767 413.32
threshold=163.50000000000003 4.0000000000000009 2.0000000000000004 2023.5000000000002 65.250000000000014 2020.5000000000002 2.0000000000000004 2.5000000000000004 2.0000000000000004 6.5000000000000009 3.0000000000000004 3.0000000000000004 2022.5000000000002 2.0000000000000004 2.5000000000000004 2.0000000000000004 2.0000000000000004 2.5000000000000004 2.0000000000000004 4.5000000000000009 2.0000000000000004 3.5000000000000004 2.0000000000000004 2.0000000000000004 2.5000000000000004 3.0000000000000004 4.0000000000000009 3.5000000000000004 4.0000000000000009 2017.5000000000002 3.0000000000000004 4.5000000000000009 2.5000000000000004 2.0000000000000004 2017.5000000000002 2.0000000000000004 2.0000000000000004 163.50000000000003 1.0000000180025095e-35 3.5000000000000004 1.0000000180025095e-35 52.500000000000007 1.0000000180025095e-35 5.5000000000000009 1.0000000180025095e-35 2.5000000000000004 4.5000000000000009 4.0000000000000009 4.0000000000000009 1.0000000180025095e-35 1.0000000180025095e-35 2.0000000000000004 2.5000000000000004 2.0000000000000004 147.50000000000003 2020.5000000000002 5.5000000000000009 2011.5000000000002 2.0000000000000004 2.5000000000000004 4.5000000000000009 2015.5000000000002
decision_type=10 2 2 2 10 2 2 2 2 2 2 2 2 2 2 2 2 10 2 2 2 2 2 2 2 2 2 2 2 2 2 2 2 2 2 2 2 10 2 2 2 10 2 2 2 2 2 2 2 2 2 2 2 2 10 2 2 2 2 2 2 2
left_child=1 2 9 4 5 19 8 13 12 10 35 -12 -7 -8 15 33 17 18 -13 23 21 -21 -23 27 25 26 -25 57 29 -29 -30 32 -32 -5 -34 -1 37 38 39 -37 41 42 -41 45 -45 54 49 -48 -49 -47 51 -51 53 -50 -38 -40 -18 -4 -59 -60 61 -61
right_child=-2 -3 3 14 -6 6 7 -9 -10 -11 11 16 -14 -15 -16 -17 56 -19 -20 20 -22 22 -24 24 -26 -27 -28 28 30 -31 31 -33 34 -35 -36 36 43 -39 55 40 -42 -43 -44 44 -46 46 47 48 52 50 -52 -53 -54 -55 -56 -57 -58 58 59 60 -62 -63
leaf_value=-0.0050389616551756921 -0.17516349057356517 -0.0039209995544653804 -0.15236773757884903 0.074715081602334976 0.29897909462451938 0.29802927743820917 -0.033568296208977701 0.45868641856838677 -0.18986160664644558 0.1967451076422419 -0.28883653312921526 -0.0012156163652737937 -0.047076370598127443 0.28540156029519581 -0.2961699677002616 -0.21396090666763487 -0.051206935347638677 -0.090326939266303488 0.32747354941523593 0.011178192017009347 0.090495384293488967 -0.016540097480728513 -0.26340406132050054 0.002122622701738562 0.25881666740910575 -0.14573865005815473 0.19392792541947632 -0.25334183848821201 -0.040659503505860527 0.18435210900081855 -0.054950505606830125 0.44898058955486003 0.31249410241842268 -0.10334212359739468 0.069546498032286769 0.0059696064210801418 0.00067281410694425574 0.29119317644834519 -0.031775960421381415 0.024939140265888032 0.30870416773402176 0.30622530061265696 0.17668937244830099 -0.018144204731170951 0.38843295398083599 -0.022346074401441946 -0.19901511616220602 0.37367289199360781 0.038710807736327013 -0.33229862195439641 0.06283367713612896 -0.0992998155100005 -0.062161279756289267 0.22102371695140999 -0.13440916829838837 -0.16151617449872635 -0.20855623856186867 -0.049598124558754453 -0.0326600836827717 -0.10857415537942539 0.22589809596538546 0.18338226791885165
leaf_weight=10456 24 20816 24 56 22 21 24 34 32 35 35 24 24 21 20 30 271 29 23 41 39 21 39 70 44 27 45 26 41 21 30 26 20 32 20 19173 15631 25 272 827 23 23 37 65 22 1362 38 28 41 32 31 28 39 30 29 34 22 158 47 22 26 27
leaf_count=10456 24 20816 24 56 22 21 24 34 32 35 35 24 24 21 20 30 271 29 23 41 39 21 39 70 44 27 45 26 41 21 30 26 20 32 20 19173 15631 25 272 827 23 23 37 65 22 1362 38 28 41 32 31 28 39 30 29 34 22 158 47 22 26 27
internal_value=0.000109021 0.000168578 0.00187747 0.0295005 0.045162 0.0394053 0.127156 0.263078 -0.012296 0.00123633 0.00109568 -0.058642 0.113973 0.115284 -0.0830807 -0.0469638 -0.0368078 0.0642531 0.159632 0.0225882 -0.0473748 -0.100612 -0.177002 0.0371206 0.0877867 0.0347915 0.0771769 0.0178093 0.0721916 -0.0577765 0.116779 0.184019 0.0856042 0.00996701 0.19102 0.00159591 0.00343169 0.00729431 0.00694621 0.00775585 0.0453907 0.038563 0.0314377 -0.00110627 0.0846684 -0.0015379 -0.0203853 0.0493968 0.1178 -0.0288379 -0.126001 -0.223566 0.0526688 0.115744 0.000422662 -0.0461915 -0.0630216 -0.0151063 -0.00334103 0.0565657 0.112481 0.0522998
internal_weight=70655 70631 49815 1130 992 970 156 79 77 48685 48650 404 45 45 138 118 369 76 47 814 140 101 60 674 186 142 115 488 184 47 137 96 70 88 40 48246 37790 20414 20389 20083 910 887 864 17376 87 17289 1629 176 138 1453 91 60 110 71 15660 306 293 304 280 122 75 49
internal_count=70655 70631 49815 1130 992 970 156 79 77 48685 48650 404 45 45 138 118 369 76 47 814 140 101 60 674 186 142 115 488 184 47 137 96 70 88 40 48246 37790 20414 20389 20083 910 887 864 17376 87 17289 1629 176 138 1453 91 60 110 71 15660 306 293 304 280 122 75 49
is_linear=0
shrinkage=0.05


Tree=125
num_leaves=63
num_cat=0
split_feature=107 108 112 87 103 65 88 113 16 104 61 11 113 68 48 94 94 87 100 43 100 22 48 42 77 65 112 28 16 11 22 106 65 106 11 100 49 16 100 8 100 72 77 61 28 11 113 9 16 12 79 55 17 46 113 87 70 42 16 100 100 11
split_gain=465.658 365.633 231.36 381.225 571.024 377.352 287.622 441.52 375.494 275.4 304.274 432.142 285.127 1853.91 550.067 298.188 971.654 1624.74 663.649 565.869 849.617 1151.12 1119.29 810.782 640.587 896.114 800.763 780.5 2226.42 540.942 495.507 767.71 489.334 429.915 576.154 752.324 559.632 785.56 372.752 370.669 321.511 1047.47 306.234 329.216 304.837 287.952 263.207 238.86 212.679 1023.89 3983.11 3023.41 1474.02 4281.25 830.966 815.603 1666.24 3626.52 4176.36 7181.23 7242.87 7984.9
threshold=140.50000000000003 149.00000000000003 1.0000000180025095e-35 1.0000000180025095e-35 1.0000000180025095e-35 2.0000000000000004 1.0000000180025095e-35 3.5000000000000004 3.5000000000000004 1.5000000000000002 4.5000000000000009 1.0000000180025095e-35 6.5000000000000009 2.0000000000000004 3.0000000000000004 4.0000000000000009 2.0000000000000004 1.0000000180025095e-35 2024.5000000000002 2.0000000000000004 2020.5000000000002 3.0000000000000004 3.0000000000000004 2.0000000000000004 2.5000000000000004 2.0000000000000004 1.0000000180025095e-35 2.0000000000000004 3.5000000000000004 2.0000000000000004 3.0000000000000004 1.0000000180025095e-35 2.0000000000000004 1.0000000180025095e-35 2.0000000000000004 2020.5000000000002 4.0000000000000009 3.5000000000000004 2023.5000000000002 2.0000000000000004 2015.5000000000002 3.5000000000000004 2.5000000000000004 3.5000000000000004 2.0000000000000004 2.0000000000000004 4.5000000000000009 2.5000000000000004 4.5000000000000009 1.0000000180025095e-35 2.0000000000000004 3.0000000000000004 3.0000000000000004 2.0000000000000004 4.5000000000000009 1.0000000180025095e-35 2.0000000000000004 2.0000000000000004 3.5000000000000004 2020.5000000000002 2024.5000000000002 2.0000000000000004
decision_type=10 10 8 2 2 2 2 2 2 2 2 2 2 2 2 2 2 2 2 2 2 2 2 2 2 2 10 2 2 2 2 2 2 2 2 2 2 2 2 2 2 2 2 2 2 2 2 2 2 2 2 2 2 2 2 2 2 2 2 2 2 2
left_child=1 2 3 -1 47 -6 9 -8 -9 10 11 -4 15 -14 -15 16 30 18 19 20 23 44 -23 24 25 -18 27 32 -29 42 -11 39 -26 34 35 -21 -36 -38 -33 46 -41 -42 43 -25 -22 -20 -32 -5 55 -50 51 -51 53 -52 -55 -17 57 58 -57 -60 61 -61
right_child=-2 -3 6 4 5 -7 7 8 -10 12 -12 -13 13 14 -16 48 17 -19 45 33 21 22 -24 29 26 -27 -28 28 -30 -31 31 38 -34 -35 36 -37 37 -39 -40 40 41 -43 -44 -45 -46 -47 -48 -49 49 50 52 -53 -54 54 -56 56 -58 -59 59 60 -62 -63
leaf_value=-0.0030383490208099706 0.23516958724884762 -0.19963624367247457 -0.025027782710572752 -0.040691033705021709 -0.083922164777622502 -0.334294800957044 -0.018797232531733925 -0.058346872392576188 -0.31997525456051035 0.0047790093298727861 0.11399854740961211 -0.25460258112067269 0.36921292680340845 -0.2130343680653502 0.078180836285314248 -0.0056486878738127725 -0.032242158098825233 -0.26934899492441 -0.17374704067448254 -0.00048026111484928563 0.57610513847321276 0.40626299760558393 -0.020420742840232219 0.08103531793906138 0.11900219716588725 0.25614534664329969 0.43326668304701643 -0.09312044981867075 0.60290620724360156 -0.18678675471112516 -0.032847865922628221 -0.36612075230589625 -0.14232395394988681 0.21855838596820831 0.32809350727045022 -0.28518801982756015 0.22891374173072668 -0.15614673114485211 -0.081325985789299018 -0.058726498643394381 0.36302039545774462 -0.024144727890861445 0.16657862628499667 -0.18513732009700368 0.31179768865307178 0.037568532036883491 -0.1861929475930002 0.11834009094163776 -0.0028550962458303766 -0.82897407859563832 0.6613596780546781 -0.16998762700544753 -0.13161325557705236 0.10473680585622787 -0.34057069962674924 -0.055543369564282546 -0.050539168231577308 0.5229085619168149 0.023950341282963004 0.2245931093891462 -0.13984845174557489 1.4310674255713822
leaf_weight=28714 21 23 858 257 34 27 335 32 24 26681 38 21 37 34 31 9691 107 37 38 165 20 22 51 26 81 36 27 20 27 39 74 27 23 26 23 27 26 27 20 61 25 58 30 21 24 28 45 26 1059 28 29 46 68 20 22 340 315 45 159 24 23 32
leaf_count=28714 21 23 858 257 34 27 335 32 24 26681 38 21 37 34 31 9691 107 37 38 165 20 22 51 26 81 36 27 20 27 39 74 27 23 26 23 27 26 27 20 61 25 58 30 21 24 28 45 26 1059 28 29 46 68 20 22 340 315 45 159 24 23 32
internal_value=-0.000242696 -0.000312985 -0.000247782 -0.00366519 -0.0559886 -0.194743 0.00215939 -0.0405207 -0.170473 0.00256779 -0.024524 -0.0305125 0.00318972 0.0866796 -0.0741471 0.00297599 0.00579893 0.0554715 0.0686206 0.0805068 0.110261 0.229928 0.108169 0.078222 0.119163 0.0403589 0.182472 0.137628 0.306725 -0.0350715 0.00404877 -0.0588013 0.0612089 0.0244393 0.00560682 -0.0405173 0.122131 0.0327509 -0.244931 -0.0255385 0.0284222 0.0924713 0.0417713 -0.0378929 0.431937 -0.084098 -0.0908355 -0.0260804 -0.00365192 -0.0229735 -0.122999 -0.419334 0.0347619 0.194107 -0.12852 -0.00133965 0.0431794 0.0905652 0.0569053 0.217546 0.607188 0.914007
internal_weight=70355 70334 70311 29058 344 61 41253 391 56 40862 917 879 39945 102 65 39843 27942 951 914 848 554 117 73 437 321 143 178 151 47 116 26991 310 104 294 268 192 76 53 47 263 144 83 77 47 44 66 119 283 11901 1272 213 74 139 71 42 10629 938 623 578 238 79 56
internal_count=70355 70334 70311 29058 344 61 41253 391 56 40862 917 879 39945 102 65 39843 27942 951 914 848 554 117 73 437 321 143 178 151 47 116 26991 310 104 294 268 192 76 53 47 263 144 83 77 47 44 66 119 283 11901 1272 213 74 139 71 42 10629 938 623 578 238 79 56
is_linear=0
shrinkage=0.05


Tree=126
num_leaves=63
num_cat=0
split_feature=107 108 112 87 103 109 104 94 94 87 113 109 100 100 66 8 43 46 22 54 8 100 70 66 66 100 114 100 114 61 17 14 14 65 11 109 16 73 114 79 46 17 8 100 65 12 66 113 76 87 114 63 67 57 70 114 100 14 114 68 17 114
split_gain=420.256 329.984 208.802 344.056 515.349 466.115 251.784 256.614 600.468 1398.61 823.033 630.619 500.128 579.855 1070.31 1082.38 1216.61 1194.29 477.277 527.393 693.097 591.246 445.923 468.066 396.282 392.963 690.267 1009.56 392.226 479.95 437.441 375.22 351.808 314.381 963.561 302.729 285.25 1258.33 2770.75 1869.99 1591.92 2054.07 4506 1318.3 1049.57 920.023 968.196 786.336 879.813 636.571 2777.37 1595.33 4348.57 3784.18 3007.08 4542.58 1932.44 2091.49 1818.22 3034.6 7276.23 7803.13
threshold=140.50000000000003 149.00000000000003 1.0000000180025095e-35 1.0000000180025095e-35 1.0000000180025095e-35 38.500000000000007 1.5000000000000002 4.0000000000000009 2.0000000000000004 1.0000000180025095e-35 6.5000000000000009 70.500000000000014 2024.5000000000002 2020.5000000000002 2.0000000000000004 2.0000000000000004 2.0000000000000004 2.0000000000000004 3.0000000000000004 2.0000000000000004 2.0000000000000004 2021.5000000000002 2.0000000000000004 2.0000000000000004 2.0000000000000004 2012.5000000000002 16.500000000000004 2011.5000000000002 17.500000000000004 3.5000000000000004 3.0000000000000004 4.0000000000000009 4.0000000000000009 2.0000000000000004 2.0000000000000004 163.50000000000003 4.5000000000000009 2.5000000000000004 10.500000000000002 2.0000000000000004 2.0000000000000004 3.0000000000000004 2.0000000000000004 2022.5000000000002 2.0000000000000004 1.0000000180025095e-35 2.0000000000000004 6.5000000000000009 3.5000000000000004 1.0000000180025095e-35 8.5000000000000018 2.5000000000000004 2.5000000000000004 4.0000000000000009 2.0000000000000004 16.500000000000004 2020.5000000000002 2.0000000000000004 16.500000000000004 2.0000000000000004 3.0000000000000004 14.500000000000002
decision_type=10 10 8 2 2 10 2 2 2 2 2 10 2 2 2 2 2 2 2 2 2 2 2 2 2 2 2 2 2 2 2 2 2 2 2 10 2 2 2 2 2 2 2 2 2 2 2 2 2 2 2 2 2 2 2 2 2 2 2 2 2 2
left_child=1 2 3 -1 -5 -6 -4 8 10 11 18 12 13 25 -15 -16 17 -17 35 20 24 -21 23 -22 -20 26 -10 -28 33 -30 -31 -14 -26 -27 -35 -8 47 -38 -39 45 41 42 -41 44 -42 -40 -47 49 -49 -9 -51 52 56 -54 55 -55 -52 -58 59 60 61 -53
right_child=-2 -3 6 4 5 -7 7 36 9 -11 -12 -13 31 14 15 16 -18 -19 19 21 22 -23 -24 -25 32 28 27 -29 29 30 -32 -33 -34 34 -36 -37 37 38 39 40 43 -43 -44 -45 -46 46 -48 48 -50 50 51 58 53 54 -56 -57 57 -59 -60 -61 -62 -63
leaf_value=-0.0028864316055259762 0.22341110025133407 -0.18965443686946581 -0.023755072949399256 -0.024776380203187946 -0.077477141077581205 -0.36266156182340953 0.0041254348590585499 -0.0054397755760533474 -0.011321619356220419 -0.24598990822210909 0.26134824519075694 0.31446557346245518 -0.20260375742659426 -0.056844207447654796 0.43487244718953183 0.014042832830856587 -0.09795001653524546 0.44258839793603971 0.0027276702770372718 -0.07462392266490496 0.0086662753270222593 -0.3349063627421856 -0.064697689199170405 0.24786771969046703 -0.36976228997111327 0.023466858235061977 0.056646146901227816 0.51293502172285865 0.057870463571614697 0.042408573976717892 -0.18074601192027331 0.037687304330756892 -0.10400277539861924 0.0099290706025111294 0.33713283630354063 0.16304541307191056 0.0058930505512547193 -0.6111773905456066 -0.084155750626867476 0.79508339833339736 -0.10844097564056997 -0.069631070661689012 -0.047713190785476145 0.19537752068042757 -0.49786479665587352 -0.19162976765895592 -0.59695267124244811 -0.034775298200547693 0.41425011530518535 0.51095133960247041 -0.14777896076762417 0.052168254965338216 -0.1002896253950894 0.34096414032666122 0.17772458537171287 1.2394064549822361 -0.21427410301708041 0.40192733537405734 -0.11930446165807994 -0.060720967828377118 -0.23015993595486736 1.2023615361253421
leaf_weight=28714 21 23 924 283 38 23 26887 9782 44 40 31 23 33 53 38 29 39 37 41 80 39 30 43 43 20 296 27 22 72 32 70 32 33 63 35 30 921 25 55 29 62 62 35 25 24 34 26 20 24 30 139 29 40 34 48 24 21 40 283 184 41 30
leaf_count=28714 21 23 924 283 38 23 26887 9782 44 40 31 23 33 53 38 29 39 37 41 80 39 30 43 43 20 296 27 22 72 32 70 32 33 63 35 30 921 25 55 29 62 62 35 25 24 34 26 20 24 30 139 29 40 34 48 24 21 40 283 184 41 30
internal_value=-0.000230561 -0.000297335 -0.000235393 -0.00348193 -0.0531891 -0.185006 0.00205142 0.00264269 0.00524884 0.0436013 0.00386389 0.0558592 0.049408 0.0595497 0.135078 0.206211 0.123457 0.254288 0.00357093 -0.0562867 -0.011421 -0.14561 0.0657144 0.134101 -0.113995 0.037154 0.132429 0.261511 0.0215544 -0.0409682 -0.110737 -0.0843066 -0.204289 0.0491659 0.126788 0.00430256 -0.00346115 -0.025604 -0.10255 -0.0664263 0.0138509 0.135479 0.334179 -0.124213 -0.217117 -0.231867 -0.36727 -0.000792247 0.210148 -0.00165764 0.0375755 0.022021 0.106629 0.314094 0.470465 0.712733 -0.0448197 0.189792 -0.0296096 0.0597694 0.281472 0.637012
internal_weight=70355 70334 70311 29058 344 61 41253 40329 28262 985 27277 945 922 857 196 143 105 66 27246 329 219 110 125 82 94 661 93 49 568 174 102 65 53 394 98 26917 12067 1298 377 352 237 126 64 111 86 115 60 10769 44 10725 943 913 346 146 106 58 200 61 567 284 100 59
internal_count=70355 70334 70311 29058 344 61 41253 40329 28262 985 27277 945 922 857 196 143 105 66 27246 329 219 110 125 82 94 661 93 49 568 174 102 65 53 394 98 26917 12067 1298 377 352 237 126 64 111 86 115 60 10769 44 10725 943 913 346 146 106 58 200 61 567 284 100 59
is_linear=0
shrinkage=0.05


Tree=127
num_leaves=63
num_cat=0
split_feature=107 108 110 92 104 46 94 94 87 113 110 11 55 12 100 100 66 8 100 113 87 44 48 14 22 14 113 63 46 17 66 84 55 40 28 113 62 16 48 17 16 77 46 22 100 87 100 100 66 52 12 100 47 16 62 66 100 113 28 100 113 17
split_gain=379.281 297.811 275.733 181.49 310.388 2877.22 223.252 453.397 1150.89 602.999 576.366 545.448 482.652 573.426 424.578 638.774 965.952 976.843 414.798 359.283 1711.24 350.505 815.148 343.818 319.741 490.867 298.877 622.783 930.648 1004.09 744.834 492.886 455.669 352.465 534.621 383.751 308.747 354.994 282.611 277.221 410.568 266.328 257.61 223.924 1221.64 1305.2 1091.59 618.613 851.205 1408.18 2531.07 408.199 411.328 400.646 397.156 377.132 375.889 991.338 328.115 292.955 268.874 267.947
threshold=140.50000000000003 149.00000000000003 163.50000000000003 2.0000000000000004 1.0000000180025095e-35 2.0000000000000004 4.0000000000000009 2.0000000000000004 1.0000000180025095e-35 6.5000000000000009 52.250000000000007 1.0000000180025095e-35 3.0000000000000004 1.0000000180025095e-35 2024.5000000000002 2020.5000000000002 2.0000000000000004 2.0000000000000004 2012.5000000000002 5.5000000000000009 1.0000000180025095e-35 2.0000000000000004 3.0000000000000004 4.0000000000000009 3.0000000000000004 4.0000000000000009 3.5000000000000004 2.5000000000000004 2.0000000000000004 3.0000000000000004 2.0000000000000004 1.0000000180025095e-35 3.0000000000000004 3.5000000000000004 2.0000000000000004 4.5000000000000009 2.5000000000000004 3.5000000000000004 3.0000000000000004 3.0000000000000004 3.5000000000000004 2.5000000000000004 2.0000000000000004 3.0000000000000004 2012.5000000000002 1.0000000180025095e-35 2013.5000000000002 2023.5000000000002 2.0000000000000004 3.0000000000000004 1.0000000180025095e-35 2020.5000000000002 2.0000000000000004 4.5000000000000009 2.5000000000000004 2.0000000000000004 2016.5000000000002 3.5000000000000004 2.0000000000000004 2014.5000000000002 4.5000000000000009 3.0000000000000004
decision_type=10 10 10 2 2 2 2 2 2 2 10 2 2 2 2 2 2 2 2 2 2 2 2 2 2 2 2 2 2 2 2 2 2 2 2 2 2 2 2 2 2 2 2 2 2 2 2 2 2 2 2 2 2 2 2 2 2 2 2 2 2 2
left_child=1 2 3 -1 5 -5 7 9 10 11 14 -6 13 -13 15 18 -17 -18 24 -14 -21 22 -19 -16 25 -9 31 28 30 -30 -28 -20 -29 39 38 -36 37 -33 -35 -34 -41 -24 -10 61 45 55 -46 48 53 50 -50 52 56 58 -49 -45 -51 -58 60 -60 -48 -8
right_child=-2 -3 -4 4 6 -7 43 8 42 -11 -12 12 19 -15 23 16 17 21 26 20 -22 -23 41 -25 -26 -27 27 32 29 -31 -32 36 33 34 35 -37 -38 -39 -40 40 -42 -43 -44 44 46 -47 47 54 49 51 -52 -53 -54 -55 -56 -57 57 -59 59 -61 -62 -63
leaf_value=-0.0059682860452132435 0.21224055290222169 -0.1801717112083798 0.14213031724862316 -0.16732258023442448 0.003216490651373033 0.5270317916274071 -0.0053898829596856559 0.052779050450772053 -0.33999742214483297 0.20944434165954592 0.2821944236159325 -0.06572513761145346 -0.023021404685632151 -0.34111467252175015 -0.19057667178767068 -0.054001994459134228 0.41312882288506159 0.2866212695837021 0.0081722760112482619 -0.042694451212882997 0.4423788698700567 0.24375632550153467 0.061789218187332157 0.032670061449136804 -0.0039345862343907355 0.33194763509015884 0.065419277883219454 -0.24385595321655273 0.16057297509649526 -0.32383425548672679 0.4870166803151369 0.32341413723188456 0.034537378775662396 -0.17446762630715967 -0.005444942911465963 0.27954123726597541 0.0036005215995289666 0.089689006621836487 0.022633075883442707 -0.018855567731791076 -0.24430001855058517 -0.18300434184074402 -0.09205559641122818 0.076359370563711448 0.2568477072425791 -0.44346660886492045 -0.055758667033805977 -0.29219839283905458 -0.059417295545853427 -0.023417187649440969 0.59565343322853248 -0.17390081872863156 -0.16641129734723464 -0.28031619315204975 -0.053124091970293143 -0.20027814209461214 -0.03434168369539322 0.38430797645392328 -0.10815279476699376 0.12454660895623659 -0.22921096889242049 0.010256701508430041
leaf_weight=11733 21 23 34 37 35782 25 15694 32 22 35 25 89 1742 24 35 53 38 24 223 75 24 36 20 34 32 31 22 29 23 20 20 32 29 31 21 27 27 33 44 36 46 25 20 28 37 35 80 32 29 59 30 31 23 22 38 22 31 26 21 38 31 3314
leaf_count=11733 21 23 34 37 35782 25 15694 32 22 35 25 89 1742 24 35 53 38 24 223 75 24 36 20 34 32 31 22 29 23 20 20 32 29 31 21 27 27 33 44 36 46 25 20 28 37 35 80 32 29 59 30 31 23 22 38 22 31 26 21 38 31 3314
internal_value=-0.000219033 -0.000282469 -0.000223624 -0.000292494 0.00084501 0.112659 0.00072647 0.0029216 0.0347136 0.00200414 0.044999 0.00181174 -0.0239123 -0.124215 0.0392024 0.0478653 0.128325 0.1959 0.0270605 -0.0177557 0.0748991 0.117284 0.0512984 -0.080571 0.124773 0.190148 0.0130595 -0.0188798 0.0987771 -0.0647327 0.26618 0.0483448 -0.0569057 -0.0337367 0.024558 0.15486 0.14572 0.204754 -0.0588352 -0.0983335 -0.145324 -0.0742072 -0.22193 -0.00362117 -0.0333651 -0.209287 -0.00504433 -0.0247796 -0.0018948 0.0632049 0.27367 -0.00983873 0.0267507 -0.0795397 -0.162415 -0.0453611 0.06505 0.156621 -0.0535569 0.0417214 -0.1042 -0.00266194
internal_weight=70355 70334 70311 70277 58544 62 58482 38861 1090 37771 1048 37736 1954 113 1023 954 196 143 758 1841 99 105 69 69 95 63 663 348 85 43 42 315 263 234 123 48 92 65 75 111 82 45 42 19621 613 85 528 491 421 229 59 170 139 192 70 50 116 57 170 59 111 19008
internal_count=70355 70334 70311 70277 58544 62 58482 38861 1090 37771 1048 37736 1954 113 1023 954 196 143 758 1841 99 105 69 69 95 63 663 348 85 43 42 315 263 234 123 48 92 65 75 111 82 45 42 19621 613 85 528 491 421 229 59 170 139 192 70 50 116 57 170 59 111 19008
is_linear=0
shrinkage=0.05


Tree=128
num_leaves=63
num_cat=0
split_feature=107 109 110 88 113 61 112 103 104 61 11 113 68 48 110 46 70 110 107 99 50 100 62 110 52 100 110 110 109 100 109 11 113 110 110 113 113 104 103 48 59 11 44 113 72 100 46 11 42 52 24 100 77 14 61 28 61 100 68 8 61 47
split_gain=342.301 226.391 236.128 181.805 368.901 279.149 199.654 262.107 229.138 266.806 399.16 194.463 1629.99 458.71 171.972 287.193 389.234 515.687 1082.51 594.327 1397.26 314.69 266.726 458.179 224.129 445.355 223.772 277.948 199.894 178.623 163.272 260.816 190.919 150.786 348.163 150.363 140.794 134.822 179.56 202.799 131.839 189.088 135.008 484.159 854.557 472.944 455.717 373.752 1812.98 1707.37 6543.91 2174.81 2296.4 3085.87 1216.81 982.23 932.086 1023.25 763.01 780.767 1268.81 756.627
threshold=140.50000000000003 165.00000000000003 151.50000000000003 1.0000000180025095e-35 3.5000000000000004 3.5000000000000004 1.0000000180025095e-35 1.0000000180025095e-35 1.5000000000000002 4.5000000000000009 1.0000000180025095e-35 6.5000000000000009 2.0000000000000004 3.0000000000000004 25.250000000000004 2.0000000000000004 2.0000000000000004 52.750000000000007 58.500000000000007 3.0000000000000004 2.0000000000000004 2019.5000000000002 2.5000000000000004 64.250000000000014 3.0000000000000004 2017.5000000000002 69.750000000000014 67.250000000000014 26.500000000000004 2017.5000000000002 74.500000000000014 2.0000000000000004 4.5000000000000009 39.750000000000007 36.750000000000007 3.5000000000000004 4.5000000000000009 3.5000000000000004 1.0000000180025095e-35 3.0000000000000004 1.0000000180025095e-35 2.0000000000000004 2.0000000000000004 5.5000000000000009 3.5000000000000004 2014.5000000000002 2.0000000000000004 1.0000000180025095e-35 2.0000000000000004 3.0000000000000004 2.5000000000000004 2016.5000000000002 1.5000000000000002 4.0000000000000009 3.5000000000000004 2.0000000000000004 4.5000000000000009 2010.5000000000002 2.0000000000000004 2.0000000000000004 3.5000000000000004 2.0000000000000004
decision_type=10 10 10 2 2 2 8 2 2 2 2 2 2 2 10 2 2 10 8 2 2 2 2 10 2 2 10 10 10 2 10 2 2 10 10 2 2 2 2 2 2 2 2 2 2 2 2 2 2 2 2 2 2 2 2 2 2 2 2 2 2 2
left_child=1 2 3 6 -5 -6 7 -1 9 10 -8 14 -13 -14 40 26 17 33 -19 20 -20 22 36 -24 25 -21 27 28 -16 -26 32 -32 -30 34 -17 -3 -18 -28 -39 -40 42 -42 -10 47 46 -46 -45 -44 49 50 -49 54 -53 -54 -52 -55 57 -51 59 60 -59 -58
right_child=-2 35 -4 4 5 -7 8 -9 11 -11 -12 12 13 -15 15 16 21 18 19 24 -22 -23 23 -25 29 -27 37 -29 30 -31 31 -33 -34 -35 -36 -37 -38 38 39 -41 41 -43 43 44 45 -47 -48 48 -50 56 51 52 53 55 -56 -57 61 58 -60 -61 -62 -63
leaf_value=-0.0015669537578867866 0.20162851810455323 -0.038757851318914002 0.14766509298373151 -0.013679265455126738 -0.0464246863009114 -0.25045275474588075 -0.022775766220554876 -0.017408075012135794 -0.00041581536780306962 0.1072741762195763 -0.2434159621241547 0.3367116293391666 -0.20584255547865349 0.06009257108934464 0.14079398278284957 0.023571516593868313 -0.011276272147666116 0.47539425693452364 -0.019050517603754997 -0.012519647282444769 0.46766441836953165 0.19127847159450706 0.012508244075725089 0.2577346520274878 0.064381580300290481 0.23874643563196579 -0.1504261258915067 0.16533235566956658 0.00626610357140536 -0.1184631687561598 -0.017830405664908424 -0.19833965537988621 0.11370513349619889 -0.012093109107056799 0.18877406876820785 -0.18507141917943956 -0.14365081368457705 -0.0035911746768954589 -0.1985367682987246 -0.023944092642229339 -0.017267297528263541 -0.19086158985183355 0.0038903313997902195 0.25382272194732319 -0.0012679080444353598 -0.25138528441625929 -0.075950918812304744 0.92989645958519906 -0.050333928261857688 0.39421602146966117 0.046939737480105027 0.015202433252406698 -0.071040090350877674 0.46449817296649726 -0.3024267057163848 0.92327684998512272 -0.1851766339634569 0.099024640165946698 0.0037873138720659265 0.021635709599737665 0.51249684712716514 0.15953945174813272
leaf_weight=25823 21 59 27 612 38 30 858 2905 23273 38 21 37 34 31 27 175 462 20 30 45 29 22 80 25 22 29 25 28 1077 34 154 23 43 147 39 25 21 188 29 39 62 21 12040 22 27 63 20 26 468 21 81 62 21 28 36 20 78 55 428 83 28 20
leaf_count=25823 21 59 27 612 38 30 858 2905 23273 38 21 37 34 31 27 175 462 20 30 45 29 22 80 25 22 29 25 28 1077 34 154 23 43 147 39 25 21 188 29 39 62 21 12040 22 27 63 20 26 468 21 81 62 21 28 36 20 78 55 428 83 28 20
internal_value=-0.000208082 -0.000268345 -0.000170253 -0.000227094 -0.025955 -0.136437 2.44766e-05 -0.00316882 0.00227211 -0.0224394 -0.028047 0.00284007 0.0717897 -0.079012 0.00266334 0.0145811 0.0333753 0.0630826 0.125586 0.0885696 0.220182 0.00561614 -0.00133041 0.0708955 0.0288378 0.0859495 0.00100048 0.00943858 0.00614174 -0.0466313 0.00333864 -0.0412864 0.010391 0.0268962 0.0536785 -0.0823036 -0.0170317 -0.0395985 -0.0287755 -0.0984027 0.00175685 -0.0611887 0.00189844 0.00585086 -0.0894426 -0.17635 0.0967877 0.00678297 0.0307193 0.0691518 0.175235 0.0961167 0.236047 0.434488 -0.0605576 0.655656 0.0283851 0.0512058 0.0390791 0.130072 0.238509 -0.114826
internal_weight=70355 70334 70250 70223 680 68 69543 28728 40815 917 879 39898 102 65 39796 2813 1180 570 209 189 59 610 588 105 130 74 1633 1352 1324 56 1297 177 1120 361 214 84 483 281 256 68 36983 83 36900 13627 132 90 42 13495 1455 987 274 248 131 69 117 48 713 615 594 166 83 98
internal_count=70355 70334 70250 70223 680 68 69543 28728 40815 917 879 39898 102 65 39796 2813 1180 570 209 189 59 610 588 105 130 74 1633 1352 1324 56 1297 177 1120 361 214 84 483 281 256 68 36983 83 36900 13627 132 90 42 13495 1455 987 274 248 131 69 117 48 713 615 594 166 83 98
is_linear=0
shrinkage=0.05


Tree=129
num_leaves=63
num_cat=0
split_feature=108 107 110 110 88 12 17 106 101 25 63 114 46 72 68 46 43 77 101 113 101 62 46 105 85 68 8 12 21 62 97 113 114 63 43 113 40 43 101 101 11 113 107 66 42 113 94 101 76 110 113 67 28 114 114 16 22 113 101 48 61 66
split_gain=366.785 305.417 194.011 170.376 199.232 565.052 215.047 485.313 1080 833.742 724.902 1786.07 1663.42 701.16 752.979 669.045 606.36 587.991 655.834 4506.34 5145.77 10452.6 1175.7 541.229 1595.23 3600.45 486.142 412.04 1271.79 1620.01 670.408 893.127 1316.67 1838.18 1801.74 929.807 707.337 481.282 385.982 353.734 616.172 336.025 325.896 321.416 272.789 323.369 304.36 400.297 312.492 469.485 468.639 386.709 1949.68 909.144 1161.37 714.271 337.195 268.513 967.455 1137.71 663.665 1063.3
threshold=165.00000000000003 118.00000000000001 163.50000000000003 15.750000000000002 1.0000000180025095e-35 1.0000000180025095e-35 3.0000000000000004 1.0000000180025095e-35 3.5000000000000004 2.5000000000000004 2.5000000000000004 10.500000000000002 2.0000000000000004 3.5000000000000004 2.0000000000000004 2.0000000000000004 2.0000000000000004 2.5000000000000004 5.5000000000000009 4.5000000000000009 3.5000000000000004 2.5000000000000004 2.0000000000000004 1.0000000180025095e-35 1.0000000180025095e-35 2.0000000000000004 2.0000000000000004 1.0000000180025095e-35 2.5000000000000004 2.5000000000000004 1.5000000000000002 5.5000000000000009 15.500000000000002 2.5000000000000004 2.0000000000000004 4.5000000000000009 3.5000000000000004 2.0000000000000004 1.5000000000000002 13.500000000000002 2.0000000000000004 3.5000000000000004 54.500000000000007 2.0000000000000004 2.0000000000000004 5.5000000000000009 4.0000000000000009 15.500000000000002 3.5000000000000004 68.250000000000014 1.5000000000000002 2.5000000000000004 2.0000000000000004 11.500000000000002 10.500000000000002 3.5000000000000004 3.0000000000000004 4.5000000000000009 15.500000000000002 3.0000000000000004 4.5000000000000009 2.0000000000000004
decision_type=10 10 10 8 2 2 2 2 2 2 2 2 2 2 2 2 2 2 2 2 2 2 2 2 2 2 2 2 2 2 2 2 2 2 2 2 2 2 2 2 2 2 10 2 2 2 2 2 2 10 2 2 2 2 2 2 2 2 2 2 2 2
left_child=1 2 3 -1 6 -6 57 17 9 -9 12 -12 -11 -10 -15 16 -13 -8 19 -19 22 -22 -21 24 -20 -26 -17 42 29 -29 31 32 35 34 -34 -30 -37 -33 -28 40 -35 -16 44 -42 46 -46 48 -48 49 56 -50 52 -52 54 -53 -54 -25 -5 60 -60 -59 -62
right_child=-2 -3 -4 4 5 -7 7 8 13 10 11 15 -14 14 41 26 -18 18 23 20 21 -23 -24 27 25 -27 38 28 30 -31 -32 37 33 39 -36 36 -38 -39 -40 -41 43 -43 -44 -45 45 -47 47 -49 50 -51 51 53 55 -55 -56 -57 -58 58 59 -61 61 -63
leaf_value=-0.0072220824642245107 0.20873244262876967 -0.15008089498561972 0.11585581334721712 0.00029119174201428253 -0.017310079119931526 -0.2473456786047401 -0.005709838843171465 -0.2219751569870356 -0.43092885056267616 -0.094605669956053462 0.2676298007305542 0.16267041935536422 0.40505593915780386 0.14736453473567965 -0.047402518391609194 -0.30300917318204373 -0.15835068809489411 -0.026407849728041943 -0.047514230838666363 -0.12915409207344056 1.543812756375833 0.0025207034566185694 0.28979236736442104 0.013093635331322719 0.85453312039375318 -0.011546518703301749 -0.19245426488273287 -0.047019773508038598 -0.055042236185583626 0.48318689292669292 0.14221950366263628 -0.43613295941441149 0.66217498540878295 0.15829044253166236 -0.00093154907226562507 -0.13270237871578761 -0.5165798815765551 -0.11252312079071998 0.060765299090632691 -0.25915028197424755 0.011490133241168224 -0.30431671222937962 0.18582782168583623 -0.25512264634554205 -0.0047270143119778393 0.16704826663647379 0.0017185847933386747 0.217292943359776 0.0062472995409431561 0.24442914004570673 0.015646672886066859 0.069095855815844098 0.21550674363970757 0.037987370078299464 0.48101862739505513 0.62406769822473107 -0.15664478531407733 -0.01723949424157295 0.48568474501371384 -0.041246305760883152 0.021325487372550099 -0.24616256855866492
leaf_weight=7785 21 34 36 52355 573 28 3113 37 23 31 44 38 36 20 20 41 24 265 60 34 22 22 33 521 20 30 34 34 57 25 32 27 20 28 21 21 28 20 27 21 20 35 29 26 1274 28 1017 22 288 21 79 44 20 452 28 23 31 1065 20 21 66 85
leaf_count=7785 21 34 36 52355 573 28 3113 37 23 31 44 38 36 20 20 41 24 265 60 34 22 22 33 521 20 30 34 34 57 25 32 27 20 28 21 21 28 20 27 21 20 35 29 26 1274 28 1017 22 288 21 79 44 20 452 28 23 31 1065 20 21 66 85
internal_value=-0.000197678 -0.000260059 -0.0001876 -0.000247055 0.000622047 -0.0280272 0.000900307 0.00840706 -0.0446255 0.000855032 0.0308358 -0.0152374 0.173869 -0.18942 -0.115358 -0.0911287 0.0384042 0.0111748 0.0222568 0.0856201 0.353074 0.773167 0.0771927 0.0168012 0.126304 0.334885 -0.169864 0.0139717 -0.0357155 0.177644 -0.0749311 -0.0989755 -0.0602391 0.0427245 0.322535 -0.192343 -0.352061 -0.298427 -0.0803735 -0.0780359 -0.0266386 -0.210893 0.0188417 -0.139204 0.0175832 -0.00103292 0.0271033 0.0062832 0.0414578 0.0123888 0.0592913 0.0829393 0.163113 0.064273 0.229288 0.434039 0.00356122 -0.000257098 -0.0230938 0.215793 -0.0311484 -0.129247
internal_weight=70355 70334 70300 70264 62479 601 61878 8266 410 312 275 208 67 98 75 164 62 7856 4743 376 111 44 67 4367 110 50 102 4257 380 59 321 289 242 136 41 106 49 47 61 95 74 55 3877 46 3848 1302 2546 1039 1507 573 934 646 122 524 72 43 552 53612 1257 41 1216 151
internal_count=70355 70334 70300 70264 62479 601 61878 8266 410 312 275 208 67 98 75 164 62 7856 4743 376 111 44 67 4367 110 50 102 4257 380 59 321 289 242 136 41 106 49 47 61 95 74 55 3877 46 3848 1302 2546 1039 1507 573 934 646 122 524 72 43 552 53612 1257 41 1216 151
is_linear=0
shrinkage=0.05


Tree=130
num_leaves=63
num_cat=0
split_feature=105 87 114 55 104 26 113 97 107 114 67 111 94 14 68 114 12 40 87 62 111 43 72 54 74 54 40 43 42 100 16 12 42 16 16 24 66 40 54 114 12 67 72 87 114 16 77 48 68 48 50 68 63 11 77 113 43 67 16 70 108 94
split_gain=394.265 271.428 1094.02 350.127 545.515 310.845 249.296 774.708 734.912 680.734 6629.6 646.567 458.892 788.546 1281.05 2275.05 7386.35 1851.99 1733.5 1345.74 1191.83 1165.82 1009.19 2529.64 988.402 1338.11 775.804 663.286 1938.57 1194.7 1176.53 1390.54 876.421 1374.42 739.209 651.901 1292.36 863.572 1342.1 1308.79 531.406 517.618 965.334 2230.75 655.97 691.798 1118.08 1338.97 2172.53 569.291 563.27 531.44 506.331 578.026 470.934 660.745 538.827 440.034 1038.64 431.662 379.04 356.47
threshold=1.0000000180025095e-35 1.0000000180025095e-35 16.500000000000004 3.0000000000000004 1.0000000180025095e-35 2.5000000000000004 4.5000000000000009 3.0000000000000004 86.500000000000014 8.5000000000000018 2.5000000000000004 4.5000000000000009 4.0000000000000009 2.0000000000000004 2.0000000000000004 16.500000000000004 1.0000000180025095e-35 3.5000000000000004 1.0000000180025095e-35 2.5000000000000004 5.5000000000000009 2.0000000000000004 3.5000000000000004 2.0000000000000004 2.5000000000000004 2.0000000000000004 3.5000000000000004 2.0000000000000004 2.0000000000000004 2014.5000000000002 2.5000000000000004 1.0000000180025095e-35 2.0000000000000004 2.5000000000000004 3.5000000000000004 2.5000000000000004 2.0000000000000004 3.5000000000000004 2.0000000000000004 14.500000000000002 1.0000000180025095e-35 2.5000000000000004 3.5000000000000004 1.0000000180025095e-35 18.500000000000004 3.5000000000000004 2.5000000000000004 3.0000000000000004 2.0000000000000004 3.0000000000000004 2.0000000000000004 2.0000000000000004 2.5000000000000004 2.0000000000000004 2.5000000000000004 5.5000000000000009 2.0000000000000004 2.5000000000000004 3.5000000000000004 2.0000000000000004 163.50000000000003 2.0000000000000004
decision_type=2 2 2 2 2 2 2 2 10 2 2 8 2 2 2 2 2 2 2 2 10 2 2 2 2 2 2 2 2 2 2 2 2 2 2 2 2 2 2 2 2 2 2 2 2 2 2 2 2 2 2 2 2 2 2 2 2 2 2 2 10 2
left_child=1 3 -3 -1 5 -5 60 8 9 10 61 -11 41 22 15 16 -15 21 -19 20 27 -17 23 -14 25 -24 -26 28 30 -30 -16 -32 33 -29 40 36 -21 38 -37 -40 -35 42 -13 44 45 49 51 -48 -49 -44 -43 -47 -46 -54 55 56 -52 58 -33 -22 -2 -8
right_child=6 2 -4 4 -6 -7 7 -9 -10 11 -12 12 13 14 19 17 -18 18 -20 35 59 -23 24 -25 26 -27 -28 32 29 -31 31 57 -34 34 -36 37 -38 -39 39 -41 -42 50 43 -45 52 46 47 48 -50 -51 54 -53 53 -55 -56 -57 -58 -59 -60 -61 -62 -63
leaf_value=0.16508974951505662 0.0010501527771914292 -0.32373503504260892 0.15058580256998541 -0.078484673568502417 -0.017285311537146294 -0.29748524232552603 -0.041573592996011016 -0.16540813901158702 0.28447379143465135 0.18331976613173118 0.84209023875494804 -0.03546147599570354 -0.25602107670377283 -0.074858001487389692 0.055819003582000738 0.32575203577677408 0.81784247725799275 -0.032728705136105422 -0.53598986310618268 0.40630104200079525 0.11073108002432247 -0.14302142840765772 -0.18614918663142585 0.39222960450031141 -0.292936464978589 -0.67383103831247848 0.052228489881608546 -0.38273880697786811 0.3224636287144993 -0.18182485401630402 -0.11691125677455039 -0.7705343679145531 -0.31338326378415027 0.0078836608864367008 -0.083522030189633376 -0.086738099514142339 -0.10190054733327336 -0.079984267946565532 -0.02961996376514435 0.48917415673213621 0.34290108581812218 0.14028785485360359 0.15130873094736175 0.58410014240514663 0.16376210355332921 -0.18871938872405075 -0.016480884992558023 0.77754609596729285 0.13069748715670021 -0.077583216101875616 0.22412506375265751 0.14518308610870287 -0.23002453475362727 0.043131895297590428 -0.11998900113546329 -0.15883778248514449 -0.02565580271766521 -0.28511043715476991 -0.36918089509010321 -0.093721728080085345 -0.18989597736642913 -0.28041724846476601
leaf_weight=25 66387 31 20 43 1531 26 61 83 21 39 24 319 34 62 20 36 37 44 28 29 67 21 39 27 27 22 41 20 23 24 42 27 30 20 40 46 22 160 20 31 29 36 44 21 21 22 23 25 27 71 38 26 45 34 184 42 50 25 40 42 26 21
leaf_count=25 66387 31 20 43 1531 26 61 83 21 39 24 319 34 62 20 36 37 44 28 29 67 21 39 27 27 22 41 20 23 24 42 27 30 20 40 46 22 160 20 31 29 36 44 21 21 22 23 25 27 71 38 26 45 34 184 42 50 25 40 42 26 21
internal_value=-0.000185797 -0.0241468 -0.137727 -0.0205822 -0.0234833 -0.161007 0.000397354 -0.0152591 -0.00999855 -0.0126322 0.111183 -0.0184861 -0.0220587 -0.0434037 -0.025414 0.0784861 0.258778 -0.0598772 -0.228441 -0.0567076 -0.111922 0.153046 -0.136666 0.0309096 -0.215907 -0.362034 -0.0848223 -0.158046 -0.216122 0.0649546 -0.301905 -0.355296 -0.0740673 -0.00820048 0.0759654 0.023784 0.187077 -0.00862037 0.109093 0.285725 0.206159 0.00233849 0.0278301 0.0840697 0.0530027 0.0981535 0.18058 0.301179 0.441682 0.00999283 -0.0470424 -0.00785555 -0.0544562 -0.112464 -0.0685197 0.00432904 0.0822041 -0.464124 -0.53092 0.0319511 0.000975399 -0.102741
internal_weight=70541 1676 51 1625 1600 69 68865 2452 2369 2348 106 2242 2203 1175 985 228 99 129 72 757 449 57 190 61 129 61 68 340 201 47 154 134 139 109 89 308 51 257 97 51 49 1028 678 359 338 238 123 75 52 115 350 48 100 79 314 130 88 92 67 109 66413 82
internal_count=70541 1676 51 1625 1600 69 68865 2452 2369 2348 106 2242 2203 1175 985 228 99 129 72 757 449 57 190 61 129 61 68 340 201 47 154 134 139 109 89 308 51 257 97 51 49 1028 678 359 338 238 123 75 52 115 350 48 100 79 314 130 88 92 67 109 66413 82
is_linear=0
shrinkage=0.05


Tree=131
num_leaves=63
num_cat=0
split_feature=105 61 114 85 100 65 40 100 52 55 62 11 65 114 16 114 85 14 63 87 11 91 87 18 43 109 87 42 62 114 55 100 28 11 46 47 113 68 62 12 42 65 66 28 14 113 100 46 42 87 62 43 100 87 52 97 87 16 66 16 54 42
split_gain=355.824 258.547 635.096 633.646 779.945 544.395 586.402 240.428 504.449 6347.54 807.489 1452.36 3163.02 881.866 642.732 796.964 612.201 540.774 1239.22 1934.24 1753.42 642.887 1518.52 991.167 913.562 526.843 500.985 1615.55 1858.26 2578.74 3368.31 1444.82 2075.85 1196.48 518.428 499.028 474.328 1060.31 1855.95 2494.62 3200.93 3523.26 5918.04 2535.66 1230.43 1197.96 2390.35 1153.68 1077.41 1039.08 1174.45 2208.22 2001.43 956.713 3019.61 944.327 1563.36 660.232 648.434 933.213 645.561 611.69
threshold=1.0000000180025095e-35 4.5000000000000009 17.500000000000004 4.0000000000000009 2015.5000000000002 2.0000000000000004 3.5000000000000004 2019.5000000000002 3.0000000000000004 3.0000000000000004 2.5000000000000004 2.0000000000000004 2.0000000000000004 15.500000000000002 4.5000000000000009 19.500000000000004 4.0000000000000009 4.0000000000000009 2.5000000000000004 1.0000000180025095e-35 1.0000000180025095e-35 2.0000000000000004 1.0000000180025095e-35 1.5000000000000002 2.0000000000000004 62.500000000000007 1.0000000180025095e-35 2.0000000000000004 2.5000000000000004 10.500000000000002 3.0000000000000004 2023.5000000000002 2.0000000000000004 2.0000000000000004 2.0000000000000004 2.0000000000000004 4.5000000000000009 2.0000000000000004 2.5000000000000004 1.0000000180025095e-35 2.0000000000000004 2.0000000000000004 2.0000000000000004 2.0000000000000004 4.0000000000000009 5.5000000000000009 2012.5000000000002 2.0000000000000004 2.0000000000000004 1.0000000180025095e-35 2.5000000000000004 2.0000000000000004 2014.5000000000002 1.0000000180025095e-35 3.0000000000000004 1.5000000000000002 1.0000000180025095e-35 4.5000000000000009 2.0000000000000004 3.5000000000000004 2.0000000000000004 2.0000000000000004
decision_type=2 2 2 2 2 2 2 2 2 2 2 2 2 2 2 2 2 2 2 2 2 2 2 2 2 10 2 2 2 2 2 2 2 2 2 2 2 2 2 2 2 2 2 2 2 2 2 2 2 2 2 2 2 2 2 2 2 2 2 2 2 2
left_child=1 3 -3 -1 5 6 -5 36 9 -9 14 -12 13 -13 15 17 -16 18 20 -20 25 22 -19 -23 -24 -11 -10 28 29 34 -31 32 -32 -33 -28 -29 -2 38 39 57 41 42 -41 -44 55 46 -40 -47 49 -46 51 -51 -52 -50 -55 56 -39 58 -38 61 -53 -60
right_child=7 2 -4 4 -6 -7 -8 8 26 10 11 12 -14 -15 16 -17 -18 21 19 -21 -22 23 24 -25 -26 -27 27 35 -30 30 31 33 -34 -35 -36 -37 37 44 45 40 -42 -43 43 -45 48 47 -48 -49 53 50 52 60 -54 54 -56 -57 -58 -59 59 -61 -62 -63
leaf_value=-0.019010219299294362 0.00042830568819307634 -0.016549046348724793 0.29307597210122782 0.15513180270791055 -0.40255709154450375 -0.26072331003637778 -0.16126843025838888 0.87826226042075595 0.0071176080170918575 0.020292328811824474 0.030345818880822984 -0.17702961070463064 0.81552503463767823 0.29250906582921748 -0.0030323419889265843 0.23627214256005413 -0.38525407165288927 -0.014273077274125794 0.029798000749755416 0.54905682606943729 -0.43564588895865852 0.34169630360390463 -0.42281551597639916 -0.024888555733142078 -0.057811660865942638 0.28204827964305879 -0.091773438311065547 -0.45969805690646171 -0.26628773413025419 0.66946920089955841 -0.34163374022857562 0.022599259262968754 0.29061674976721408 0.49460937860608106 -0.42780194485729395 -0.17353071398221148 -0.031364871726481842 -0.12592806096806705 -0.68271228018261143 -0.21748410914002397 -0.2018747016787529 0.96669599616900082 0.9480511600971222 0.26623601257801055 -0.027545083801820875 -0.12095607778718394 -0.1055204494133198 0.33556047153472901 0.00022932454716505075 -0.38522336620776715 0.4050830857320265 0.16987006386121117 -0.2227872138222059 -0.24259517927738755 0.49000445130543835 0.10571977760642769 -0.48904555643477093 -0.18379863147690362 -0.038695558707189298 0.35383041773376794 -0.16395038706915721 0.15824269527852861
leaf_weight=1478 63255 67 22 32 23 27 27 22 1863 495 154 20 21 20 22 39 20 407 47 29 21 28 40 54 30 20 24 25 52 28 37 29 20 25 22 39 236 107 21 41 32 20 25 30 500 31 123 25 205 92 22 30 30 22 39 25 41 42 92 29 28 69
leaf_count=1478 63255 67 22 32 23 27 27 22 1863 495 154 20 21 20 22 39 20 407 47 29 21 28 40 54 30 20 24 25 52 28 37 29 20 25 22 39 236 107 21 41 32 20 25 30 500 31 123 25 205 92 22 30 30 22 39 25 41 42 92 29 28 69
internal_value=-0.000176508 -0.0229395 0.0599875 -0.0275901 -0.14393 -0.0747623 0.0103385 0.000377486 0.01286 0.0352593 0.0226171 0.112134 0.318617 0.0577397 0.00724479 0.0139192 -0.185043 0.0065138 0.0389874 0.227936 0.0121961 -0.0290386 -0.0512707 0.100287 -0.266385 0.0304576 -0.00255248 -0.0624043 -0.00220899 0.0720186 0.179407 0.0557883 -0.119791 0.241122 -0.252483 -0.285315 -0.00032175 -0.0245654 0.0189547 0.0619215 0.240848 0.362978 0.237203 0.576152 -0.0556893 -0.113383 -0.189694 0.082846 -0.0337389 -0.06621 -0.161915 -0.2329 0.0428502 0.0519552 0.225788 -0.17851 -0.226521 0.005338 0.0239853 0.092736 0.00871536 0.0457066
internal_weight=70541 1676 89 1587 109 86 59 68865 3653 1489 1467 215 61 40 1252 1210 42 1171 612 76 536 559 477 82 70 515 2164 301 237 185 139 111 57 54 46 64 65212 1957 816 616 148 116 96 55 1141 200 144 56 968 702 202 150 52 266 61 173 148 468 426 190 58 161
internal_count=70541 1676 89 1587 109 86 59 68865 3653 1489 1467 215 61 40 1252 1210 42 1171 612 76 536 559 477 82 70 515 2164 301 237 185 139 111 57 54 46 64 65212 1957 816 616 148 116 96 55 1141 200 144 56 968 702 202 150 52 266 61 173 148 468 426 190 58 161
is_linear=0
shrinkage=0.05


Tree=132
num_leaves=63
num_cat=0
split_feature=105 87 114 55 111 100 52 55 62 11 65 114 16 114 85 28 106 63 12 77 54 87 42 62 114 55 100 28 11 67 46 113 68 62 12 16 48 63 71 52 14 42 87 62 43 100 99 87 52 113 87 97 87 22 16 66 16 54 100 42 65 113
split_gain=321.131 237.417 967.858 320.429 242.175 216.986 455.265 5728.65 728.759 1310.75 2854.62 795.884 580.066 719.26 552.512 509.697 1266.74 1698.53 1195 1135.94 1008.97 452.139 1458.03 1677.08 2327.31 3039.9 1303.95 1873.45 1079.83 468.318 467.881 428.081 956.933 1675 2251.39 3227.77 3332.53 3970.59 2007.64 1160.81 1110.46 972.366 937.77 1059.95 1992.92 1806.29 886.217 863.434 2725.2 838.392 1897.29 816.118 1445.5 690.544 595.86 585.211 842.225 582.619 558.557 552.05 532.102 509.363
threshold=1.0000000180025095e-35 1.0000000180025095e-35 16.500000000000004 3.0000000000000004 7.5000000000000009 2019.5000000000002 3.0000000000000004 3.0000000000000004 2.5000000000000004 2.0000000000000004 2.0000000000000004 15.500000000000002 4.5000000000000009 19.500000000000004 4.0000000000000009 2.0000000000000004 1.0000000180025095e-35 2.5000000000000004 1.0000000180025095e-35 2.5000000000000004 2.0000000000000004 1.0000000180025095e-35 2.0000000000000004 2.5000000000000004 10.500000000000002 3.0000000000000004 2023.5000000000002 2.0000000000000004 2.0000000000000004 2.5000000000000004 2.0000000000000004 4.5000000000000009 2.0000000000000004 2.5000000000000004 1.0000000180025095e-35 3.5000000000000004 3.0000000000000004 2.5000000000000004 3.0000000000000004 3.0000000000000004 4.0000000000000009 2.0000000000000004 1.0000000180025095e-35 2.5000000000000004 2.0000000000000004 2014.5000000000002 3.0000000000000004 1.0000000180025095e-35 3.0000000000000004 5.5000000000000009 1.0000000180025095e-35 1.5000000000000002 1.0000000180025095e-35 3.0000000000000004 4.5000000000000009 2.0000000000000004 3.5000000000000004 2.0000000000000004 2015.5000000000002 2.0000000000000004 2.0000000000000004 5.5000000000000009
decision_type=2 2 2 2 10 2 2 2 2 2 2 2 2 2 2 2 2 2 2 2 2 2 2 2 2 2 2 2 2 2 2 2 2 2 2 2 2 2 2 2 2 2 2 2 2 2 2 2 2 2 2 2 2 2 2 2 2 2 2 2 2 2
left_child=1 3 -3 -1 -5 31 7 -7 12 -10 11 -11 13 15 -14 18 -17 -18 -9 -20 -19 -8 23 24 30 -26 27 -27 -28 -25 -23 -2 33 34 54 38 37 -37 58 49 46 42 -42 44 53 -45 -34 -43 -49 50 -35 52 -48 -44 55 -33 59 -46 -36 -57 61 -41
right_child=5 2 -4 4 -6 6 21 8 9 10 -12 -13 14 -15 -16 16 17 20 19 -21 -22 22 -24 29 25 26 28 -29 -30 -31 -32 32 40 39 35 36 -38 -39 -40 60 41 47 43 45 57 -47 51 48 -50 -51 -52 -53 -54 -55 -56 56 -58 -59 -60 -61 -62 -63
leaf_value=0.15916421580314638 0.00040689041795475097 -0.30297286512852167 0.1431609783321619 -0.028711870965998657 0.029368545153415346 0.83434913937341093 0.0067617279932291746 0.0055556368466957752 0.028828527318773334 -0.16817812900990248 0.77474878203301201 0.27788361909799281 -0.0028807252137498423 0.22445854330674198 -0.36599137112498287 0.02889069607207442 -0.54957104888227259 0.21531637914478782 0.030129390799750883 0.43955581500194968 -0.28090633948644006 -0.087184765251974272 -0.27104909081244843 -0.063172160983085632 0.63599572900150514 -0.32455205656084662 0.021469294074280512 0.27608591720461845 0.46987890186905867 -0.37159908313769852 -0.40641183460300623 -0.029796627916048393 0.11238682360465949 -0.066073993421517888 -0.057696251124143609 0.22133008448973945 0.04988070907014789 1.1232017306181101 0.32168713760375978 -0.030975774472410029 -0.026167829626984898 0.00021785838166024629 -0.28916698130113738 0.3848289184907282 0.16137656331062319 -0.21164785703023276 -0.15371088339862499 -0.23046541551805358 0.46550422350231274 -0.0037527276711030442 -0.66449363194406041 0.058886725244962648 -0.5227154698026808 -0.61031061363491146 -0.17460869956938996 -0.036760781245792039 0.33613890546919972 -0.15575287395289966 -0.42690417056991942 0.15033056007401235 -0.19404462448531581 0.22352953127452305
leaf_weight=25 63255 31 20 1394 206 22 1863 916 154 20 21 20 22 39 20 119 27 20 36 32 21 24 64 20 28 37 29 20 25 32 22 236 24 26 20 23 33 26 25 66 500 205 70 22 30 30 88 22 39 22 27 23 38 22 42 92 29 28 21 69 31 28
leaf_count=25 63255 31 20 1394 206 22 1863 916 154 20 21 20 22 39 20 119 27 20 36 32 21 24 64 20 28 37 29 20 25 32 22 236 24 26 20 23 33 26 25 66 500 205 70 22 30 30 88 22 39 22 27 23 38 22 42 92 29 28 21 69 31 28
internal_value=-0.000167682 -0.0217925 -0.128018 -0.0184587 -0.021234 0.000358612 0.012217 0.0334963 0.0214863 0.106528 0.302686 0.0548527 0.00688255 0.0132233 -0.175791 0.00618811 -0.069482 -0.241634 0.0205685 0.222801 -0.0388465 -0.00242486 -0.059284 -0.00209854 0.0684176 0.170437 0.0529989 -0.113802 0.229066 -0.252973 -0.239859 -0.000305663 -0.0233371 0.018007 0.0588254 0.228805 0.438291 0.699874 -0.0314657 -0.107714 -0.0529048 -0.032052 -0.0628995 -0.153819 -0.221255 0.0407077 -0.169584 0.0493575 0.214499 -0.263224 -0.370929 -0.215002 -0.264998 -0.365962 0.0050711 0.022786 0.0880992 0.00827959 -0.246803 0.0434212 -0.0144077 0.0448343
internal_weight=70541 1676 51 1625 1600 68865 3653 1489 1467 215 61 40 1252 1210 42 1171 187 68 984 68 41 2164 301 237 185 139 111 57 54 52 46 65212 1957 816 616 148 82 49 66 200 1141 968 702 202 150 52 173 266 61 75 53 149 126 92 468 426 190 58 41 161 125 94
internal_count=70541 1676 51 1625 1600 68865 3653 1489 1467 215 61 40 1252 1210 42 1171 187 68 984 68 41 2164 301 237 185 139 111 57 54 52 46 65212 1957 816 616 148 82 49 66 200 1141 968 702 202 150 52 173 266 61 75 53 149 126 92 468 426 190 58 41 161 125 94
is_linear=0
shrinkage=0.05


Tree=133
num_leaves=63
num_cat=0
split_feature=105 114 87 40 67 104 67 26 46 100 87 51 52 114 111 110 87 109 40 109 41 109 100 107 26 85 103 100 79 77 97 94 66 114 17 14 14 102 110 109 97 87 87 100 114 54 100 40 52 51 42 10 71 54 100 66 43 114 17 20 52 100
split_gain=289.821 219.153 945.298 720.947 1562.89 395.872 284.712 212.599 207.912 263.236 2062.05 6053.08 1414.76 445.507 892.453 253.095 2284.8 300.31 582.134 213.968 551.904 288.619 800.579 251.847 397.73 277.589 204.565 288.66 202.649 181.848 435.09 168.903 198.153 228.148 208.012 293.014 163.838 366.231 283.22 881.609 237.649 1827.25 481.433 2694.22 5827.42 1533.79 2962.36 1812.77 876.579 1300.09 1915.25 1102.7 2636.72 3360.75 844.115 810.066 870.452 790.61 766.186 477.114 440.292 417.779
threshold=1.0000000180025095e-35 17.500000000000004 1.0000000180025095e-35 3.5000000000000004 2.5000000000000004 1.0000000180025095e-35 2.5000000000000004 2.5000000000000004 2.0000000000000004 2011.5000000000002 1.0000000180025095e-35 2.5000000000000004 3.0000000000000004 11.500000000000002 7.5000000000000009 50.250000000000007 1.0000000180025095e-35 53.500000000000007 3.5000000000000004 165.00000000000003 2.0000000000000004 150.50000000000003 2018.5000000000002 73.500000000000014 2.5000000000000004 -1.4999999999999998 1.0000000180025095e-35 2024.5000000000002 2.0000000000000004 2.5000000000000004 1.5000000000000002 2.0000000000000004 2.0000000000000004 14.500000000000002 3.0000000000000004 4.0000000000000009 4.0000000000000009 1.0000000180025095e-35 95.250000000000014 102.50000000000001 1.5000000000000002 1.0000000180025095e-35 1.0000000180025095e-35 2020.5000000000002 10.500000000000002 2.0000000000000004 2023.5000000000002 3.5000000000000004 3.0000000000000004 2.5000000000000004 2.0000000000000004 -1.4999999999999998 3.0000000000000004 2.0000000000000004 2015.5000000000002 2.0000000000000004 2.0000000000000004 14.500000000000002 3.0000000000000004 2.5000000000000004 3.0000000000000004 2017.5000000000002
decision_type=2 2 2 2 2 2 2 2 2 2 2 2 2 2 8 10 2 10 2 10 2 10 2 10 2 2 2 2 2 2 2 2 2 2 2 2 2 2 10 10 2 2 2 2 2 2 2 2 2 2 2 2 2 2 2 2 2 2 2 2 2 2
left_child=1 2 5 4 28 7 -5 -1 9 10 13 -12 -13 14 -2 -10 17 18 -17 21 -21 23 -23 36 25 -25 27 29 -3 -19 -31 -15 33 -33 35 -34 37 38 39 -11 42 -42 -38 48 -45 46 -46 -47 51 -50 55 57 53 58 -54 56 -51 -44 59 -53 -43 -57
right_child=8 3 -4 6 -6 -7 -8 -9 15 19 11 12 -14 31 -16 16 -18 26 -20 20 -22 22 -24 24 -26 -27 -28 -29 -30 30 -32 32 34 -35 -36 -37 40 -39 -40 -41 41 60 43 44 45 47 -48 -49 49 50 -52 52 54 -55 -56 61 -58 -59 -60 -61 -62 -63
leaf_value=-0.072244731851225333 -0.0032765302580554747 0.10008260218729809 -0.2888773630208829 -0.011688126130745963 0.52280535362660885 -0.015937819972425195 -0.18257176520923774 -0.25560309863090519 0.0026415618613917329 0.0074549885549265275 0.42067637337105612 -0.89157030446962882 -0.35141726452167388 0.011235939182581442 0.3127509274752811 0.26899323667484254 0.41761929271742704 0.00025768936564452715 -0.0062134485712031957 -0.24004664394043146 0.075704490005970015 -0.058280143083137427 0.33673236522337668 0.046617330578358283 -0.026300432247684358 0.28104722044829811 -0.033440830344996696 0.17335217315061341 -0.06195702626769032 0.026927294275239828 0.23436603302668249 0.12236685206492742 -0.20032381138631275 -0.060038310556362079 -0.2247947925123675 0.043192883084217711 0.0022363203772531202 -0.0073895256921016894 -0.12987201862238548 0.30514215792715554 -0.0070093393527974812 -0.48021287637884202 -0.083404646212091815 0.9654264902291092 0.74133912081068221 0.25419226221878222 -0.01729881032820671 -0.27604017827659844 -0.099519019078793403 -0.35362860735505824 0.50761598768333593 -0.1438793304420653 -0.2445150214806199 0.48257444679737094 -0.68433664987484621 0.024713550237092107 0.10727464415665185 0.31039888337254529 -0.003439382332212785 -0.47022062335163356 -0.17407296736103794 0.32076408456151306
leaf_weight=43 74 43 34 130 20 1316 30 25 25325 4825 21 22 27 155 32 33 36 739 46 31 25 29 23 23 47 28 239 29 35 260 28 24 21 60 29 30 15295 19240 37 25 1420 23 26 23 22 27 31 40 79 20 30 21 20 25 24 22 21 25 34 24 24 26
leaf_count=43 74 43 34 130 20 1316 30 25 25325 4825 21 22 27 155 32 33 36 739 46 31 25 29 23 23 47 28 239 29 35 260 28 24 21 60 29 30 15295 19240 37 25 1420 23 26 23 22 27 31 40 79 20 30 21 20 25 24 22 21 25 34 24 24 26
internal_value=-0.000159298 -0.0207029 -0.0284151 0.0216843 0.128481 -0.0220165 -0.0437288 -0.139656 0.000340681 -0.00184786 -0.038095 -0.289552 -0.593935 0.00332137 0.092128 0.00378947 0.024407 0.0141045 0.108746 -0.00141692 -0.0990863 -0.00128537 0.116437 -0.00143279 0.0786265 0.175324 0.00833099 0.017785 0.0273725 0.0133922 0.0470949 -0.026188 -0.0615583 -0.00792255 -0.117876 -0.0570787 -0.00162217 -0.00428486 0.00793812 0.00898946 0.00209087 -0.0171615 0.00387446 0.0502733 0.236361 0.0966232 0.297608 -0.0623644 -0.0167557 0.0577285 0.16212 -0.0908657 -0.159958 -0.0226859 -0.484418 0.0456602 -0.117556 0.109636 -0.182578 -0.317928 -0.323886 0.185074
internal_weight=70541 1676 1418 258 98 1384 160 68 68865 42130 495 70 49 425 106 26735 1410 1374 79 41635 56 41579 52 41527 98 51 1295 1056 78 1027 288 319 164 84 80 51 41429 24127 4887 4850 17302 1467 15835 540 143 120 53 67 397 198 119 199 148 104 44 89 41 51 79 45 47 48
internal_count=70541 1676 1418 258 98 1384 160 68 68865 42130 495 70 49 425 106 26735 1410 1374 79 41635 56 41579 52 41527 98 51 1295 1056 78 1027 288 319 164 84 80 51 41429 24127 4887 4850 17302 1467 15835 540 143 120 53 67 397 198 119 199 148 104 44 89 41 51 79 45 47 48
is_linear=0
shrinkage=0.05


Tree=134
num_leaves=63
num_cat=0
split_feature=105 61 55 79 104 114 72 46 107 100 87 51 67 114 111 114 55 106 22 111 70 106 40 49 114 11 106 100 11 65 62 106 28 67 54 22 40 109 28 22 66 48 22 12 100 80 8 70 68 100 114 100 100 100 114 87 68 9 111 98 100 40
split_gain=261.564 234.154 619.047 571.413 342.143 385.068 196.828 187.641 244.486 237.571 1861 5462.91 710.627 402.07 805.439 198.287 572.425 2461.83 440.757 798.361 998.452 1820.39 706.51 387.67 360.091 345.458 499.397 284.341 1017.31 1925.86 1456.3 976.881 865.659 1020.99 767.621 655.34 432.535 416.687 268.338 674.814 1401.62 1891.14 631.404 616.832 404.816 803.516 2150.97 377.493 374.979 348.893 937.294 268.585 606.232 554.49 497.409 711.594 1975.66 583.842 759.155 552.095 379.599 304.083
threshold=1.0000000180025095e-35 4.5000000000000009 3.0000000000000004 2.0000000000000004 1.0000000180025095e-35 11.500000000000002 3.5000000000000004 2.0000000000000004 118.00000000000001 2011.5000000000002 1.0000000180025095e-35 2.5000000000000004 2.5000000000000004 11.500000000000002 7.5000000000000009 12.500000000000002 3.0000000000000004 1.0000000180025095e-35 3.0000000000000004 2.5000000000000004 2.0000000000000004 1.0000000180025095e-35 3.5000000000000004 4.0000000000000009 11.500000000000002 2.0000000000000004 1.0000000180025095e-35 2022.5000000000002 2.0000000000000004 2.0000000000000004 2.5000000000000004 1.0000000180025095e-35 2.0000000000000004 2.5000000000000004 2.0000000000000004 3.0000000000000004 3.5000000000000004 41.500000000000007 2.0000000000000004 3.0000000000000004 2.0000000000000004 3.0000000000000004 3.0000000000000004 1.0000000180025095e-35 2011.5000000000002 3.5000000000000004 2.0000000000000004 2.0000000000000004 2.0000000000000004 2019.5000000000002 15.500000000000002 2010.5000000000002 2011.5000000000002 2013.5000000000002 16.500000000000004 1.0000000180025095e-35 2.0000000000000004 1.0000000180025095e-35 6.5000000000000009 1.0000000180025095e-35 2020.5000000000002 3.5000000000000004
decision_type=2 2 2 2 2 2 2 2 10 2 2 2 2 2 8 2 2 2 2 10 2 2 2 2 2 2 2 2 2 2 2 2 2 2 2 2 2 10 2 2 2 2 2 2 2 2 2 2 2 2 2 2 2 2 2 2 2 2 8 2 2 2
left_child=1 2 -1 6 5 -4 -3 9 15 10 13 -12 -13 14 -2 16 17 24 25 20 21 22 -20 -22 -9 -18 -27 31 35 32 -31 38 33 36 -33 37 -30 -29 42 51 -41 -42 44 -44 45 -17 -47 -45 -43 -46 -51 -40 -53 61 55 59 -57 58 -56 60 -55 -54
right_child=7 3 4 -5 -6 -7 -8 8 -10 -11 11 12 -14 -15 -16 27 18 -19 19 -21 23 -23 -24 -25 -26 26 -28 28 29 30 -32 34 -34 -35 -36 -37 -38 -39 39 40 41 48 43 47 49 46 -48 -49 -50 50 -52 52 53 54 57 56 -58 -59 -60 -61 -62 -63
leaf_value=-0.29376152810596284 -0.0031127033654499703 0.046562595248222351 -0.04722180405099477 0.2027011568299853 -0.0156924362388213 -0.3094473157920653 -0.15184491565823555 -0.056001393908081815 0.17835090367123485 -0.001346072693499569 0.39964257705779305 -0.75857592308893806 -0.37767399513721467 -0.024878641463769457 0.29711339244386181 0.0091744816235947504 0.00028830117546981563 -0.5999096640518734 -0.06436172479699398 -0.16561674646757268 0.1186975203197578 0.65085467667806718 0.31139255628328433 -0.13187946117285529 0.15811299590859562 -0.033564335973467682 -0.25558673174216828 0.003357393484677851 0.12244485497023122 0.72239560838788752 0.19283326929686845 -0.38781343589403799 -0.10399910489629423 0.35378663386492171 -0.010524104306331048 -0.20141216333171258 -0.16001308662411962 0.22239378936912702 0.18946965256367218 -0.099052142914798524 0.51292082416383844 0.22546129028002421 -0.036706958343879985 -0.37349651473760609 0.0039814477953503315 0.54581349178749539 -0.085751847808177656 -0.085939481144859678 -0.040396992758744296 0.29524247193975106 -0.089141247729802961 -0.24122532000360281 0.02923810199665075 0.012244527976999835 0.18474288514774781 -0.060843045536715247 0.59120439674173086 0.011397768215725333 -0.11940474785619269 0.28700395515188576 0.22869189062288831 0.26922036635153218
leaf_weight=21 74 25 42 39 1503 21 25 108 20 41635 21 24 25 319 32 119 12556 21 29 27 29 21 22 33 24 200 29 388 33 20 37 28 63 34 26 38 23 23 22 45 38 21 177 25 10798 28 26 21 36 35 29 23 22 572 23 26 21 532 190 20 21 33
leaf_count=21 74 25 42 39 1503 21 25 108 20 41635 21 24 25 319 32 119 12556 21 29 27 29 21 22 33 24 200 29 388 33 20 37 28 63 34 26 38 23 23 22 45 38 21 177 25 10798 28 26 21 36 35 29 23 22 572 23 26 21 532 190 20 21 33
internal_value=-0.000151333 -0.0196677 -0.0240935 0.0592504 -0.0204773 -0.13463 -0.0526412 0.000323647 0.0036 -0.00175547 -0.0361903 -0.275074 -0.564238 0.0031553 0.0875216 0.00346917 -0.000922656 -0.0970689 0.000213632 0.0824264 0.132405 0.259057 0.0977284 -0.0146741 -0.0170715 -0.000821664 -0.0616807 0.00769424 0.0397329 0.130571 0.378645 0.00606473 0.0381515 0.137657 -0.206156 -0.00275264 0.00643534 0.0156149 0.00695289 0.025816 0.130815 0.239699 0.00419664 -0.0790999 0.00587993 0.081763 0.241726 -0.24222 0.0575508 0.00467134 0.121069 0.0160487 0.013476 0.0174885 0.0113919 0.0429998 0.230497 -0.0166097 -0.0865625 0.0286239 0.0199096 0.173227
internal_weight=70541 1676 1587 89 1566 63 50 68865 26735 42130 495 70 49 425 106 26715 13099 153 12946 161 134 72 51 62 132 12785 229 13616 659 210 57 12957 153 90 54 449 56 411 12903 1645 140 95 11258 223 11035 173 54 46 57 10862 64 1505 1483 1460 1405 660 47 745 213 613 593 55
internal_count=70541 1676 1587 89 1566 63 50 68865 26735 42130 495 70 49 425 106 26715 13099 153 12946 161 134 72 51 62 132 12785 229 13616 659 210 57 12957 153 90 54 449 56 411 12903 1645 140 95 11258 223 11035 173 54 46 57 10862 64 1505 1483 1460 1405 660 47 745 213 613 593 55
is_linear=0
shrinkage=0.05


Tree=135
num_leaves=63
num_cat=0
split_feature=106 55 65 66 14 65 100 44 11 62 65 63 61 20 27 108 61 50 87 114 52 28 95 70 114 43 28 110 85 42 110 110 66 114 110 107 61 100 100 100 54 43 87 24 28 95 114 66 85 51 70 11 61 10 100 114 66 70 48 70 8 54
split_gain=1041.02 3121.29 2255.38 1357.8 936.109 1026.61 759.193 1343.18 1302.55 1416.59 717.291 660.671 647.2 637.143 1427.08 585.376 484.33 465.828 768.494 1338.82 597.225 328.744 282.736 204.844 200.639 184.982 193.827 168.82 408.289 1425.14 951.648 334.147 181.641 569.932 408.564 173.641 164.336 152.052 208.392 2407.6 5371.27 8010.12 722.428 572.657 503.897 431.508 299.022 364.039 274.984 304.841 283.29 355.256 284.032 269.984 226.483 1465.51 961.963 1077.57 1166.75 764.695 217.232 240.894
threshold=1.0000000180025095e-35 3.0000000000000004 2.0000000000000004 2.0000000000000004 2.0000000000000004 2.0000000000000004 2023.5000000000002 2.0000000000000004 2.0000000000000004 2.5000000000000004 2.0000000000000004 2.5000000000000004 3.5000000000000004 2.5000000000000004 2.0000000000000004 159.00000000000003 3.5000000000000004 2.0000000000000004 1.0000000180025095e-35 16.500000000000004 3.0000000000000004 2.0000000000000004 2.0000000000000004 2.0000000000000004 11.500000000000002 2.0000000000000004 2.0000000000000004 90.250000000000014 1.0000000180025095e-35 2.0000000000000004 116.50000000000001 92.250000000000014 2.0000000000000004 5.5000000000000009 163.50000000000003 116.50000000000001 3.5000000000000004 2024.5000000000002 2022.5000000000002 2021.5000000000002 2.0000000000000004 2.0000000000000004 1.0000000180025095e-35 2.5000000000000004 2.0000000000000004 2.0000000000000004 7.5000000000000009 2.0000000000000004 4.0000000000000009 2.5000000000000004 2.0000000000000004 1.0000000180025095e-35 3.5000000000000004 -1.4999999999999998 2020.5000000000002 12.500000000000002 2.0000000000000004 2.0000000000000004 3.0000000000000004 2.0000000000000004 2.0000000000000004 2.0000000000000004
decision_type=2 2 2 2 2 2 2 2 2 2 2 2 2 2 2 10 2 2 2 2 2 2 2 2 2 2 2 10 2 2 10 10 2 2 10 8 2 2 2 2 2 2 2 2 2 2 2 2 2 2 2 2 2 2 2 2 2 2 2 2 2 2
left_child=15 2 3 -2 5 11 7 8 -6 10 21 -3 -13 14 -8 27 -9 -15 22 -20 -21 -10 23 24 -19 26 -26 37 31 30 -30 -29 34 -34 -33 -35 -25 38 39 54 44 -42 43 46 -41 48 -40 -48 -45 60 51 -51 -52 -47 -1 -56 59 58 -58 -57 -50 -62
right_child=1 4 -4 -5 6 -7 13 16 9 -11 -12 12 -14 17 -16 -17 -18 18 19 20 -22 -23 -24 36 25 -27 -28 28 29 -31 -32 32 33 35 -36 -37 -38 -39 42 40 41 -43 -44 45 -46 53 47 -49 49 50 52 -53 -54 -55 55 56 57 -59 -60 -61 61 -63
leaf_value=-0.0010202327931837574 0.070689714030595499 -0.23862998646658823 -0.68548982766767352 -0.38641187223521145 0.44700783521813509 -0.37781276865438984 -0.14460925742983818 -0.26619380563497547 0.20718336778764546 0.42799028844937032 -0.25309660927109096 0.16371763906417749 -0.11603212022984571 0.16422103257341819 0.45269242644310004 -0.23762949759570451 0.017009755865567262 0.1919167472422123 -0.34048622977935666 -0.16880815015597778 0.19185438447942338 -0.052321862332198932 -0.18731578638156254 -0.12127629133562248 0.036495058398161619 0.11678500880797704 -0.15290012928784233 0.15623551134894778 0.51390365798771387 -0.14776362622422831 0.063008291646838188 -0.0070102483653431752 0.26010979073494672 0.13114310106635094 -0.21755848976969722 -0.0092967950068945683 0.052861543036997319 0.018543492484559467 -0.029629703313112262 -0.22633376111907344 0.072950814774742842 1.393156547471881 -0.27239475255565987 -0.013031590493400344 0.078831932569543517 0.0023035700122515362 0.28001832443234675 0.015243730942408244 -0.065188408801790151 -0.040184687446647632 -0.080140059624324772 -0.19351298063993455 0.13136369050903754 0.25294461737556218 -0.24829306575385007 -0.17849627449806479 0.10683668929117698 0.001780718771947755 0.55313805232290181 0.193747924674641 -0.020230373980537539 0.19076747642053915
leaf_weight=66438 32 37 30 33 34 33 20 26 26 23 23 39 44 22 20 26 36 20 59 22 24 23 21 42 35 30 22 37 25 28 22 294 25 25 25 184 20 1024 25 31 27 20 28 711 24 21 34 21 61 60 57 102 22 22 33 37 27 36 32 22 31 24
leaf_count=66438 32 37 30 33 34 33 20 26 26 23 23 39 44 22 20 26 36 20 59 22 24 23 21 42 35 30 22 37 25 28 22 294 25 25 25 184 20 1024 25 31 27 20 28 711 24 21 34 21 61 60 57 102 22 22 33 37 27 36 32 22 31 24
internal_value=-0.00107652 -0.0579325 -0.326886 -0.161377 -0.0214837 -0.130834 0.00904647 0.0895052 0.181428 0.0863781 -0.022748 -0.0629145 0.0154166 -0.0340001 0.154042 -0.000426842 -0.101753 -0.0577277 -0.0742799 -0.182838 0.0193636 0.0853748 -0.0142873 0.00721323 0.049116 0.0162882 -0.0366048 -0.000338276 0.0247336 0.134619 0.302846 0.0107652 0.00103207 0.0344902 -0.0235109 0.00750224 -0.0651028 -0.000580016 -0.000868222 -0.000493957 0.242239 0.63474 -0.0213552 -0.0154533 -0.0931705 -0.0247569 0.11375 0.178923 -0.0310094 -0.066814 -0.0988688 -0.136725 -0.0212403 0.130539 -0.000865571 0.0540831 0.118878 0.217359 0.348898 -0.0396934 -0.000217372 0.0718414
internal_weight=70457 796 95 65 701 153 548 191 129 95 72 120 83 357 40 69661 62 317 295 105 46 49 190 169 107 87 57 69635 665 75 47 590 553 234 319 209 62 68970 67946 66727 102 47 1219 1191 55 1111 80 55 1068 357 241 162 79 43 66625 187 154 95 59 59 116 55
internal_count=70457 796 95 65 701 153 548 191 129 95 72 120 83 357 40 69661 62 317 295 105 46 49 190 169 107 87 57 69635 665 75 47 590 553 234 319 209 62 68970 67946 66727 102 47 1219 1191 55 1111 80 55 1068 357 241 162 79 43 66625 187 154 95 59 59 116 55
is_linear=0
shrinkage=0.05


Tree=136
num_leaves=63
num_cat=0
split_feature=106 55 94 114 43 101 108 67 101 69 94 114 16 8 17 113 114 52 87 21 65 28 114 104 72 101 113 114 8 111 113 11 12 52 91 65 101 54 12 114 101 114 43 113 101 95 69 44 101 12 101 72 40 101 12 101 113 8 16 12 17 65
split_gain=939.524 2816.97 2100.53 1907.59 606.314 544.035 528.301 456.475 330.371 982.958 1666.12 1200.02 790.495 734.063 546.404 522.722 782.05 1163.4 577.628 521.26 707.851 424.113 385.491 287.243 736.475 335.513 237.515 1603.06 419.892 218.125 191.509 691.171 1256.02 1565.65 820.399 640.523 533.01 663.715 861.047 485.322 527.669 447.601 257.879 170.468 203.84 165.587 161.8 155.987 990.486 1731.37 701.973 974.89 817.799 326.083 4060.27 8334.88 494.803 498.357 1043.44 1361.42 858.291 1011.51
threshold=1.0000000180025095e-35 3.0000000000000004 4.0000000000000009 16.500000000000004 2.0000000000000004 4.5000000000000009 159.00000000000003 2.5000000000000004 2.5000000000000004 3.0000000000000004 4.0000000000000009 11.500000000000002 3.5000000000000004 2.0000000000000004 3.0000000000000004 5.5000000000000009 18.500000000000004 3.0000000000000004 1.0000000180025095e-35 2.5000000000000004 2.0000000000000004 2.0000000000000004 9.5000000000000018 1.0000000180025095e-35 3.5000000000000004 7.5000000000000009 6.5000000000000009 19.500000000000004 2.0000000000000004 6.5000000000000009 5.5000000000000009 2.0000000000000004 1.0000000180025095e-35 3.0000000000000004 2.0000000000000004 2.0000000000000004 12.500000000000002 2.0000000000000004 1.0000000180025095e-35 18.500000000000004 11.500000000000002 18.500000000000004 2.0000000000000004 4.5000000000000009 8.5000000000000018 2.0000000000000004 3.0000000000000004 2.0000000000000004 15.500000000000002 1.0000000180025095e-35 15.500000000000002 3.5000000000000004 3.5000000000000004 6.5000000000000009 1.0000000180025095e-35 3.5000000000000004 4.5000000000000009 2.0000000000000004 3.5000000000000004 1.0000000180025095e-35 3.0000000000000004 2.0000000000000004
decision_type=2 2 2 2 2 2 10 2 2 2 2 2 2 2 2 2 2 2 2 2 2 2 2 2 2 2 2 2 2 8 2 2 2 2 2 2 2 2 2 2 2 2 2 2 2 2 2 2 2 2 2 2 2 2 2 2 2 2 2 2 2 2
left_child=6 2 4 -4 -2 8 23 -7 15 10 14 -12 -13 -11 -10 16 18 -18 45 -20 21 -21 -15 24 25 -1 29 28 -28 43 47 35 34 -34 39 36 37 38 46 40 42 -37 -33 -25 -45 -3 -32 48 -31 -50 53 -52 -53 54 -49 -56 -55 60 -59 -60 -58 -62
right_child=1 5 3 -5 -6 7 -8 -9 9 13 11 12 -14 22 -16 -17 17 -19 19 20 -22 -23 -24 26 -26 -27 27 -29 -30 30 31 32 33 -35 -36 41 -38 -39 -40 -41 -42 -43 -44 44 -46 -47 -48 50 49 -51 51 52 -54 56 55 -57 57 58 59 -61 61 -63
leaf_value=0.099440659950367924 -0.2295155245065689 0.0063304335785518712 -0.77013873989062931 -0.17638335494945448 0.15981533646583557 -0.36837535798549653 -0.22574802745993319 -0.030560791343450546 0.54069894942499352 -0.25684907214814112 -0.22342438446848015 0.35471703348060452 -0.060219326327470214 0.19133007986979053 0.21246731122955681 -0.23985839033948966 -0.070313739750919674 0.38153643836932527 -0.36382380832325328 0.13301731832325459 -0.29169207454792095 -0.1604925385117531 -0.095645322084426887 -0.0041349699067695627 -0.29727200622959388 -0.12512741870857005 -0.062521828316590367 0.2862082518313242 -0.30151479335501796 -9.1633172890319311e-05 0.079371328113807579 -0.11588582187181427 0.48637984882255919 -0.0063607920493398392 0.30718090999024839 -0.37166774748336701 0.19722308571780883 0.12955445712875754 -0.36019027101993562 -0.15523782079310522 0.20901849986985327 -0.041159291416406632 0.069348221184576272 -0.14437178842564846 -0.01661379465192396 -0.12928092341125011 -0.08353551964674677 0.010883762205514146 -0.048840083582326776 -0.46381682465473811 -0.057318881745724116 0.10307396920742813 0.5087997356186742 0.0040784024912195 -0.099831561514964473 1.2578471383079888 -0.0671881774025819 -0.011997410358504997 -0.12657663605801048 -0.58341191269102555 0.024734945717405102 0.41383903346014334
leaf_weight=39 20 226 31 24 20 20 26 20 21 38 38 24 22 22 32 29 29 28 22 32 28 20 25 19681 29 29 34 23 40 30649 27 42 38 28 22 21 31 42 25 46 32 20 34 47 93 25 35 1088 155 30 34 27 23 16656 26 20 155 136 73 21 61 23
leaf_count=39 20 226 31 24 20 20 26 20 21 38 38 24 22 22 32 29 29 28 22 32 28 20 25 19681 29 29 34 23 40 30649 27 42 38 28 22 21 31 42 25 46 32 20 34 47 93 25 35 1088 155 30 34 27 23 16656 26 20 155 136 73 21 61 23
internal_value=-0.0010227 -0.0550359 -0.310542 -0.511045 -0.0348501 -0.0204095 -0.0004055 -0.199468 -0.00957392 0.040134 0.123006 -0.0154969 0.156269 -0.0934369 0.342521 -0.034711 -0.0202005 0.151648 -0.0479494 -0.148282 -0.0890084 0.0201289 0.0386836 -0.000321362 -0.0863031 0.00366898 -0.000201425 -0.0783871 -0.191707 -9.22095e-05 0.00167892 0.0344066 0.0913248 0.277338 0.0215697 -0.0341218 0.0110608 -0.0336759 -0.112477 -0.0192319 0.0386965 -0.210444 -0.033018 -0.00452605 -0.059504 -0.00717667 -0.0125922 0.0013841 -0.00078787 -0.116134 0.0050351 0.149245 0.289708 0.00437167 0.0303376 0.490464 0.00265223 -0.0479967 -0.100536 -0.228636 0.00256469 0.131275
internal_weight=70457 796 95 55 40 701 69661 40 661 222 137 84 46 85 53 439 410 57 353 102 80 52 47 69635 97 68 69538 97 74 69441 49620 443 242 66 176 201 160 129 87 154 108 41 76 19821 140 251 62 49177 30834 185 18343 84 50 18259 1134 46 17125 469 230 94 239 84
internal_count=70457 796 95 55 40 701 69661 40 661 222 137 84 46 85 53 439 410 57 353 102 80 52 47 69635 97 68 69538 97 74 69441 49620 443 242 66 176 201 160 129 87 154 108 41 76 19821 140 251 62 49177 30834 185 18343 84 50 18259 1134 46 17125 469 230 94 239 84
is_linear=0
shrinkage=0.05


Tree=137
num_leaves=63
num_cat=0
split_feature=106 55 61 66 70 100 67 26 20 77 62 68 114 22 54 100 114 48 40 114 113 87 8 40 113 66 107 104 72 100 113 114 8 94 46 113 97 77 114 67 70 61 70 94 22 48 100 87 40 109 109 113 109 109 44 100 87 100 72 40 49 100
split_gain=847.92 2542.31 1907.21 1712.55 567.895 490.991 411.968 301.389 914.034 804.959 1136.36 1172.7 1232.39 1028.38 1171.06 993.034 958.11 858.304 791.591 414.91 413.212 400.933 467.497 453.847 389.43 357.406 262.391 259.172 664.668 302.801 214.299 1446.76 378.952 212.659 195.041 168.165 550.065 2248.44 469.44 379.236 843.407 677.005 669.72 694.879 552.657 543.863 515.501 644.636 377.397 161.4 238.731 450.455 295.272 185.958 159.941 643.987 1758.86 309.646 1061.74 721.775 276.97 244.129
threshold=1.0000000180025095e-35 3.0000000000000004 4.5000000000000009 2.0000000000000004 2.0000000000000004 2021.5000000000002 2.5000000000000004 2.5000000000000004 2.5000000000000004 1.5000000000000002 2.5000000000000004 2.0000000000000004 12.500000000000002 3.0000000000000004 2.0000000000000004 2023.5000000000002 11.500000000000002 3.0000000000000004 3.5000000000000004 16.500000000000004 4.5000000000000009 1.0000000180025095e-35 2.0000000000000004 3.5000000000000004 3.5000000000000004 2.0000000000000004 118.00000000000001 1.0000000180025095e-35 3.5000000000000004 2018.5000000000002 6.5000000000000009 19.500000000000004 2.0000000000000004 4.0000000000000009 2.0000000000000004 5.5000000000000009 1.5000000000000002 2.5000000000000004 12.500000000000002 2.5000000000000004 2.0000000000000004 3.5000000000000004 2.0000000000000004 4.0000000000000009 3.0000000000000004 3.0000000000000004 2013.5000000000002 1.0000000180025095e-35 3.5000000000000004 165.00000000000003 141.50000000000003 3.5000000000000004 163.50000000000003 143.50000000000003 2.0000000000000004 2010.5000000000002 1.0000000180025095e-35 2010.5000000000002 3.5000000000000004 3.5000000000000004 4.0000000000000009 2019.5000000000002
decision_type=2 2 2 2 2 2 2 2 2 2 2 2 2 2 2 2 2 2 2 2 2 2 2 2 2 2 10 2 2 2 2 2 2 2 2 2 2 2 2 2 2 2 2 2 2 2 2 2 2 10 10 2 10 10 2 2 2 2 2 2 2 2
left_child=26 2 3 -2 -5 6 -3 24 -9 13 11 16 18 21 -15 -12 -11 19 -13 -14 -17 22 -10 -23 33 -26 27 28 29 -1 35 32 -32 -7 -18 49 38 -38 48 40 44 -42 45 -44 46 -41 -40 -48 -37 50 54 52 53 -52 55 56 60 58 -56 -60 -29 -59
right_child=1 5 -4 4 -6 7 -8 8 9 10 15 12 17 14 -16 20 34 -19 -20 -21 -22 23 -24 -25 25 -27 -28 30 -30 -31 31 -33 -34 -35 -36 36 37 -39 39 42 41 -43 43 -45 -46 -47 47 -49 -50 -51 51 -53 -54 -55 57 -57 -58 61 59 -61 -62 -63
leaf_value=-0.11887104662841763 0.17523237405717373 -0.34995659425854686 -0.65054823436118947 -0.16764441918243062 -0.53115520647593906 -0.054853306061455193 -0.029032750725746154 0.28661828567939146 0.2507446204622587 0.31777007200501184 0.32803756491891267 -0.63807514093138962 -0.12843773245811463 0.10688534075250994 -0.30482761167710826 -0.10766371150055659 -0.19613343172130132 -0.34337857785048309 -0.21392052187161015 0.12066315300762653 0.1482662004729112 0.38526597656309608 -0.052862941882631277 0.11216966910608883 -0.029294978894970639 -0.29462141652901969 -0.13533769742482238 -0.16125213080603218 -0.28240840740758799 0.094468625147755336 -0.059395738691091542 0.27189783505771475 -0.28643905198667197 0.12038949773363446 0.012519217794761062 0.019953783849875131 -0.19161107777194544 0.48385703090046139 0.30814895480871202 0.14153399981913115 -0.050930972922688882 -0.40873444974422457 0.027268741806884385 0.39991729655142488 -0.11790165883292886 -0.10732453572361365 -0.024303799988450232 0.26936584335565567 -0.26503093517743626 -0.069979857269629658 0.17256426537036895 0.23569298950334391 -0.15610003009438517 0.016566741561954035 -0.029813225646714937 -0.0017356481908304385 -0.44062598279366894 0.0012004139588192974 0.079111097460346558 0.44873473608493808 -0.010365392940774636 0.022920856465411463
leaf_weight=29 25 20 27 22 21 70 20 28 21 22 29 22 35 39 31 46 21 27 22 32 24 32 32 29 22 30 36 36 29 39 34 23 40 23 24 21 22 28 24 42 39 20 22 29 38 46 74 25 26 83 25 30 20 81 88 42851 30 24115 28 25 196 1367
leaf_count=29 25 20 27 22 21 70 20 28 21 22 29 22 35 39 31 46 21 27 22 32 24 32 32 29 22 30 36 36 29 39 34 23 40 23 24 21 22 28 24 42 39 20 22 29 38 46 74 25 26 83 25 30 20 81 88 42851 30 24115 28 25 196 1367
internal_value=-0.000971561 -0.0522841 -0.295015 -0.153847 -0.345173 -0.0193891 -0.189495 -0.00909523 0.00880225 -0.00713801 -0.0570976 -0.124276 -0.207603 0.075404 -0.0754447 0.0820096 0.0473522 -0.105376 -0.425998 -0.00946418 -0.0199163 0.16803 0.0674344 0.255433 -0.0727856 -0.182368 -0.000385225 -0.000315447 -0.0819879 0.00348553 -0.000201504 -0.0744677 -0.182122 -0.0115137 -0.084852 -9.77486e-05 0.0301662 0.186651 0.0108946 0.0303482 -0.0105001 -0.17222 0.0950001 0.239167 0.0487638 0.0114489 0.100254 0.0498552 -0.137697 -0.000297826 -0.000213874 0.0615692 0.0201112 0.0533586 -0.000354094 -0.00221348 -0.0803644 0.00277449 0.0766661 0.253462 -0.0337789 0.00236562
internal_weight=70457 796 95 68 43 701 40 661 516 488 304 205 138 184 70 99 67 94 44 67 70 114 53 61 145 52 69661 69625 97 68 69528 97 74 93 45 69431 456 50 406 359 220 59 139 51 161 88 123 99 47 68975 68892 156 126 106 68736 43113 262 25623 141 53 232 25482
internal_count=70457 796 95 68 43 701 40 661 516 488 304 205 138 184 70 99 67 94 44 67 70 114 53 61 145 52 69661 69625 97 68 69528 97 74 93 45 69431 456 50 406 359 220 59 139 51 161 88 123 99 47 68975 68892 156 126 106 68736 43113 262 25623 141 53 232 25482
is_linear=0
shrinkage=0.05


Tree=138
num_leaves=63
num_cat=0
split_feature=106 55 65 43 100 108 100 67 25 48 94 100 114 77 113 47 52 114 79 114 54 114 44 61 17 11 100 77 104 52 100 113 114 8 111 43 57 113 11 12 57 52 91 65 62 48 114 100 114 48 54 12 77 43 113 100 44 100 12 100 42 77
split_gain=765.248 2294.44 2025.34 613.76 983.554 455.213 443.12 371.802 312.513 449.325 904.811 1552.58 1458.35 1050.98 995.221 731.12 1673.56 1267.97 729.353 762.943 643.615 449.281 490.381 428.149 405.485 350.615 329.977 324.346 233.974 505.812 228.913 193.47 1305.7 342.004 195.035 165.583 165.471 156.023 595.947 1055.56 1544.16 3079.72 722.455 583.882 538.984 1987.04 435.776 479.076 397.098 374.011 896.822 602.935 307.376 231.676 153.898 183.916 127.492 813.112 1407.21 573.22 763.053 881.987
threshold=1.0000000180025095e-35 3.0000000000000004 2.0000000000000004 2.0000000000000004 2023.5000000000002 159.00000000000003 2021.5000000000002 2.5000000000000004 2.5000000000000004 3.0000000000000004 4.0000000000000009 2023.5000000000002 11.500000000000002 2.5000000000000004 3.5000000000000004 2.0000000000000004 3.0000000000000004 16.500000000000004 2.0000000000000004 9.5000000000000018 2.0000000000000004 14.500000000000002 2.0000000000000004 3.5000000000000004 3.0000000000000004 1.0000000180025095e-35 2024.5000000000002 2.5000000000000004 1.0000000180025095e-35 3.0000000000000004 2017.5000000000002 6.5000000000000009 19.500000000000004 2.0000000000000004 6.5000000000000009 2.0000000000000004 2.0000000000000004 5.5000000000000009 2.0000000000000004 1.0000000180025095e-35 4.0000000000000009 3.0000000000000004 2.0000000000000004 2.0000000000000004 2.5000000000000004 3.0000000000000004 18.500000000000004 2014.5000000000002 18.500000000000004 3.0000000000000004 2.0000000000000004 1.0000000180025095e-35 2.5000000000000004 2.0000000000000004 4.5000000000000009 2017.5000000000002 2.0000000000000004 2010.5000000000002 1.0000000180025095e-35 2010.5000000000002 2.0000000000000004 2.5000000000000004
decision_type=2 2 2 2 2 10 2 2 2 2 2 2 2 2 2 2 2 2 2 2 2 2 2 2 2 2 2 2 2 2 2 2 2 2 8 2 2 2 2 2 2 2 2 2 2 2 2 2 2 2 2 2 2 2 2 2 2 2 2 2 2 2
left_child=5 2 3 4 -2 28 7 -3 25 10 11 24 20 -13 -14 16 -16 -18 -11 -20 -12 23 27 26 -10 -8 -21 -23 29 30 -1 34 33 -33 54 -17 -32 56 43 42 -41 -42 46 44 49 -46 47 -40 -45 51 52 -39 -51 -49 -30 -56 57 58 -36 60 61 -58
right_child=1 6 -4 -5 -6 -7 8 -9 9 18 12 13 14 -15 15 35 17 -19 19 21 -22 22 -24 -25 -26 -27 -28 -29 31 -31 36 32 -34 -35 37 -37 -38 38 39 40 41 -43 -44 48 45 -47 -48 53 -50 50 -52 -53 -54 -55 55 -57 59 -59 -60 -61 -62 -63
leaf_value=-0.12363934814929962 -0.49282365798950195 -0.3324587628245354 -0.62008805036544801 0.070922037541866309 0.0030477869510650638 -0.20954077644990041 -0.017653301369660257 -0.027581114135682584 0.54075396545231347 -0.23741329141506334 -0.078933395510134494 0.19712792474310847 0.29364369437098503 -0.20810742438770832 -0.35982280330998556 0.061095289673124047 -0.14709774026026329 0.38490623590492068 0.21793206788133831 -0.32867742972127323 -0.4529871439156325 0.08424520318706831 0.17264289404894856 0.0055259167755904951 0.25010646859804792 -0.21870486061487882 -0.083371780612147783 -0.17196055526534718 -0.0039020599138804971 -0.2527257852513215 -0.024839110129877277 -0.056425948002759158 0.25830295011401178 -0.27211709506809711 -0.044476976562892241 0.26211788248270751 0.17180723286233845 0.0035123060242487833 0.1989326195092872 -0.045465754975493142 0.88822507992386823 0.010767934322357179 0.28805976145985451 -0.35270095749625141 0.43617297563425916 -0.20397108390249988 -0.14712619962089735 -0.11023519764698686 -0.041395812779664996 0.040433480723627978 0.30593518624082211 -0.3566993066952342 -0.22414698833650304 0.065335904423366578 -0.015771056282063645 -0.1371247453535808 0.055013646019829644 -5.156913686485452e-06 -0.41859468847513198 0.0040288235992213045 -0.057159782154485583 0.46715940546989443
leaf_weight=25 20 20 30 25 20 26 57 20 20 41 23 32 34 32 35 21 24 21 32 29 23 21 37 38 30 35 26 30 19681 29 23 34 23 40 155 20 20 26 32 26 20 20 22 21 27 22 46 42 20 21 20 21 23 34 93 47 27 30649 30 18259 32 25
leaf_count=25 20 20 30 25 20 26 57 20 20 41 23 32 34 32 35 21 24 21 32 29 23 21 37 38 30 35 26 30 19681 29 23 34 23 40 155 20 20 26 32 26 20 20 22 21 27 22 46 42 20 21 20 21 23 34 93 47 27 30649 30 18259 32 25
internal_value=-0.000922983 -0.0496699 -0.280264 -0.123423 -0.244888 -0.000365963 -0.0184196 -0.18002 -0.00864046 0.00518377 0.0450822 0.157605 -0.0187365 -0.00548975 0.0546331 -0.0125269 -0.100514 0.101171 -0.0442966 -0.00712385 -0.26596 -0.0469127 0.0340695 -0.123541 0.366365 -0.0941403 -0.212715 -0.0664641 -0.000287863 -0.0778885 -0.00332557 -0.000179616 -0.0707443 -0.173016 -8.10462e-05 0.159155 0.0666243 0.00159371 0.031134 0.0839861 0.254511 0.449497 0.0200392 -0.0324989 0.0106398 0.148761 -0.0182495 0.0366425 -0.200845 -0.0503328 0.0283192 -0.157433 -0.0978699 -0.0316902 -0.00427365 -0.0565112 0.00132761 -0.000635981 -0.105145 0.00462833 0.134943 0.253161
internal_weight=70457 796 95 65 40 69661 701 40 661 569 315 114 201 64 155 121 80 45 254 213 46 181 88 93 50 92 55 51 69635 97 68 69538 97 74 69441 41 43 49620 443 242 66 40 176 201 160 49 154 108 41 111 64 47 44 76 19821 140 49177 30834 185 18343 84 52
internal_count=70457 796 95 65 40 69661 701 40 661 569 315 114 201 64 155 121 80 45 254 213 46 181 88 93 50 92 55 51 69635 97 68 69538 97 74 69441 41 43 49620 443 242 66 40 176 201 160 49 154 108 41 111 64 47 44 76 19821 140 49177 30834 185 18343 84 52
is_linear=0
shrinkage=0.05


Tree=139
num_leaves=63
num_cat=0
split_feature=106 55 65 66 14 63 100 100 44 11 62 65 20 26 77 61 50 87 114 40 52 108 40 40 68 95 104 72 100 111 110 102 40 49 114 110 110 76 50 11 72 72 11 85 114 87 66 14 28 43 12 100 100 17 61 87 46 12 12 87 40 100
split_gain=690.636 2070.73 1827.87 1122.07 801.753 892.031 675.983 646.03 1165.77 1137.11 1252.28 680.033 532.503 1212.17 435.91 424.828 420.621 658.779 1057.29 574.066 437.474 411.895 385.387 277.992 264.997 238.329 211.137 558.617 246.468 169.461 379.855 340.651 1584.9 273.999 613.895 334.477 188.887 182.844 221.975 153.266 123.041 274.343 549.504 615.635 1213.34 2315.17 1101.7 1488.02 946.726 609.436 798.479 594.596 2260.58 2806.29 658.108 528.708 455.661 1234.56 704.962 392.885 361.468 311.848
threshold=1.0000000180025095e-35 3.0000000000000004 2.0000000000000004 2.0000000000000004 2.0000000000000004 2.5000000000000004 2022.5000000000002 2023.5000000000002 2.0000000000000004 2.0000000000000004 2.5000000000000004 2.0000000000000004 2.5000000000000004 2.5000000000000004 2.5000000000000004 3.5000000000000004 2.0000000000000004 1.0000000180025095e-35 16.500000000000004 3.5000000000000004 3.0000000000000004 163.50000000000003 3.5000000000000004 3.5000000000000004 2.0000000000000004 2.0000000000000004 1.0000000180025095e-35 3.5000000000000004 2018.5000000000002 5.5000000000000009 89.250000000000014 1.0000000180025095e-35 3.5000000000000004 4.0000000000000009 13.500000000000002 92.250000000000014 150.50000000000003 3.5000000000000004 2.0000000000000004 1.0000000180025095e-35 1.0000000180025095e-35 3.5000000000000004 1.0000000180025095e-35 1.0000000180025095e-35 14.500000000000002 1.0000000180025095e-35 2.0000000000000004 2.0000000000000004 2.0000000000000004 2.0000000000000004 1.0000000180025095e-35 2014.5000000000002 2017.5000000000002 3.0000000000000004 3.5000000000000004 1.0000000180025095e-35 2.0000000000000004 1.0000000180025095e-35 1.0000000180025095e-35 1.0000000180025095e-35 3.5000000000000004 2020.5000000000002
decision_type=2 2 2 2 2 2 2 2 2 2 2 2 2 2 2 2 2 2 2 2 2 10 2 2 2 2 2 2 2 8 10 2 2 2 2 10 10 2 2 2 2 2 2 2 2 2 2 2 2 2 2 2 2 2 2 2 2 2 2 2 2 2
left_child=21 2 3 -2 5 24 -7 8 9 -6 11 22 13 -9 -8 -10 -14 25 19 -19 -20 26 -11 -16 -3 -18 27 28 -1 36 40 32 -32 34 -33 -35 -28 39 -39 -37 -31 42 -42 55 45 -45 48 -48 56 50 -50 59 53 -53 60 -44 58 -58 -46 -49 -54 -43
right_child=1 4 -4 -5 7 6 14 12 15 10 -12 -13 16 -15 23 -17 17 18 20 -21 -22 -23 -24 -25 -26 -27 29 -29 -30 30 31 33 -34 35 -36 37 -38 38 -40 -41 41 61 43 44 46 -47 47 51 49 -51 -52 52 54 -55 -56 -57 57 -59 -60 -61 -62 -63
leaf_value=-0.10602562103805871 0.093711348157376057 -0.19796919601171145 -0.58908365910251936 -0.32182140838016166 0.41875436183284309 -0.27013593887289367 0.16166980943332118 -0.13229155726730824 -0.24721269097465737 -0.052910519599914552 0.40299457570780883 -0.24508376808270166 0.16025932085785 0.41820146387937718 -0.19882521507414908 0.018024416847361457 0.0089117521144581983 -0.48268950173201469 -0.14824568128043955 -0.16854216962149648 0.16043407022953035 -0.21190478723982109 0.22759484207878511 0.049783741391223407 -0.43626525908708569 -0.16968851916137195 -0.0045255166237603639 -0.25773107358093922 0.086449151384668091 0.0041186898016037738 0.50006063615991958 -0.078581849355250602 -0.07455808380618692 0.15321004432745469 0.2745433166739531 -0.015096956602994259 -0.15458028985220673 0.14908953861278648 0.0036685534064536509 -0.13836019070586189 -0.0022102668429167882 0.0020781253423226872 -0.0080595954282815293 -0.083373686667049252 -0.019279017426992118 -0.46946861064871376 0.341669720162948 -0.034171219408004126 -0.16341687819132439 -0.039358891210248395 -0.51713679599817153 0.72174222111701969 -0.070426094714763035 -0.0070860126188823161 -0.23994155526161196 0.25179945644456891 -0.072787901928479032 0.39317023924418859 -0.34215948107567701 -0.2470267196668795 0.1259570212591262 0.030644774984068493
leaf_weight=29 32 28 30 33 34 24 36 20 26 25 23 23 22 20 22 36 169 26 22 33 24 23 24 23 20 21 15791 29 39 18195 21 20 28 39 32 119 21 34 115 32 17368 14859 919 249 73 46 36 110 39 31 27 25 53 28 34 20 44 21 22 27 42 1021
leaf_count=29 32 28 30 33 34 24 36 20 26 25 23 23 22 20 22 36 169 26 22 33 24 23 24 23 20 21 15791 29 39 18195 21 20 28 39 32 119 21 34 115 32 17368 14859 919 249 73 46 36 110 39 31 27 25 53 28 34 20 44 21 22 27 42 1021
internal_value=-0.000876834 -0.0471864 -0.266251 -0.117251 -0.0174986 -0.118698 -0.0370693 0.0107558 0.0849762 0.170613 0.0818049 -0.0207974 -0.0289532 0.142955 0.0319875 -0.093204 -0.050645 -0.0663735 -0.166884 -0.30698 0.0128046 -0.000347665 0.0844799 -0.0717584 -0.297259 -0.0108283 -0.000277792 -0.0739941 0.00436432 -0.000174968 0.00116401 0.0474306 0.171707 0.0318563 0.138726 0.0154633 -0.00472481 -0.00244379 0.0368519 -0.041219 0.000781994 -0.000947964 -0.00496695 -0.0309031 -0.0602826 -0.143578 -0.0201319 0.0369473 -0.0989768 -0.222228 -0.30812 0.00255859 0.0617843 0.336701 -0.0511659 -0.00252479 -0.0242561 0.0777524 -0.0940513 -0.0761208 0.0163959 0.00391481
internal_weight=70457 796 95 65 701 153 105 548 191 129 95 72 357 40 81 62 317 295 105 59 46 69661 49 45 48 190 69638 97 68 69541 53729 440 49 391 52 339 15812 300 149 151 53289 35094 19214 1846 907 295 612 355 257 97 66 319 182 53 129 939 160 65 95 137 95 15880
internal_count=70457 796 95 65 701 153 105 548 191 129 95 72 357 40 81 62 317 295 105 59 46 69661 49 45 48 190 69638 97 68 69541 53729 440 49 391 52 339 15812 300 149 151 53289 35094 19214 1846 907 295 612 355 257 97 66 319 182 53 129 939 160 65 95 137 95 15880
is_linear=0
shrinkage=0.05


end of trees

feature_importances:
Column_100=827
Column_114=694
Column_113=493
Column_16=295
Column_101=228
Column_87=202
Column_14=201
Column_11=199
Column_40=194
Column_12=190
Column_46=190
Column_66=189
Column_94=188
Column_8=181
Column_65=174
Column_55=172
Column_63=170
Column_28=168
Column_52=164
Column_54=158
Column_110=158
Column_104=155
Column_67=143
Column_77=141
Column_68=139
Column_17=138
Column_62=133
Column_48=132
Column_43=119
Column_44=115
Column_61=108
Column_72=107
Column_85=105
Column_22=99
Column_106=98
Column_70=96
Column_42=92
Column_109=89
Column_111=77
Column_79=74
Column_49=73
Column_57=65
Column_107=60
Column_15=57
Column_112=52
Column_102=51
Column_108=49
Column_47=40
Column_97=39
Column_91=38
Column_41=34
Column_58=30
Column_74=30
Column_103=30
Column_24=29
Column_76=29
Column_51=28
Column_71=28
Column_25=22
Column_80=22
Column_69=19
Column_99=18
Column_18=17
Column_21=17
Column_20=16
Column_50=16
Column_98=16
Column_73=15
Column_105=15
Column_26=14
Column_9=13
Column_19=13
Column_95=13
Column_89=10
Column_88=9
Column_90=8
Column_96=8
Column_10=6
Column_92=6
Column_93=5
Column_56=4
Column_64=4
Column_84=4
Column_27=3
Column_82=3
Column_78=2
Column_30=1
Column_59=1
Column_75=1
Column_81=1
Column_83=1

parameters:
[boosting: gbdt]
[objective: regression]
[metric: l1]
[tree_learner: serial]
[device_type: cpu]
[data_sample_strategy: bagging]
[data: ]
[valid: ]
[num_iterations: 2000]
[learning_rate: 0.05]
[num_leaves: 63]
[num_threads: 0]
[seed: 0]
[deterministic: 0]
[force_col_wise: 0]
[force_row_wise: 0]
[histogram_pool_size: -1]
[max_depth: -1]
[min_data_in_leaf: 20]
[min_sum_hessian_in_leaf: 0.001]
[bagging_fraction: 0.8]
[pos_bagging_fraction: 1]
[neg_bagging_fraction: 1]
[bagging_freq: 5]
[bagging_seed: 3]
[bagging_by_query: 0]
[feature_fraction: 0.8]
[feature_fraction_bynode: 1]
[feature_fraction_seed: 2]
[extra_trees: 0]
[extra_seed: 6]
[early_stopping_round: 0]
[early_stopping_min_delta: 0]
[first_metric_only: 0]
[max_delta_step: 0]
[lambda_l1: 0]
[lambda_l2: 0]
[linear_lambda: 0]
[min_gain_to_split: 0]
[drop_rate: 0.1]
[max_drop: 50]
[skip_drop: 0.5]
[xgboost_dart_mode: 0]
[uniform_drop: 0]
[drop_seed: 4]
[top_rate: 0.2]
[other_rate: 0.1]
[min_data_per_group: 100]
[max_cat_threshold: 32]
[cat_l2: 10]
[cat_smooth: 10]
[max_cat_to_onehot: 4]
[top_k: 20]
[monotone_constraints: ]
[monotone_constraints_method: basic]
[monotone_penalty: 0]
[feature_contri: ]
[forcedsplits_filename: ]
[refit_decay_rate: 0.9]
[cegb_tradeoff: 1]
[cegb_penalty_split: 0]
[cegb_penalty_feature_lazy: ]
[cegb_penalty_feature_coupled: ]
[path_smooth: 0]
[interaction_constraints: ]
[verbosity: -1]
[saved_feature_importance_type: 0]
[use_quantized_grad: 0]
[num_grad_quant_bins: 4]
[quant_train_renew_leaf: 0]
[stochastic_rounding: 1]
[linear_tree: 0]
[max_bin: 255]
[max_bin_by_feature: ]
[min_data_in_bin: 3]
[bin_construct_sample_cnt: 200000]
[data_random_seed: 1]
[is_enable_sparse: 1]
[enable_bundle: 1]
[use_missing: 1]
[zero_as_missing: 0]
[feature_pre_filter: 1]
[pre_partition: 0]
[two_round: 0]
[header: 0]
[label_column: ]
[weight_column: ]
[group_column: ]
[ignore_column: ]
[categorical_feature: ]
[forcedbins_filename: ]
[precise_float_parser: 0]
[parser_config_file: ]
[objective_seed: 5]
[num_class: 1]
[is_unbalance: 0]
[scale_pos_weight: 1]
[sigmoid: 1]
[boost_from_average: 1]
[reg_sqrt: 0]
[alpha: 0.9]
[fair_c: 1]
[poisson_max_delta_step: 0.7]
[tweedie_variance_power: 1.5]
[lambdarank_truncation_level: 30]
[lambdarank_norm: 1]
[label_gain: ]
[lambdarank_position_bias_regularization: 0]
[eval_at: ]
[multi_error_top_k: 1]
[auc_mu_weights: ]
[num_machines: 1]
[local_listen_port: 12400]
[time_out: 120]
[machine_list_filename: ]
[machines: ]
[gpu_platform_id: -1]
[gpu_device_id: -1]
[gpu_use_dp: 0]
[num_gpu: 1]

end of parameters

pandas_categorical:null
