tree
version=v4
num_class=1
num_tree_per_iteration=1
label_index=0
max_feature_idx=115
objective=regression
feature_names=Column_0 Column_1 Column_2 Column_3 Column_4 Column_5 Column_6 Column_7 Column_8 Column_9 Column_10 Column_11 Column_12 Column_13 Column_14 Column_15 Column_16 Column_17 Column_18 Column_19 Column_20 Column_21 Column_22 Column_23 Column_24 Column_25 Column_26 Column_27 Column_28 Column_29 Column_30 Column_31 Column_32 Column_33 Column_34 Column_35 Column_36 Column_37 Column_38 Column_39 Column_40 Column_41 Column_42 Column_43 Column_44 Column_45 Column_46 Column_47 Column_48 Column_49 Column_50 Column_51 Column_52 Column_53 Column_54 Column_55 Column_56 Column_57 Column_58 Column_59 Column_60 Column_61 Column_62 Column_63 Column_64 Column_65 Column_66 Column_67 Column_68 Column_69 Column_70 Column_71 Column_72 Column_73 Column_74 Column_75 Column_76 Column_77 Column_78 Column_79 Column_80 Column_81 Column_82 Column_83 Column_84 Column_85 Column_86 Column_87 Column_88 Column_89 Column_90 Column_91 Column_92 Column_93 Column_94 Column_95 Column_96 Column_97 Column_98 Column_99 Column_100 Column_101 Column_102 Column_103 Column_104 Column_105 Column_106 Column_107 Column_108 Column_109 Column_110 Column_111 Column_112 Column_113 Column_114 Column_115
feature_infos=[-1:4] [-1:5] [-1:5] [-1:5] [-1:5] [-1:5] [-1:3] [-2:5] [1:3] [-1:4] [-2:5] [-1:5] [-2:4] [-2:5] [1:5] [-1:5] [-1:5] [-1:5] [-1:5] [1:4] [-1:4] [-1:4] [-1:5] none [1:4] [-1:4] [1:4] [1:3] [-1:3] [-1:5] [-1:3] [-1:4] [-1:5] [-1:3] [-1:3] [-1:3] none none none none [2:4] [-1:4] [1:3] [1:3] [1:3] none [1:3] [1:3] [2:4] [3:5] [-1:3] [-1:3] [2:4] [2:4] [1:3] [2:4] [2:4] [1:5] [1:5] [-1:5] [-1:5] [1:5] [-1:4] [-1:4] [-1:4] [-1:3] [1:3] [-1:4] [-1:3] [2:4] [1:3] [-1:4] [-1:4] [1:4] [2:3] [-1:3] [2:4] [-1:3] [-1:4] [-1:3] [-1:4] [-1:5] [-1:4] [-2:5] [-2:4] [-2:5] none [-2:4] [-2:5] [-2:5] [-2:4] [1:3] [1:5] [1:5] [1:5] [1:3] [1:5] [1:4] [-2:4] [2:4] [2021:2028] [-2:5] [0:1] [0:1] [0:8] [0:1] [0:1] [0:140] [0:140] [0:198] [0:182] [1:8] [0:1] [1:8] [0:20] none
tree_sizes=5378 5460 5453 5483 5469 5479 5474 5462 5492 5499 5513 5483 5480 5469 5420 5536 5519 5509 5466 5495 5543 5513 5536 5494 5589 5505 5583 5578 5551 5576 5566 5554 5568 5506 5561 5531 5516 5540 5498 5559 5553 5534 5584 5550 5525 5545 5582 5553 5549 5559 5573 5507 5549 5582 5564 5552 5580 5573 5582 5595 5601 5586 5592 5614 5595 5584 5595 5601 5540 5545 5666 5562 5650 5555 5591 5634 5636 5615 5572 5638 5624 5690 5587 5644 5635 5660 5654 5662 5665 5675 5657 5672 5672 5626 5612 5638 5641 5621 5633 5621 5711 5680 5748 5847 5762 5719 5617 5701 5725 5708 5602 5610 5683 5689 5664 5725 5720 5689 5668 5694 5670 5734 5612 5653 5669 5724 5672 5723 5688 5694 5709 5755 5752 5784 5730 5711 5752 5723 5743 5748 5669 5745 5778 5704 5751 5734 5741 5724 5788 5792 5750 5692 5721 5753 5699 5739 5619 5710 5704 5709

Tree=0
num_leaves=63
num_cat=0
split_feature=100 100 15 22 18 87 111 15 15 104 100 87 85 61 87 111 22 103 102 93 17 68 62 68 17 94 94 72 14 72 103 111 61 100 46 100 112 94 17 111 61 17 24 66 61 62 52 93 9 17 61 14 63 49 14 61 110 68 43 97 14 102
split_gain=15388.6 1575.46 1238.69 710.702 198.373 163.418 123.732 84.592 83.1876 69.4559 67.94 61.6203 57.2264 39.3754 37.8678 36.3713 35.4448 32.529 19.9295 18.9775 18.9492 16.9762 15.7796 15.5692 14.5543 13.7145 13.267 13.0191 11.1362 14.3347 10.9082 12.93 10.4074 10.3843 11.0846 10.2849 9.52911 8.35915 7.72235 7.59582 7.5683 9.55504 7.24257 7.23364 7.77194 7.19906 7.17989 7.08696 8.37835 6.27451 6.11344 5.97777 7.50284 5.78953 5.64012 5.43827 5.27775 5.15752 5.115 4.78053 4.51421 4.44267
threshold=2024.5000000000002 2025.5000000000002 3.0000000000000004 1.0000000180025095e-35 1.0000000180025095e-35 1.0000000180025095e-35 1.0000000180025095e-35 3.0000000000000004 3.0000000000000004 7.5000000000000009 2023.5000000000002 1.0000000180025095e-35 1.0000000180025095e-35 2.5000000000000004 1.0000000180025095e-35 4.5000000000000009 1.0000000180025095e-35 1.0000000180025095e-35 inf 3.0000000000000004 3.0000000000000004 2.0000000000000004 2.5000000000000004 2.0000000000000004 3.0000000000000004 4.0000000000000009 2.0000000000000004 1.0000000180025095e-35 4.0000000000000009 1.0000000180025095e-35 1.0000000180025095e-35 2.5000000000000004 2.5000000000000004 2023.5000000000002 2.0000000000000004 2022.5000000000002 1.0000000180025095e-35 2.0000000000000004 3.0000000000000004 1.0000000180025095e-35 3.5000000000000004 3.0000000000000004 2.5000000000000004 2.0000000000000004 3.5000000000000004 2.5000000000000004 3.0000000000000004 3.0000000000000004 1.0000000180025095e-35 3.0000000000000004 2.5000000000000004 4.0000000000000009 2.5000000000000004 4.0000000000000009 4.0000000000000009 3.5000000000000004 30.750000000000004 2.0000000000000004 2.0000000000000004 1.5000000000000002 2.0000000000000004 1.0000000180025095e-35
decision_type=2 2 2 2 2 2 10 2 2 2 2 2 2 2 2 10 2 10 8 2 2 2 2 2 2 2 2 2 2 2 10 10 2 2 2 2 10 2 2 10 2 2 2 2 2 2 2 2 2 2 2 2 2 2 2 2 10 2 2 2 2 10
left_child=3 2 6 7 11 8 9 50 21 42 20 13 -6 -4 15 22 18 28 39 -18 54 -5 -14 -9 53 46 35 36 -11 -30 -21 37 -31 34 55 -22 -8 -32 -39 -3 41 -12 -2 -28 -45 -26 -7 57 -49 -29 -1 -13 -53 -15 -10 -27 -38 -19 -55 -34 -44 -41
right_child=1 16 4 5 12 25 27 23 10 17 40 51 14 24 -16 -17 19 47 -20 30 26 -23 -24 -25 45 33 43 49 29 32 31 -33 59 -35 -36 -37 56 38 -40 61 -42 -43 60 44 -46 -47 -48 48 -50 -51 -52 52 -54 58 -56 -57 -58 -59 -60 -61 -62 -63
leaf_value=0.3289724999460919 0.27108755895918885 0.26522634468011758 0.34876017122377001 0.38146819180301722 0.2804674065472178 0.52251938645664187 0.28493044735464595 0.3982879057589489 0.46382889532168275 0.28148014551208012 0.41024033795135828 0.46131652814966523 0.34386276324925436 0.40588590309181849 0.41258425573778823 0.29188928270763437 0.26908898323142116 0.34079041343340316 0.26365786257983259 0.27347289928703544 0.50281311375466564 0.43969217214090217 0.38305417428206795 0.45273027741818667 0.39283739633962206 0.53816166364653539 0.49556924454138856 0.27650257407754691 0.34220396072881154 0.29702902409343956 0.28786297577240783 0.28134887003992226 0.32146853946214671 0.51373519978742233 0.52402041133797272 0.46261287418375985 0.2954220796871232 0.30387410073388654 0.3403097943127289 0.26985660149539853 0.46183868270334338 0.45421486247488896 0.27514235810845133 0.5000098582662712 0.53215031813427327 0.42633492507877946 0.49311182340071114 0.37216602632313012 0.33538621226794063 0.2848919279286799 0.35526277555310765 0.45357283316008767 0.41701388958171715 0.36311636410611298 0.48717708461466547 0.56655217387220558 0.32307052405088188 0.31047935085232187 0.39423674391443653 0.29875241733358482 0.29470566523478403 0.26701833713033601
leaf_weight=41 58 5782 48 21 34 35 585 29 38 29 21 23 105 24 22 29 242 36 8879 80 41 31 34 24 23 37 35 724 39 100 31 81 134 79 85 26 126 33 26 1688 65 30 36 27 62 53 51 30 32 322 48 23 36 31 81 31 20 23 23 28 163 7525
leaf_count=41 58 5782 48 21 34 35 585 29 38 29 21 23 105 24 22 29 242 36 8879 80 41 31 34 24 23 37 35 724 39 100 31 81 134 79 85 26 126 33 26 1688 65 30 36 27 62 53 51 30 32 322 48 23 36 31 81 31 20 23 23 28 163 7525
internal_value=0.276841 0.270014 0.304249 0.475977 0.375391 0.494359 0.289705 0.372932 0.475881 0.307381 0.483168 0.40314 0.34021 0.388301 0.3509 0.342823 0.265809 0.319203 0.265535 0.27908 0.495383 0.416179 0.353449 0.422941 0.400625 0.522135 0.50514 0.282663 0.311072 0.313923 0.288712 0.295842 0.309713 0.528457 0.536058 0.487213 0.287782 0.308885 0.319931 0.266647 0.450526 0.436108 0.286635 0.514827 0.5224 0.416198 0.50508 0.341379 0.353183 0.279085 0.343152 0.439695 0.431266 0.385453 0.479721 0.551104 0.29921 0.328974 0.376371 0.317542 0.291167 0.267538
internal_weight=28298 27360 2993 938 508 796 2485 142 478 708 426 284 224 202 190 168 24367 451 23874 493 310 52 139 53 154 318 191 1777 330 301 251 171 262 232 153 67 731 90 59 14995 116 51 257 124 89 76 86 121 62 1046 89 82 59 78 119 68 146 59 54 162 199 9213
internal_count=28298 27360 2993 938 508 796 2485 142 478 708 426 284 224 202 190 168 24367 451 23874 493 310 52 139 53 154 318 191 1777 330 301 251 171 262 232 153 67 731 90 59 14995 116 51 257 124 89 76 86 121 62 1046 89 82 59 78 119 68 146 59 54 162 199 9213
is_linear=0
shrinkage=1


Tree=1
num_leaves=63
num_cat=0
split_feature=100 100 113 11 103 87 80 113 15 111 94 100 112 114 11 113 87 85 111 104 111 102 17 94 73 16 94 8 16 94 61 58 104 77 100 46 100 113 52 111 10 113 114 111 113 11 94 113 66 16 94 77 24 113 52 113 63 113 16 114 8 26
split_gain=13888.2 1421.85 1159.19 641.409 222.236 147.485 95.8172 88.8021 75.0768 67.7589 61.8889 61.3158 48.5624 41.9837 31.9889 26.106 25.4811 23.688 22.1324 21.133 23.7624 17.9864 17.1016 16.2266 15.504 12.4901 12.3773 13.0716 12.0114 11.9734 11.4316 11.4793 9.92108 9.47025 9.37185 10.0039 9.28211 8.98073 7.61345 7.54526 7.43093 7.32248 7.06565 6.85523 6.84569 6.80801 6.75477 6.59901 6.52836 7.01418 6.33243 5.67726 5.61139 5.494 5.35577 5.3171 5.18725 5.16298 4.90804 4.9036 4.46578 4.52197
threshold=2024.5000000000002 2025.5000000000002 3.5000000000000004 1.0000000180025095e-35 1.0000000180025095e-35 1.0000000180025095e-35 3.5000000000000004 3.5000000000000004 3.0000000000000004 1.0000000180025095e-35 2.0000000000000004 2023.5000000000002 1.0000000180025095e-35 2.5000000000000004 1.0000000180025095e-35 3.5000000000000004 1.0000000180025095e-35 -1.4999999999999998 2.5000000000000004 7.5000000000000009 2.5000000000000004 inf 3.0000000000000004 2.0000000000000004 2.5000000000000004 2.5000000000000004 4.0000000000000009 2.0000000000000004 2.5000000000000004 2.0000000000000004 3.5000000000000004 3.0000000000000004 7.5000000000000009 1.5000000000000002 2023.5000000000002 2.0000000000000004 2022.5000000000002 4.5000000000000009 3.0000000000000004 3.5000000000000004 -1.4999999999999998 2.5000000000000004 9.5000000000000018 1.0000000180025095e-35 4.5000000000000009 2.0000000000000004 2.0000000000000004 1.5000000000000002 2.0000000000000004 3.5000000000000004 4.0000000000000009 2.5000000000000004 2.5000000000000004 3.5000000000000004 3.0000000000000004 1.5000000000000002 2.5000000000000004 1.5000000000000002 3.5000000000000004 14.500000000000002 2.0000000000000004 2.5000000000000004
decision_type=2 2 2 2 10 2 2 2 2 10 2 2 8 2 2 2 2 2 10 2 10 8 2 2 2 2 2 2 2 2 2 2 2 2 2 2 2 2 2 10 2 2 2 10 2 2 2 2 2 2 2 2 2 2 2 2 2 2 2 2 2 2
left_child=3 2 4 7 12 8 18 24 23 17 25 22 40 -14 21 -16 51 33 -4 52 30 43 42 -5 -1 -8 27 -7 -17 36 -21 -32 -11 -6 35 58 -24 50 -35 46 -2 -34 -10 -3 54 60 -30 -22 -31 -50 -13 -12 -15 -44 -37 -45 -18 -42 -28 -53 -19 -62
right_child=1 14 6 5 9 26 10 -9 11 32 16 37 13 19 15 28 56 45 -20 20 47 -23 29 -25 -26 -27 34 -29 39 48 31 -33 41 38 -36 44 -38 -39 -40 -41 57 -43 53 55 -46 -47 -48 -49 49 -51 -52 59 -54 -55 -56 -57 -58 -59 -60 -61 61 -63
leaf_value=0.061242290631116164 -0.0016899542191198894 -0.011151496644654682 0.085189825715497144 0.10208457907040913 0.024605597938810078 0.23713154087706312 0.061807652235031131 0.17670725595951081 0.16957638934254649 -0.010493943045536677 0.11479332839570396 0.16601015038979361 0.0060380580336660957 -0.00038607650332980688 -0.00498428170879682 -0.0069031509757041939 0.18468862601688929 0.07948478431236454 0.023083407603777376 0.039264641402388473 0.0027421390523715895 -0.01264155542163084 0.21455592236867768 0.15811198167502882 0.10132957534754979 0.10468156233711064 0.24813704683973983 0.19810272882382074 0.015765279389563062 0.20767425400870188 0.037982717752456666 0.087579678956951415 0.0092409440669520143 0.078556958615779882 0.22493190599393242 0.26532748997211458 0.17636569875937244 0.18115117720195228 0.043858439457970994 0.010973851986833521 0.0031136263238444721 0.047494688901034275 0.18537452682489303 -0.0098823061432620398 0.2139058408913789 0.10035432320833207 0.050107747018337249 0.028691481388345059 0.2118928325396997 0.24242627563015109 0.13484414060200964 0.12449103014336692 0.019825108092406701 0.20985175852592175 0.2333614866984518 -0.007399013817396969 0.15677010853116105 0.010267132698549881 0.2751080374563894 0.14992726996541025 0.072846374134807032 0.044140702097312266
leaf_weight=83 420 5782 32 24 35 41 25 25 26 30 41 39 370 45 360 30 28 82 26 169 49 8879 41 28 34 53 37 45 21 35 20 28 29 25 79 20 26 49 43 37 584 22 41 5773 27 25 45 49 27 62 28 36 145 52 38 3440 41 444 31 40 34 23
leaf_count=83 420 5782 32 24 35 41 25 25 26 30 41 39 370 45 360 30 28 82 26 169 49 8879 41 28 34 53 37 45 21 35 20 28 29 25 79 20 26 49 43 37 584 22 41 5773 27 25 45 49 27 62 28 36 145 52 38 3440 41 444 31 40 34 23
internal_value=-0.000117241 -0.00660297 0.0259197 0.189061 0.0151157 0.206524 0.115539 0.091169 0.18897 0.0523785 0.128324 0.195893 0.00953353 0.0188334 -0.0105977 0.00200916 0.144001 0.0645305 0.057349 0.0282082 0.0361519 -0.0108581 0.207497 0.132253 0.0728916 0.0909399 0.232911 0.216709 0.0209388 0.216767 0.0453807 0.0669143 0.0123216 0.0457382 0.238917 0.246138 0.199736 0.164883 0.0566152 0.0290481 0.0039138 0.0257426 0.192619 -0.00980201 0.234703 0.0763331 0.0391806 0.0157168 0.225969 0.233163 0.152986 0.129789 0.0150382 0.199061 0.244384 -0.00895508 0.168099 0.00620327 0.260433 0.137879 0.0720127 0.0612634
internal_weight=28298 27360 2993 938 2671 796 322 142 478 348 264 426 2323 875 24367 493 186 267 58 505 315 23874 310 52 117 78 318 86 133 191 217 48 81 103 232 153 67 116 68 103 1448 51 119 14995 85 164 66 98 124 89 67 117 190 93 58 9213 69 1028 68 76 139 57
internal_count=28298 27360 2993 938 2671 796 322 142 478 348 264 426 2323 875 24367 493 186 267 58 505 315 23874 310 52 117 78 318 86 133 191 217 48 81 103 232 153 67 116 68 103 1448 51 119 14995 85 164 66 98 124 89 67 117 190 93 58 9213 69 1028 68 76 139 57
is_linear=0
shrinkage=0.05


Tree=2
num_leaves=63
num_cat=0
split_feature=100 100 113 11 103 12 12 113 62 15 111 100 112 114 111 11 113 85 104 111 103 68 113 17 68 110 58 113 8 113 17 114 114 100 106 46 114 10 114 114 14 46 113 104 52 55 77 52 48 28 11 113 17 58 24 114 8 43 114 8 70 104
split_gain=12534.1 1283.22 1046.17 578.872 200.568 143.059 87.857 80.1439 67.4373 65.3622 61.1524 52.3764 43.8276 37.8903 36.4865 28.87 23.5606 21.4757 19.0725 21.4456 16.2327 14.9138 14.5897 13.8612 10.6191 10.2046 9.95918 9.37025 9.1786 8.43878 8.19971 10.3779 7.31737 7.06886 6.91255 6.7727 6.74346 6.70641 6.5679 6.16932 6.12276 7.15323 5.95561 5.84664 8.87079 5.69635 7.1083 9.77555 10.5328 8.09325 5.50974 5.321 5.27453 5.22063 5.06428 4.90917 4.75146 9.54579 4.72551 4.70885 4.53614 4.43088
threshold=2024.5000000000002 2025.5000000000002 3.5000000000000004 1.0000000180025095e-35 1.0000000180025095e-35 1.0000000180025095e-35 1.0000000180025095e-35 3.5000000000000004 2.5000000000000004 3.0000000000000004 1.0000000180025095e-35 2023.5000000000002 1.0000000180025095e-35 2.5000000000000004 2.5000000000000004 1.0000000180025095e-35 3.5000000000000004 1.0000000180025095e-35 7.5000000000000009 2.5000000000000004 inf 2.0000000000000004 2.5000000000000004 3.0000000000000004 2.0000000000000004 15.750000000000002 3.0000000000000004 4.5000000000000009 2.0000000000000004 4.5000000000000009 3.0000000000000004 16.500000000000004 16.500000000000004 2022.5000000000002 1.0000000180025095e-35 2.0000000000000004 9.5000000000000018 -1.4999999999999998 2.5000000000000004 17.500000000000004 4.0000000000000009 2.0000000000000004 1.5000000000000002 7.5000000000000009 3.0000000000000004 3.0000000000000004 2.5000000000000004 3.0000000000000004 3.0000000000000004 2.0000000000000004 2.0000000000000004 3.5000000000000004 3.0000000000000004 3.0000000000000004 2.5000000000000004 3.5000000000000004 2.0000000000000004 2.0000000000000004 14.500000000000002 2.0000000000000004 2.0000000000000004 6.5000000000000009
decision_type=2 2 2 2 10 2 2 2 2 2 10 2 8 2 10 2 2 2 2 10 8 2 2 2 2 10 2 2 2 2 2 2 2 2 2 2 2 2 2 2 2 2 2 2 2 2 2 2 2 2 2 2 2 2 2 2 2 2 2 2 2 2
left_child=3 2 4 7 12 9 8 22 14 21 17 23 37 -14 40 20 -17 43 54 53 38 -5 61 36 27 -12 -18 28 -7 34 31 -10 -8 -25 -13 -35 -11 -2 -3 59 -4 -42 -21 -6 -45 -26 49 60 -49 -47 56 -38 -34 -20 -15 -39 -19 -58 -55 -28 -48 -1
right_child=1 15 6 5 10 24 32 -9 30 11 25 29 13 18 -16 16 26 50 19 42 -22 -23 -24 33 45 -27 39 -29 -30 -31 -32 -33 52 35 -36 -37 51 55 -40 -41 41 -43 -44 44 -46 46 47 48 -50 -51 -52 -53 -54 58 -56 -57 57 -59 -60 -61 -62 -63
leaf_value=0.039839592427015305 -0.0016054557796035497 -0.010534548714098872 0.10274732051224544 0.093106838351204285 0.022750136774519217 0.26163370334185088 0.1316636134352949 0.16787189245223999 0.088623717576265346 0.15952817785739901 0.00086853122812206472 0.12697795281807583 0.0057361551233240078 -0.00036677244636747577 0.022242559311967908 -0.0047350672425495255 -0.0034553236821118524 0.078344485336455758 0.037126512551570644 0.0026050320693424773 -0.012009477962082418 0.14767947446915411 0.10593730048699812 0.21261429578065871 0.23482393552275266 0.040768468109044165 0.0380485923244403 0.21169458883149284 0.22328101442410397 0.17209362229522396 0.13519970709627324 0.13512175694108008 0.17113242592567054 0.17788121715972299 0.159475394917859 0.20793429210379319 0.17510263144504279 0.0018265615759758829 -0.0084162926553371393 0.049974650392929719 0.052948586189228555 0.08884384810924531 0.027256907492267841 0.069154165646968746 0.038095221056469848 0.21081252639943904 0.22952762633562088 0.20538959936662154 0.16162819504737855 0.24385989382863046 0.095336605280637754 0.19935917074863729 0.14051398174329238 0.065089402911139696 0.018833852872766298 0.0088289250730469795 0.034073443581228671 0.076303171133622533 0.040933953672647481 0.01172327785467615 0.20036383986473086 0.066326497793197645
leaf_weight=20 420 6340 29 21 23 39 36 25 30 25 59 30 370 45 33 360 34 69 136 49 8879 31 22 110 34 22 26 28 26 49 55 20 39 38 36 37 40 431 8655 24 23 35 49 39 56 44 40 44 20 32 25 52 22 41 145 597 23 32 40 49 20 75
leaf_count=20 420 6340 29 21 23 39 36 25 30 25 59 30 370 45 33 360 34 69 136 49 8879 31 22 110 34 22 26 28 26 49 55 20 39 38 36 37 40 431 8655 24 23 35 49 39 56 44 40 44 20 32 25 52 22 41 145 597 23 32 40 49 20 75
internal_value=-0.000111379 -0.00627282 0.0246238 0.179608 0.0143599 0.196198 0.109762 0.0866105 0.092614 0.178499 0.0497595 0.18509 0.00905685 0.0178917 0.0670086 -0.0100678 0.0019087 0.061304 0.0267978 0.0343443 -0.0103152 0.125641 0.069247 0.196025 0.221584 0.0117056 0.0198918 0.235876 0.246293 0.156374 0.121877 0.107223 0.14954 0.204544 0.144704 0.192707 0.182555 0.00371811 -0.00931191 0.0279101 0.0839888 0.0746095 0.014931 0.0453695 0.0508457 0.215903 0.212687 0.205307 0.191714 0.224727 0.0739233 0.188813 0.16009 0.0431117 0.0142863 0.00589311 0.0696061 0.0586435 0.0531608 0.0208494 0.219806 0.0607503
internal_weight=28298 27360 2993 938 2671 796 322 142 225 469 348 417 2323 875 120 24367 493 267 505 315 23874 52 117 302 327 81 133 93 65 115 105 50 97 185 66 75 117 1448 14995 99 87 58 98 118 95 234 200 124 64 76 149 92 61 217 190 1028 124 55 81 75 60 95
internal_count=28298 27360 2993 938 2671 796 322 142 225 469 348 417 2323 875 120 24367 493 267 505 315 23874 52 117 302 327 81 133 93 65 115 105 50 97 185 66 75 117 1448 14995 99 87 58 98 118 95 234 200 124 64 76 149 92 61 217 190 1028 124 55 81 75 60 95
is_linear=0
shrinkage=0.05


Tree=3
num_leaves=63
num_cat=0
split_feature=101 101 113 11 103 12 80 113 15 111 94 101 111 114 11 113 87 85 111 104 113 62 102 94 61 85 79 101 16 94 16 68 94 94 104 113 77 94 8 113 114 54 106 103 111 62 52 113 106 111 72 79 11 8 41 46 84 54 102 104 70 113
split_gain=11312 1158.11 944.17 522.432 181.012 129.111 81.1688 72.3299 58.9894 55.19 52.9969 47.2697 38.9811 48.0341 26.0552 21.2635 20.1815 19.4267 18.6619 18.5215 15.1369 14.9337 14.65 14.2627 13.8297 13.2391 12.459 10.8237 10.5194 10.3694 10.1988 9.58369 9.36778 9.36321 8.61917 8.45665 8.38653 8.3201 8.28368 7.616 7.59367 7.18101 7.64918 6.7656 8.15506 6.32429 6.3215 6.30061 6.23857 6.11663 5.93409 5.77356 5.70456 5.53451 5.39573 5.80637 5.20869 5.13616 5.13336 5.08822 4.8871 4.6999
threshold=1.5000000000000002 1.0000000180025095e-35 3.5000000000000004 1.0000000180025095e-35 1.0000000180025095e-35 1.0000000180025095e-35 3.5000000000000004 3.5000000000000004 3.0000000000000004 1.0000000180025095e-35 2.0000000000000004 2.5000000000000004 1.0000000180025095e-35 9.5000000000000018 1.0000000180025095e-35 3.5000000000000004 1.0000000180025095e-35 -1.4999999999999998 2.5000000000000004 7.5000000000000009 1.5000000000000002 2.5000000000000004 inf 2.0000000000000004 3.5000000000000004 4.0000000000000009 2.0000000000000004 3.5000000000000004 2.5000000000000004 2.0000000000000004 2.5000000000000004 2.0000000000000004 4.0000000000000009 4.0000000000000009 7.5000000000000009 4.5000000000000009 1.5000000000000002 2.0000000000000004 2.0000000000000004 4.5000000000000009 11.500000000000002 2.0000000000000004 1.0000000180025095e-35 1.0000000180025095e-35 3.5000000000000004 2.5000000000000004 3.0000000000000004 2.5000000000000004 1.0000000180025095e-35 1.0000000180025095e-35 1.0000000180025095e-35 2.0000000000000004 1.0000000180025095e-35 2.0000000000000004 3.5000000000000004 2.0000000000000004 1.0000000180025095e-35 2.0000000000000004 inf 6.5000000000000009 2.0000000000000004 1.5000000000000002
decision_type=2 2 2 2 10 2 2 2 2 10 2 2 10 2 2 2 2 2 10 2 2 2 8 2 2 2 2 2 2 2 2 2 2 2 2 2 2 2 2 2 2 2 2 10 10 2 2 2 2 10 2 2 2 2 2 2 2 2 8 2 2 2
left_child=1 14 4 7 12 8 18 25 23 17 28 39 13 58 22 -16 21 36 -4 51 -14 -12 49 -5 50 59 40 29 -8 -28 -17 35 -31 53 -11 38 -6 -26 -7 48 -13 42 -29 -32 -45 -18 -38 -36 -10 -1 -21 -15 -19 -33 55 -22 -57 -30 60 -2 -3 -51
right_child=3 2 6 5 9 31 10 -9 11 34 16 26 20 19 15 30 45 52 -20 24 54 -23 -24 -25 37 -27 27 41 57 32 43 33 -34 -35 47 -37 46 -39 -40 -41 -42 -43 -44 44 -46 -47 -48 -49 -50 61 -52 -53 -54 -55 -56 56 -58 -59 -60 -61 -62 -63
leaf_value=-0.010121030715206883 0.033410962782800195 0.015628083839136012 0.076281302724964917 0.09107438723246257 0.02133375921419689 0.24855201427753154 0.054711380422115333 0.15947829696536064 0.12062905559937159 -0.010145672410726548 0.091633424424641841 0.14443579161167144 0.0011842152509455111 -0.0051522663579537317 -0.0044983143690559601 -0.0067579719424247751 0.16166568447132501 0.0636307988736418 0.019251756026194649 0.057823016822338105 0.0081233887591316747 0.13004845399409534 -0.011409003631342826 0.14360201912266868 0.043804054175104412 0.09319663126952947 0.15336942384982932 0.19941684301369467 0.10991936635512572 0.20252255590065668 0.00026433996856212616 0.2057524503341743 0.16584111579826899 0.21131092482769984 0.008322712162445331 0.20110985785722735 0.071449827373027797 0.086898889827231568 0.21211696496376625 0.1634889380056031 0.1814730755744442 0.18786812627857383 0.23307197237014773 0.044145486834976412 0.011273446833265239 0.12830097056925296 0.039832128237846293 0.043806984614242206 0.15150162362390096 -0.0089180609067102123 0.03131845326108091 0.023202798721091503 0.08534591863863171 0.17628881536625529 -0.00068746197291395892 0.021257427042332768 0.00045121354716164732 0.078783676828499197 -0.01201532247165839 0.062250667202931188 0.0019769557330706349 -0.0065833400072919769
leaf_weight=5782 20 119 32 24 35 39 25 25 30 30 37 25 1079 26 360 30 49 124 26 25 316 80 8879 28 21 32 29 52 26 46 20 28 28 169 29 28 25 24 26 49 31 66 25 54 29 20 43 22 36 5773 136 58 40 37 88 214 35 27 36 65 146 3440
leaf_count=5782 20 119 32 24 35 39 25 25 30 30 37 25 1079 26 360 30 49 124 26 25 316 80 8879 28 21 32 29 52 26 46 20 28 28 169 29 28 25 24 26 49 31 66 25 54 29 20 43 22 36 5773 136 58 40 37 88 214 35 27 36 65 146 3440
internal_value=-0.00010581 -0.00595918 0.0233926 0.170628 0.0136419 0.186388 0.104274 0.08228 0.169574 0.0472716 0.116041 0.175836 0.00860401 0.019692 -0.00956445 0.00181327 0.130548 0.0582388 0.0507163 0.0342143 0.00482052 0.1179 -0.00979941 0.119358 0.0422832 0.0657847 0.186224 0.191069 0.0814468 0.178712 0.0188972 0.210504 0.188643 0.205108 0.0111203 0.224082 0.0412205 0.066788 0.233978 0.148556 0.164939 0.19997 0.210344 0.0263696 0.0326601 0.151995 0.0514563 0.0236297 0.137469 -0.00884631 0.0354341 0.0144262 0.0689272 0.188981 0.0108291 0.0126228 0.0183329 0.0940578 0.00570042 0.0554649 0.00810708 -0.00804631
internal_weight=28298 27360 2993 938 2671 796 322 142 469 348 264 417 2323 591 24367 493 186 267 58 290 1732 117 23874 52 206 117 302 246 78 103 133 327 74 234 81 93 103 45 65 115 56 143 77 103 83 69 68 51 66 14995 161 84 164 65 653 565 249 53 301 85 265 9213
internal_count=28298 27360 2993 938 2671 796 322 142 469 348 264 417 2323 591 24367 493 186 267 58 290 1732 117 23874 52 206 117 302 246 78 103 133 327 74 234 81 93 103 45 65 115 56 143 77 103 83 69 68 51 66 14995 161 84 164 65 653 565 249 53 301 85 265 9213
is_linear=0
shrinkage=0.05


Tree=4
num_leaves=63
num_cat=0
split_feature=100 100 113 11 103 12 80 113 73 111 94 100 111 104 11 113 87 85 111 113 8 62 102 113 17 113 14 72 94 16 16 52 8 100 70 48 94 47 110 110 28 113 100 103 111 14 62 111 14 42 24 16 66 104 52 14 16 54 52 94 54 72
split_gain=10209.1 1045.19 852.114 471.494 163.364 116.522 73.2548 65.2777 53.238 49.809 47.8297 42.6609 35.1805 27.3658 23.5148 19.1903 18.2138 17.61 16.8423 13.6611 13.5874 13.4777 13.2216 12.505 11.955 9.99423 10.8111 11.8647 9.51394 9.49377 9.20438 9.11998 12.9483 9.41868 11.0808 9.56235 9.40175 8.75999 8.67994 8.61561 6.88051 6.87344 6.33509 6.10596 7.35994 6.05944 5.70767 5.52025 5.22706 5.19033 5.12335 5.1056 5.95637 5.05061 7.51317 4.98635 8.42215 7.81784 4.88152 4.77398 4.63538 4.28721
threshold=2024.5000000000002 2025.5000000000002 3.5000000000000004 1.0000000180025095e-35 1.0000000180025095e-35 1.0000000180025095e-35 3.5000000000000004 3.5000000000000004 2.5000000000000004 1.0000000180025095e-35 2.0000000000000004 2023.5000000000002 1.0000000180025095e-35 7.5000000000000009 1.0000000180025095e-35 3.5000000000000004 1.0000000180025095e-35 1.0000000180025095e-35 2.5000000000000004 1.5000000000000002 2.0000000000000004 2.5000000000000004 inf 2.5000000000000004 3.0000000000000004 1.5000000000000002 4.0000000000000009 1.0000000180025095e-35 2.0000000000000004 2.5000000000000004 2.5000000000000004 3.0000000000000004 2.0000000000000004 2023.5000000000002 2.0000000000000004 3.0000000000000004 4.0000000000000009 2.0000000000000004 27.750000000000004 15.750000000000002 2.0000000000000004 4.5000000000000009 2022.5000000000002 1.0000000180025095e-35 3.5000000000000004 4.0000000000000009 2.5000000000000004 1.0000000180025095e-35 4.0000000000000009 2.0000000000000004 2.5000000000000004 3.5000000000000004 2.0000000000000004 7.5000000000000009 3.0000000000000004 4.0000000000000009 2.5000000000000004 2.0000000000000004 3.0000000000000004 4.0000000000000009 2.0000000000000004 3.5000000000000004
decision_type=2 2 2 2 10 2 2 2 2 10 2 2 10 2 2 2 2 2 10 2 2 2 8 2 2 2 2 2 2 2 2 2 2 2 2 2 2 2 10 10 2 2 2 10 10 2 2 10 2 2 2 2 2 2 2 2 2 2 2 2 2 2
left_child=3 2 4 7 12 8 18 23 20 17 29 24 13 45 22 -16 21 53 -4 -14 -5 -12 47 -1 49 26 -15 -28 42 -8 -17 33 37 34 35 -7 -34 -33 61 -11 -38 59 -26 -32 -45 -2 -18 -3 -23 -10 -47 -30 -53 -6 -55 57 -57 -19 -40 -13 -31 -21
right_child=1 14 6 5 9 31 10 -9 11 39 16 41 19 25 15 30 46 55 -20 38 -22 48 -24 -25 28 -27 27 -29 51 60 43 32 36 -35 -36 -37 40 -39 58 -41 -42 -43 -44 44 -46 50 -48 -49 -50 -51 -52 52 -54 54 -56 56 -58 -59 -60 -61 -62 -63
leaf_value=0.054629166969343237 -0.0069043854361071303 -0.0096149791221497426 0.072467237373348328 0.082337316019194473 0.019874342239421347 0.24899103607450215 0.051975810512900358 0.15150438082218171 0.15752322274010355 0.00060663089408712881 0.087051754296329387 0.14213838765495701 0.0011250041970729387 -0.011335641010241076 -0.004273398054970636 -0.0064200735092163098 0.15358240020518402 0.043266236300512059 0.01828916846559598 0.010055156926430225 0.13442665088561276 0.10704625184337298 -0.010838553658180483 0.096463350308212376 0.18208785474300385 0.040541631700027558 0.060263545878908857 0.021587607583299799 0.17754272967576981 0.10442339812333767 0.00025112293660640718 0.21863079018760145 0.15942444187222105 0.19214677360593058 0.19646101756529377 0.20631318092346193 0.18065103222342099 0.18148695961995559 0.013788066564067718 0.037268811261112041 0.21225589330379782 0.15531449208454209 0.15038475050376013 0.04193821292784479 0.010709774134487942 -0.0088687121868133555 0.12188592273741961 -0.0076439946981260764 0.13344590115547181 0.18052277590547292 0.014493117794908326 0.17968742227554324 0.20888290980766558 0.062836649975715544 0.03425304133977209 0.065980708851095513 0.10289150118944235 0.081396643780171876 0.041627605957910423 0.1149294603083815 0.074844494544797469 -0.0025974256458220542
leaf_weight=95 68 5782 32 21 23 35 25 25 82 59 37 38 1079 22 360 30 49 41 26 513 31 30 8879 22 40 105 22 201 36 26 20 57 33 49 33 21 51 22 31 22 26 49 26 54 29 28 20 9213 50 35 145 25 58 39 56 68 20 20 32 28 27 77
leaf_count=95 68 5782 32 21 23 35 25 25 82 59 37 38 1079 22 360 30 49 41 26 513 31 30 8879 22 40 105 22 201 36 26 20 57 33 49 33 21 51 22 31 22 26 49 26 54 29 28 20 9213 50 35 145 25 58 39 56 68 20 20 32 28 27 77
internal_value=-0.00010052 -0.00566122 0.0222229 0.162096 0.0129598 0.177069 0.0990606 0.078166 0.161095 0.044908 0.110239 0.167044 0.00817381 0.0187074 -0.00908623 0.0017226 0.124021 0.0553269 0.0481805 0.0045795 0.113391 0.112005 -0.00930943 0.0624954 0.176913 0.0276354 0.0221042 0.0254032 0.184824 0.0773744 0.0179524 0.199979 0.192844 0.209751 0.219444 0.232987 0.181753 0.208287 0.0102876 0.0105643 0.191323 0.141128 0.169599 0.0250512 0.0310271 0.00574141 0.144395 -0.008404 0.123546 0.164403 0.010712 0.193268 0.200089 0.0408975 0.0459874 0.0667541 0.0743695 0.055768 0.0279288 0.130595 0.0893549 0.00840389
internal_weight=28298 27360 2993 938 2671 796 322 142 469 348 264 417 2323 591 24367 493 186 267 58 1732 52 117 23874 117 302 350 245 223 185 78 133 327 189 138 89 56 110 79 653 81 77 115 66 103 83 241 69 14995 80 117 173 119 83 118 95 149 88 61 63 66 53 590
internal_count=28298 27360 2993 938 2671 796 322 142 469 348 264 417 2323 591 24367 493 186 267 58 1732 52 117 23874 117 302 350 245 223 185 78 133 327 189 138 89 56 110 79 653 81 77 115 66 103 83 241 69 14995 80 117 173 119 83 118 95 149 88 61 63 66 53 590
is_linear=0
shrinkage=0.05


Tree=5
num_leaves=63
num_cat=0
split_feature=100 100 11 11 111 114 73 84 48 94 73 85 52 100 57 100 94 52 11 70 111 110 63 61 114 104 77 85 94 114 114 16 72 114 18 22 56 112 66 114 94 61 114 94 89 55 77 112 63 42 54 110 42 114 16 114 109 28 47 42 44 77
split_gain=9304.54 962.52 794.545 436.106 128.7 108.343 91.6384 60.3562 61.5279 48.323 44.6094 41.3886 22.5166 22.1642 18.5385 17.0082 22.5531 16.4225 15.8093 15.738 15.4362 14.8746 14.1959 12.9119 12.6786 12.4575 12.4477 12.0779 10.9317 10.3402 9.73407 9.55922 9.47898 9.32921 8.87784 7.98932 7.8942 7.21943 7.21603 7.18402 14.8674 6.64463 6.31005 6.21691 5.99289 5.31022 5.18045 5.07077 5.01273 5.88124 5.40638 5.00204 4.8686 4.8171 4.74352 4.46349 7.07204 4.29147 4.01901 5.87578 5.74676 7.10668
threshold=2024.5000000000002 2025.5000000000002 1.0000000180025095e-35 1.0000000180025095e-35 1.0000000180025095e-35 9.5000000000000018 2.5000000000000004 1.0000000180025095e-35 3.0000000000000004 2.0000000000000004 2.5000000000000004 1.0000000180025095e-35 3.0000000000000004 2023.5000000000002 4.0000000000000009 2022.5000000000002 2.0000000000000004 3.0000000000000004 1.0000000180025095e-35 2.0000000000000004 7.5000000000000009 49.250000000000007 2.5000000000000004 2.5000000000000004 17.500000000000004 7.5000000000000009 2.5000000000000004 4.0000000000000009 4.0000000000000009 15.500000000000002 2.5000000000000004 2.5000000000000004 1.0000000180025095e-35 11.500000000000002 1.5000000000000002 3.0000000000000004 3.0000000000000004 1.0000000180025095e-35 2.0000000000000004 17.500000000000004 4.0000000000000009 2.5000000000000004 17.500000000000004 4.0000000000000009 -1.4999999999999998 3.0000000000000004 1.5000000000000002 1.0000000180025095e-35 2.5000000000000004 2.0000000000000004 2.0000000000000004 5.7500000000000009 2.0000000000000004 15.500000000000002 3.5000000000000004 9.5000000000000018 7.5000000000000009 2.0000000000000004 2.0000000000000004 2.0000000000000004 2.0000000000000004 2.5000000000000004
decision_type=2 2 2 2 10 2 2 2 2 2 2 2 2 2 2 2 2 2 2 2 10 10 2 2 2 2 2 2 2 2 2 2 2 2 2 2 2 10 2 2 2 2 2 2 2 2 2 10 2 2 2 10 2 2 2 2 10 2 2 2 2 2
left_child=3 2 4 10 5 -2 14 26 13 31 41 25 29 17 -4 45 33 19 30 -9 22 32 -11 -12 36 -7 -5 -20 38 -10 -3 -8 44 -17 52 -30 -13 -23 -18 40 -24 -1 -29 -15 -6 -14 -36 -32 -38 50 -50 -34 -27 -45 -48 -53 -57 -40 59 60 61 -47
right_child=1 18 6 7 21 11 9 8 12 20 23 24 15 43 -16 16 28 -19 27 -21 -22 37 39 -25 -26 34 -28 42 35 -31 47 -33 51 -35 46 -37 48 -39 57 -41 -42 -43 -44 53 -46 58 54 -49 49 -51 -52 55 -54 -55 -56 56 -58 -59 -60 -61 -62 -63
leaf_value=0.033434866192309481 0.0047990037496187105 -0.0097818600479437582 0.0049170893375520353 0.092784587762973936 0.01818397950570462 0.015989889706788437 0.047999090890817608 0.23598922934643057 0.17118259474635125 0.1496669728415353 0.085494615824427467 0.032704728555486159 0.189209878941377 0.14898853404768583 0.059725121183631324 0.09593014860024246 0.1454490322333116 0.18823422609856635 -0.0085712766930184977 0.18782100294317519 0.081775019626165263 0.014809284380504063 0.12693519870440165 0.13918004582325619 0.098662715378616539 0.065072255228695128 0.14284027840780175 0.0040113423950970178 0.15134735457143006 0.21217381334304811 -0.0081896100785973612 0.083057927668599763 -0.0024915044770340605 0.13828671230719641 0.021860425770282747 0.11384691640734673 0.079213979930588707 0.050870252756968798 0.16152300992608071 0.12934924718357771 0.087320397861301913 0.061552193863911836 0.025073030591011049 0.1628394442377612 0.0057912639744222491 0.1306358998236449 0.034126261262255805 -0.0052057559935896249 0.053221139881540751 0.037977087984648376 0.085031356112184861 -0.0016474424632723459 0.038127507337679473 0.18986783167895149 0.059484903040257366 0.033101794951491889 0.0059460162977191889 0.18898676995075112 0.1435816194329943 0.19053635813973169 0.1787035023012469 0.16731810762036234
leaf_weight=38 319 12282 27 27 118 89 29 43 40 35 24 27 24 29 36 26 26 165 216 28 29 35 45 21 21 38 23 232 49 25 9830 59 621 26 75 20 33 23 25 51 50 47 42 32 563 23 114 1665 34 29 22 167 30 34 22 27 214 33 21 22 31 31
leaf_count=38 319 12282 27 27 118 89 29 43 40 35 24 27 24 29 36 26 26 165 216 28 29 35 45 21 21 38 23 232 49 25 9830 59 621 26 75 20 33 23 25 51 50 47 42 32 563 23 114 1665 34 29 22 167 30 34 22 27 214 33 21 22 31 31
internal_value=-9.62062e-06 -0.00532577 0.0214816 0.155253 0.0119031 0.0278543 0.0910249 0.169007 0.172539 0.102608 0.0702933 0.041627 0.159881 0.188677 0.036236 0.154953 0.145556 0.196886 -0.00861993 0.216993 0.115642 0.00420723 0.121068 0.110548 0.0623527 0.0322779 0.11581 0.000270006 0.155224 0.186948 -0.00880314 0.0715044 0.0033626 0.117108 0.0374737 0.140478 0.057094 0.0291093 0.167337 0.114212 0.106085 0.0489821 0.00723978 0.168285 0.00793861 0.167627 0.0324104 -0.00775741 0.0626746 0.0562535 0.065718 0.000334158 0.0531849 0.176763 0.0382284 0.00463498 0.00898836 0.177149 0.163581 0.167506 0.161545 0.151694
internal_weight=28182 27249 2982 933 2621 853 361 803 753 298 130 534 422 331 63 357 205 236 24267 71 210 1768 181 45 166 368 50 490 153 65 23777 88 1710 52 279 69 145 58 84 146 95 85 274 95 681 152 211 11495 118 85 56 1029 68 66 136 408 241 58 128 107 85 54
internal_count=28182 27249 2982 933 2621 853 361 803 753 298 130 534 422 331 63 357 205 236 24267 71 210 1768 181 45 166 368 50 490 153 65 23777 88 1710 52 279 69 145 58 84 146 95 85 274 95 681 152 211 11495 118 85 56 1029 68 66 136 408 241 58 128 107 85 54
is_linear=0
shrinkage=0.05


Tree=6
num_leaves=63
num_cat=0
split_feature=100 100 113 11 15 12 12 113 62 111 114 72 100 85 111 114 61 102 11 113 65 54 52 100 70 8 16 113 77 94 11 72 113 77 44 16 100 110 94 43 58 44 114 62 114 48 44 79 89 110 62 66 46 94 111 100 114 72 48 0 102 70
split_gain=8397.35 868.674 764.097 393.586 117.533 110.842 78.3979 47.7487 47.6232 45.1567 43.6866 40.8579 34.5196 31.9398 23.0362 21.1279 16.931 16.2681 17.6304 17.7076 12.0963 17.8982 11.8829 13.5548 13.8164 12.4864 17.3104 11.5254 10.8872 10.7905 9.72667 9.58455 9.36918 8.34566 8.30026 8.11627 10.7922 7.84304 7.70079 7.48932 7.35476 7.25021 6.95042 6.92941 5.95205 5.72198 5.69684 5.47912 5.27206 4.94908 4.80896 4.81167 4.75298 4.71627 6.2497 4.51634 4.04759 4.33249 7.45266 4.57789 3.69744 4.12354
threshold=2024.5000000000002 2025.5000000000002 3.5000000000000004 1.0000000180025095e-35 3.0000000000000004 1.0000000180025095e-35 1.0000000180025095e-35 2.5000000000000004 2.5000000000000004 1.0000000180025095e-35 9.5000000000000018 2.5000000000000004 2023.5000000000002 1.0000000180025095e-35 2.5000000000000004 10.500000000000002 3.5000000000000004 inf 1.0000000180025095e-35 3.5000000000000004 2.0000000000000004 2.0000000000000004 3.0000000000000004 2023.5000000000002 2.0000000000000004 2.0000000000000004 3.5000000000000004 4.5000000000000009 2.5000000000000004 4.0000000000000009 1.0000000180025095e-35 1.0000000180025095e-35 4.5000000000000009 2.5000000000000004 2.0000000000000004 4.5000000000000009 2022.5000000000002 43.750000000000007 4.0000000000000009 2.0000000000000004 3.0000000000000004 2.0000000000000004 10.500000000000002 2.5000000000000004 2.5000000000000004 3.0000000000000004 2.0000000000000004 2.0000000000000004 -1.4999999999999998 5.7500000000000009 2.5000000000000004 2.0000000000000004 2.0000000000000004 2.0000000000000004 5.5000000000000009 2022.5000000000002 9.5000000000000018 2.5000000000000004 3.0000000000000004 1.0000000180025095e-35 inf 2.0000000000000004
decision_type=2 2 2 2 2 2 2 2 2 10 2 2 2 2 10 2 2 8 2 2 2 2 2 2 2 2 2 2 2 2 2 2 2 2 2 2 2 10 2 2 2 2 2 2 2 2 2 2 2 10 2 2 2 2 10 2 2 2 2 2 8 2
left_child=3 2 4 7 9 11 8 47 14 10 60 -5 20 -6 16 -15 39 18 44 -20 21 35 23 24 45 26 -24 28 -10 -27 43 37 52 41 -32 36 -13 48 -8 -4 -21 -23 -38 46 -3 -7 -17 -1 -11 -33 51 -40 -14 -42 -55 -31 -51 58 -58 -59 61 -2
right_child=1 17 6 5 13 22 38 -9 27 31 -12 12 32 15 -16 30 -18 -19 19 40 -22 33 25 -25 -26 29 -28 -29 -30 55 34 49 -34 -35 -36 -37 42 -39 50 -41 53 -43 -44 -45 -46 -47 -48 -49 -50 56 -52 -53 -54 54 -56 -57 57 59 -60 -61 -62 -63
leaf_value=0.025470519469430047 0.013448421668911737 -0.0086521783889549949 0.067405782987674079 0.085133217661469085 -0.0016518305648456921 0.22932594656944275 0.10274163432743239 0.11064136956507963 0.056912960120561455 0.017308562898307768 0.029968578875852154 0.18789922047634514 0.097044664126372457 0.0088896348212773989 0.018565203057545606 0.054794964649747202 0.095864487258773862 -0.0098798246537463996 -0.0036202570332793263 -0.0040425997674465178 0.17318152483771831 0.10794765533822957 0.15587651637884289 0.17132057775842383 0.17834988446796643 0.13951620441494567 0.20553402172194588 0.11717581804476532 0.10205405494746041 0.18884217341740928 0.059421934067241611 -0.0023418860029410355 0.14168431443326615 0.14957307954629262 0.10073667053133249 0.14262279197573663 0.13201905589550733 0.036945408258749091 0.12335163340682076 0.030351213222369552 0.010906845619601589 0.14609911710023879 0.17232145952141806 0.0705086107365787 -0.0066259724753976708 0.19802774709203971 0.031671312658116228 0.053484269633190709 0.0052878812528573552 -0.0012789172253438407 0.11433685832191259 0.15303762593330483 0.12406146002978813 0.046972500238763662 0.012441679537296295 0.16411186804374059 0.041775601233045266 -0.00041243954291266785 0.00044882602989673617 0.014600028374860453 -0.0094323506951332105 0.0010220800592026242
leaf_weight=24 126 6207 30 27 33 40 23 42 22 109 388 49 27 26 33 57 33 8968 267 25 85 33 26 47 34 33 54 51 34 30 31 593 51 60 20 32 20 23 21 25 31 20 23 32 8711 23 50 64 559 168 20 39 41 38 20 48 24 124 20 86 40 142
leaf_count=24 126 6207 30 27 33 40 23 42 22 109 388 49 27 26 33 57 33 8968 267 25 85 33 26 47 34 33 54 51 34 30 31 593 51 60 20 32 20 23 21 25 31 20 23 32 8711 23 50 64 559 168 20 39 41 38 20 48 24 124 20 86 40 142
internal_value=-9.1397e-06 -0.00505948 0.0204075 0.14749 0.0114642 0.160557 0.0920353 0.0667786 0.0756799 0.00807448 0.0188077 0.14484 0.148495 0.044163 0.0541912 0.0511625 0.0675509 -0.00818894 -0.00719777 0.00342317 0.156999 0.151196 0.182513 0.193359 0.204037 0.174337 0.189395 0.0999803 0.0843201 0.163484 0.0569472 0.00369564 0.125484 0.136802 0.0756238 0.164313 0.171857 0.00823778 0.128239 0.0505628 0.0199196 0.122344 0.153576 0.0500946 -0.00746903 0.2179 0.0439895 0.0458442 0.00724934 0.000603403 0.13557 0.142648 0.113334 0.0266506 0.0350653 0.173624 0.00474216 0.00872461 0.0229907 0.00573552 0.00474787 0.00686432
internal_weight=28182 27249 2982 933 2651 803 331 130 228 2402 696 468 441 249 121 216 88 24267 15299 381 322 237 335 144 97 191 80 107 56 111 190 1706 119 113 51 124 92 691 103 55 114 53 43 139 14918 63 107 88 668 1015 80 60 68 89 58 78 422 254 44 210 308 268
internal_count=28182 27249 2982 933 2651 803 331 130 228 2402 696 468 441 249 121 216 88 24267 15299 381 322 237 335 144 97 191 80 107 56 111 190 1706 119 113 51 124 92 691 103 55 114 53 43 139 14918 63 107 88 668 1015 80 60 68 89 58 78 422 254 44 210 308 268
is_linear=0
shrinkage=0.05


Tree=7
num_leaves=63
num_cat=0
split_feature=101 101 113 11 103 12 15 94 113 104 72 101 112 114 12 102 11 113 111 111 14 62 114 94 62 52 101 70 8 16 94 65 48 16 104 17 18 85 14 16 80 80 8 114 16 48 52 17 16 10 66 110 72 16 25 94 111 62 66 112 101 28
split_gain=7578.61 783.979 689.598 355.211 122.258 100.035 71.1962 43.3574 43.0932 42.7958 36.8743 31.1539 26.2756 22.6391 18.6954 14.682 15.9115 15.9811 13.3878 13.0611 12.4577 12.37 11.1104 11.0086 13.2301 10.7243 12.2332 12.4693 11.2689 15.6226 9.73841 8.92742 9.19458 8.61355 8.02794 8.02742 7.50616 7.0383 9.98319 9.9401 8.1094 6.01821 5.39486 5.37172 5.37012 5.16408 5.10904 5.06761 7.21777 4.96178 4.819 4.70615 5.69662 5.202 4.60032 4.51355 5.64036 4.4748 4.45028 4.32214 4.076 3.84013
threshold=1.5000000000000002 1.0000000180025095e-35 3.5000000000000004 1.0000000180025095e-35 1.0000000180025095e-35 1.0000000180025095e-35 3.0000000000000004 2.0000000000000004 2.5000000000000004 7.5000000000000009 2.5000000000000004 2.5000000000000004 1.0000000180025095e-35 2.5000000000000004 1.0000000180025095e-35 inf 1.0000000180025095e-35 3.5000000000000004 5.5000000000000009 2.5000000000000004 4.0000000000000009 2.5000000000000004 8.5000000000000018 4.0000000000000009 2.5000000000000004 3.0000000000000004 2.5000000000000004 2.0000000000000004 2.0000000000000004 3.5000000000000004 4.0000000000000009 2.0000000000000004 3.0000000000000004 3.5000000000000004 7.5000000000000009 3.0000000000000004 1.0000000180025095e-35 1.0000000180025095e-35 4.0000000000000009 2.5000000000000004 3.5000000000000004 3.5000000000000004 2.0000000000000004 2.5000000000000004 3.5000000000000004 3.0000000000000004 3.0000000000000004 3.0000000000000004 4.5000000000000009 -1.4999999999999998 2.0000000000000004 47.250000000000007 1.0000000180025095e-35 3.5000000000000004 2.5000000000000004 2.0000000000000004 5.5000000000000009 2.5000000000000004 2.0000000000000004 1.0000000180025095e-35 3.5000000000000004 2.0000000000000004
decision_type=2 2 2 2 10 2 2 2 2 2 2 2 8 2 2 8 2 2 10 10 2 2 2 2 2 2 2 2 2 2 2 2 2 2 2 2 2 2 2 2 2 2 2 2 2 2 2 2 2 2 2 8 2 2 2 2 10 2 2 10 2 2
left_child=1 15 4 8 12 10 19 21 54 -6 -5 33 49 -14 23 16 43 -18 37 -4 -15 -8 -13 -9 -25 26 -7 45 29 -27 -30 32 -24 35 -22 -12 -20 46 40 42 -39 -19 -40 -1 61 -28 -11 -46 -49 -3 -35 -36 -53 -54 -2 -43 -57 58 -16 -45 -32 -34
right_child=3 2 6 5 9 25 7 14 -10 18 11 22 13 20 57 -17 17 41 36 -21 34 -23 31 24 -26 28 27 -29 30 -31 60 -33 44 50 51 -37 -38 38 39 -41 -42 55 -44 59 47 -47 -48 48 -50 -51 -52 52 53 -55 -56 56 -58 -59 -60 -61 -62 -63
leaf_value=-0.0082195693953795498 0.032874541407193439 -0.0021918177853620705 0.054635942886200023 0.080876555348987939 -0.00079661161970284028 0.16275454949825369 0.054092559106224639 0.11326918720074419 0.1051093012493636 0.054438441782258457 0.083861807361245155 0.1284587123327785 0.003855338732829955 0.0052537512660554026 0.11718405215513139 -0.0093858332918204182 -0.0034392443600665319 -0.0022115376419745958 0.044092951974143153 0.0044834870667684644 0.014019158088109074 0.093587528403487899 0.16904066897928716 0.052512126999056864 0.10291609605774284 0.14808268890931056 0.21785964816808701 0.16943239026209889 0.13254039323691166 0.19525732100009918 0.15590627603232862 0.16809434343028715 0.14006546054486976 0.11539620506362275 0.013621663319510084 0.12194218375990469 0.0058441726298167794 0.027438701654625076 0.070547917743141828 0.09726185277104378 0.063277006094102514 0.0094231615960597998 0.041781486557530507 -0.0067785157653295711 0.13549377787403946 0.18812636111093606 0.030295602917405115 0.17090248633653693 0.1339579527080059 0.0043131339211077971 0.14348487443215138 0.047611009271608461 0.023589253620497439 0.04386858212761581 0.055791902396737085 0.044623874921939879 0.011819595992565156 0.10994268595848396 0.14560828424990177 -0.0037309754696430199 0.17940006613731385 0.1127144495646159
leaf_weight=6207 47 419 34 27 59 47 55 53 42 36 25 54 371 113 21 8968 267 26 23 21 136 31 40 23 30 26 40 34 33 54 48 74 33 26 43 31 29 38 39 22 27 30 28 7328 41 23 56 39 20 976 37 45 151 40 41 38 20 23 40 1383 30 21
leaf_count=6207 47 419 34 27 59 47 55 53 42 36 25 54 371 113 21 8968 267 26 23 21 136 31 40 23 30 26 40 34 33 54 48 74 33 26 43 31 29 38 39 22 27 30 28 7328 41 23 56 39 20 976 37 45 151 40 41 38 20 23 40 1383 30 21
internal_value=-8.68259e-06 -0.00480651 0.0193871 0.140116 0.010891 0.152529 0.0874335 0.0977852 0.0634397 0.0381096 0.137598 0.141071 0.0066551 0.013321 0.111118 -0.00777949 -0.00683788 0.00325201 0.0458125 0.0354868 0.019972 0.0683291 0.14915 0.0971559 0.0810427 0.173388 0.183691 0.193835 0.16562 0.179926 0.155309 0.153319 0.147682 0.11921 0.0239796 0.104942 0.0227619 0.050685 0.0572218 0.0681012 0.0423254 0.0189236 0.0585261 -0.00709557 0.142135 0.207005 0.0397428 0.148996 0.158379 0.00235932 0.131893 0.0288349 0.0316068 0.0278362 0.0435519 0.0251681 0.0333121 0.128737 0.135823 -0.00629467 0.164942 0.129429
internal_weight=28182 27249 2982 933 2651 803 331 276 130 357 468 441 2294 899 190 24267 15299 381 298 55 528 86 322 106 53 335 144 97 191 80 111 268 194 119 415 56 52 246 154 89 65 114 67 14918 154 63 92 100 59 1395 63 279 236 191 88 88 58 84 61 8711 78 54
internal_count=28182 27249 2982 933 2651 803 331 276 130 357 468 441 2294 899 190 24267 15299 381 298 55 528 86 322 106 53 335 144 97 191 80 111 268 194 119 415 56 52 246 154 89 65 114 67 14918 154 63 92 100 59 1395 63 279 236 191 88 88 58 84 61 8711 78 54
is_linear=0
shrinkage=0.05


Tree=8
num_leaves=63
num_cat=0
split_feature=100 100 113 11 103 12 12 112 113 104 19 62 100 112 114 16 103 11 113 85 14 114 52 100 70 8 16 62 94 54 113 113 16 112 104 11 14 77 77 77 58 113 94 28 49 114 16 79 48 8 77 10 63 46 24 70 43 114 112 100 14 89
split_gain=6839.69 707.541 622.362 320.578 110.338 90.2815 64.8435 39.2745 38.8916 38.6232 33.279 28.6868 28.1164 23.7138 20.4318 14.256 13.2505 14.3601 14.4229 12.1658 11.2431 10.0271 9.67869 11.0405 11.2535 10.1702 14.0994 8.92945 8.78891 8.22668 8.03398 7.95357 7.6507 7.27817 7.24521 6.99223 6.83258 6.45532 6.11462 6.26282 6.03571 5.85649 5.82703 5.43413 4.88359 4.84798 4.74561 4.72345 4.66058 4.65637 4.55234 4.47801 4.38286 4.28015 4.23669 4.23603 4.14768 3.9302 3.90073 3.80805 3.62588 3.60228
threshold=2024.5000000000002 2025.5000000000002 3.5000000000000004 1.0000000180025095e-35 1.0000000180025095e-35 1.0000000180025095e-35 1.0000000180025095e-35 1.0000000180025095e-35 2.5000000000000004 7.5000000000000009 3.5000000000000004 2.5000000000000004 2023.5000000000002 1.0000000180025095e-35 2.5000000000000004 3.5000000000000004 inf 1.0000000180025095e-35 3.5000000000000004 4.0000000000000009 4.0000000000000009 8.5000000000000018 3.0000000000000004 2023.5000000000002 2.0000000000000004 2.0000000000000004 3.5000000000000004 2.5000000000000004 4.0000000000000009 2.0000000000000004 4.5000000000000009 4.5000000000000009 4.5000000000000009 1.0000000180025095e-35 7.5000000000000009 1.0000000180025095e-35 4.0000000000000009 2.5000000000000004 1.0000000180025095e-35 1.5000000000000002 3.0000000000000004 3.5000000000000004 4.0000000000000009 2.0000000000000004 4.0000000000000009 2.5000000000000004 3.5000000000000004 2.0000000000000004 3.0000000000000004 2.0000000000000004 2.5000000000000004 -1.4999999999999998 2.5000000000000004 2.0000000000000004 2.5000000000000004 2.0000000000000004 2.0000000000000004 14.500000000000002 1.0000000180025095e-35 2023.5000000000002 4.0000000000000009 -1.4999999999999998
decision_type=2 2 2 2 10 2 2 8 2 2 2 2 2 8 2 2 8 2 2 2 2 2 2 2 2 2 2 2 2 2 2 2 2 8 2 2 2 2 2 2 2 2 2 2 2 2 2 2 2 2 2 2 2 2 2 2 2 2 10 2 2 2
left_child=3 2 4 8 13 10 7 -4 47 -6 -5 15 21 51 -15 36 17 45 -19 33 -16 50 23 24 48 26 -24 35 -27 32 37 53 44 -11 54 -21 -9 -13 55 -40 -20 56 -8 -29 -23 -3 -41 -1 -7 -43 -12 -2 -44 -14 -22 -36 -31 -42 -47 -30 -33 -53
right_child=1 16 6 5 9 22 42 11 -10 19 12 30 31 14 20 -17 -18 18 40 27 34 29 25 -25 -26 28 -28 43 59 41 -32 60 -34 -35 38 -37 -38 -39 39 46 57 49 52 -45 -46 58 -48 -49 -50 -51 -52 61 -54 -55 -56 -57 -58 -59 -60 -61 -62 -63
leaf_value=0.022457777382805945 -0.002082226989092861 -0.0078085909031459988 0.009053567588329316 0.076832726846138635 -0.0007567810336664572 0.20696666568517685 0.093808017606320598 0.066571823631723731 0.099853836053184097 0.0061701674176299062 0.10697030419340502 0.058645781837403779 0.086596876272448789 0.0036625717608433847 0.0049910635415431675 0.081793754225647136 -0.0089165420698485501 -0.0032672820382573632 -0.0037298927605152136 0.038898280260242488 -0.0052771939635276799 0.17648775487235099 0.14067855591957387 0.15461682220722767 0.16096077052985922 0.12591337534514341 0.18549445536401538 0.085802146477194932 0.16361977308988573 0.10460754185914994 0.10929645295254886 0.14348227137869055 0.13228296233761697 0.037335185214213217 0.061058490914292635 0.068034184036346576 0.03203212931338284 0.094856786902528259 0.013172038991880767 0.025046722991047085 0.012960086620989301 0.12484200019389391 0.13498086123853117 0.052437816463086921 0.15335866349774441 -0.0064395901344423733 0.046008782585461934 0.048468066513987655 0.17872004275736603 0.1505600117372744 0.13602514235036714 0.013746850395744498 0.11150839115644612 0.11223464920753386 0.017506352073705947 0.031351491902023555 0.13680878996849061 0.034007511101663113 -0.0035444267514341565 0.13906912288882517 0.11656374617897232 0.0031412328232650285
leaf_weight=24 419 6207 25 27 59 40 23 21 42 23 26 20 27 371 113 37 8968 267 25 99 25 33 26 47 34 33 54 26 56 20 48 22 31 101 20 26 45 32 85 108 42 24 37 23 74 7328 36 64 23 66 28 88 43 41 111 30 20 47 1383 22 29 888
leaf_count=24 419 6207 25 27 59 40 23 21 42 23 26 20 27 371 113 37 8968 267 25 99 25 33 26 47 34 33 54 26 56 20 48 22 31 101 20 26 45 32 85 108 42 24 37 23 74 7328 36 64 23 66 28 88 43 41 111 30 20 47 1383 22 29 888
internal_value=-8.24865e-06 -0.00456618 0.0184178 0.13311 0.0103464 0.144902 0.0830618 0.0681874 0.0602677 0.0362041 0.130718 0.0754699 0.134017 0.00632235 0.0126549 0.0569497 -0.00739052 -0.00649599 0.00308941 0.0435219 0.0189734 0.141692 0.164718 0.174506 0.184143 0.157339 0.170929 0.0520503 0.147544 0.145653 0.0945456 0.11325 0.154155 0.0315546 0.0227807 0.0449585 0.043022 0.0809295 0.0273932 0.0239344 0.0179775 0.136627 0.115988 0.0701413 0.160492 -0.0067408 0.0302872 0.0413744 0.196654 0.143702 0.122036 0.00224135 0.122364 0.102055 0.0133182 0.0432343 0.120708 0.024075 -0.00597994 0.156695 0.128176 0.00409748
internal_weight=28182 27249 2982 933 2651 803 331 228 130 357 468 203 441 2294 899 103 24267 15299 381 298 528 322 335 144 97 191 80 174 111 268 100 119 138 124 415 125 66 52 279 229 114 130 103 49 107 14918 144 88 63 90 54 1395 80 68 136 50 40 89 8711 78 51 976
internal_count=28182 27249 2982 933 2651 803 331 228 130 357 468 203 441 2294 899 103 24267 15299 381 298 528 322 335 144 97 191 80 174 111 268 100 119 138 124 415 125 66 52 279 229 114 130 103 49 107 14918 144 88 63 90 54 1395 80 68 136 50 40 89 8711 78 51 976
is_linear=0
shrinkage=0.05


Tree=9
num_leaves=63
num_cat=0
split_feature=101 101 11 11 103 12 73 112 12 73 84 112 17 101 74 104 102 11 79 62 61 87 85 110 16 49 68 8 47 16 62 16 70 61 48 101 17 66 67 101 48 61 77 111 102 55 16 72 63 16 111 85 54 74 77 63 106 51 25 110 74 26
split_gain=6172.82 638.556 529.219 289.322 97.0701 81.479 62.3806 42.7313 34.3017 33.144 31.1556 22.4421 21.3829 21.2661 14.9979 12.224 11.9586 12.96 11.9341 11.6794 10.7909 10.7397 9.67549 9.56794 8.79889 12.2346 8.78758 8.16825 15.6158 7.70667 6.93721 6.58431 6.3255 5.85272 5.68796 6.66095 5.38181 5.12672 5.07491 4.89191 5.12407 4.85991 4.89649 4.62125 5.23902 4.47827 4.11871 4.0658 4.00484 3.9416 3.8091 3.55332 7.99626 3.51054 3.4622 3.45251 3.44004 3.60374 3.59934 3.28615 3.25934 3.25894
threshold=1.5000000000000002 1.0000000180025095e-35 1.0000000180025095e-35 1.0000000180025095e-35 1.0000000180025095e-35 1.0000000180025095e-35 2.5000000000000004 1.0000000180025095e-35 1.0000000180025095e-35 2.5000000000000004 1.0000000180025095e-35 1.0000000180025095e-35 3.0000000000000004 2.5000000000000004 2.5000000000000004 7.5000000000000009 inf 1.0000000180025095e-35 2.0000000000000004 2.5000000000000004 2.5000000000000004 1.0000000180025095e-35 4.0000000000000009 49.250000000000007 4.5000000000000009 4.0000000000000009 2.0000000000000004 2.0000000000000004 2.0000000000000004 3.5000000000000004 2.5000000000000004 2.5000000000000004 2.0000000000000004 2.5000000000000004 3.0000000000000004 3.5000000000000004 3.0000000000000004 2.0000000000000004 2.5000000000000004 3.5000000000000004 3.0000000000000004 3.5000000000000004 2.5000000000000004 1.0000000180025095e-35 1.0000000180025095e-35 3.0000000000000004 3.5000000000000004 2.5000000000000004 2.5000000000000004 3.5000000000000004 3.5000000000000004 -1.4999999999999998 2.0000000000000004 2.5000000000000004 2.5000000000000004 2.5000000000000004 1.0000000180025095e-35 1.5000000000000002 2.5000000000000004 62.500000000000007 2.5000000000000004 2.5000000000000004
decision_type=2 2 2 2 10 2 2 8 2 2 2 8 2 2 2 2 8 2 2 2 2 2 2 8 2 2 2 2 2 2 2 2 2 2 2 2 2 2 2 2 2 2 2 10 10 2 2 2 2 2 10 2 2 2 2 2 2 2 2 10 2 2
left_child=1 16 4 9 11 10 14 -6 12 33 -5 45 19 26 -4 -13 17 43 46 31 -11 32 -19 -17 25 -20 -12 28 29 -7 -28 -8 51 -2 60 -36 -24 -10 -14 40 -29 56 -43 -1 59 -3 -15 -47 -41 -32 -38 -9 55 -26 -21 -53 57 -25 -58 -45 -27 -34
right_child=3 2 6 5 7 27 8 21 37 20 13 15 38 18 -16 23 -18 22 24 54 -22 -23 36 41 53 34 30 39 -30 -31 49 -33 61 -35 35 -37 50 -39 -40 48 -42 42 -44 44 -46 47 -48 -49 -50 -51 -52 52 -54 -55 -56 -57 58 -59 -60 -61 -62 -63
leaf_value=-0.0075227132183724264 0.024293456050126176 0.023620659237106642 0.0050373648497043181 0.081395111529108818 -0.0035210993540074143 0.15671138551500108 0.025728569504011561 0.037963192550055057 0.088944682717323309 0.069049003471930825 0.12935149873557844 0.0052278729170969094 0.10398228393822183 0.10070040899104085 0.053835057198340378 0.0037549433194928698 -0.0084707149652553174 -0.0066342034830878943 0.1676183911257012 0.061273079944796686 0.11812744082084724 0.078988460380406619 0.0037698599885010887 0.02490429197666499 0.13460318048795064 0.13882667535827273 0.077664845623075962 0.14866560456298647 0.13438115426988315 0.18275681587008688 0.095077654222647356 0.05752700382116728 0.0399356599988007 0.050682129180356077 0.11856205934801928 0.14225966446641564 0.029337973597095064 0.11527318773974836 0.079395725552079299 0.17561546993255617 0.1232648035654655 0.019099628692492845 0.04296088015530692 -0.0034348707786919334 -0.0062758808939224232 0.0044360973955028587 0.12810643803184996 -0.00099267834668073044 0.15065598719649845 0.12247065506104766 0.0074497398095471519 0.05775564387440682 0.076590161204889984 0.10832141124539905 0.087930747250030791 0.03474316891187277 0.017162561400916921 0.0097884098708919884 0.033480633592657877 0.01695378914475441 0.16607174044070039 0.019610309432946931
leaf_weight=5701 38 24 32 39 56 45 27 59 25 24 38 365 41 29 31 108 8968 156 43 21 21 21 144 53 24 21 24 84 33 77 24 41 41 47 52 69 46 71 43 25 26 43 43 1667 7530 720 26 662 45 29 35 28 27 27 29 39 83 154 57 20 23 38
leaf_count=5701 38 24 32 39 56 45 27 59 25 24 38 365 41 29 31 108 8968 156 43 21 21 21 144 53 24 21 24 84 33 77 24 41 41 47 52 69 46 71 43 25 26 43 43 1667 7530 720 26 662 45 29 35 28 27 27 29 39 83 154 57 20 23 38
internal_value=-7.83627e-06 -0.00433787 0.0174969 0.126454 0.00967963 0.137657 0.0742532 0.0360001 0.0838098 0.0572543 0.124182 0.00616188 0.0721153 0.128072 0.0290489 0.0122986 -0.00702099 -0.00617119 0.134809 0.0583899 0.0919523 0.0447479 0.00293494 0.0170691 0.139301 0.143864 0.109677 0.156482 0.164896 0.17315 0.0999671 0.0449012 0.0416485 0.0388848 0.137674 0.132076 0.00956954 0.108417 0.0913963 0.149237 0.142662 0.0203899 0.0310303 -0.00640376 -0.00571165 0.00220749 0.113656 0.00183563 0.15957 0.110066 0.0198801 0.0475811 0.0536178 0.120689 0.0767345 0.0443603 0.0177528 0.0136587 0.0238063 -0.00319316 0.153068 0.0301589
internal_weight=28182 27249 2982 933 2621 803 361 309 298 130 468 2312 202 429 63 906 24267 15299 314 118 45 253 381 541 259 208 115 335 155 122 77 68 232 85 165 121 225 96 84 180 110 433 86 14918 9217 1406 55 1382 70 53 81 153 94 51 50 67 347 207 140 1687 44 79
internal_count=28182 27249 2982 933 2621 803 361 309 298 130 468 2312 202 429 63 906 24267 15299 314 118 45 253 381 541 259 208 115 335 155 122 77 68 232 85 165 121 225 96 84 180 110 433 86 14918 9217 1406 55 1382 70 53 81 153 94 51 50 67 347 207 140 1687 44 79
is_linear=0
shrinkage=0.05


Tree=10
num_leaves=63
num_cat=0
split_feature=100 100 113 15 111 12 104 15 100 93 113 12 100 113 113 11 113 100 113 113 14 94 79 102 93 93 61 106 70 21 79 112 41 94 49 70 106 8 106 106 18 68 100 110 42 61 106 40 16 85 112 26 94 10 14 85 16 28 111 113 70 94
split_gain=5616.16 564.547 470.796 271.717 76.8822 60.4343 53.1749 49.7095 39.1992 34.3986 30.2228 27.4891 26.9509 22.6586 15.0791 15.0251 13.5253 13.2641 12.581 12.4349 9.97209 9.44925 11.5362 8.23571 8.18943 7.96291 9.23246 7.95265 7.91758 7.81622 7.75516 7.44588 7.07358 6.99984 6.38992 5.91429 5.34049 5.08279 5.04371 5.02058 5.89463 4.85042 6.33264 4.82552 4.76701 4.73879 4.90325 4.60262 5.81816 4.6016 4.52884 4.48698 4.47412 4.43464 4.84416 5.25382 3.79572 3.74269 3.41368 3.26728 3.69966 3.14403
threshold=2024.5000000000002 2025.5000000000002 3.5000000000000004 3.0000000000000004 1.0000000180025095e-35 1.0000000180025095e-35 7.5000000000000009 3.0000000000000004 2023.5000000000002 3.0000000000000004 1.5000000000000002 1.0000000180025095e-35 2023.5000000000002 4.5000000000000009 3.5000000000000004 1.0000000180025095e-35 3.5000000000000004 2023.5000000000002 2.5000000000000004 1.5000000000000002 4.0000000000000009 2.0000000000000004 2.0000000000000004 inf 3.0000000000000004 3.0000000000000004 3.5000000000000004 1.0000000180025095e-35 2.0000000000000004 2.5000000000000004 2.0000000000000004 1.0000000180025095e-35 3.5000000000000004 2.0000000000000004 4.0000000000000009 2.0000000000000004 1.0000000180025095e-35 2.0000000000000004 1.0000000180025095e-35 1.0000000180025095e-35 3.5000000000000004 2.0000000000000004 2022.5000000000002 16.750000000000004 2.0000000000000004 1.5000000000000002 1.0000000180025095e-35 3.5000000000000004 3.5000000000000004 -1.4999999999999998 1.0000000180025095e-35 2.5000000000000004 4.0000000000000009 -1.4999999999999998 4.0000000000000009 4.0000000000000009 3.5000000000000004 2.0000000000000004 3.5000000000000004 4.5000000000000009 2.0000000000000004 4.0000000000000009
decision_type=2 2 2 2 10 2 2 2 2 2 2 2 2 2 2 2 2 2 2 2 2 2 2 8 2 2 2 2 2 2 2 10 2 2 2 2 2 2 2 2 2 2 2 10 2 2 2 2 2 2 10 2 2 2 2 2 2 2 10 2 2 2
left_child=3 2 4 9 6 8 45 29 18 39 20 13 -11 33 32 23 -17 27 -5 38 -8 59 -23 50 -18 53 -27 -7 37 -4 -19 36 -10 -9 -24 43 -21 -29 -6 40 -1 -30 -43 -33 58 -2 -47 48 -16 -22 -3 -37 -35 54 -12 57 -15 -56 -26 60 -20 -13
right_child=1 15 7 5 19 17 10 11 14 12 25 61 -14 56 47 16 24 30 21 31 49 22 34 -25 44 26 -28 28 41 -31 -32 35 -34 52 -36 51 -38 -39 -40 -41 -42 42 -44 -45 -46 46 -48 -49 -50 -51 -52 -53 -54 -55 55 -57 -58 -59 -60 -61 -62 -63
leaf_value=0.0028582899970933796 -0.0038668448216144426 -0.0064794107498719463 0.0083308733701705946 0.097665870308876038 -0.0025781490881505286 0.13150853771587898 -0.013450221158564091 0.040677092674168504 0.095179110506306522 0.11351264839371045 0.023755135547456355 0.087434446358162429 0.053880301271565262 0.077272856806715334 0.1012942225933075 -0.0032887454269683522 -0.0051773374017916231 0.10824333144859835 0.1238978841475078 0.0022509598476546152 0.017160353355997585 0.10986860706470908 0.16372537740639279 -0.0080334103038008468 0.034834655965512086 0.041592375752952652 0.070253586121705472 0.17847939421390666 0.1668627788623174 0.047129658288839797 0.14147158943373581 0.0016772683324484993 0.055522040193053818 0.083162156740824389 0.14055280761391509 0.041064949917632182 0.012263206252178482 0.15745523352372021 0.0043519658595323569 0.049468556367631616 0.040786773072821754 0.12455564352773851 0.15706123894658583 0.029649824400742847 0.0045352990514245526 0.0038146368718960065 0.023896901327229682 0.098096370944471725 0.13306876666405623 0.035604637079849476 -0.0040469337152292378 0.016091510877013208 0.054406789101419911 0.019189761134633877 0.047493433586966533 0.060295458487235012 0.10023333763186303 0.020112106382536393 0.011589995432983745 0.1344072719415029 0.097769822608679544 0.10866908075080978
leaf_weight=20 122 12667 25 25 651 29 24 47 23 36 43 23 40 30 25 365 38 22 42 350 193 24 42 8905 56 128 36 58 24 27 87 58 22 24 102 37 215 57 440 29 21 31 29 21 29 110 42 43 34 41 2254 35 31 46 26 32 45 24 22 36 20 72
leaf_count=20 122 12667 25 25 651 29 24 47 23 36 43 23 40 30 25 365 38 22 42 350 193 24 42 8905 56 128 36 58 24 27 87 58 22 24 102 37 215 57 440 29 21 31 29 21 29 110 42 43 34 41 2254 35 31 46 26 32 45 24 22 36 20 72
internal_value=-3.43944e-05 -0.00412625 0.0163466 0.121406 0.00944953 0.133194 0.0216893 0.0732684 0.120946 0.0588352 0.0301063 0.0818315 0.0821272 0.0701865 0.099901 -0.00664834 0.00184336 0.149112 0.131578 0.00357689 0.0172439 0.134765 0.141962 -0.0068301 0.0147621 0.0400123 0.0478839 0.15597 0.159535 0.0284764 0.134765 0.00869687 0.0757912 0.0548463 0.147311 0.0185598 0.00606093 0.168059 0.000216764 0.0335468 0.0222851 0.147866 0.140267 0.00911301 0.0218434 0.00347272 0.00936368 0.110538 0.119605 0.020392 -0.00611196 0.0289251 0.0669546 0.032463 0.0373476 0.0444753 0.0910491 0.0343504 0.0282785 0.122426 0.115469 0.103528
internal_weight=28255 27334 2998 921 2674 775 867 324 438 146 593 272 76 177 147 24336 510 337 291 1807 258 266 168 23826 145 335 164 228 199 52 109 716 45 102 144 151 565 115 1091 70 41 84 60 79 107 274 152 102 59 234 14921 72 55 171 125 82 75 50 78 98 62 95
internal_count=28255 27334 2998 921 2674 775 867 324 438 146 593 272 76 177 147 24336 510 337 291 1807 258 266 168 23826 145 335 164 228 199 52 109 716 45 102 144 151 565 115 1091 70 41 84 60 79 107 274 152 102 59 234 14921 72 55 171 125 82 75 50 78 98 62 95
is_linear=0
shrinkage=0.05


Tree=11
num_leaves=63
num_cat=0
split_feature=100 100 113 15 111 114 12 15 100 58 104 12 100 113 113 11 17 113 100 113 85 62 14 94 66 52 14 70 17 14 102 58 114 49 79 112 52 114 41 106 43 54 62 67 70 65 114 106 106 102 106 110 72 114 68 114 26 70 113 48 114 104
split_gain=5068.58 509.504 424.893 245.224 69.3862 59.8814 54.542 44.8629 35.3773 31.0447 25.8434 24.8089 24.3232 20.4494 13.6089 13.5601 12.3886 12.2066 11.9709 11.2225 10.5574 10.3205 10.2099 9.31884 11.9621 8.89285 8.08088 11.267 7.52832 7.49336 7.43273 7.39096 7.49341 7.05274 6.99903 6.7199 6.55493 6.38866 6.38391 6.36319 6.32619 5.88486 5.4758 5.34464 5.33765 5.16585 6.89068 5.14338 4.81979 4.6173 4.55195 4.35504 4.22998 4.53334 4.22415 4.12419 4.0495 4.01392 3.95631 3.83568 3.75649 4.62353
threshold=2024.5000000000002 2025.5000000000002 3.5000000000000004 3.0000000000000004 1.0000000180025095e-35 9.5000000000000018 1.0000000180025095e-35 3.0000000000000004 2023.5000000000002 3.0000000000000004 7.5000000000000009 1.0000000180025095e-35 2023.5000000000002 4.5000000000000009 3.5000000000000004 1.0000000180025095e-35 3.0000000000000004 3.5000000000000004 2023.5000000000002 1.5000000000000002 4.0000000000000009 2.5000000000000004 4.0000000000000009 2.0000000000000004 2.0000000000000004 3.0000000000000004 4.0000000000000009 2.0000000000000004 3.0000000000000004 4.0000000000000009 inf 3.0000000000000004 17.500000000000004 4.0000000000000009 2.0000000000000004 1.0000000180025095e-35 3.0000000000000004 12.500000000000002 3.5000000000000004 1.0000000180025095e-35 2.0000000000000004 2.0000000000000004 2.5000000000000004 2.5000000000000004 2.0000000000000004 2.0000000000000004 10.500000000000002 1.0000000180025095e-35 1.0000000180025095e-35 inf 1.0000000180025095e-35 16.750000000000004 1.0000000180025095e-35 13.500000000000002 2.0000000000000004 4.5000000000000009 2.5000000000000004 2.0000000000000004 4.5000000000000009 3.0000000000000004 2.5000000000000004 7.5000000000000009
decision_type=2 2 2 2 10 2 2 2 2 2 2 2 2 2 2 2 2 2 2 2 2 2 2 2 2 2 2 2 2 2 8 2 2 2 2 10 2 2 2 2 2 2 2 2 2 2 2 2 2 8 2 10 2 2 2 2 2 2 2 2 2 2
left_child=3 2 4 9 5 49 8 40 16 37 -7 13 -11 21 38 30 22 -17 25 50 36 -9 -5 41 -25 26 -8 -28 -15 -22 55 -19 -33 -26 -20 48 -12 -1 -10 -27 -4 -18 59 52 51 46 -41 -35 -21 57 -6 -37 -38 -54 -16 -3 -46 60 -56 -31 61 -2
right_child=1 15 7 6 19 10 18 11 14 12 20 -13 -14 28 54 17 23 31 34 35 29 -23 -24 24 33 39 27 -29 -30 42 -32 32 -34 47 -36 44 43 -39 -40 45 -42 -43 -44 -45 56 -47 -48 -49 -50 -51 -52 -53 53 -55 58 -57 -58 -59 -60 -61 -62 -63
leaf_value=0.018787992550060154 -0.0031405698060989386 -0.0067591257388738904 0.044492297096607777 0.090070347632798892 -0.0024492415323418594 0.0087140096782672202 0.18414343457955581 0.037972497971107563 0.090420155810273226 0.10783701596988574 0.040590842991150566 0.098351660190444251 0.051186286760494117 0.069561721629330095 0.11821572419844176 -0.0031243081472507898 0.13248529678676277 -0.0049184701944652359 0.10283116698265077 0.0021384120540959496 0.032697639081925446 0.070003932026318383 0.1223272683171483 0.1131178332226617 0.17032115201155346 0.11576730649579654 0.16846211304267247 0.1242346468071143 0.10131478406488897 0.059766919932821218 -0.007631739825930641 0.013064270515460523 0.043527423730120064 0.12794969826936722 0.13439801051013772 0.0015934048284744395 0.040309609007090332 0.0493114227646341 0.052745937644927347 0.15668320544064046 0.0096128561175786529 0.10166064540545146 0.073846137109729981 0.038499785048354954 0.039011702465044484 0.16118578510625023 0.12730009786362917 0.15818143983681998 0.011650046091743334 -0.012736070079681201 0.0041343677518042654 0.028167332637877691 0.02879150670603849 0.0077449277587707203 0.083074231884841421 -0.0050810974136142658 0.015286935897810119 -0.00014929053823238819 0.10813387901418739 0.036790586009812658 0.031264300715355652 0.017151869111694397
leaf_weight=40 50 6449 26 36 651 108 26 57 23 36 96 95 40 35 38 365 32 38 22 350 64 45 77 28 30 22 36 24 40 34 8905 80 27 34 87 58 20 30 22 32 26 30 27 49 37 35 53 24 215 39 440 21 40 71 28 8472 35 145 36 39 21 64
leaf_count=40 50 6449 26 36 651 108 26 57 23 36 96 95 40 35 38 365 32 38 22 350 64 45 77 28 30 22 36 24 40 34 8905 80 27 34 87 58 20 30 22 32 26 30 27 49 37 35 53 24 215 39 440 21 40 71 28 8472 35 145 36 39 21 64
internal_value=-3.26747e-05 -0.00391994 0.0155292 0.115336 0.00897705 0.0206048 0.126534 0.0696049 0.114899 0.0558935 0.0306304 0.07774 0.0780208 0.0666772 0.0949059 -0.00631592 0.124999 0.00175119 0.141656 0.00339805 0.0360099 0.052104 0.112051 0.133219 0.141583 0.148172 0.16086 0.150771 0.0864967 0.0460573 -0.0064886 0.014024 0.0207512 0.15064 0.128027 0.00826203 0.0300397 0.0318695 0.0720016 0.140487 0.0270526 0.11757 0.0546075 0.0244124 0.0176318 0.145019 0.138362 0.140459 0.00575788 0.00338209 0.000205926 0.00865736 0.0191431 0.0153293 0.105011 -0.00580636 0.0274788 0.00562712 0.0971703 0.0474919 0.0118314 0.00825168
internal_weight=28255 27334 2998 921 2674 867 775 324 438 146 548 272 76 177 147 24336 291 510 337 1807 440 102 113 178 116 228 86 60 75 164 23826 145 107 88 109 716 276 70 45 142 52 62 100 180 151 120 85 58 565 319 1091 79 131 111 102 14921 72 280 64 73 135 114
internal_count=28255 27334 2998 921 2674 867 775 324 438 146 548 272 76 177 147 24336 291 510 337 1807 440 102 113 178 116 228 86 60 75 164 23826 145 107 88 109 716 276 70 45 142 52 62 100 180 151 120 85 58 565 319 1091 79 131 111 102 14921 72 280 64 73 135 114
is_linear=0
shrinkage=0.05


Tree=12
num_leaves=63
num_cat=0
split_feature=100 100 15 15 57 12 94 111 114 100 58 100 114 85 11 41 17 100 85 12 11 114 94 66 114 17 58 18 63 111 102 72 106 46 43 65 49 14 114 54 41 114 62 94 16 17 106 65 8 100 17 102 42 46 106 111 40 102 106 30 51 77
split_gain=4574.4 459.827 374.798 221.315 74.7787 49.2242 45.4479 32.5144 33.1165 31.928 28.0179 21.9516 17.067 14.6823 12.238 12.151 11.1807 10.8037 10.4471 10.3203 10.9754 9.96775 8.41025 10.7958 7.80455 7.14134 7.12615 8.59935 6.98916 6.76621 6.70804 6.65883 6.6142 6.7896 7.8737 6.45871 6.36509 5.82499 5.76577 5.31108 4.95105 4.9251 4.84767 4.78085 4.66665 7.31153 4.6419 4.61167 4.58455 4.4905 4.48315 4.22956 4.02743 5.7726 4.01553 3.92666 3.81935 3.80563 3.67849 5.07645 3.63945 3.59861
threshold=2024.5000000000002 2025.5000000000002 3.0000000000000004 3.0000000000000004 4.0000000000000009 1.0000000180025095e-35 2.0000000000000004 1.0000000180025095e-35 9.5000000000000018 2023.5000000000002 3.0000000000000004 2023.5000000000002 13.500000000000002 1.0000000180025095e-35 1.0000000180025095e-35 3.5000000000000004 3.0000000000000004 2023.5000000000002 4.0000000000000009 1.0000000180025095e-35 2.0000000000000004 9.5000000000000018 2.0000000000000004 2.0000000000000004 17.500000000000004 3.0000000000000004 3.0000000000000004 1.0000000180025095e-35 2.5000000000000004 4.5000000000000009 inf 2.5000000000000004 1.0000000180025095e-35 2.0000000000000004 2.0000000000000004 2.0000000000000004 4.0000000000000009 4.0000000000000009 12.500000000000002 2.0000000000000004 3.5000000000000004 2.5000000000000004 2.5000000000000004 4.0000000000000009 3.5000000000000004 3.0000000000000004 1.0000000180025095e-35 2.0000000000000004 2.0000000000000004 2022.5000000000002 3.0000000000000004 inf 2.0000000000000004 2.0000000000000004 1.0000000180025095e-35 1.0000000180025095e-35 3.5000000000000004 1.0000000180025095e-35 1.0000000180025095e-35 2.0000000000000004 2.5000000000000004 2.5000000000000004
decision_type=2 2 2 2 2 2 2 10 2 2 2 2 2 2 2 2 2 2 2 2 2 2 2 2 2 2 2 2 2 10 8 2 2 2 2 2 2 2 2 2 2 2 2 2 2 2 2 2 2 2 2 8 2 2 2 10 2 10 2 2 2 2
left_child=3 2 7 10 13 9 28 8 51 16 38 -12 50 -4 30 44 21 32 -16 20 25 -5 39 -24 57 -14 -10 -28 -6 37 55 41 -7 -34 -35 52 -25 -15 -1 -18 -29 -9 -21 -19 45 -11 -38 -23 -39 -36 -8 -2 53 -30 -26 -3 -46 -20 -33 -60 -59 -42
right_child=1 14 4 5 6 17 12 31 26 15 11 -13 19 29 18 -17 22 43 24 42 -22 47 23 36 54 -27 27 40 35 -31 -32 58 33 34 49 -37 46 48 -40 -41 61 -43 -44 -45 56 -47 -48 -49 -50 -51 -52 -53 -54 -55 -56 -57 -58 60 59 -61 -62 -63
leaf_value=0.017848592260852458 0.0052538824606348173 -0.0065518060998599695 -0.0093772984468019939 0.079283655721407678 0.019694716357160361 0.11845469911550653 0.034693297607736893 0.0012734643591416849 0.019319462361263352 0.063159845237221041 0.1024451654818323 0.04862697176635266 0.042098124863372915 0.02446572685958413 -0.0070296965973469829 0.060525110916101514 0.12586103024659678 0.099535715579986583 -0.0093705340711907909 0.10821622763095158 0.092967749169717229 0.10663597710051781 0.10746194358382906 0.16180509467919668 0.041596649265424779 0.080474573068998079 0.051212636713424457 0.010578400616508884 0.038476093520605291 0.012763089052815405 -0.0072501528864660535 -0.0029897454487010982 0.15470977783203127 0.1462653874931201 0.10408693370611773 0.074693452995270498 0.12155221271164277 0.059011868188610754 0.046845851192871733 0.096577614620327948 0.017731515856991922 0.0086815002799164841 0.080516303737055178 0.12658935537498989 0.11633133496108808 0.10112868379801512 0.15027236739794414 0.13127670947994505 0.030584997237336056 0.13648155286908151 0.066453468486666681 -0.012796986878320976 0.027867261236854669 0.067648465239575933 0.013051252442944264 -0.0048808501773762673 0.091994392073580206 -0.0024084484178415488 0.00085571764642933766 0.017397166187303109 0.011505840419918943 0.039558489829430298
leaf_weight=40 264 5672 26 26 25 29 20 370 236 21 36 40 27 46 206 28 32 20 44 56 48 59 28 30 22 22 46 37 43 36 8905 513 85 71 23 20 34 37 30 30 28 570 22 89 38 32 24 28 23 20 25 37 29 28 28 9249 28 71 249 57 139 58
leaf_count=40 264 5672 26 26 25 29 20 370 236 21 36 40 27 46 206 28 32 20 44 56 48 59 28 30 22 22 46 37 43 36 8905 513 85 71 23 20 34 37 30 30 28 570 22 89 38 32 24 28 23 20 25 37 29 28 28 9249 28 71 249 57 139 58
internal_value=-3.1041e-05 -0.00372394 0.0147528 0.109569 0.0527715 0.120207 0.0654773 0.00653209 0.0155963 0.109154 0.0530988 0.0741198 0.079801 0.0251665 -0.00600012 0.0901606 0.118749 0.134573 0.00166363 0.0868629 0.0759747 0.106448 0.126558 0.134503 0.00755451 0.0593284 0.024932 0.0327696 0.0437449 0.0314915 -0.00616417 0.00289404 0.140763 0.144014 0.136039 0.0487554 0.143108 0.0378521 0.030276 0.111692 0.0258722 0.00576557 0.100403 0.121625 0.0971337 0.0860844 0.133436 0.114566 0.0481149 0.119154 0.0523378 0.003035 0.0435678 0.0499807 0.0256112 -0.00551604 0.106007 0.00400003 -0.000401743 0.00393697 0.00680149 0.032452
internal_weight=28255 27334 2998 921 533 775 365 2465 706 438 146 76 220 168 24336 147 291 337 510 175 97 113 178 116 304 49 405 169 145 142 23826 1759 228 199 114 120 88 106 70 62 123 940 78 109 119 53 58 87 60 43 45 301 100 71 50 14921 66 254 819 306 210 86
internal_count=28255 27334 2998 921 533 775 365 2465 706 438 146 76 220 168 24336 147 291 337 510 175 97 113 178 116 304 49 405 169 145 142 23826 1759 228 199 114 120 88 106 70 62 123 940 78 109 119 53 58 87 60 43 45 301 100 71 50 14921 66 254 819 306 210 86
is_linear=0
shrinkage=0.05


Tree=13
num_leaves=63
num_cat=0
split_feature=100 100 113 15 103 87 15 100 58 16 100 104 112 104 113 87 113 113 103 113 17 100 14 14 52 94 66 14 70 112 74 49 112 21 106 58 79 102 106 54 41 70 67 14 85 52 43 16 57 61 15 112 106 18 66 113 104 62 40 16 54 113
split_gain=4128.39 414.994 350.428 199.737 56.0809 42.8194 37.0279 29.7754 25.2861 22.2752 19.8114 18.7352 16.4205 13.5147 14.0242 11.9342 13.4653 11.7643 11.5572 15.0276 10.3831 9.93105 9.09055 8.89372 7.61442 7.1344 9.34374 7.1255 9.8285 6.70754 6.59008 6.58554 6.54156 6.52936 6.52316 6.39385 6.35755 5.8156 5.59764 5.25967 5.2191 5.21449 5.6412 5.05486 6.24193 6.77108 5.079 4.80426 4.76525 5.0239 4.50319 4.47324 4.31415 5.07996 4.26348 4.10046 4.0575 3.91581 3.88742 4.73199 3.68823 3.67269
threshold=2024.5000000000002 2025.5000000000002 3.5000000000000004 3.0000000000000004 1.0000000180025095e-35 1.0000000180025095e-35 3.0000000000000004 2023.5000000000002 3.0000000000000004 2.5000000000000004 2023.5000000000002 7.5000000000000009 1.0000000180025095e-35 7.5000000000000009 1.5000000000000002 1.0000000180025095e-35 4.5000000000000009 3.5000000000000004 1.0000000180025095e-35 3.5000000000000004 3.0000000000000004 2023.5000000000002 4.0000000000000009 4.0000000000000009 3.0000000000000004 2.0000000000000004 2.0000000000000004 4.0000000000000009 2.0000000000000004 1.0000000180025095e-35 2.5000000000000004 4.0000000000000009 inf 2.5000000000000004 1.0000000180025095e-35 3.0000000000000004 2.0000000000000004 inf 1.0000000180025095e-35 2.0000000000000004 3.5000000000000004 2.0000000000000004 2.5000000000000004 4.0000000000000009 1.0000000180025095e-35 3.0000000000000004 2.0000000000000004 3.5000000000000004 4.0000000000000009 1.5000000000000002 3.0000000000000004 inf 1.0000000180025095e-35 3.5000000000000004 2.0000000000000004 2.5000000000000004 7.5000000000000009 2.5000000000000004 3.5000000000000004 3.5000000000000004 2.0000000000000004 1.5000000000000002
decision_type=2 2 2 2 10 2 2 2 2 2 2 2 8 2 2 2 2 2 10 2 2 2 2 2 2 2 2 2 2 10 2 2 8 2 2 2 2 8 2 2 2 2 2 2 2 2 2 2 2 2 2 8 2 2 2 2 2 2 2 2 2 2
left_child=3 2 4 8 12 7 33 20 52 -8 -10 -6 34 -14 23 16 30 40 37 56 22 24 -5 -15 27 39 -27 -7 -29 -25 57 -28 55 -4 -2 -21 -23 51 -33 -22 -9 -16 54 48 45 -45 -46 -24 49 -34 -37 61 53 -1 -43 -13 -20 -11 59 -19 -52 -3
right_child=1 18 6 5 11 21 9 17 10 15 -12 32 13 14 41 -17 -18 58 19 35 25 36 47 29 -26 26 31 28 -30 -31 -32 38 43 -35 -36 50 -38 -39 -40 -41 -42 42 -44 44 46 -47 -48 -49 -50 -51 60 -53 -54 -55 -56 -57 -58 -59 -60 -61 -62 -63
leaf_value=0.00028833936899900434 -0.00075155623520521643 -0.0053484929123998205 0.006053124159574509 0.081031059735530139 0.0010321599383980541 0.16757271771247573 0.037494641176403262 0.081146632588428011 0.097322906750357818 0.023951573325321079 0.046195623511448507 0.0022584072745370646 0.0032127331385550942 -0.0071966764624001554 0.019549012470981161 0.09199783423256766 0.083846630727950955 0.086746925324201585 -0.0075124137203565382 -0.0031151478153628276 0.12067562867181772 0.091606081751259893 0.12419966523711745 0.017751584927010167 0.12658965681312662 0.10284112671325947 0.15416411401764041 0.1527583316796356 0.11145050413906575 -8.8330424007247474e-05 0.069083367412288987 0.11358995457758775 0.03198820122717215 0.041514457362117591 0.0061866263575527979 0.0025331839919090272 0.12172686797241833 -0.0069124251005254671 0.1442164559364319 0.091748733346660935 0.047082386013459078 0.010824418779123914 0.055263988859951499 0.052081550950450563 0.03646656937706165 0.017168058077350442 0.060874283872544767 0.099489741878850124 0.040135985428020611 0.0020361520017364194 0.015271001993804365 -0.0064139656597263194 0.04352134902929438 0.035498445764893576 0.040731546848725819 0.030987731213478937 -7.8661262864348287e-05 0.055239773876965048 0.083663738189741627 0.11522846043109894 0.03680324044165223 -0.0032225522549671967
leaf_weight=20 877 5775 25 37 59 26 43 23 36 20 40 27 368 61 88 82 71 25 298 37 33 22 37 234 132 29 31 36 24 68 36 37 28 27 552 25 86 9008 25 30 22 22 28 21 39 41 47 42 37 28 37 5501 29 21 26 23 478 20 43 35 43 3134
leaf_count=20 877 5775 25 37 59 26 43 23 36 20 40 27 368 61 88 82 71 25 298 37 33 22 37 234 132 29 31 36 24 68 36 37 28 27 552 25 86 9008 25 30 22 22 28 21 39 41 47 42 37 28 37 5501 29 21 26 23 478 20 43 35 43 3134
internal_value=-2.9489e-05 -0.00353774 0.0140151 0.104091 0.00806474 0.114197 0.0631242 0.104183 0.0504439 0.0705148 0.0704138 0.0267234 0.0052547 0.0105654 0.0156997 0.0767151 0.0681901 0.0858202 -0.00570012 -0.000196802 0.113211 0.12799 0.101484 0.0102173 0.134132 0.120565 0.127621 0.145709 0.136235 0.0137347 0.0535635 0.135348 0.0319323 0.0244657 0.00192855 0.014758 0.115591 -0.00591585 0.125939 0.106901 0.064493 0.0278345 0.0374283 0.0353469 0.0410871 0.0289936 0.0498057 0.111063 0.026212 0.0170122 0.0210562 -0.00529287 0.0287622 0.0183228 0.0270241 0.0154739 -0.00293338 0.0395957 0.095138 0.103361 0.0268446 -0.00460063
internal_weight=28255 27334 2998 921 2674 775 324 449 146 272 76 350 2324 895 527 229 147 148 24336 918 301 326 116 363 218 185 122 86 60 302 76 93 291 52 1429 142 108 23418 62 63 45 164 76 241 148 62 86 79 93 56 105 14410 70 41 48 50 776 40 103 60 80 8909
internal_count=28255 27334 2998 921 2674 775 324 449 146 272 76 350 2324 895 527 229 147 148 24336 918 301 326 116 363 218 185 122 86 60 302 76 93 291 52 1429 142 108 23418 62 63 45 164 76 241 148 62 86 79 93 56 105 14410 70 41 48 50 776 40 103 60 80 8909
is_linear=0
shrinkage=0.05


Tree=14
num_leaves=63
num_cat=0
split_feature=100 100 15 15 57 12 12 112 114 100 58 62 100 103 104 103 85 112 26 16 14 17 100 114 52 14 10 114 58 79 114 110 64 102 8 17 16 114 18 49 18 46 52 67 44 28 43 112 22 47 104 24 114 14 52 112 14 102 107 108 49 14
split_gain=3725.87 374.532 305.929 180.262 61.627 40.1634 34.5958 26.4524 28.3205 25.9742 22.8207 21.9745 17.8798 13.4595 12.8859 10.4303 13.0333 12.1327 10.0505 9.84706 9.15982 9.1131 8.82003 8.7718 7.13716 6.43076 6.24024 6.31763 6.196 5.70073 5.55868 5.53592 5.53535 5.24857 5.20131 5.12694 6.52083 4.99677 4.86523 4.83491 4.66843 4.60363 4.58428 5.65358 4.24968 4.21776 4.16076 4.0371 4.02182 3.92818 3.90712 4.82415 3.89281 3.84581 3.77177 3.71607 6.69389 3.67834 3.67227 3.57652 3.56554 3.2153
threshold=2024.5000000000002 2025.5000000000002 3.0000000000000004 3.0000000000000004 4.0000000000000009 1.0000000180025095e-35 1.0000000180025095e-35 inf 9.5000000000000018 2023.5000000000002 3.0000000000000004 2.5000000000000004 2023.5000000000002 1.0000000180025095e-35 7.5000000000000009 1.0000000180025095e-35 4.0000000000000009 inf 2.5000000000000004 3.5000000000000004 4.0000000000000009 3.0000000000000004 2023.5000000000002 9.5000000000000018 3.0000000000000004 4.0000000000000009 -1.4999999999999998 2.5000000000000004 3.0000000000000004 2.0000000000000004 14.500000000000002 52.250000000000007 2.5000000000000004 inf 2.0000000000000004 3.0000000000000004 3.5000000000000004 12.500000000000002 1.0000000180025095e-35 4.0000000000000009 1.5000000000000002 2.0000000000000004 3.0000000000000004 2.5000000000000004 2.0000000000000004 2.0000000000000004 2.0000000000000004 inf 3.0000000000000004 2.0000000000000004 2.5000000000000004 2.5000000000000004 9.5000000000000018 4.0000000000000009 3.0000000000000004 inf 4.0000000000000009 inf 6.5000000000000009 11.500000000000002 4.0000000000000009 4.0000000000000009
decision_type=2 2 2 2 2 2 2 8 2 2 2 2 2 10 2 10 2 8 2 2 2 2 2 2 2 2 2 2 2 2 2 10 2 8 2 2 2 2 2 2 2 2 2 2 2 2 2 8 2 2 2 2 2 2 2 8 2 8 10 8 2 2
left_child=3 2 7 10 13 9 11 26 57 21 37 19 -12 -4 -10 33 -17 -18 -11 60 -13 23 24 -5 25 -7 59 -28 54 -24 -19 50 39 47 -26 36 -20 -1 -30 -23 -32 -8 -40 -44 -43 -36 -27 -3 -37 55 51 -29 -41 -52 -16 -15 -57 -9 -55 -2 -6 -25
right_child=1 15 4 5 6 22 41 8 14 18 12 20 -14 49 28 16 17 30 35 -21 -22 32 29 61 34 46 27 31 38 -31 40 -33 -34 -35 45 48 -38 -39 42 52 -42 44 43 -45 -46 -47 -48 -49 -50 -51 53 -53 -54 58 -56 56 -58 -59 -60 -61 -62 -63
leaf_value=0.015755070364102723 0.012388137150555849 -0.0043705998558309809 -0.00079497905241118533 0.070568858029750686 0.042216576728969814 0.1591940822509619 0.070927026046233049 0.004516042421825908 0.0070162880187383805 0.053809423454933697 0.092456762492656719 0.046398727170058662 0.043885842389427131 0.017953445155011571 0.030274866130720415 -0.0048097843613091988 -0.0018043362032408002 0.0075575653372741336 0.058116468271383871 0.056887202443821096 0.073661080061132644 0.13302624300122262 0.087025778063318959 0.087633090822593032 0.13073629615828394 0.13873378288000823 0.00022397152561079675 0.004241087819848742 0.050465301144868135 0.11551480214486176 0.032560759093970632 0.033443252705037597 0.094622821062803272 -0.0065668038487083696 0.10255922200728436 0.085654121213075196 0.092890297807753097 0.042749426364898681 0.047920253925025469 0.09952701354348982 0.0067566987437506516 0.10096946199025428 0.011888013718931308 0.04178874821215868 0.072966477442532776 0.12661732121788224 0.11080275565385818 -0.0060932676904641644 0.11044210702180864 0.013015223560311521 0.0014300728994503355 0.037744852358644665 0.11952947025567713 0.0076722337874803653 0.01529738199447586 0.025250011941211094 0.054969059254508471 -0.012317542550531593 0.025887899001439413 -0.0031708804017156981 0.019756554638438707 0.10942957224324346
leaf_weight=40 40 8909 45 26 24 26 45 264 99 27 36 49 40 23 72 573 174 82 26 35 83 40 22 23 64 40 503 21 40 87 65 20 30 9008 49 36 28 30 25 37 24 42 43 25 20 29 20 5501 30 24 285 22 71 356 101 36 40 37 30 482 67 64
leaf_count=40 40 8909 45 26 24 26 45 264 99 27 36 49 40 23 72 573 174 82 26 35 83 40 22 23 64 40 503 21 40 87 65 20 30 9008 49 36 28 30 25 37 24 42 43 25 20 29 20 5501 30 24 285 22 71 356 101 36 40 37 30 482 67 64
internal_value=-2.80146e-05 -0.00336086 0.0133144 0.0988861 0.047663 0.108487 0.0591976 0.00588726 0.014063 0.098503 0.0479217 0.0492843 0.0668931 0.0226029 0.0226962 -0.00541511 -0.000186961 0.00749094 0.0813716 0.0343487 0.063541 0.107157 0.121464 0.0960517 0.127056 0.138424 0.00260583 0.00454042 0.0277691 0.109765 0.0169493 0.00749842 0.114207 -0.00562006 0.120172 0.0875731 0.0761473 0.0273241 0.0358836 0.118177 0.0256024 0.0831006 0.0296119 0.0228809 0.0919362 0.111504 0.129423 -0.00502823 0.0969214 0.0311631 0.00677167 0.0213825 0.112677 0.00583535 0.0215308 0.0355625 0.0408916 0.0024468 0.00908796 -0.00197862 0.0256801 0.103667
internal_weight=28255 27334 2998 921 533 775 365 2465 706 438 146 258 76 168 405 24336 918 345 147 126 132 291 337 113 228 86 1759 1237 306 109 171 734 178 23418 142 120 54 70 133 148 89 107 93 68 62 78 60 14410 66 123 714 43 108 671 173 99 76 301 386 522 91 87
internal_count=28255 27334 2998 921 533 775 365 2465 706 438 146 258 76 168 405 24336 918 345 147 126 132 291 337 113 228 86 1759 1237 306 109 171 734 178 23418 142 120 54 70 133 148 89 107 93 68 62 78 60 14410 66 123 714 43 108 671 173 99 76 301 386 522 91 87
is_linear=0
shrinkage=0.05


Tree=15
num_leaves=63
num_cat=0
split_feature=100 100 15 11 57 104 94 111 87 114 100 114 68 85 15 94 111 104 100 79 11 51 16 22 94 15 70 109 48 100 48 66 8 47 114 102 110 54 100 66 72 99 70 16 8 114 111 111 114 26 11 77 16 14 106 94 54 79 44 106 104 24
split_gain=3353.73 359.233 271.306 168.513 76.9969 49.32 40.0019 31.785 29.9958 27.0666 26.7497 21.2621 16.1666 14.9303 11.2411 11.1657 10.0665 9.81644 9.52441 9.17219 9.15345 7.88596 7.2515 7.03726 6.98035 6.69841 6.51321 6.22388 5.76168 5.77815 5.48612 4.90193 6.46931 4.84857 4.76347 4.56055 4.47412 4.45027 4.12811 3.98577 3.95216 5.73552 8.36332 4.37298 4.48071 3.87196 5.37973 3.82501 3.75245 3.74578 3.70355 3.62523 3.6246 3.40072 3.53684 3.30035 3.20035 3.19815 3.17761 3.46715 3.06894 6.21514
threshold=2024.5000000000002 2025.5000000000002 3.0000000000000004 1.0000000180025095e-35 4.0000000000000009 5.5000000000000009 2.0000000000000004 1.0000000180025095e-35 1.0000000180025095e-35 9.5000000000000018 2023.5000000000002 14.500000000000002 2.0000000000000004 4.0000000000000009 3.0000000000000004 4.0000000000000009 1.0000000180025095e-35 7.5000000000000009 2022.5000000000002 2.0000000000000004 1.0000000180025095e-35 2.5000000000000004 1.0000000180025095e-35 3.0000000000000004 4.0000000000000009 3.0000000000000004 2.0000000000000004 50.500000000000007 3.0000000000000004 2022.5000000000002 3.0000000000000004 2.0000000000000004 2.0000000000000004 2.0000000000000004 2.5000000000000004 1.0000000180025095e-35 1.7500000000000002 2.0000000000000004 2021.5000000000002 2.0000000000000004 2.5000000000000004 3.0000000000000004 2.0000000000000004 2.5000000000000004 2.0000000000000004 14.500000000000002 4.5000000000000009 1.0000000180025095e-35 11.500000000000002 2.5000000000000004 2.0000000000000004 1.5000000000000002 4.5000000000000009 4.0000000000000009 1.0000000180025095e-35 4.0000000000000009 2.0000000000000004 2.0000000000000004 2.0000000000000004 1.0000000180025095e-35 2.5000000000000004 2.5000000000000004
decision_type=2 2 2 2 2 2 2 10 2 2 2 2 2 2 2 2 10 2 2 2 2 2 2 2 2 2 2 10 2 2 2 2 2 2 2 8 10 2 2 2 2 2 2 2 2 2 10 10 2 2 2 2 2 2 2 2 2 2 2 2 2 2
left_child=3 2 7 12 16 -5 -6 9 10 53 14 24 49 -14 -7 31 33 -11 26 48 34 -22 27 39 -8 -23 38 60 -21 52 -13 -10 -33 58 -3 47 -24 -31 -17 -12 41 -19 -43 51 -45 -27 55 -36 -16 -1 -32 -42 -30 -2 -55 -47 -25 -20 -4 -60 61 -9
right_child=1 20 4 5 6 8 11 22 15 17 23 30 13 -15 19 18 -18 40 57 28 21 25 36 56 -26 45 -28 -29 29 37 50 32 -34 -35 35 -37 -38 -39 -40 -41 43 42 -44 44 -46 46 -48 -49 -50 -51 -52 -53 -54 54 -56 -57 -58 -59 59 -61 -62 -63
leaf_value=0.0372459720171915 -0.0048604141782831265 -0.0059653651327630864 0.039278975777603968 0.033422684013843539 0.036961846897048095 0.076361897689375013 0.067895164071685749 -0.0022718398043742546 0.080594763726643898 0.0096704080510808497 0.048117507621645933 0.093170418502076691 0.033389576524496083 0.091349224090576178 0.072918610427189959 0.1636563003063202 -0.00076004709018037686 0.01680242058143697 0.10182238435133911 0.12460213356441069 -0.0055133419367698359 -0.0044670742136590624 -0.0034356735347504594 0.098215087966339015 0.038052562693523806 0.0053237959082859257 0.11794084514890397 0.029133415633234485 0.11987346529372429 0.10769698562530371 0.060087242260061458 0.12757271106044452 0.092995179468585598 0.0054584970353576158 -0.0053324864802345179 -0.0049696132667112923 0.0031829685079403053 0.082948267547523269 0.13502850392285515 0.07418267082168975 0.0046883438284007406 0.071468549022184955 0.030036572575697612 0.041784510628829874 0.023638776936813405 0.013776091109637335 0.0039833228502954756 -0.00043529141125815988 0.099420122780344067 0.016005139139347844 0.083951685074213397 0.024471875937071452 0.096405809762932004 0.0029640256327653084 0.016519726985606595 0.037895188713524923 0.073776704764791909 0.1183914632641751 0.037038513243367731 0.010905717288454374 0.0045273773646668384 0.030001190177031928
leaf_weight=51 81 12308 54 25 124 33 36 26 23 98 22 76 20 25 22 20 47 22 39 62 218 85 498 37 43 96 35 29 76 39 29 24 31 23 621 9784 524 34 34 44 39 21 29 53 95 23 35 1114 34 35 37 57 21 159 69 37 21 115 22 30 665 35
leaf_count=51 81 12308 54 25 124 33 36 26 23 98 22 76 20 25 22 20 47 22 39 62 218 85 498 37 43 96 35 29 76 39 29 24 31 23 621 9784 524 34 34 44 39 21 29 53 95 23 35 1114 34 35 37 57 21 159 69 37 21 115 22 30 665 35
internal_value=4.08923e-05 -0.00312188 0.0131395 0.0938332 0.0459623 0.102532 0.0596912 0.00629927 0.104788 0.0151379 0.0963842 0.0724443 0.0413072 0.0655894 0.104003 0.116437 0.0190506 0.0234958 0.121721 0.107171 -0.00514177 0.00159486 0.00270313 0.0766604 0.0516517 0.00720932 0.134742 0.00641927 0.111555 0.106796 0.0840119 0.0999779 0.108084 0.0262684 -0.00528144 -0.00455066 -4.21624e-05 0.0961702 0.145631 0.0654943 0.0277834 0.0380771 0.047438 0.0247459 0.0301369 0.0124056 0.019562 -0.00218812 0.0890088 0.0286014 0.0734658 0.0164348 0.114793 0.00393996 0.00706641 0.0286495 0.0893667 0.114195 0.0307838 0.0219619 0.00551196 0.0162455
internal_weight=28264 27342 3021 922 521 791 345 2500 766 723 445 221 131 45 321 321 176 414 243 288 24321 494 1777 124 79 276 89 755 232 170 142 78 55 129 23827 11519 1022 73 54 66 316 72 50 244 148 191 95 1735 56 86 66 96 97 309 228 60 58 154 106 52 726 61
internal_count=28264 27342 3021 922 521 791 345 2500 766 723 445 221 131 45 321 321 176 414 243 288 24321 494 1777 124 79 276 89 755 232 170 142 78 55 129 23827 11519 1022 73 54 66 316 72 50 244 148 191 95 1735 56 86 66 96 97 309 228 60 58 154 106 52 726 61
is_linear=0
shrinkage=0.05


Tree=16
num_leaves=63
num_cat=0
split_feature=100 100 113 11 111 104 114 12 87 100 111 113 104 16 15 92 17 100 103 15 111 114 79 85 92 109 22 48 52 10 22 46 48 100 70 14 112 62 46 47 46 113 46 110 112 84 49 42 18 68 52 114 114 17 114 66 52 28 48 112 48 104
split_gain=3026.74 324.208 267.984 152.083 48.492 44.5113 36.8683 35.3393 27.0712 24.1416 22.9037 17.5301 13.8947 11.2631 10.1451 9.46391 9.69727 9.28629 9.2272 11.0961 10.6113 8.51681 8.27791 8.18733 8.71877 7.98267 7.37055 6.80195 6.76658 6.50547 6.35112 5.38494 5.19992 5.21478 4.87138 4.73205 4.44424 4.36191 4.35654 4.3343 4.18884 4.12432 4.58987 4.75138 7.61962 4.39017 3.74924 3.48038 3.46762 3.88082 4.1989 3.38659 3.34081 3.24167 3.1926 3.4248 3.29517 3.28501 3.18014 3.11269 3.08133 3.06834
threshold=2024.5000000000002 2025.5000000000002 3.5000000000000004 1.0000000180025095e-35 1.0000000180025095e-35 5.5000000000000009 9.5000000000000018 1.0000000180025095e-35 1.0000000180025095e-35 2023.5000000000002 2.5000000000000004 2.5000000000000004 7.5000000000000009 2.5000000000000004 3.0000000000000004 4.0000000000000009 3.0000000000000004 2022.5000000000002 1.0000000180025095e-35 3.0000000000000004 2.5000000000000004 14.500000000000002 2.0000000000000004 -1.4999999999999998 4.0000000000000009 87.500000000000014 3.0000000000000004 3.0000000000000004 3.0000000000000004 -1.4999999999999998 3.0000000000000004 2.0000000000000004 3.0000000000000004 2022.5000000000002 2.0000000000000004 4.0000000000000009 1.0000000180025095e-35 2.5000000000000004 2.0000000000000004 2.0000000000000004 2.0000000000000004 1.5000000000000002 2.0000000000000004 15.250000000000002 1.0000000180025095e-35 1.0000000180025095e-35 4.0000000000000009 2.0000000000000004 3.5000000000000004 2.0000000000000004 3.0000000000000004 11.500000000000002 9.5000000000000018 3.0000000000000004 13.500000000000002 2.0000000000000004 3.0000000000000004 2.0000000000000004 3.0000000000000004 1.0000000180025095e-35 3.0000000000000004 2.5000000000000004
decision_type=2 2 2 2 10 2 2 2 2 2 10 2 2 2 2 2 2 2 10 2 10 2 2 2 2 10 2 2 2 2 2 2 2 2 2 2 10 2 2 2 2 2 2 10 10 2 2 2 2 2 2 2 2 2 2 2 2 2 2 10 2 2
left_child=3 2 4 11 6 -5 39 10 9 14 15 -1 38 -13 -7 -4 26 28 36 -20 21 -21 51 48 34 29 60 54 -10 -6 37 -30 -24 52 35 -25 -3 -11 -8 -2 -23 -31 47 45 -45 61 -35 -43 49 50 -14 -16 -34 -29 56 -56 -19 -57 -40 -12 -17 -44
right_child=1 18 7 5 25 8 12 -9 17 30 59 13 23 -15 22 16 -18 27 19 20 -22 40 32 24 -26 -27 -28 53 31 41 -32 -33 33 46 -36 -37 -38 -39 58 -41 -42 42 43 44 -46 -47 -48 -49 -50 -51 -52 -53 -54 -55 55 57 -58 -59 -60 -61 -62 -63
leaf_value=0.026456300115784294 0.0071791876733553516 -0.0053401333899893858 0.026015270098399088 0.031751550734043121 -0.0021465981552183954 0.072543802745922495 -0.0012126760320229964 0.081537369600276355 0.13426045583827156 0.0467710485888852 0.00030381428077816966 0.041545143982638484 0.052625089862312263 0.092849575784057392 0.069272679615427143 0.023132940284583882 0.07282297333250895 0.12924494337418985 -0.0041368150834605582 0.0048854139092010121 -0.0017139993297557038 0.038172815012377369 0.11837202755193557 0.020099772200469049 0.047741468801078477 0.031417381390929221 0.072537359930574904 0.10017824972217733 0.12892006695270539 0.0016845775057377681 0.084898372269877842 0.099477840167265852 0.091400655855735147 0.10919252733389538 0.015506925015674475 0.04526564903715824 -0.0032607946115190706 0.072914698156408775 0.033994077536321825 -0.0057544330490773982 0.015972062419833882 5.284265249169299e-06 0.028410453705684 0.012345374235883355 0.047880150445482952 -0.0096284262450604605 0.084160756147824811 0.01126281415121724 0.017258571247713499 0.017011990846524872 0.025378780631769089 0.094449117681121131 0.11393087252386308 0.073035239902409649 0.084285935049965274 0.11946931296381458 0.10820954997952169 0.094461729377508172 0.0089533916208893068 0.026341345518206556 0.04712578775070142 0.0087049334336604389
leaf_weight=88 238 20452 26 25 549 33 55 97 56 27 22 23 26 20 22 23 66 29 591 86 168 43 62 31 88 24 20 22 25 663 58 41 21 21 52 47 2939 39 21 89 42 224 23 48 22 29 52 99 143 37 31 34 76 22 21 29 52 24 32 24 32 140
leaf_count=88 238 20452 26 25 549 33 55 97 56 27 22 23 26 20 22 23 66 29 591 86 168 43 62 31 88 24 20 22 25 663 58 41 21 21 52 47 2939 39 21 89 42 224 23 48 22 29 52 99 143 37 31 34 76 22 21 29 52 24 32 24 32 140
internal_value=3.88476e-05 -0.00296579 0.0124826 0.0891415 0.00744679 0.0974056 0.0170121 0.0565211 0.0995483 0.091565 0.0451287 0.0392419 0.0247678 0.0654077 0.0988032 0.0537338 0.058845 0.110615 -0.00488468 -4.36923e-07 0.00721077 0.015979 0.101812 0.0285947 0.035588 0.00277181 0.0465444 0.103957 0.121477 0.00238923 0.0728274 0.11063 0.105977 0.101456 0.0273611 0.0352638 -0.00507887 0.0622196 0.00864525 0.00365903 0.027203 0.00438456 0.00744453 0.012362 0.0235134 0.00829639 0.0913617 0.00345573 0.0221621 0.0296217 0.0378069 0.0845584 0.109053 0.0866067 0.108882 0.101374 0.115741 0.108145 0.0188752 0.0138886 0.0370924 0.0114855
internal_weight=28264 27342 3021 922 2711 791 890 310 766 445 213 131 563 43 321 167 141 321 24321 930 339 171 288 455 218 1821 75 199 122 1797 124 66 232 170 130 78 23391 66 108 327 85 1248 585 262 70 192 73 323 237 94 57 56 97 44 155 74 81 53 53 46 55 163
internal_count=28264 27342 3021 922 2711 791 890 310 766 445 213 131 563 43 321 167 141 321 24321 930 339 171 288 455 218 1821 75 199 122 1797 124 66 232 170 130 78 23391 66 108 327 85 1248 585 262 70 192 73 323 237 94 57 56 97 44 155 74 81 53 53 46 55 163
is_linear=0
shrinkage=0.05


Tree=17
num_leaves=63
num_cat=0
split_feature=100 100 113 22 111 15 114 94 80 100 12 113 66 94 114 114 94 16 85 99 103 15 113 68 110 69 111 8 52 94 10 43 43 16 16 22 9 65 57 14 70 100 28 112 94 47 113 14 114 65 16 113 52 93 114 67 61 22 14 65 114 66
split_gain=2731.64 292.597 241.856 137.255 43.764 34.7818 33.2737 32.5147 27.1068 21.0091 17.5744 15.8209 12.3461 13.4323 11.7792 10.8445 10.436 10.165 9.98267 9.60168 8.32755 10.0142 10.0891 7.35754 7.33874 7.03862 6.80484 6.77566 5.86432 6.07623 5.05901 4.70505 4.51973 4.50396 4.84419 6.65249 4.1882 4.16921 4.07009 7.83524 6.24099 4.02502 4.01666 4.01092 3.91221 3.91171 3.58788 4.06168 3.43499 3.46447 5.42185 5.30927 3.84408 3.42348 3.41299 3.2593 3.16549 3.15225 3.04041 3.21577 3.01137 3.40853
threshold=2024.5000000000002 2025.5000000000002 3.5000000000000004 1.0000000180025095e-35 1.0000000180025095e-35 3.0000000000000004 9.5000000000000018 2.0000000000000004 3.5000000000000004 2022.5000000000002 1.0000000180025095e-35 2.5000000000000004 2.0000000000000004 4.0000000000000009 9.5000000000000018 14.500000000000002 2.0000000000000004 2.5000000000000004 -1.4999999999999998 3.0000000000000004 1.0000000180025095e-35 3.0000000000000004 2.5000000000000004 2.0000000000000004 50.250000000000007 3.0000000000000004 2.5000000000000004 2.0000000000000004 3.0000000000000004 2.0000000000000004 -1.4999999999999998 2.0000000000000004 2.0000000000000004 3.5000000000000004 4.5000000000000009 3.0000000000000004 1.0000000180025095e-35 2.0000000000000004 4.0000000000000009 4.0000000000000009 2.0000000000000004 2023.5000000000002 2.0000000000000004 1.0000000180025095e-35 2.0000000000000004 2.0000000000000004 1.5000000000000002 4.0000000000000009 12.500000000000002 2.0000000000000004 2.5000000000000004 1.5000000000000002 3.0000000000000004 3.0000000000000004 19.500000000000004 2.5000000000000004 1.5000000000000002 1.0000000180025095e-35 4.0000000000000009 2.0000000000000004 14.500000000000002 2.0000000000000004
decision_type=2 2 2 2 10 2 2 2 2 2 2 2 2 2 2 2 2 2 2 2 10 2 2 2 10 2 10 2 2 2 2 2 2 2 2 2 2 2 2 2 2 2 2 10 2 2 2 2 2 2 2 2 2 2 2 2 2 2 2 2 2 2
left_child=3 2 4 11 6 27 45 23 -9 28 12 -1 14 16 -11 -10 -14 -13 48 56 43 -22 -23 57 30 60 44 -5 29 -7 -6 -15 -25 -30 42 -36 -26 54 39 -21 -41 -18 55 -3 -24 58 -32 -48 53 50 -50 -52 -53 -8 -17 -35 -20 -4 -2 -60 -12 -62
right_child=1 20 7 5 24 9 18 8 15 10 25 17 13 31 -16 37 41 -19 19 38 21 22 26 32 36 -27 -28 -29 33 -31 46 -33 -34 34 35 -37 -38 -39 -40 40 -42 -43 -44 -45 -46 -47 47 -49 49 -51 51 52 -54 -55 -56 -57 -58 -59 59 -61 61 -63
leaf_value=0.025133485216594472 -0.0027013274450455945 -0.0050731266027802058 0.0022534364510489549 0.035269759498212649 -0.00198952212263752 0.099437094658302763 0.017659650888020659 0.013745016940747916 0.054001361650765925 0.034685158380307259 0.1108386228623038 0.039467886932518174 0.076621072242657351 0.050358315433065098 0.07575978354143445 0.06627807511415866 0.1206868939493832 0.088207096680998798 0.02284762917653374 0.0097178683429956433 -0.0039299743139703464 -0.0021128592727008774 0.012644623899452237 0.053420531685863228 0.031827739095597558 0.082884061305473253 0.0029082148295381796 0.069327995171770448 0.092055609390435333 0.13126013211905957 0.0012963721993597508 0.082765648904300881 0.024499195623634895 0.091423599123954771 0.10995953673762936 0.076189335167408001 0.004696434140205384 0.09327780650212214 0.043249990019755088 0.051506841527298099 0.020728723638291872 0.095703298445524915 0.12466201529554699 -0.0030977547219433158 0.031833991649207374 -0.0054667114206914148 0.001881416003231095 0.010381881649851618 0.0083006507704280075 0.00086670657374749056 0.011841469934291166 0.051645976828322532 0.025547681168414826 0.038410389263715067 0.087177388320366547 0.11695513653755188 -0.0040023155521512746 0.029047163850849586 0.013360443876849282 -0.0041627287399023773 0.080071638169742776 0.10474280047984351
leaf_weight=88 62 20452 23 23 537 24 46 23 61 24 88 23 36 24 64 56 38 20 23 35 591 163 49 35 33 48 69 40 74 40 653 21 22 25 35 25 25 39 96 40 28 28 46 2939 58 89 247 326 91 38 46 21 43 35 30 25 21 21 144 32 21 42
leaf_count=88 62 20452 23 23 537 24 46 23 61 24 88 23 36 24 64 56 38 20 23 35 591 163 49 35 33 48 69 40 74 40 653 21 22 25 35 25 25 39 96 40 28 28 46 2939 58 89 247 326 91 38 46 21 43 35 30 25 21 21 144 32 21 42
internal_value=3.69054e-05 -0.0028175 0.0118584 0.0846844 0.00707445 0.0925353 0.0161615 0.0536951 0.0649519 0.0956196 0.0886287 0.0372798 0.0793698 0.0882369 0.0645576 0.0712839 0.098276 0.0621373 0.0235294 0.0311697 -0.00464045 -4.15023e-07 0.00685023 0.0304012 0.00263322 0.0995625 0.0151513 0.056894 0.10594 0.119326 0.00205749 0.0654817 0.0422579 0.102215 0.107034 0.0958886 0.0201332 0.0797178 0.0358432 0.0289398 0.0388335 0.110088 0.113999 -0.00482493 0.0230463 0.00347608 0.00383013 0.00671763 0.0177276 0.0147118 0.0173293 0.0247984 0.0341112 0.026626 0.0735685 0.104189 0.0100329 0.0150414 0.00682023 0.0101744 0.104864 0.0965191
internal_weight=28264 27342 3021 922 2711 791 890 310 209 728 434 131 235 147 88 186 102 43 563 243 24321 930 339 101 1821 199 176 63 294 64 1763 45 57 230 156 60 58 125 199 103 68 66 96 23391 107 327 1226 573 320 239 201 110 64 81 86 50 44 44 238 176 151 63
internal_count=28264 27342 3021 922 2711 791 890 310 209 728 434 131 235 147 88 186 102 43 563 243 24321 930 339 101 1821 199 176 63 294 64 1763 45 57 230 156 60 58 125 199 103 68 66 96 23391 107 327 1226 573 320 239 201 110 64 81 86 50 44 44 238 176 151 63
is_linear=0
shrinkage=0.05


Tree=18
num_leaves=63
num_cat=0
split_feature=100 100 11 11 112 104 58 114 87 94 100 68 85 85 44 109 94 114 109 73 103 85 112 100 79 52 70 22 48 46 16 114 73 94 94 110 104 18 57 66 52 100 28 102 112 62 68 18 46 47 25 106 26 106 11 114 70 62 54 114 54 44
split_gain=2465.3 264.069 197.972 123.873 39.0964 38.8677 32.6747 31.4373 22.2408 21.4059 20.5015 12.9179 11.3335 11.0833 10.5684 10.0465 9.67073 9.61597 9.1716 8.11249 7.51561 8.87506 8.98968 7.29124 7.24512 6.24455 7.28999 5.71212 5.62641 5.1308 5.05224 4.97928 4.83707 4.63273 9.06916 4.5103 4.34835 6.2305 4.2591 4.23076 4.81515 4.08548 4.24278 3.91504 4.02186 3.88292 3.64011 3.63586 3.84167 3.51746 3.30211 3.88312 3.26992 3.24383 3.16612 3.06148 3.0431 2.91355 3.92735 2.87728 2.857 2.85639
threshold=2024.5000000000002 2025.5000000000002 1.0000000180025095e-35 1.0000000180025095e-35 inf 5.5000000000000009 3.0000000000000004 9.5000000000000018 1.0000000180025095e-35 2.0000000000000004 2023.5000000000002 2.0000000000000004 4.0000000000000009 1.0000000180025095e-35 2.0000000000000004 103.50000000000001 4.0000000000000009 13.500000000000002 83.500000000000014 2.5000000000000004 1.0000000180025095e-35 4.0000000000000009 inf 2022.5000000000002 2.0000000000000004 3.0000000000000004 2.0000000000000004 3.0000000000000004 3.0000000000000004 2.0000000000000004 1.0000000180025095e-35 14.500000000000002 2.5000000000000004 2.0000000000000004 4.0000000000000009 1.7500000000000002 7.5000000000000009 3.5000000000000004 4.0000000000000009 2.0000000000000004 3.0000000000000004 2022.5000000000002 2.0000000000000004 inf 1.0000000180025095e-35 2.5000000000000004 2.0000000000000004 1.5000000000000002 2.0000000000000004 2.0000000000000004 2.5000000000000004 1.0000000180025095e-35 2.5000000000000004 1.0000000180025095e-35 2.0000000000000004 11.500000000000002 2.0000000000000004 2.5000000000000004 2.0000000000000004 11.500000000000002 2.0000000000000004 2.0000000000000004
decision_type=2 2 2 2 8 2 2 2 2 2 2 2 2 2 2 8 2 2 10 2 10 2 8 2 2 2 2 2 2 2 2 2 2 2 2 10 2 2 2 2 2 2 2 8 10 2 2 2 2 2 2 2 2 2 2 2 2 2 2 2 2 2
left_child=3 2 4 11 18 -5 32 49 10 29 19 52 -13 36 38 -11 39 -17 30 -7 43 -22 -23 25 59 -18 -27 45 57 -8 -2 -24 -4 41 -35 -32 -9 46 -15 -10 -41 42 -26 44 -3 -12 61 48 -33 50 -6 -52 55 -16 -30 -1 -36 58 -19 -21 -29 -38
right_child=1 20 6 5 7 8 9 13 16 15 27 12 -14 14 53 17 23 28 -20 24 21 22 31 -25 33 26 -28 60 54 -31 35 47 -34 34 56 -37 37 -39 -40 40 -42 -43 -44 -45 -46 -47 -48 -49 -50 -51 51 -53 -54 -55 -56 -57 -58 -59 -60 -61 -62 -63
leaf_value=0.018069982503286817 0.0051791749025717499 -0.0044197672732151317 4.8958709872937926e-05 0.02655767785012722 0.0023555506770528336 0.065863040699200195 0.017865068822897772 0.00873262477363204 0.066616816041262253 0.029551809112585727 0.040771788075842245 0.029067050926387311 0.079565013766288772 0.035842159658670429 0.032259872261314625 0.044629585779294739 0.132321794413858 0.10356764935928842 0.029466894677569789 0.061804521871222699 -0.0036739838168476572 -0.0016844887907306355 0.0057514174944824645 0.098274876467593308 0.079887103095002798 0.12157327900330227 0.084158188104629522 0.085215364013974726 0.049602332885066672 0.044196627621312407 -0.003527244255379044 0.04113637117499655 0.027012950439865777 0.11038170999769743 0.077925703656382683 0.003042805606894421 0.043245002260135321 0.014474749955745112 0.057886986969373166 0.10517168927096553 0.07534056461105744 0.069425865341551027 0.11137551542371511 -0.0054013570495072289 -0.0020626695824017575 0.065438246535949221 0.010795637991811548 0.0068814635276794435 0.016192144202871312 -0.005193375758408161 0.0078688670559362937 0.032723815569823442 0.012289126903883049 0.011042099550019863 0.07097755030887884 0.042804900441190293 0.099792590680030685 0.066766057455021399 0.07590086796674235 0.085010750569841448 0.06212511335810026 0.02628695764987354
leaf_weight=22 746 12264 29 25 159 33 37 91 23 21 27 20 25 50 31 41 36 23 31 22 594 168 81 154 23 30 23 37 30 37 517 33 39 96 41 528 44 148 39 31 24 26 20 9004 2123 39 21 25 29 89 55 22 35 43 41 29 26 23 29 34 21 57
leaf_count=22 746 12264 29 25 159 33 37 91 23 21 27 20 25 50 31 41 36 23 31 22 594 168 81 154 23 30 23 37 30 37 517 33 39 96 41 528 44 148 39 31 24 26 20 9004 2123 39 21 25 29 89 55 22 35 43 41 29 26 23 29 34 21 57
internal_value=3.50601e-05 -0.00267662 0.0112655 0.0804502 0.00663217 0.0879085 0.0466245 0.015494 0.0899108 0.0541264 0.0826747 0.0354158 0.0571215 0.0230713 0.033893 0.062343 0.0999422 0.0660255 0.00250283 0.089345 -0.00440842 -3.94267e-07 0.00649399 0.104859 0.0920356 0.116252 0.105337 0.0654075 0.0720339 0.0310308 0.00203611 0.0146725 0.0155136 0.0959319 0.100529 -0.00020764 0.018185 0.0213708 0.0455023 0.0846241 0.0921545 0.0850723 0.0945329 -0.00458368 -0.00407195 0.0553474 0.0297364 0.0229783 0.0294689 0.00327703 0.00647137 0.0149703 0.0240582 0.0199306 0.0619458 0.0321349 0.0864114 0.081584 0.0881381 0.075894 0.0768551 0.0336746
internal_weight=28264 27342 3021 922 2671 791 350 849 766 282 445 131 45 524 163 208 321 187 1822 321 24321 930 336 243 288 89 53 124 146 74 1791 168 68 232 163 1045 361 270 89 78 55 69 43 23391 14387 66 122 87 62 325 236 77 86 74 71 51 67 75 52 56 58 101
internal_count=28264 27342 3021 922 2671 791 350 849 766 282 445 131 45 524 163 208 321 187 1822 321 24321 930 336 243 288 89 53 124 146 74 1791 168 68 232 163 1045 361 270 89 78 55 69 43 23391 14387 66 122 87 62 325 236 77 86 74 71 51 67 75 52 56 58 101
is_linear=0
shrinkage=0.05


Tree=19
num_leaves=63
num_cat=0
split_feature=100 100 113 15 112 100 12 113 80 104 112 52 94 113 100 12 16 104 14 48 16 11 51 109 28 14 94 10 15 42 22 62 56 28 94 62 40 28 104 102 16 54 54 112 46 113 110 112 84 66 104 102 94 112 85 57 70 40 14 65 61 17
split_gain=2224.94 238.322 199.451 112.017 35.3359 33.5634 28.2901 23.7086 20.3799 19.0917 18.5703 17.7761 15.8777 12.8328 11.5447 11.5253 9.20157 9.14299 6.63754 6.38079 6.49408 6.22287 6.21615 6.12232 5.85098 5.63335 5.22613 5.01922 4.89754 4.8786 4.47532 4.81825 4.31773 4.23607 4.17513 4.85579 4.02288 4.00235 3.99485 3.95028 3.61812 3.42601 3.34949 3.26685 3.22827 3.99855 4.12535 6.75837 4.01375 3.21178 3.1371 3.32022 2.941 2.93284 2.83926 6.22759 3.9316 3.25663 4.71463 3.22378 3.11475 3.41847
threshold=2024.5000000000002 2025.5000000000002 3.5000000000000004 3.0000000000000004 inf 2023.5000000000002 1.0000000180025095e-35 2.5000000000000004 3.5000000000000004 7.5000000000000009 inf 3.0000000000000004 2.0000000000000004 1.5000000000000002 2023.5000000000002 1.0000000180025095e-35 2.5000000000000004 7.5000000000000009 2.0000000000000004 3.0000000000000004 3.5000000000000004 1.0000000180025095e-35 2.5000000000000004 87.500000000000014 2.0000000000000004 4.0000000000000009 2.0000000000000004 -1.4999999999999998 3.0000000000000004 2.0000000000000004 3.0000000000000004 2.5000000000000004 3.0000000000000004 2.0000000000000004 4.0000000000000009 2.5000000000000004 3.5000000000000004 2.0000000000000004 6.5000000000000009 1.0000000180025095e-35 3.5000000000000004 2.0000000000000004 2.0000000000000004 inf 2.0000000000000004 1.5000000000000002 15.250000000000002 1.0000000180025095e-35 1.0000000180025095e-35 2.0000000000000004 7.5000000000000009 1.0000000180025095e-35 2.0000000000000004 1.0000000180025095e-35 -1.4999999999999998 4.0000000000000009 2.0000000000000004 3.5000000000000004 4.0000000000000009 2.0000000000000004 2.5000000000000004 3.0000000000000004
decision_type=2 2 2 2 8 2 2 2 2 2 8 2 2 2 2 2 2 2 2 2 2 2 2 10 2 2 2 2 2 2 2 2 2 2 2 2 2 2 2 8 2 2 2 8 2 2 10 10 2 2 2 10 2 8 2 2 2 2 2 2 2 2
left_child=3 2 4 8 23 11 10 -7 38 32 -4 26 42 25 36 30 -13 -18 -19 20 -20 39 -23 27 49 -11 -5 -2 -24 -27 31 -9 -6 -28 -14 -36 -10 -34 -1 43 -33 -31 -12 -3 -29 -46 48 -48 -47 -17 -30 -52 -22 -53 59 56 57 -56 -59 60 61 -15
right_child=1 21 6 5 9 7 -8 15 14 13 12 16 34 54 -16 24 17 18 19 -21 52 22 28 -25 -26 29 33 44 50 41 -32 40 37 -35 35 -37 -38 -39 -40 -41 -42 -43 -44 -45 45 46 47 -49 -50 -51 51 53 -54 -55 55 -57 -58 58 -60 -61 -62 -63
leaf_value=0.00065411822870373735 -0.0019520888115213218 -0.0011860168084458778 0.01037165787394928 0.094221012055491798 0.02096700123511255 0.020600162957713983 0.071077213553500537 0.041740575556953749 0.057026179949752988 -0.012218824060012897 0.041022050635958159 0.057630589360801079 0.069938864996251848 0.023378558479598726 0.033254203946767924 0.080643079226667247 0.055437284559011459 0.074789150046595074 0.086648274539038547 0.086821731566784119 0.093914764171296905 -0.0049444230683489687 -0.0036329335938481721 0.027453676487008735 0.071460256041027612 0.02130558434964239 0.12907490175631312 0.001538323749723006 -0.0057176277935504921 0.010221858051095514 0.075258133962166074 0.051586945597082379 -0.0015568998019847246 0.10481911905937724 0.032033172618273813 0.062354779591964143 0.088739287406206138 0.014932088529070218 0.025638008470014031 -0.0045316756590598759 0.080665092882902731 -0.012357407235540449 0.01822993899229914 -0.0048397946495613714 0.0025647188644660149 0.010383090162021252 0.010994987081115445 0.044461313804442237 -0.0098053692486779458 0.10442777391523124 -0.0039191744600733129 0.0040833445819648539 0.11514942262853896 0.020453865311019833 0.013862354977056386 0.039785405692699199 0.0084883764889594673 0.017576042935252192 0.049360897298902279 0.0028841092674569651 0.03096363614712443 -0.00027279434725642205
leaf_weight=24 549 1715 46 39 32 23 97 33 20 24 27 26 46 50 34 22 20 59 48 175 22 218 85 24 40 103 36 701 25 105 51 20 202 36 23 31 20 45 48 21161 23 20 40 951 285 163 48 22 29 40 24 37 63 105 25 85 37 20 28 22 70 22
leaf_count=24 549 1715 46 39 32 23 97 33 20 24 27 26 46 50 34 22 20 59 48 175 22 218 85 24 40 103 36 701 25 105 51 20 202 36 23 31 20 45 48 21161 23 20 40 951 285 163 48 22 29 40 24 37 63 105 25 85 37 20 28 22 70 22
internal_value=3.33071e-05 -0.00254279 0.0107022 0.0764277 0.00635784 0.0839872 0.0486946 0.0689925 0.0362485 0.0145232 0.0385016 0.0911984 0.04625 0.0194717 0.054675 0.0738529 0.0864241 0.0883586 0.0901526 0.0930956 0.101351 -0.004188 0.00136651 0.0023671 0.0863693 0.0108229 0.108962 0.00203206 0.00635123 0.0132483 0.0638003 0.0561115 0.003686 0.116947 0.0588695 0.04944 0.0728827 0.00144717 0.01731 -0.00430316 0.0671404 0.00660918 0.0274148 -0.00248937 0.0037847 0.00666351 0.0111221 0.021513 0.00733379 0.095988 0.0107944 0.0132812 0.109653 0.0161883 0.0255427 0.0296206 0.021766 0.0284957 0.0361172 0.0206941 0.0234534 0.0161518
internal_weight=28264 27342 3021 922 2711 776 310 252 146 890 213 524 167 611 74 229 413 387 367 308 133 24321 494 1821 102 252 111 1797 276 228 127 76 279 72 100 54 40 247 72 23827 43 125 67 2666 1248 547 262 70 192 62 191 166 85 142 359 195 110 73 48 164 142 72
internal_count=28264 27342 3021 922 2711 776 310 252 146 890 213 524 167 611 74 229 413 387 367 308 133 24321 494 1821 102 252 111 1797 276 228 127 76 279 72 100 54 40 247 72 23827 43 125 67 2666 1248 547 262 70 192 62 191 166 85 142 359 195 110 73 48 164 142 72
is_linear=0
shrinkage=0.05


Tree=20
num_leaves=63
num_cat=0
split_feature=100 100 113 15 103 112 12 113 12 58 100 100 15 111 65 16 94 94 94 11 112 114 51 16 68 114 114 48 94 42 17 48 114 8 43 114 46 48 99 72 40 41 67 25 16 114 104 113 43 114 110 65 94 43 72 16 66 106 16 102 44 111
split_gain=1965.43 209.928 217.725 111.663 32.7515 29.0057 22.4709 25.4964 17.6171 15.685 11.2674 11.0919 10.5504 10.3325 9.72566 9.46042 8.31142 7.81128 7.29644 7.24866 7.14012 8.60509 6.70912 6.53019 7.02737 6.13573 6.03651 6.17288 8.36529 5.74592 5.65305 5.26425 5.17619 5.15963 5.08026 4.83063 4.65436 7.34262 4.4014 4.1386 4.86997 4.11876 5.43536 4.08568 5.83596 4.75741 4.0504 4.03462 3.90294 3.86762 3.72041 3.70202 3.62741 3.37545 3.31409 5.32572 4.52462 3.44442 3.40698 3.28419 3.24737 3.24586
threshold=2024.5000000000002 2025.5000000000002 3.5000000000000004 3.0000000000000004 1.0000000180025095e-35 1.0000000180025095e-35 1.0000000180025095e-35 2.5000000000000004 1.0000000180025095e-35 3.0000000000000004 2023.5000000000002 2023.5000000000002 3.0000000000000004 6.5000000000000009 2.0000000000000004 2.5000000000000004 2.0000000000000004 4.0000000000000009 4.0000000000000009 1.0000000180025095e-35 1.0000000180025095e-35 2.5000000000000004 2.5000000000000004 3.5000000000000004 2.0000000000000004 12.500000000000002 15.500000000000002 3.0000000000000004 2.0000000000000004 2.0000000000000004 3.0000000000000004 3.0000000000000004 12.500000000000002 2.0000000000000004 2.0000000000000004 12.500000000000002 2.0000000000000004 3.0000000000000004 3.0000000000000004 3.5000000000000004 3.5000000000000004 3.5000000000000004 2.5000000000000004 2.5000000000000004 2.5000000000000004 13.500000000000002 7.5000000000000009 3.5000000000000004 2.0000000000000004 2.5000000000000004 51.250000000000007 2.0000000000000004 2.0000000000000004 2.0000000000000004 1.0000000180025095e-35 3.5000000000000004 2.0000000000000004 1.0000000180025095e-35 4.5000000000000009 1.0000000180025095e-35 2.0000000000000004 1.0000000180025095e-35
decision_type=2 2 2 2 10 8 2 2 2 2 2 2 2 8 2 2 2 2 2 2 8 2 2 2 2 2 2 2 2 2 2 2 2 2 2 2 2 2 2 2 2 2 2 2 2 2 2 2 2 2 8 2 2 2 2 2 2 2 2 8 2 10
left_child=3 2 4 9 20 -4 7 25 12 32 16 -11 34 -6 15 -14 35 33 -18 49 -2 -22 -21 24 -19 -5 27 -12 -29 36 -17 51 -1 53 -7 48 43 -38 46 -26 -41 -31 -43 -15 45 -45 -23 -24 -9 -3 -40 -25 -49 -8 56 57 -52 -56 -57 61 -48 -51
right_child=1 19 5 6 13 8 17 10 -10 11 26 -13 14 29 -16 30 18 23 -20 22 21 38 47 31 39 -27 -28 28 -30 41 -32 -33 -34 -35 -36 -37 37 -39 50 40 -42 42 -44 44 -46 -47 60 52 -50 59 54 -53 -54 -55 55 58 -58 -59 -60 -61 -62 -63
leaf_value=0.0023152492661029102 0.00087181732477752908 -0.0047319051158468198 -0.00049501310235687665 0.055170417828485377 -0.0072710658000274143 0.039231656357645993 0.099053647497604647 0.074799803406000148 0.070817093544148946 0.071242173414292009 0.037973551314186171 0.031920437938830953 0.017759949298299573 0.0057940315328199763 0.072853174077739058 0.039790508858501342 0.099538542057682838 0.10801421514263861 0.078246461444451854 -0.0042638217012922301 0.00086029308761671655 -0.0066212426630720012 0.0024188108150573341 0.092453671181151137 0.099377881288528452 0.016905440982769838 0.086312506596247354 0.039447950507469833 0.076943702294546015 0.0020185619941912591 0.063716975171515283 0.12510714158415795 0.031317516581155357 0.0647056967847877 0.0062873271971263679 0.08398296760546195 0.05323229886481487 0.023617527741938829 0.0026986597584826607 0.087882279911462011 0.062427132248523691 0.030155882170918039 -0.00024775053773607526 0.037585712632253056 0.046849739879369738 0.0083206424716769211 -0.0041134447203544176 0.00046133412829329887 0.047619471845350099 -0.0043011381661891938 0.015460629311992841 0.11425672634318472 0.020794710443665584 0.072353121377527724 0.0025046737597289462 0.033462704363323395 0.040476206477199288 0.016004465614068545 0.0098472225635002075 -0.0038081175201816753 0.019070273125544192 0.00022239618999068088
leaf_weight=40 1404 12219 28 20 33 25 29 25 93 29 27 47 27 33 38 52 82 27 79 238 388 62 170 88 20 22 24 21 51 48 47 20 25 45 22 37 36 50 70 34 42 49 21 21 25 41 23 31 28 625 51 25 75 20 108 42 28 84 24 9665 44 1085
leaf_count=40 1404 12219 28 20 33 25 29 25 93 29 27 47 27 33 38 52 82 27 79 238 388 62 170 88 20 22 24 21 51 48 47 20 25 45 22 37 36 50 70 34 42 49 21 21 25 41 23 31 28 625 51 25 75 20 108 42 28 84 24 9665 44 1085
internal_value=-9.23855e-06 -0.00243021 0.0100039 0.0723931 0.0052807 0.0482018 0.07992 0.0720649 0.052687 0.0315024 0.076213 0.0469248 0.044696 0.0193824 0.0506814 0.0439946 0.0822882 0.0892564 0.0890909 -0.00398628 0.0031182 0.00653153 0.00188777 0.0937827 0.0854787 0.0351269 0.0638156 0.0583618 0.0660074 0.0220971 0.0511495 0.101462 0.01347 0.0769295 0.0238109 0.070119 0.0271366 0.0360144 0.0106368 0.0791406 0.073815 0.0132994 0.0210348 0.0207741 0.0264562 0.018233 0.00258888 0.0071924 0.0604404 -0.00411425 0.0131877 0.0972774 0.0148482 0.0881555 0.0153664 0.0126227 0.0243269 0.00841083 0.0248753 -0.00345076 0.0111117 -0.00143094
internal_weight=28032 27125 3017 907 2685 332 766 416 304 141 374 76 211 357 164 126 251 350 161 24108 2328 924 514 256 123 42 123 99 72 324 99 133 65 94 47 90 206 86 536 96 76 118 70 120 87 62 129 276 53 23594 407 113 106 49 337 258 79 192 66 11375 67 1710
internal_count=28032 27125 3017 907 2685 332 766 416 304 141 374 76 211 357 164 126 251 350 161 24108 2328 924 514 256 123 42 123 99 72 324 99 133 65 94 47 90 206 86 536 96 76 118 70 120 87 62 129 276 53 23594 407 113 106 49 337 258 79 192 66 11375 67 1710
is_linear=0
shrinkage=0.05


Tree=21
num_leaves=63
num_cat=0
split_feature=101 101 113 15 103 112 12 113 12 58 101 101 111 15 65 16 11 112 114 61 58 101 16 70 114 114 48 43 17 114 24 16 14 111 16 58 113 43 114 9 110 42 102 91 66 8 22 85 46 114 22 72 46 43 67 77 113 110 30 66 18 9
split_gain=1773.8 189.46 196.497 100.776 29.5583 26.1776 20.28 23.0105 15.8994 14.1557 10.1688 10.0105 9.6086 9.52174 8.77741 8.53803 6.54191 6.44396 7.76609 7.6986 5.98279 5.87691 10.553 8.11782 5.5375 5.44795 5.57102 5.3801 5.10188 4.67151 4.66907 4.89251 4.80999 4.65616 5.1942 7.60392 4.63785 4.58494 4.58294 4.25192 4.16101 3.85704 3.68233 3.63704 3.59268 3.14051 3.12515 3.09225 3.21214 3.08874 5.31482 3.70736 3.71893 3.29212 3.04305 3.04012 2.98256 3.44773 2.85012 2.78192 2.77039 5.50566
threshold=1.5000000000000002 1.0000000180025095e-35 3.5000000000000004 3.0000000000000004 1.0000000180025095e-35 1.0000000180025095e-35 1.0000000180025095e-35 2.5000000000000004 1.0000000180025095e-35 3.0000000000000004 2.5000000000000004 2.5000000000000004 1.0000000180025095e-35 3.0000000000000004 2.0000000000000004 2.5000000000000004 1.0000000180025095e-35 1.0000000180025095e-35 2.5000000000000004 3.5000000000000004 3.0000000000000004 3.5000000000000004 2.5000000000000004 2.0000000000000004 12.500000000000002 15.500000000000002 3.0000000000000004 2.0000000000000004 3.0000000000000004 12.500000000000002 2.5000000000000004 3.5000000000000004 4.0000000000000009 1.5000000000000002 4.5000000000000009 3.0000000000000004 3.5000000000000004 2.0000000000000004 15.500000000000002 2.5000000000000004 10.750000000000002 2.0000000000000004 inf 2.0000000000000004 2.0000000000000004 2.0000000000000004 3.0000000000000004 -1.4999999999999998 2.0000000000000004 13.500000000000002 3.0000000000000004 3.5000000000000004 2.0000000000000004 2.0000000000000004 2.5000000000000004 2.5000000000000004 1.5000000000000002 70.250000000000014 2.0000000000000004 2.0000000000000004 1.5000000000000002 1.0000000180025095e-35
decision_type=2 2 2 2 10 8 2 2 2 2 2 2 10 2 2 2 2 8 2 2 2 2 2 2 2 2 2 2 2 2 2 2 2 10 2 2 2 2 2 2 10 2 8 2 2 2 2 2 2 2 2 2 2 2 2 2 2 10 2 2 2 2
left_child=1 16 4 9 17 -4 7 24 13 29 25 -11 39 37 15 -15 42 58 -19 -20 -18 22 -8 38 -5 26 -9 -25 55 -2 -12 32 -32 34 35 -21 -22 -7 45 41 -14 47 56 44 -33 -23 -28 48 -6 50 51 -24 -53 -51 -34 -17 -1 -58 -3 -35 61 -49
right_child=3 2 5 6 12 8 21 10 -10 11 30 -13 40 14 -16 28 20 18 19 33 36 23 49 27 -26 -27 46 -29 -30 -31 31 43 54 59 -36 -37 -38 -39 -40 -41 -42 -43 -44 -45 -46 -47 -48 60 -50 53 -52 52 -54 -55 -56 -57 57 -59 -60 -61 -62 -63
leaf_value=-0.0039645079821142527 0.0021994870528578756 -0.00017148591101626913 -0.00047026241996458599 0.052411895381519573 0.011016026662813651 0.037270073831081392 0.047698093254281128 0.036074873570706351 0.067276239351830094 0.030324416171680108 0.058112785048209707 0.067680065282459914 -0.0049894126589005855 0.016871950909909277 0.06921051632809011 0.023112239972466517 -0.0035800368200207865 0.00081727856808562873 0.0068003299487460122 0.013644184612415053 0.0017762352958802256 0.1053420738875866 0.11287588697412741 0.091424834231535593 0.016060168753293427 0.081996881371984881 0.055341193840528526 0.058871541510928764 0.06053112659385388 0.029751640874892474 0.050166279512147111 0.067182125635445122 0.086656502751927628 -0.0055947095900773999 0.00787591499869119 0.051369431330000652 0.015545844835791701 0.0059729607352478941 0.11978645854526096 0.00061536243185400963 0.019125996909483717 0.016415553584179132 -0.004719830536742904 0.10159022609392804 0.087403981078688686 0.081075933668762451 0.077438821457326418 0.038589685934407286 0.035499370594819384 0.084217545087054632 0.069122252116600669 0.10396385497373084 0.077240412818888826 0.064861728262289295 0.063914811580131445 0.047751422971487045 -0.0025671807312204532 0.01823113024234772 0.0059046878636657418 0.01900863297007702 0.044418710106756631 0.0081568321294110749
leaf_weight=9419 40 1173 28 20 37 25 23 27 93 47 26 29 53 27 38 21 258 388 411 22 155 30 23 30 22 24 48 22 47 25 21 30 38 20 22 34 101 22 27 20 27 93 8781 30 82 24 24 42 21 59 24 23 30 35 24 31 5374 20 231 27 41 23
leaf_count=9419 40 1173 28 20 37 25 23 27 93 47 26 29 53 27 38 21 258 388 411 22 155 30 23 30 22 24 48 22 47 25 21 30 38 20 22 34 101 22 27 20 27 93 8781 30 82 24 24 42 21 59 24 23 30 35 24 31 5374 20 231 27 41 23
internal_value=-8.77659e-06 -0.0023087 0.00950367 0.0687735 0.00501667 0.0457917 0.075924 0.0684616 0.0500526 0.0299272 0.0724024 0.0445785 0.0184133 0.0424612 0.0481473 0.0417949 -0.00378696 0.00296229 0.00620496 0.010105 0.00179338 0.0847936 0.0797213 0.0930695 0.0333705 0.0606248 0.0554437 0.0776523 0.0485921 0.0127965 0.0781738 0.080492 0.0708481 0.0209707 0.0284616 0.0365488 0.00720878 0.0226204 0.102967 0.0228216 0.00314954 0.0245497 -0.00390853 0.0861289 0.0819874 0.0945571 0.0627071 0.0291623 0.0198807 0.0835178 0.0896346 0.0961122 0.0888374 0.0770106 0.0778533 0.037801 -0.0034276 -0.00249006 0.000828226 0.00853913 0.034241 0.0278211
internal_weight=28032 27125 3017 907 2685 332 766 416 304 141 374 76 357 211 164 126 24108 2328 924 536 514 350 217 133 42 123 99 52 99 65 251 225 83 125 78 56 256 47 81 277 80 257 23594 142 112 54 72 164 58 194 100 76 53 94 62 52 14813 5394 1404 47 106 65
internal_count=28032 27125 3017 907 2685 332 766 416 304 141 374 76 357 211 164 126 24108 2328 924 536 514 350 217 133 42 123 99 52 99 65 251 225 83 125 78 56 256 47 81 277 80 257 23594 142 112 54 72 164 58 194 100 76 53 94 62 52 14813 5394 1404 47 106 65
is_linear=0
shrinkage=0.05


Tree=22
num_leaves=63
num_cat=0
split_feature=101 101 113 15 103 111 113 94 106 58 94 16 101 111 16 79 114 114 54 101 11 113 111 114 61 101 68 16 113 63 65 104 114 110 43 9 103 111 15 110 80 94 114 11 42 114 56 66 65 66 8 114 44 114 85 106 14 41 48 94 66 94
split_gain=1600.85 170.988 177.338 90.95 26.6763 22.2557 18.4253 16.6762 14.4256 12.7755 11.2088 9.1318 9.03446 8.67176 8.21778 9.42754 8.01721 6.97821 6.89791 6.38949 5.90408 5.53323 5.29862 8.86205 7.72498 5.2856 7.24529 5.0569 5.00932 9.76273 4.78876 4.64444 4.21604 4.03864 3.94078 3.83736 3.83062 5.02899 4.03698 3.75531 3.71683 3.65138 4.50859 3.56277 3.48098 3.33502 3.19119 3.00509 2.98537 2.86793 4.31805 3.49943 3.07549 3.79488 2.79076 2.98952 2.76231 2.69539 4.2826 2.60373 2.60283 2.52919
threshold=1.5000000000000002 1.0000000180025095e-35 3.5000000000000004 3.0000000000000004 1.0000000180025095e-35 2.5000000000000004 2.5000000000000004 2.0000000000000004 1.0000000180025095e-35 3.0000000000000004 2.0000000000000004 3.5000000000000004 2.5000000000000004 1.0000000180025095e-35 3.5000000000000004 2.0000000000000004 19.500000000000004 15.500000000000002 2.0000000000000004 2.5000000000000004 1.0000000180025095e-35 2.5000000000000004 1.0000000180025095e-35 9.5000000000000018 3.5000000000000004 2.5000000000000004 2.0000000000000004 4.5000000000000009 4.5000000000000009 2.5000000000000004 2.0000000000000004 4.5000000000000009 12.500000000000002 57.250000000000007 2.0000000000000004 2.5000000000000004 1.0000000180025095e-35 1.5000000000000002 3.0000000000000004 10.750000000000002 2.0000000000000004 4.0000000000000009 15.500000000000002 2.0000000000000004 2.0000000000000004 2.5000000000000004 3.0000000000000004 2.0000000000000004 2.0000000000000004 2.0000000000000004 2.0000000000000004 14.500000000000002 2.0000000000000004 12.500000000000002 -1.4999999999999998 1.0000000180025095e-35 4.0000000000000009 3.5000000000000004 3.0000000000000004 4.0000000000000009 2.0000000000000004 2.0000000000000004
decision_type=2 2 2 2 10 10 2 2 2 2 2 2 2 10 2 2 2 2 2 2 2 2 10 2 2 2 2 2 2 2 2 2 2 10 2 2 10 10 2 10 2 2 2 2 2 2 2 2 2 2 2 2 2 2 2 2 2 2 2 2 2 2
left_child=1 20 4 9 22 10 8 17 -5 32 18 -7 -11 35 15 -9 41 28 -4 48 45 -22 23 46 31 43 -27 -26 29 -8 34 -25 -2 40 -31 44 -23 38 -38 -15 59 -12 -43 -17 54 -1 47 -3 60 51 56 -21 53 -52 55 -6 -51 -46 -59 -24 -16 -40
right_child=3 2 5 6 13 11 7 14 -10 12 16 -13 -14 39 19 25 -18 -19 -20 49 21 36 33 24 27 26 -28 -29 -30 30 -32 -33 -34 -35 -36 -37 37 -39 61 -41 -42 42 -44 -45 57 -47 -48 -49 -50 50 52 -53 -54 -55 -56 -57 -58 58 -60 -61 -62 -63
leaf_value=-0.0042866632902702224 0.0020895125495735559 0.026903328193085538 0.050085653921427289 0.016587086677551269 0.0082926996773289106 0.0025184833211824298 0.077551014950642219 0.047210354527289222 0.066027364895368618 0.028808195183568815 0.063025154496486088 0.040581521090979761 0.064296061725452033 -0.0047399420712916362 0.057293415974293438 0.078078369520328664 0.078941906009401597 0.078753226576372987 0.02312605139628357 0.0899373047255181 -0.004414074933806131 -0.0033414498796757266 0.0045522810581267639 -0.013993553648747149 0.036430841408825174 0.1057701214001729 0.07591333212631364 0.0074821190739219837 0.07084469050582913 0.045314381143876488 0.06214607875286178 0.010607501326563039 0.028264058582484725 0.017481441962483683 0.018671736704266591 0.00058459443040192137 -0.0023703835565935484 0.001725466646880747 0.010178495262516664 0.018169697339612028 -0.001467463635889769 0.034446080366885942 0.057212233818559492 0.05390464214874166 0.0048838942673885164 -0.0030969937543947621 -0.0012893831440761909 0.0014730479281682236 0.089297495961189272 0.11686537540875948 0.070511199370292682 0.064382538323601093 0.10358182539542515 0.095207173696586073 0.032528905711084043 0.031050077991353144 0.093587980866432191 0.0056962080866746279 0.03363180020276238 -0.0025826592810260945 0.076628695638931321 0.027635927675134044
leaf_weight=12219 40 21 46 25 31 40 26 33 36 47 49 26 29 53 28 27 35 48 49 37 215 79 709 21 48 26 93 22 45 35 22 222 25 38 23 20 22 107 32 27 797 43 44 35 36 11375 268 26 25 26 35 21 21 28 106 27 25 23 34 156 46 59
leaf_count=12219 40 21 46 25 31 40 26 33 36 47 49 26 29 53 28 27 35 48 49 37 215 79 709 21 48 26 93 22 45 35 22 222 25 38 23 20 22 107 32 27 797 43 44 35 36 11375 268 26 25 26 35 21 21 28 106 27 25 23 34 156 46 59
internal_value=-8.33777e-06 -0.00219327 0.00902849 0.0653348 0.00476583 0.0435021 0.0721278 0.0744089 0.045765 0.0284309 0.0499505 0.017513 0.0423496 0.0174926 0.0792314 0.0717882 0.0576007 0.0621465 0.0361802 0.0846863 -0.00359762 0.00170371 0.00281418 0.00673886 0.0126974 0.0762693 0.0824367 0.0273327 0.0568676 0.0509339 0.0422833 0.00848148 0.0121566 0.00136435 0.0347492 0.0216805 0.00610279 0.00949413 0.0168503 0.00299206 0.000995851 0.0521085 0.04596 0.0644319 0.0233222 -0.00371311 0.000818141 0.0128355 0.0743593 0.0899835 0.0939786 0.0806847 0.0870108 0.0814872 0.0277042 0.0188867 0.105455 0.0155948 0.0223595 0.00326552 0.0693126 0.0214971
internal_weight=28032 27125 3017 907 2685 332 766 705 61 141 266 66 76 357 506 214 171 199 95 292 24108 514 2328 628 313 181 119 70 151 106 80 243 65 1700 58 277 299 220 113 80 1662 136 87 62 257 23594 315 47 99 193 135 58 84 63 164 58 51 93 57 865 74 91
internal_count=28032 27125 3017 907 2685 332 766 705 61 141 266 66 76 357 506 214 171 199 95 292 24108 514 2328 628 313 181 119 70 151 106 80 243 65 1700 58 277 299 220 113 80 1662 136 87 62 257 23594 315 47 99 193 135 58 84 63 164 58 51 93 57 865 74 91
is_linear=0
shrinkage=0.05


Tree=23
num_leaves=63
num_cat=0
split_feature=100 100 113 15 103 111 12 113 58 94 94 94 16 100 111 106 114 94 54 8 11 100 16 68 114 51 104 111 114 61 8 48 42 20 114 70 46 48 103 111 114 1 72 25 16 114 113 106 41 63 100 94 114 103 65 51 61 43 106 114 51 114
split_gain=1444.77 154.317 160.048 82.0824 24.0754 20.0858 17.577 18.9202 11.5299 10.1159 8.7496 8.48089 8.24145 8.1536 7.96074 7.86408 7.23553 6.54491 6.22536 5.70583 5.32843 5.27511 5.25951 5.71859 5.2196 5.1911 5.16094 6.34625 4.73131 4.49373 4.48387 4.45338 4.42051 4.225 3.95386 3.90222 3.84582 6.50819 3.58572 3.91943 3.65547 3.5532 3.54251 3.49375 5.20489 4.337 3.4527 4.12025 3.38373 3.97712 3.3362 3.29537 4.06901 3.23905 3.11332 2.91838 3.05363 2.84526 2.69116 3.12255 2.88049 2.68349
threshold=2024.5000000000002 2025.5000000000002 3.5000000000000004 3.0000000000000004 1.0000000180025095e-35 2.5000000000000004 1.0000000180025095e-35 2.5000000000000004 3.0000000000000004 2.0000000000000004 2.0000000000000004 4.0000000000000009 3.5000000000000004 2023.5000000000002 6.5000000000000009 1.0000000180025095e-35 19.500000000000004 4.0000000000000009 2.0000000000000004 2.0000000000000004 1.0000000180025095e-35 2023.5000000000002 3.5000000000000004 2.0000000000000004 15.500000000000002 2.5000000000000004 7.5000000000000009 6.5000000000000009 12.500000000000002 3.5000000000000004 2.0000000000000004 3.0000000000000004 2.0000000000000004 2.5000000000000004 11.500000000000002 2.0000000000000004 2.0000000000000004 3.0000000000000004 inf 1.5000000000000002 16.500000000000004 1.0000000180025095e-35 3.5000000000000004 2.5000000000000004 2.5000000000000004 13.500000000000002 4.5000000000000009 1.0000000180025095e-35 3.5000000000000004 2.5000000000000004 2023.5000000000002 4.0000000000000009 15.500000000000002 inf 2.0000000000000004 1.0000000180025095e-35 3.5000000000000004 2.0000000000000004 1.0000000180025095e-35 5.5000000000000009 1.5000000000000002 14.500000000000002
decision_type=2 2 2 2 10 10 2 2 2 2 2 2 2 2 8 2 2 2 2 2 2 2 2 2 2 2 2 10 2 2 2 2 2 2 2 2 2 2 8 10 2 2 2 2 2 2 2 2 2 2 2 2 2 8 2 2 2 2 2 2 2 2
left_child=3 2 4 8 26 9 7 28 33 18 24 19 -7 -10 -6 50 51 30 -4 -12 53 -21 23 -19 46 -22 55 29 -5 41 57 54 36 -1 -31 -36 43 -38 39 40 -27 58 -25 -16 45 -45 47 -9 -34 -50 -13 -11 -53 -3 -24 56 61 -8 60 -60 -28 -2
right_child=1 20 5 6 14 12 17 10 13 16 11 15 -14 -15 32 -17 -18 22 -20 21 25 -23 31 42 -26 38 27 -29 -30 34 -32 -33 48 -35 35 -37 37 -39 -40 -41 -42 -43 -44 44 -46 -47 -48 -49 49 -51 -52 52 -54 -55 -56 -57 -58 -59 59 -61 -62 -63
leaf_value=-0.0045756946206092835 0.0025004852361775734 -0.0030763975127124131 0.04758137119377194 0.047355137690901758 -0.0067772952952619763 0.0023925596324261278 0.08596602801618905 0.053452055812591603 0.061081258592934444 0.059873895947726408 0.09757245300394117 0.073529068685011634 0.038552444474771623 0.027367786111983851 0.0037850409746170047 0.034136796183884148 0.074994811287948063 0.093798507970792283 0.021969748824378667 0.081792742022944079 -0.0037925562735239998 0.056531741554217953 0.079541299915449185 0.086475286781787883 0.075481175507108367 0.009064355099650279 0.017648846374170201 0.0021799805918869659 0.013753620619800958 0.0075293323679550272 0.054100012410846027 0.10956168494187296 0.0010594138099501531 0.021626630653627216 0.044223788979908696 0.016197520404778145 0.047701064083311297 0.01981975141912699 -0.0062951631368474764 0.0025221653282642368 0.028187097023290239 -0.0045705807326292553 0.062824831077044729 0.033603899908207717 0.042151295691728596 0.0056617914381005413 0.063225074484944341 0.028948042792235985 0.03650064933158103 0.010493326430418054 0.053904449287801984 0.032723775423716669 0.054351622530851851 -0.0042883513945237255 0.099535751521587376 -0.0019762594658636191 0.012892549484968187 0.061452001685975123 0.0033231355622410775 0.020201757848905079 0.0019017921590798155 -0.015054190709539082
leaf_weight=25 407 14813 46 20 33 40 29 42 29 49 33 67 26 47 33 22 35 27 49 62 238 31 88 20 24 73 37 751 22 37 45 20 48 40 23 27 36 50 47 118 38 54 76 21 25 41 32 29 21 49 32 43 44 8781 25 638 69 20 40 87 135 23
leaf_count=25 407 14813 46 20 33 40 29 42 29 49 33 67 26 47 33 22 35 27 49 62 238 31 88 20 24 73 37 751 22 37 45 20 48 40 23 27 36 50 47 118 38 54 76 21 25 41 32 29 21 49 32 43 44 8781 25 638 69 20 40 87 135 23
internal_value=-7.92086e-06 -0.0020836 0.00857707 0.0620681 0.00452754 0.041327 0.0685214 0.0615741 0.0270093 0.047453 0.0651475 0.0706313 0.0166374 0.0402321 0.016618 0.0611769 0.0547207 0.0767788 0.0343712 0.0797105 -0.00341774 0.0733724 0.0809219 0.0734695 0.0544821 0.00161853 0.00267347 0.00497368 0.0297543 0.009742 0.0654953 0.087814 0.0190008 0.0115488 0.0199203 0.0290896 0.023421 0.031491 0.0062846 0.00886648 0.0156109 0.00723347 0.067752 0.0176375 0.0228919 0.0151261 0.0495891 0.0434434 0.0112842 0.0182955 0.0671858 0.049503 0.043662 -0.00352745 0.0839649 0.000264014 0.00312833 0.0759603 0.00936531 0.0148857 0.00528924 0.00156151
internal_weight=28032 27125 3017 907 2685 332 766 416 141 266 374 247 66 76 357 121 171 350 95 126 24108 93 256 123 127 514 2328 1191 42 440 94 133 324 65 87 50 206 86 276 229 111 353 96 120 87 62 103 71 118 70 99 136 87 23594 113 1137 499 49 299 127 172 430
internal_count=28032 27125 3017 907 2685 332 766 416 141 266 374 247 66 76 357 121 171 350 95 126 24108 93 256 123 127 514 2328 1191 42 440 94 133 324 65 87 50 206 86 276 229 111 353 96 120 87 62 103 71 118 70 99 136 87 23594 113 1137 499 49 299 127 172 430
is_linear=0
shrinkage=0.05


Tree=24
num_leaves=63
num_cat=0
split_feature=101 101 113 15 103 112 12 113 12 58 113 101 111 101 94 94 94 112 114 61 11 16 68 113 69 94 114 8 69 114 20 114 57 58 61 9 43 103 111 15 113 62 114 94 104 42 102 111 106 70 67 43 43 9 85 106 18 9 58 69 30 109
split_gain=1303.9 139.271 144.443 74.0793 21.728 20.1776 15.8633 17.0755 13.0117 10.4058 8.1903 8.00344 7.37897 7.35862 5.90678 5.78547 5.56674 4.97785 6.05614 6.11952 4.80891 4.74671 5.16102 4.72771 4.63381 9.07738 4.27 4.04669 4.01917 3.89443 3.81306 3.73519 3.69645 3.58079 3.57766 3.39076 3.38473 3.25118 4.17619 3.46824 3.13642 3.09524 2.93086 2.89396 2.89267 2.81108 2.74638 2.9206 2.66837 2.57327 3.54994 2.56784 2.56706 2.52787 2.45977 2.67922 2.53377 4.91484 2.43683 2.31606 2.26869 2.22101
threshold=1.5000000000000002 1.0000000180025095e-35 3.5000000000000004 3.0000000000000004 1.0000000180025095e-35 1.0000000180025095e-35 1.0000000180025095e-35 2.5000000000000004 1.0000000180025095e-35 3.0000000000000004 4.5000000000000009 2.5000000000000004 1.0000000180025095e-35 2.5000000000000004 4.0000000000000009 2.0000000000000004 4.0000000000000009 1.0000000180025095e-35 2.5000000000000004 3.5000000000000004 1.0000000180025095e-35 3.5000000000000004 2.0000000000000004 2.5000000000000004 3.0000000000000004 2.0000000000000004 12.500000000000002 2.0000000000000004 3.0000000000000004 16.500000000000004 2.5000000000000004 12.500000000000002 4.0000000000000009 3.0000000000000004 3.5000000000000004 2.5000000000000004 2.0000000000000004 1.0000000180025095e-35 1.5000000000000002 3.0000000000000004 2.5000000000000004 2.5000000000000004 2.5000000000000004 2.0000000000000004 4.5000000000000009 2.0000000000000004 1.0000000180025095e-35 1.0000000180025095e-35 1.0000000180025095e-35 2.0000000000000004 2.5000000000000004 2.0000000000000004 2.0000000000000004 2.5000000000000004 -1.4999999999999998 1.0000000180025095e-35 1.5000000000000002 1.0000000180025095e-35 3.0000000000000004 3.0000000000000004 2.0000000000000004 49.500000000000007
decision_type=2 2 2 2 10 8 2 2 2 2 2 2 10 2 2 2 2 8 2 2 2 2 2 2 2 2 2 2 2 2 2 2 2 2 2 2 2 10 10 2 2 2 2 2 2 2 8 10 2 2 2 2 2 2 2 2 2 2 2 2 2 10
left_child=1 20 4 9 17 -4 7 26 10 30 29 24 35 -11 27 31 41 48 -19 44 42 22 -16 -22 -9 -26 -5 51 49 33 -2 36 -21 -7 -12 45 -13 -25 39 -39 -14 -17 -1 -35 -20 54 47 -44 61 -23 -51 -8 -47 -34 55 -6 57 -56 -48 -10 -50 -3
right_child=3 2 5 6 12 8 14 11 59 13 34 15 40 -15 21 16 -18 18 19 32 23 28 -24 37 25 -27 -28 -29 -30 -31 -32 -33 53 43 -36 -37 -38 38 -40 -41 -42 -43 46 -45 -46 52 58 -49 60 50 -52 -53 -54 -55 56 -57 -58 -59 -60 -61 -62 -63
leaf_value=-0.0038887593256175025 -0.0043469094187021254 -0.0014341406199479974 -0.0013550062131668841 0.044987380630336707 0.0068240294293049845 0.04070676811768309 0.081667726050163147 0.035075915171182713 0.062844041859110203 0.025999396071432437 0.035944191467117623 0.061718764960765837 -0.0050544441001964553 0.058027194954197982 0.089108582641239525 0.092011852610187655 0.063213700900160819 0.00063209148680733662 -0.0042580774147063499 0.010775340060312031 -0.0041173711349797807 0.087245382891412371 0.064364408643450596 -0.0030967873014226747 0.031537953048944474 0.066915598968890586 0.013065939468585634 0.051395011584067507 0.10408360144123435 0.045871412350485724 0.020545299644581974 0.069048404572783301 0.037605367585145419 0.0064346508994217845 0.056367430549261036 -0.00018013474997133016 0.03640708926333381 -0.0023836592042987999 0.0016488221447880022 0.019738719790437065 0.015539890142350361 0.072560140334589546 -0.003649052503705025 0.026288085455178391 0.0076217881742164364 0.0042553234926584228 -0.0035567424061096844 0.00064185352575394424 0.0019099573222027249 0.055902133811087842 0.081905575990676882 0.058379402938298887 0.021154134202409875 0.016236063718795778 0.033695663237899902 0.028367971656499087 0.039394267334988936 0.0049420300223257238 -0.0017193585406152572 0.043972347428401309 0.01036103267952339 0.015423102900385857
leaf_weight=12219 25 849 28 20 31 23 29 32 72 47 37 25 51 29 27 39 79 388 60 69 215 57 96 79 25 66 22 45 20 24 40 37 31 31 51 20 28 22 107 91 29 43 625 45 351 38 7264 1085 438 21 35 20 55 25 42 27 41 23 2401 21 97 20
leaf_count=12219 25 849 28 20 31 23 29 32 72 47 37 25 51 29 27 39 79 388 60 69 215 57 96 79 25 66 22 45 20 24 40 37 31 31 51 20 28 22 107 91 29 43 625 45 351 38 7264 1085 438 21 35 20 55 25 42 27 41 23 2401 21 97 20
internal_value=-7.52475e-06 -0.00197942 0.00814821 0.0589646 0.00430116 0.0392606 0.0650953 0.0584954 0.0430016 0.0256589 0.036134 0.0618901 0.0157871 0.0382205 0.0729398 0.0670103 0.0726859 0.00253979 0.00538981 0.00883382 -0.00324685 0.0768758 0.0697961 0.0015376 0.0514415 0.0571965 0.0282666 0.0622205 0.0834233 0.0278017 0.0109714 0.0568573 0.0185213 0.0234211 0.0477804 0.0196502 0.0483466 0.00560388 0.00872821 0.0154317 0.002411 0.0818116 -0.00335108 0.01819 0.0058875 0.0211934 -0.0027735 -0.00092646 0.000664144 0.0797666 0.0721543 0.0721623 0.0142492 0.0280655 0.0251313 0.0168531 0.0296608 0.0235213 -0.0031003 0.0585827 0.00344221 -0.00104617
internal_weight=28032 27125 3017 907 2685 332 766 416 304 141 211 374 357 76 350 251 161 2328 924 536 24108 256 123 514 123 91 42 94 133 123 65 90 125 99 88 277 53 299 220 113 80 82 23594 76 411 257 11375 1710 1404 113 56 49 93 56 164 58 106 65 9665 93 535 869
internal_count=28032 27125 3017 907 2685 332 766 416 304 141 211 374 357 76 350 251 161 2328 924 536 24108 256 123 514 123 91 42 94 133 123 65 90 125 99 88 277 53 299 220 113 80 82 23594 76 411 257 11375 1710 1404 113 56 49 93 56 164 58 106 65 9665 93 535 869
is_linear=0
shrinkage=0.05


Tree=25
num_leaves=63
num_cat=0
split_feature=100 100 15 11 16 104 52 85 16 97 42 112 112 104 113 56 113 114 114 47 16 114 100 109 63 114 85 113 68 46 8 44 104 58 66 100 68 28 40 87 28 114 54 62 57 17 102 16 67 49 41 102 63 64 27 114 58 112 41 40 94 0
split_gain=1197.45 121.362 114.395 53.6261 27.5895 21.7594 19.6354 15.7634 9.49832 7.9561 7.404 6.8726 6.84541 7.16886 8.16879 6.74495 6.38122 6.37332 5.65787 7.06522 7.00787 4.69167 4.50805 4.43246 4.42265 4.38964 5.16072 4.21355 5.07525 4.04773 3.94109 6.28781 3.81005 4.12368 3.8087 6.89179 4.69349 4.30876 4.03938 3.93916 4.00019 4.64964 3.67657 4.93349 3.67437 3.55851 3.13578 3.11268 3.08779 3.3828 3.08328 3.00976 3.00601 2.91248 2.81415 2.75986 2.73704 4.01875 3.63071 2.59326 2.57872 2.48613
threshold=2024.5000000000002 2025.5000000000002 3.0000000000000004 1.0000000180025095e-35 2.5000000000000004 5.5000000000000009 3.0000000000000004 4.0000000000000009 3.5000000000000004 1.5000000000000002 2.0000000000000004 inf 1.0000000180025095e-35 5.5000000000000009 1.5000000000000002 3.0000000000000004 2.5000000000000004 11.500000000000002 14.500000000000002 2.0000000000000004 2.5000000000000004 11.500000000000002 2023.5000000000002 65.500000000000014 2.5000000000000004 4.5000000000000009 4.0000000000000009 4.5000000000000009 2.0000000000000004 2.0000000000000004 2.0000000000000004 2.0000000000000004 7.5000000000000009 3.0000000000000004 2.0000000000000004 2022.5000000000002 2.0000000000000004 2.0000000000000004 3.5000000000000004 1.0000000180025095e-35 2.0000000000000004 11.500000000000002 2.0000000000000004 2.5000000000000004 4.0000000000000009 3.0000000000000004 inf 2.5000000000000004 2.5000000000000004 4.0000000000000009 3.5000000000000004 1.0000000180025095e-35 2.5000000000000004 2.5000000000000004 2.0000000000000004 13.500000000000002 3.0000000000000004 1.0000000180025095e-35 3.5000000000000004 3.5000000000000004 4.0000000000000009 2.5000000000000004
decision_type=2 2 2 2 2 2 2 2 2 2 2 8 8 2 2 2 2 2 2 2 2 2 2 8 2 2 2 2 2 2 2 2 2 2 2 2 2 2 2 2 2 2 2 2 2 2 8 2 2 2 2 8 2 2 2 2 2 10 2 2 2 2
left_child=3 2 12 16 11 -5 10 -6 18 17 22 -4 46 -14 -15 44 -1 -9 19 20 -8 -13 27 -19 -25 -3 51 28 -7 -18 50 -32 -28 47 35 38 37 -36 -10 40 59 -42 43 -22 -16 -41 61 55 49 -26 -23 -27 -52 -35 -17 -34 -56 58 -58 -38 -50 -2
right_child=1 25 4 5 7 6 8 9 34 -11 -12 21 13 14 15 54 29 23 -20 -21 42 30 -24 24 48 26 32 -29 -30 -31 31 -33 33 53 36 -37 39 -39 -40 45 41 -43 -44 -45 -46 -47 -48 -49 60 -51 52 -53 -54 -55 56 -57 57 -59 -60 -61 -62 -63
leaf_value=0.017908770910331183 0.00019278111883917019 -0.0037148853995533958 -0.0074147822155106458 0.014830401659011842 -0.0033053509912199597 0.098936304856430402 0.030490596827843955 0.019896334216550546 0.054863665379317743 0.014064559224061669 0.05597140897404064 -0.0015318712369592575 -0.0023021388528868558 0.003685715669064444 0.020316886091604831 0.016401591499765906 0.054084487369534778 0.026701181408550059 0.063150444516213614 0.02117607262544334 0.076492929735354015 0.045537820289080794 0.06797602663819606 0.061078781364675684 0.062841737549752003 -0.00065463240342533854 -0.0035762195046695451 0.10110284933134128 0.068759650587545421 0.024165066033601763 0.030119433771709309 0.0017633507187660461 -0.0024835999172769098 0.0068150507602526295 0.067229502311637324 0.045990040555544613 0.036630350905470552 0.095128540556877861 0.080683667446966423 0.08929573660311492 0.081649198871234369 0.054206964734828833 0.04665461801763239 0.047739398438268556 0.046564619266428055 0.062044222585856915 -0.012952626962214709 -0.0060749906508135616 0.02358814581055884 0.043571761488631559 0.037482779597242673 -0.0029979296838390625 0.012643348489855899 0.025833097167990426 0.00042212391695515682 0.01070402500679694 0.027611673183652555 -0.0061321503567424692 0.0051642495778299151 0.057843715653699994 0.043910748269912363 0.005384002004630838
leaf_weight=84 1142 12635 31 25 22 22 36 27 28 26 33 26 200 446 40 130 26 28 64 25 35 22 39 49 32 1605 252 38 38 20 34 46 76 237 31 72 25 25 33 23 29 33 58 26 20 25 40 128 27 79 21 9371 29 22 88 83 43 22 31 34 37 289
leaf_count=84 1142 12635 31 25 22 22 36 27 28 26 33 26 200 446 40 130 26 28 64 25 35 22 39 49 32 1605 252 38 38 20 34 46 76 237 31 72 25 25 33 23 29 33 58 26 20 25 40 128 27 79 21 9371 29 22 88 83 43 22 31 34 37 289
internal_value=-8.1166e-06 -0.00189655 0.00754664 0.0558831 0.0285008 0.06074 0.0622267 0.0375698 0.0579892 0.0405182 0.0772323 0.0143116 0.00303783 0.0061855 0.00825566 0.0137054 0.0261064 0.0429834 0.0503817 0.0458417 0.04982 0.0180954 0.0823536 0.045457 0.0478015 -0.00306762 -0.00237302 0.0880752 0.0798244 0.041076 0.0214526 0.0138147 0.00150924 0.00385637 0.0631742 0.0564664 0.0671393 0.0796844 0.0688319 0.0629823 0.0581744 0.0670428 0.0556676 0.0642373 0.0290661 0.0751022 0.000855219 -0.000271492 0.0440839 0.0491271 0.0299393 -0.00265527 0.0230759 0.00843048 0.0107702 0.00440051 0.00679149 0.0126301 0.018208 0.048855 0.0353372 0.00124118
internal_weight=28363 27436 3027 927 536 797 772 327 602 305 170 209 2491 1020 820 374 130 279 244 180 155 178 137 252 224 24409 11774 98 60 46 152 80 798 546 358 133 225 56 61 169 121 62 119 61 60 48 1471 287 175 111 72 10976 50 259 314 159 184 96 74 59 64 1431
internal_count=28363 27436 3027 927 536 797 772 327 602 305 170 209 2491 1020 820 374 130 279 244 180 155 178 137 252 224 24409 11774 98 60 46 152 80 798 546 358 133 225 56 61 169 121 62 119 61 60 48 1471 287 175 111 72 10976 50 259 314 159 184 96 74 59 64 1431
is_linear=0
shrinkage=0.05


Tree=26
num_leaves=63
num_cat=0
split_feature=100 100 15 22 61 104 52 113 61 106 61 48 106 97 42 111 111 111 26 114 114 47 61 68 114 94 66 100 114 100 114 104 103 15 42 114 104 113 68 8 17 76 104 54 62 106 106 114 70 72 94 111 114 61 49 102 42 109 18 52 61 42
split_gain=1080.7 109.529 103.241 48.3975 24.8996 19.6379 17.7209 11.2838 8.57223 9.80004 8.12977 7.21613 6.93554 6.83581 6.68211 6.67921 6.26839 6.20252 6.06324 5.25622 5.10623 6.37636 6.3246 4.89596 4.50282 4.83703 4.33079 4.9841 4.23424 4.06851 3.96164 4.15282 4.55179 3.97362 5.70162 4.70212 3.9179 3.80272 4.58041 3.55683 3.47284 3.47215 3.39969 3.3181 4.45247 3.40137 3.17071 3.15278 3.01849 5.53373 4.30768 2.91915 4.9474 2.79382 2.66451 2.65512 3.1362 2.94127 2.62716 6.90508 2.70487 2.59096
threshold=2024.5000000000002 2025.5000000000002 3.0000000000000004 1.0000000180025095e-35 2.5000000000000004 5.5000000000000009 3.0000000000000004 2.5000000000000004 3.5000000000000004 1.0000000180025095e-35 2.5000000000000004 3.0000000000000004 1.0000000180025095e-35 1.5000000000000002 2.0000000000000004 1.0000000180025095e-35 1.5000000000000002 1.0000000180025095e-35 2.5000000000000004 9.5000000000000018 14.500000000000002 2.0000000000000004 2.5000000000000004 2.0000000000000004 16.500000000000004 4.0000000000000009 2.0000000000000004 2023.5000000000002 11.500000000000002 2023.5000000000002 4.5000000000000009 7.5000000000000009 1.0000000180025095e-35 3.0000000000000004 2.0000000000000004 15.500000000000002 6.5000000000000009 4.5000000000000009 2.0000000000000004 2.0000000000000004 3.0000000000000004 3.5000000000000004 5.5000000000000009 2.0000000000000004 2.5000000000000004 1.0000000180025095e-35 1.0000000180025095e-35 5.5000000000000009 2.0000000000000004 2.5000000000000004 2.0000000000000004 2.5000000000000004 11.500000000000002 4.5000000000000009 4.0000000000000009 1.0000000180025095e-35 2.0000000000000004 10.500000000000002 1.0000000180025095e-35 3.0000000000000004 1.5000000000000002 2.0000000000000004
decision_type=2 2 2 2 2 2 2 2 2 2 2 2 2 2 2 10 10 10 2 2 2 2 2 2 2 2 2 2 2 2 2 2 10 2 2 2 2 2 2 2 2 2 2 2 2 2 2 2 2 2 2 8 2 2 2 8 2 8 2 2 2 2
left_child=3 2 12 10 17 -5 14 15 20 19 18 -12 36 24 29 -6 42 28 -1 -10 21 22 -8 -21 -9 -26 27 53 -4 37 -3 -32 -33 -34 35 -35 47 38 -7 -30 -27 -37 -14 44 -24 -45 -41 -2 49 -44 -50 52 -49 -11 -18 56 -56 -57 59 -38 -61 -53
right_child=1 30 4 5 7 6 8 13 9 26 11 -13 16 -15 -16 -17 54 -19 -20 23 -22 -23 43 -25 25 40 -28 -29 39 -31 31 32 33 34 -36 41 58 -39 -40 46 -42 -43 48 45 -46 -47 -48 51 50 -51 -52 61 -54 -55 55 57 -58 -59 -60 60 -62 -63
leaf_value=0.02442524826201873 -0.0054470252600454152 -0.0035291409577111461 -0.0014552780036095872 0.014088881433010101 0.034458535620942712 0.093989490311254156 0.028966066803938401 0.036057593437199227 0.030659818421635367 0.08078678226098418 0.056374152422462687 0.022922064560024363 -0.0014454572314494536 0.012691489564762874 0.053172838202480116 -0.0039749613175025355 0.011665386616597686 -0.0070440428031067689 -0.0071182556748390193 0.071894782874733207 0.059992921833145377 0.020117269062437118 0.072668283379503665 0.049424903512001045 0.033379146163210728 0.066740568612630544 0.072547346309462468 0.038722984647999212 0.028442307985581769 0.064577224812446501 -0.0031210470225131147 -0.0017365073398497449 -0.00098299011094680686 0.0066052810524148175 -0.0013228413449334247 0.011542861958451826 2.480072466886207e-06 0.096047706117755496 0.065321668222742643 0.025315227877581493 0.045501600362752616 0.035257101860461819 0.038602622862785096 0.05378737399199357 0.045352428177228343 0.028832910594064745 0.0049964341533874782 0.026512104059968677 0.0026685806784024907 0.013844863090843682 0.021571936010521778 -0.0041285838806982512 -0.0044247083055476344 0.054675023683479852 4.5965214570363367e-05 0.0088524549904436169 0.022076956065637726 -0.00065077691826791997 0.0012105551131061873 0.007349456362046149 0.022758786437813851 0.0052184483564148357
leaf_weight=39 336 12635 26 25 20 22 36 149 27 20 28 38 38 22 33 26 89 31 25 32 64 25 35 100 33 39 134 24 72 39 6358 4841 302 99 112 29 146 38 38 32 38 33 31 36 26 22 48 28 84 83 47 194 24 21 30 101 35 420 568 49 68 120
leaf_count=39 336 12635 26 25 20 22 36 149 27 20 28 38 38 22 33 26 89 31 25 32 64 25 35 100 33 39 134 24 72 39 6358 4841 302 99 112 29 146 38 38 32 38 33 31 36 26 22 48 28 84 83 47 194 24 21 30 101 35 420 568 49 68 120
internal_value=-7.71074e-06 -0.00180172 0.00716931 0.0530889 0.0270758 0.057703 0.0591153 0.0356913 0.0550897 0.0600155 0.0248011 0.0371139 0.00288594 0.0394493 0.0733707 0.0127353 0.00622336 0.013596 0.0121036 0.0507606 0.0478626 0.0435496 0.047329 0.0548721 0.0417221 0.049395 0.0674101 0.0568194 0.0171906 0.0782359 -0.00291424 -0.00225437 -0.00123695 0.00296892 0.00734063 0.0133674 0.000800321 0.0836715 0.0758332 0.02038 0.056259 0.024165 0.0124697 0.0528842 0.0610255 0.0443219 0.013124 -0.00194984 0.0146279 0.0205772 0.0094507 0.0012607 0.0122336 0.0674125 0.00360454 0.00238028 0.0119088 0.0011915 0.00312356 0.00725507 0.0163053 -0.00055647
internal_weight=28363 27436 3027 927 536 797 772 327 602 358 130 66 2491 281 170 46 958 209 64 159 244 180 155 132 259 110 199 65 178 137 24409 11774 5416 575 273 161 1533 98 60 152 77 62 283 119 61 58 80 702 245 114 131 366 52 41 675 586 65 521 831 263 117 314
internal_count=28363 27436 3027 927 536 797 772 327 602 358 130 66 2491 281 170 46 958 209 64 159 244 180 155 132 259 110 199 65 178 137 24409 11774 5416 575 273 161 1533 98 60 152 77 62 283 119 61 58 80 702 245 114 131 366 52 41 675 586 65 521 831 263 117 314
is_linear=0
shrinkage=0.05


Tree=27
num_leaves=63
num_cat=0
split_feature=100 100 113 11 104 52 12 62 113 112 104 61 106 61 48 50 42 110 26 114 114 104 68 54 106 79 11 48 111 84 61 106 66 100 100 26 25 114 85 107 113 68 104 114 42 103 54 18 49 106 26 114 68 76 111 114 112 113 61 46 72 49
split_gain=975.331 98.8498 90.8597 43.6788 17.7232 15.9931 12.4792 14.6928 12.4059 11.749 8.74079 7.73644 8.84454 7.33711 6.51255 6.12439 6.0306 5.56939 5.47207 4.7482 4.74374 4.44701 4.4186 4.16714 9.74806 4.70783 4.73392 4.56976 3.92258 7.04032 5.03413 5.12762 3.90854 4.49815 3.67183 3.64388 4.15241 3.57538 4.28309 3.55 3.43196 4.13382 3.167 3.55566 3.7389 4.19528 5.70516 3.12119 3.0665 4.23781 3.00414 2.90148 2.84838 2.75787 2.64462 2.63873 2.5428 2.64044 2.52142 2.45835 2.42152 2.31165
threshold=2024.5000000000002 2025.5000000000002 3.5000000000000004 1.0000000180025095e-35 5.5000000000000009 3.0000000000000004 1.0000000180025095e-35 2.5000000000000004 1.5000000000000002 1.0000000180025095e-35 5.5000000000000009 3.5000000000000004 1.0000000180025095e-35 2.5000000000000004 3.0000000000000004 2.0000000000000004 2.0000000000000004 28.750000000000004 2.5000000000000004 16.500000000000004 9.5000000000000018 6.5000000000000009 2.0000000000000004 2.0000000000000004 1.0000000180025095e-35 2.0000000000000004 2.0000000000000004 3.0000000000000004 5.5000000000000009 1.0000000180025095e-35 3.5000000000000004 1.0000000180025095e-35 2.0000000000000004 2023.5000000000002 2023.5000000000002 2.5000000000000004 2.5000000000000004 4.5000000000000009 4.0000000000000009 6.5000000000000009 4.5000000000000009 2.0000000000000004 7.5000000000000009 13.500000000000002 2.0000000000000004 1.0000000180025095e-35 2.0000000000000004 1.5000000000000002 4.0000000000000009 1.0000000180025095e-35 2.5000000000000004 7.5000000000000009 2.0000000000000004 3.5000000000000004 1.5000000000000002 12.500000000000002 1.0000000180025095e-35 1.5000000000000002 4.5000000000000009 2.0000000000000004 3.5000000000000004 4.0000000000000009
decision_type=2 2 2 2 2 2 2 2 2 8 2 2 2 2 2 2 2 10 2 2 2 2 2 2 2 2 2 2 10 2 2 2 2 2 2 2 2 2 2 8 2 2 2 2 2 10 2 2 2 2 2 2 2 2 10 2 10 2 2 2 2 2
left_child=3 2 8 13 -5 16 7 15 21 -10 54 19 20 18 -15 -4 34 28 -1 23 -13 39 -22 25 -25 -7 -27 -26 30 51 35 -32 33 58 40 36 -12 -3 56 -2 41 -6 -40 -44 45 -45 -47 55 49 -23 -8 -30 -17 -9 -11 -37 -39 -58 -14 -48 -49 -55
right_child=1 37 6 4 5 11 50 53 9 10 17 12 32 14 -16 52 -18 -19 -20 -21 22 48 -24 24 27 26 -28 -29 29 -31 31 -33 -34 -35 -36 47 -38 38 42 -41 -42 -43 43 44 -46 46 59 60 -50 -51 -52 -53 -54 61 -56 -57 57 -59 -60 -61 -62 -63
leaf_value=0.0232039859590049 0.013590406770667723 -0.0033526840241685611 -0.0096560886465013041 0.013384437680244447 0.089290015873583886 0.029874203925061488 0.028648264677308147 0.020779259949922566 0.0024850199986281157 -0.0071030681322400389 0.0085958429581175257 0.029126827142856738 0.076747442632913596 0.053555444983898526 0.021775961284966849 0.029468712780092443 0.050514196469025177 0.040901774186640982 -0.0067623431682586671 0.062235133303329353 0.068300043861381707 0.0023736846192629751 0.046953658546321095 0.049419193207446872 0.03572943701239472 0.069659351776627937 0.044939354721249811 0.0047667098876375425 0.027613162892785943 -0.019336478942600283 0.018147101009694432 0.047913585125428176 0.068919979119256361 0.036786835143963498 0.06134836404011227 0.0034948701089888346 0.025113550238893369 -0.002714546190973392 -0.003241356246409908 -0.003827710867086013 0.091245321772600474 0.062055584817732636 -0.00093729225196400472 0.0033906223117766612 0.00028369746350941538 0.0046492280681074286 0.037167931040083722 -0.0095920916232797842 0.0015391345496505214 0.019090705958660692 0.049766798389746868 0.0053742147728123449 0.011222415732389147 0.055842002889230136 0.010106623359024526 0.023946708560232885 -0.0025881664018625066 0.0014590425486156427 0.051941273184049702 0.015838256986303766 0.0077251684112707155 0.036988294872248341
leaf_weight=39 31 12635 25 25 22 23 21 20 583 65 60 27 20 28 38 35 33 20 25 36 32 93 100 58 22 34 45 26 22 23 39 23 134 24 39 24 104 9364 252 519 38 38 245 83 119 42 35 27 792 64 85 44 55 21 34 46 806 806 21 22 80 72
leaf_count=39 31 12635 25 25 22 23 21 20 583 65 60 27 20 28 38 35 33 20 25 36 32 93 100 58 22 34 45 26 22 23 39 23 134 24 39 24 104 9364 252 519 38 38 245 83 119 42 35 27 792 64 85 44 55 21 34 46 806 806 21 22 80 72
internal_value=-7.32526e-06 -0.00171164 0.00681085 0.0504345 0.0548178 0.0561596 0.0314085 0.0248187 0.00376011 0.00756257 0.0124074 0.0523353 0.0570147 0.023561 0.0352582 0.0122368 0.0697022 0.0150371 0.0114984 0.0454695 0.0482226 0.000731336 0.0521285 0.0425677 0.0356254 0.0497823 0.0555783 0.018958 0.0139857 0.00448557 0.0160838 0.0291895 0.0640396 0.0539785 0.0743241 0.0137009 0.0190705 -0.00276853 -0.00214165 -0.00284596 0.0794879 0.0720415 0.00139513 0.00353504 0.00717531 0.0116814 0.0186322 0.00872572 0.00280459 0.00918827 0.0455829 0.0127872 0.0183182 0.0376232 -0.00119267 0.0169346 -0.00239879 -0.000564562 0.0640418 0.0289354 0.00335539 0.0412456
internal_weight=28363 27436 3027 927 797 772 334 228 2693 1194 611 602 358 130 66 115 170 512 64 244 159 1499 132 208 106 102 79 48 492 89 403 62 199 65 137 341 164 24409 11774 550 98 60 798 546 301 182 99 177 949 157 106 66 90 113 99 70 10976 1612 41 57 107 93
internal_count=28363 27436 3027 927 797 772 334 228 2693 1194 611 602 358 130 66 115 170 512 64 244 159 1499 132 208 106 102 79 48 492 89 403 62 199 65 137 341 164 24409 11774 550 98 60 798 546 301 182 99 177 949 157 106 66 90 113 99 70 10976 1612 41 57 107 93
is_linear=0
shrinkage=0.05


Tree=28
num_leaves=63
num_cat=0
split_feature=101 101 15 73 16 87 85 58 10 52 106 101 114 111 8 48 94 70 94 8 114 114 111 14 70 94 101 17 114 28 114 63 16 114 28 43 101 8 44 102 104 103 42 15 114 24 94 111 76 25 114 112 109 61 16 114 114 114 66 79 77 40
split_gain=880.236 89.2119 84.819 37.3162 20.8826 15.8606 12.6529 11.2799 8.9352 8.20077 5.95362 5.43552 5.32765 5.23594 5.22504 5.66444 5.21469 9.60314 8.91448 5.28866 6.26924 5.25181 5.20862 4.58552 5.34458 4.56779 4.46161 4.28351 3.6046 3.49041 3.48863 3.48262 3.44446 3.33405 5.37414 4.18964 6.03298 3.31488 5.43307 3.29289 3.61446 4.01222 3.28101 4.77442 4.03901 3.24981 3.67729 3.07659 3.0597 2.98561 2.90349 2.71384 2.70438 2.62029 2.49386 2.27949 2.27883 4.59656 3.66667 2.65015 2.25183 2.23429
threshold=1.5000000000000002 1.0000000180025095e-35 3.0000000000000004 2.5000000000000004 2.5000000000000004 1.0000000180025095e-35 4.0000000000000009 3.0000000000000004 -1.4999999999999998 3.0000000000000004 1.0000000180025095e-35 2.5000000000000004 16.500000000000004 1.5000000000000002 2.0000000000000004 3.0000000000000004 4.0000000000000009 2.0000000000000004 2.0000000000000004 2.0000000000000004 8.5000000000000018 12.500000000000002 1.0000000180025095e-35 4.0000000000000009 2.0000000000000004 4.0000000000000009 2.5000000000000004 3.0000000000000004 11.500000000000002 2.0000000000000004 13.500000000000002 2.5000000000000004 3.5000000000000004 12.500000000000002 2.0000000000000004 2.0000000000000004 3.5000000000000004 2.0000000000000004 2.0000000000000004 inf 7.5000000000000009 1.0000000180025095e-35 2.0000000000000004 3.0000000000000004 15.500000000000002 2.5000000000000004 2.0000000000000004 1.0000000180025095e-35 3.5000000000000004 2.5000000000000004 15.500000000000002 1.0000000180025095e-35 50.500000000000007 3.5000000000000004 1.5000000000000002 11.500000000000002 9.5000000000000018 12.500000000000002 2.0000000000000004 2.0000000000000004 1.5000000000000002 3.5000000000000004
decision_type=2 2 2 2 2 2 2 2 2 2 2 2 2 10 2 2 2 2 2 2 2 2 10 2 2 2 2 2 2 2 2 2 2 2 2 2 2 2 2 8 2 10 2 2 2 2 2 10 2 2 2 10 10 2 2 2 2 2 2 2 2 2
left_child=1 39 10 7 22 8 -6 55 -5 33 45 -9 27 49 23 -16 18 26 21 -20 -21 29 28 -11 -25 -14 -18 60 -4 -10 -29 -27 -22 34 -7 36 -35 54 -39 40 -1 51 43 -43 -45 -3 52 53 -46 -12 -32 -42 56 -48 -30 -2 -47 58 -58 -60 -8 -34
right_child=3 2 4 5 6 9 12 11 16 14 13 -13 25 -15 15 -17 17 -19 19 20 32 -23 -24 24 -26 31 -28 30 37 -31 50 -33 61 35 -36 -37 -38 38 -40 -41 41 42 -44 44 48 46 47 -49 -50 -51 -52 -53 -54 -55 -56 -57 57 -59 59 -61 -62 -63
leaf_value=-0.0028842060398705789 -0.00052288071901509256 -0.0027802645677798676 -0.0017408837949355637 0.021165739900122087 -0.0042173350314525047 0.095679375529289248 0.011136669105871988 0.024910033849436186 0.024260155865075916 0.046131418355637131 0.0062712802695976183 0.051244135697682706 0.028808670445672563 0.003286554586556223 0.053145905264786311 0.026186926564615631 0.013971075568614261 0.059049684097143743 0.074025949009734651 0.031810699455440045 0.046728920238092546 0.052948481100993088 -0.0067453295833641491 0.084822874828692413 0.052599394931034604 0.066991154387042937 0.038079386241123329 0.026937029311591962 0.034991018376068071 0.047096648922672985 0.054759291692100691 0.043681892856829246 0.058456493936040826 0.05949424247062484 0.063211580336093906 0.047672809607216288 0.090786258131265646 0.026556803045027395 0.0001983978903571488 -0.0033871192122575501 -0.0022087605430101908 -7.3355347192360587e-05 -0.0015435335683165394 0.0058306493125855931 0.01022504178750939 0.0014893385878796553 0.00049255318406115603 -0.0048659601081453736 0.032486266713363653 0.016542602579624571 0.030616033473052084 0.00041041269057711326 0.022651345040649178 0.015872850230274103 0.016351213021313444 0.018520402337114019 0.0074671179494437056 0.0024986730387900023 0.014857125459682374 0.039976602331513456 0.027818400056355382 0.077722135703596817
leaf_weight=8386 33 475 26 33 22 26 32 43 44 27 142 36 37 675 70 27 28 44 46 25 32 61 31 31 22 22 61 47 38 27 33 59 34 43 25 28 24 34 46 9043 5169 163 263 100 29 373 120 256 33 141 20 1223 20 36 34 30 51 160 21 21 55 27
leaf_count=8386 33 475 26 33 22 26 32 43 44 27 142 36 37 675 70 27 28 44 46 25 32 61 31 31 22 22 61 47 38 27 33 59 34 43 25 28 24 34 46 9043 5169 163 263 100 29 373 120 256 33 141 20 1223 20 36 34 30 51 160 21 21 55 27
internal_value=-6.95891e-06 -0.00162606 0.0064703 0.0479127 0.0245136 0.0521794 0.0324036 0.0243259 0.0462368 0.0606793 0.00258785 0.0369104 0.0350451 0.00568001 0.0534435 0.0456419 0.0481654 0.0399415 0.0518605 0.0596452 0.0540391 0.0421887 0.0121688 0.0629031 0.0714471 0.043364 0.0304947 0.0297957 0.0154629 0.0329445 0.0368542 0.0500128 0.0600145 0.0694515 0.0797638 0.0639154 0.0707033 0.0184056 0.0114007 -0.0026301 -0.00218459 -0.00134404 0.00260839 0.00596825 0.0120471 0.000655503 0.00219803 -0.0014931 0.0220738 0.0113888 0.0456486 -0.00170763 0.00455212 0.00404185 0.0261889 0.00854535 0.00397387 0.00763683 0.0164767 0.0274169 0.0216826 0.0669839
internal_weight=28363 27436 3027 927 536 785 327 142 462 323 2491 79 305 958 177 97 429 133 296 164 118 132 209 80 53 118 89 187 178 71 100 81 93 146 51 95 67 152 80 24409 15366 6980 588 325 162 1533 1058 412 62 283 53 6392 646 156 72 63 626 253 93 42 87 61
internal_count=28363 27436 3027 927 536 785 327 142 462 323 2491 79 305 958 177 97 429 133 296 164 118 132 209 80 53 118 89 187 178 71 100 81 93 146 51 95 67 152 80 24409 15366 6980 588 325 162 1533 1058 412 62 283 53 6392 646 156 72 63 626 253 93 42 87 61
is_linear=0
shrinkage=0.05


Tree=29
num_leaves=63
num_cat=0
split_feature=100 100 15 11 16 104 52 113 19 14 61 47 111 65 94 48 106 42 43 68 62 16 26 111 111 100 114 28 16 40 74 113 48 114 104 114 104 113 102 28 100 106 77 114 40 43 62 73 114 113 28 114 107 42 43 102 51 52 111 77 51 91
split_gain=794.413 80.5137 76.5492 35.4721 18.8466 15.2233 13.2368 8.38789 6.65847 6.53543 6.43368 5.93156 5.63576 5.60749 5.70481 5.54789 5.37315 5.32203 5.07015 4.91583 5.12333 6.71757 4.84233 4.72544 4.70078 4.15329 4.1136 4.03226 4.19358 3.58594 9.9726 3.35485 5.60831 3.25315 3.14727 3.08302 3.30932 3.74053 3.45493 2.94661 2.93581 4.53679 3.54901 3.3371 3.25242 7.02889 3.13918 2.87328 3.5744 2.73623 2.72851 2.72765 2.80102 2.93087 2.68986 2.53893 2.46804 3.95396 2.4701 2.97893 4.29957 4.31677
threshold=2024.5000000000002 2025.5000000000002 3.0000000000000004 1.0000000180025095e-35 2.5000000000000004 5.5000000000000009 3.0000000000000004 2.5000000000000004 3.5000000000000004 2.0000000000000004 2.5000000000000004 2.0000000000000004 1.0000000180025095e-35 2.0000000000000004 2.0000000000000004 3.0000000000000004 1.0000000180025095e-35 2.0000000000000004 2.0000000000000004 2.0000000000000004 2.5000000000000004 3.5000000000000004 2.5000000000000004 1.5000000000000002 1.0000000180025095e-35 2022.5000000000002 14.500000000000002 2.0000000000000004 3.5000000000000004 3.5000000000000004 2.5000000000000004 4.5000000000000009 3.0000000000000004 11.500000000000002 6.5000000000000009 4.5000000000000009 7.5000000000000009 2.5000000000000004 1.0000000180025095e-35 2.0000000000000004 2022.5000000000002 1.0000000180025095e-35 2.5000000000000004 13.500000000000002 3.5000000000000004 2.0000000000000004 2.5000000000000004 2.5000000000000004 17.500000000000004 4.5000000000000009 2.0000000000000004 5.5000000000000009 7.5000000000000009 2.0000000000000004 2.0000000000000004 1.0000000180025095e-35 1.5000000000000002 3.0000000000000004 4.5000000000000009 1.5000000000000002 2.5000000000000004 2.0000000000000004
decision_type=2 2 2 2 2 2 2 2 2 2 2 2 10 2 2 2 2 2 2 2 2 2 2 10 10 2 2 2 2 2 2 2 2 2 2 2 2 2 10 2 2 2 2 2 2 2 2 2 2 2 2 2 8 2 2 8 2 2 10 2 2 2
left_child=3 2 16 10 24 -5 17 12 -8 29 22 19 -6 14 27 -12 34 31 -13 20 21 -11 -1 50 33 -20 -15 28 -9 -10 -31 32 -7 -4 51 -3 -37 55 -39 -22 44 46 -43 -44 -21 -46 -42 -40 -49 -48 -18 -2 -53 -54 -35 -38 57 -36 59 -58 -61 -62
right_child=1 35 4 5 7 6 8 13 9 11 15 18 -14 26 -16 -17 23 -19 25 40 39 -23 -24 -25 -26 -27 -28 -29 -30 30 -32 -33 -34 54 56 36 37 38 47 -41 41 42 43 -45 45 -47 49 48 -50 -51 -52 52 53 -55 -56 -57 58 -59 -60 60 61 -63
leaf_value=0.021015350565385935 -0.0050950343055384505 -0.003041041845689426 -0.0016538390993306306 0.011067074596881867 0.030945533039048314 0.071293026445290217 0.018865121686831118 -0.0083180477097630507 0.027477163599374205 0.053069520433959752 0.049140692602044775 0.053669898948547512 -0.0043584442769105626 0.026532381696795879 0.035385596209011085 0.019809140598303396 0.0077373247657583693 0.045005747891087654 0.010769696757197382 0.063870022758360831 0.037381848015568479 0.088985649558405086 -0.0071739898771047599 0.0031222267981480673 -0.0064080632021350243 0.040185142308473587 0.051807941536729532 0.034744781069457532 0.022987238382515703 0.024569040611386303 0.070189623502285581 0.077223442083681537 0.044688900979235772 0.011006758913684351 0.0015848122952182011 -0.0026901504972298667 0.0033425708234310157 -0.0021512185145006438 0.0016250202167899378 0.06224487213632808 0.021453132418294749 0.063472698724471296 0.054526684439042586 0.029229895577935334 0.028356628671840384 0.061722028310606747 0.031277901912108066 0.006390258321583183 0.024631941306870433 0.054689938288468576 0.018640004733606476 0.01634138481957572 -0.0039117666511920288 0.0055945310714068238 0.024314154618824014 -0.0018386529391170095 -0.0023095210235159684 0.013108763524889946 -0.0024203957039482739 0.00020997072428916442 0.028347780101182985 0.0026005712372285349
leaf_weight=39 336 12635 26 25 20 52 20 20 52 23 28 33 26 22 134 38 203 33 20 62 22 30 25 675 31 30 60 22 23 25 23 53 32 78 184 6358 250 297 310 26 24 43 32 22 27 38 24 167 32 26 80 28 203 135 74 4360 94 125 294 66 41 27
leaf_count=39 336 12635 26 25 20 52 20 20 52 23 28 33 26 22 134 38 203 33 20 62 22 30 25 675 31 30 60 22 23 25 23 53 32 78 184 6358 250 297 310 26 24 43 32 22 27 38 24 167 32 26 80 28 203 135 74 4360 94 125 294 66 41 27
internal_value=-6.61103e-06 -0.00154475 0.00614679 0.0455171 0.0232879 0.0494673 0.0507108 0.0307834 0.0472316 0.0482064 0.0212995 0.0506197 0.0109911 0.0340235 0.0294895 0.0322528 0.00245846 0.0630313 0.0384585 0.0531495 0.0626825 0.0733994 0.0100039 0.00539601 0.0115604 0.028419 0.0450267 0.0173343 0.00842664 0.036574 0.0464289 0.0673732 0.0611581 0.0146897 0.000622728 -0.00249859 -0.00191648 -0.00100824 0.00213429 0.0508493 0.0499186 0.0456416 0.052755 0.0442206 0.0556772 0.0478626 0.0363173 0.00463488 0.00932359 0.0434522 0.0108194 -0.00184216 0.00114408 -0.000114873 0.0174854 -0.00155768 0.00270498 0.0062466 0.000608508 0.0045142 0.00930099 0.0181246
internal_weight=28363 27436 3027 927 536 797 772 327 602 582 130 482 46 281 199 66 2491 170 83 399 101 53 64 958 209 50 82 65 43 100 48 137 84 178 1533 24409 11774 5416 806 48 298 171 97 54 127 65 74 509 199 50 283 702 366 338 152 4610 831 309 522 228 134 68
internal_count=28363 27436 3027 927 536 797 772 327 602 582 130 482 46 281 199 66 2491 170 83 399 101 53 64 958 209 50 82 65 43 100 48 137 84 178 1533 24409 11774 5416 806 48 298 171 97 54 127 65 74 509 199 50 283 702 366 338 152 4610 831 309 522 228 134 68
is_linear=0
shrinkage=0.05


Tree=30
num_leaves=63
num_cat=0
split_feature=101 101 113 113 12 84 73 114 112 106 101 104 114 65 66 54 94 68 101 55 79 112 102 29 85 16 114 68 68 106 101 61 60 42 102 113 85 111 16 11 51 67 54 48 61 16 44 19 22 44 51 25 40 111 77 106 42 46 17 114 48 61
split_gain=707.958 69.5617 67.8057 33.9986 13.0732 10.8161 10.5734 10.2171 9.82416 8.09125 11.5532 6.38898 5.72615 5.70013 5.63875 5.45273 4.85316 4.6464 7.15801 5.18197 6.13541 4.63338 4.61144 3.74745 3.59096 3.35907 5.22623 4.12598 3.72074 5.19196 4.52675 3.26387 3.25807 3.03876 2.90908 3.07251 3.00816 3.18083 2.80764 2.60943 2.45379 2.44688 2.69013 2.37899 2.45139 2.28296 2.26364 2.18468 2.16116 2.21736 2.11381 2.64606 2.09486 2.30321 2.07409 4.68396 2.97727 2.03335 1.98842 2.30059 1.94473 3.43878
threshold=1.5000000000000002 1.0000000180025095e-35 3.5000000000000004 2.5000000000000004 1.0000000180025095e-35 1.0000000180025095e-35 2.5000000000000004 9.5000000000000018 1.0000000180025095e-35 1.0000000180025095e-35 2.5000000000000004 7.5000000000000009 15.500000000000002 2.0000000000000004 2.0000000000000004 2.0000000000000004 2.0000000000000004 2.0000000000000004 3.5000000000000004 3.0000000000000004 2.0000000000000004 1.0000000180025095e-35 inf 3.0000000000000004 -1.4999999999999998 3.5000000000000004 8.5000000000000018 2.0000000000000004 2.0000000000000004 1.0000000180025095e-35 2.5000000000000004 3.5000000000000004 3.0000000000000004 2.0000000000000004 inf 1.5000000000000002 4.0000000000000009 1.0000000180025095e-35 2.5000000000000004 2.0000000000000004 2.5000000000000004 2.5000000000000004 2.0000000000000004 3.0000000000000004 1.5000000000000002 3.5000000000000004 2.0000000000000004 2.0000000000000004 3.0000000000000004 2.0000000000000004 1.5000000000000002 2.5000000000000004 3.5000000000000004 7.5000000000000009 1.5000000000000002 1.0000000180025095e-35 2.0000000000000004 2.0000000000000004 3.0000000000000004 13.500000000000002 3.0000000000000004 1.5000000000000002
decision_type=2 2 2 2 2 2 2 2 8 2 2 2 2 2 2 2 2 2 2 2 2 8 8 2 2 2 2 2 2 2 2 2 2 2 8 2 2 10 2 2 2 2 2 2 2 2 2 2 2 2 2 2 2 10 2 2 2 2 2 2 2 2
left_child=1 34 6 9 5 39 21 -8 -4 24 -11 -9 25 15 41 33 -17 18 -16 -19 -21 23 47 43 -2 28 -27 -28 -7 30 -30 60 -25 38 35 -1 37 -37 -10 -5 -38 -6 -43 44 52 -15 -18 -23 49 -14 -49 -52 53 -3 55 56 -53 -40 -46 -60 61 -13
right_child=3 2 8 4 14 12 7 11 13 10 -12 31 48 45 17 16 46 19 -20 20 -22 22 -24 32 -26 26 27 -29 29 -31 -32 -33 -34 -35 -36 36 40 -39 57 -41 -42 42 -44 -45 58 -47 -48 50 -50 -51 51 54 -54 -55 -56 -57 -58 -59 59 -61 -62 -63
leaf_value=-0.0024860071105744837 0.018672694612760096 0.0054932993614957449 -0.0039119474751793826 0.0057042478160424671 0.031373476903312485 0.046862191305856928 -0.0029317228327982309 -0.00834519783301013 0.023224741241817053 0.017021047004476885 0.05976460301876068 0.033529034126549964 0.053112993011517187 0.056347029791636909 0.058252156055287309 0.0059629376167836395 0.034090885857031461 0.075913991972804074 0.094626127963974363 0.031944729783572261 0.056769714605928001 -0.0064494259454108572 -0.011115331066089725 0.009822953024470225 -0.0037990346318110824 0.028396217362023891 0.061400296010542671 0.044126125194660359 0.017775994893163446 0.01267137891612947 0.046177212135034042 0.034755945901441224 0.00016776532492535637 0.018951333010638203 -0.0030629157691219643 -0.0029819767429389681 -0.00095937935690001963 -0.00045496147203274691 0.03160919470898807 0.030658316202461722 0.0060722824646333275 0.038768303125786288 0.059455871175635944 -0.0036814572492589459 -0.0056986194617020154 0.036381234156490284 0.014577096915277449 0.0094332024537996488 0.042461953254505282 0.072845136870940533 0.00078869878950460655 -0.018372011910481701 0.00088903787450339555 0.022522976392736802 0.010508415910575275 0.015141370061716839 0.0030249200056533558 0.049393990828345224 -0.0017246032133698464 0.018727506175637246 0.012405589900851947 0.012068588488868305
leaf_weight=9483 40 84 23 22 26 49 82 21 24 43 25 40 35 22 38 46 42 25 21 32 112 37 44 164 32 36 50 112 20 30 47 34 187 27 8962 1958 239 3421 25 20 258 30 33 523 167 41 23 292 21 24 287 29 195 26 198 41 37 45 44 20 83 35
leaf_count=9483 40 84 23 22 26 49 82 21 24 43 25 40 35 22 38 46 42 25 21 32 112 37 44 164 32 36 50 112 20 30 47 34 187 27 8962 1958 239 3421 25 20 258 30 33 523 167 41 23 292 21 24 287 29 195 26 198 41 37 45 44 20 83 35
internal_value=-6.90505e-06 -0.00146253 0.00573697 0.0430611 0.0471189 0.0417902 0.00313758 0.0120653 0.027562 0.0203668 0.0327356 0.0178389 0.0441877 0.0300159 0.0549521 0.0263941 0.0183909 0.0591185 0.0711988 0.0549011 0.0512531 0.00202866 0.00469818 0.000201652 0.00868526 0.0413856 0.0456283 0.0494577 0.0356318 0.0299587 0.0376992 0.0207028 0.00467902 0.0337359 -0.00234704 -0.00192933 -0.00103094 -0.00137482 0.0379825 0.0175871 0.00269086 0.0442787 0.0496046 -0.00128235 0.00105857 0.0433534 0.027186 0.00545366 0.0562367 0.0611396 0.00595186 0.00423472 0.0040013 0.0095185 0.00747736 0.0018685 -0.00637676 0.0430423 -0.00282685 0.00466668 0.0176786 0.0235142
internal_weight=28232 27309 2988 923 783 466 2670 295 318 140 68 213 424 295 317 232 111 228 59 169 144 2375 965 1410 72 344 198 162 146 97 67 192 351 121 24321 15359 5876 5379 94 42 497 89 63 1059 536 63 65 921 80 59 884 592 305 110 305 107 66 70 231 64 158 75
internal_count=28232 27309 2988 923 783 466 2670 295 318 140 68 213 424 295 317 232 111 228 59 169 144 2375 965 1410 72 344 198 162 146 97 67 192 351 121 24321 15359 5876 5379 94 42 497 89 63 1059 536 63 65 921 80 59 884 592 305 110 305 107 66 70 231 64 158 75
is_linear=0
shrinkage=0.05


Tree=31
num_leaves=63
num_cat=0
split_feature=100 100 113 113 12 84 73 114 111 11 52 114 104 25 114 54 79 24 42 54 98 102 111 8 113 44 10 55 100 49 48 62 114 42 113 29 74 107 102 113 85 111 114 65 22 11 54 113 97 8 114 104 114 48 50 71 62 113 63 80 8 42
split_gain=638.932 62.7794 61.1946 30.6837 11.7985 9.76153 9.5425 9.22096 8.06243 6.4786 5.91726 9.49416 5.76606 5.19921 5.16785 4.91176 4.48394 13.0265 4.10917 4.01466 3.86701 3.65674 4.35748 3.63127 3.4477 3.74743 3.35452 3.07475 3.04285 6.68377 3.55987 3.37773 2.80346 2.94799 2.77272 3.13787 2.95068 2.69924 2.62544 2.77294 2.71487 2.8707 2.60481 3.27835 2.38402 2.35501 2.1789 2.63648 2.98995 2.18279 2.03065 2.02073 2.83486 2.00878 2.69133 1.99874 3.30391 2.8478 10.0885 5.38779 2.6312 1.96841
threshold=2024.5000000000002 2025.5000000000002 3.5000000000000004 2.5000000000000004 1.0000000180025095e-35 1.0000000180025095e-35 2.5000000000000004 9.5000000000000018 2.5000000000000004 1.0000000180025095e-35 3.0000000000000004 12.500000000000002 7.5000000000000009 2.5000000000000004 15.500000000000002 2.0000000000000004 2.0000000000000004 2.5000000000000004 2.0000000000000004 2.0000000000000004 1.0000000180025095e-35 inf 1.0000000180025095e-35 2.0000000000000004 4.5000000000000009 2.0000000000000004 -1.4999999999999998 3.0000000000000004 2023.5000000000002 4.0000000000000009 3.0000000000000004 2.5000000000000004 19.500000000000004 2.0000000000000004 1.5000000000000002 3.0000000000000004 2.5000000000000004 6.5000000000000009 inf 1.5000000000000002 4.0000000000000009 1.0000000180025095e-35 8.5000000000000018 2.0000000000000004 3.0000000000000004 2.0000000000000004 2.0000000000000004 2.5000000000000004 1.5000000000000002 2.0000000000000004 15.500000000000002 6.5000000000000009 4.5000000000000009 3.0000000000000004 2.0000000000000004 3.0000000000000004 2.5000000000000004 2.5000000000000004 2.5000000000000004 3.5000000000000004 2.0000000000000004 2.0000000000000004
decision_type=2 2 2 2 2 2 2 2 10 2 2 2 2 2 2 2 2 2 2 2 2 8 10 2 2 2 2 2 2 2 2 2 2 2 2 2 2 10 8 2 2 10 2 2 2 2 2 2 2 2 2 2 2 2 2 2 2 2 2 2 2 2
left_child=3 2 6 9 5 45 20 -8 15 51 11 -6 -9 -10 27 32 17 -12 -13 -11 21 22 -2 -18 25 -17 -24 -7 29 31 -30 -29 33 -4 35 -28 37 61 39 -3 41 -41 -31 -44 -32 -5 -42 -48 49 -49 -25 -1 -53 -38 -55 57 60 58 -14 -59 -57 -36
right_child=1 38 8 4 10 14 7 12 13 19 16 18 55 -15 -16 24 23 -19 -20 -21 -22 -23 26 50 -26 -27 34 28 30 42 44 -33 -34 -35 36 -37 53 -39 -40 40 46 -43 43 -45 -46 -47 47 48 -50 -51 -52 52 -54 54 -56 56 -58 59 -60 -61 -62 -63
leaf_value=-0.0027619862707243081 0.0063735696966836829 -0.0023617067865435741 0.037667941628670737 0.0054190351373770021 0.077295495137572293 0.051992081602414454 -0.0027851367028566398 -0.0079279373444262006 -0.010383124232646965 0.045510735375614009 0.056901529100206162 0.055935627119998416 0.042464622408151631 0.020475205473410779 0.053424901551625228 0.025982203982770444 0.060348780008784512 0.0056953551581777305 0.030837590087737357 0.018453073902772024 -0.006668895230658594 -0.0086856745668531712 -0.0022558629018279304 0.037337505348208969 0.035315510275234517 0.004650418646633625 -0.002394225475126209 0.072715731505304568 0.015774967823306035 0.023593659918097892 0.029602321931452028 0.046522198722232136 0.053396136916819076 0.017945591383613648 -0.0021144738914805222 0.004830348645318807 0.013332322426778202 0.018948025256395343 -0.0029097701105085688 -0.0028328779384691697 -0.00050396403843370173 -0.00043221338951807212 0.033942396423626169 0.052912532599293627 0.047960624311651504 0.029125400409102442 0.00030762127822353725 0.030321448544661206 -0.00038759958667632864 0.011744022602215409 0.056421340778470046 0.00057269448456777762 0.022728619789926425 -0.0025289426457935148 0.017483428074046969 0.018971249979610246 0.027159739123391254 0.016301101867271506 -0.0051788785271346567 0.050166393931188706 -0.0012081699711935861 0.0075647943804191577
leaf_weight=21 605 9483 90 22 50 42 82 21 21 29 27 73 20 39 80 50 57 23 21 26 124 72 452 46 38 35 362 20 29 34 48 32 21 24 181 257 146 22 8962 1958 268 3421 79 32 28 20 105 21 39 64 20 22 42 56 24 30 35 23 25 24 35 74
leaf_count=21 605 9483 90 22 50 42 82 21 21 29 27 73 20 39 80 50 57 23 21 26 124 72 452 46 38 35 362 20 29 34 48 32 21 24 181 257 146 22 8962 1958 268 3421 79 32 28 20 105 21 39 64 20 22 42 56 24 30 35 23 25 24 35 74
internal_value=-6.55984e-06 -0.00138941 0.00545012 0.0409081 0.0447629 0.0397007 0.00298071 0.0114621 0.0261839 0.0193485 0.0522045 0.0596921 0.0169469 0.00967479 0.0419783 0.0300232 0.0459721 0.0333467 0.0503286 0.0327198 0.00192723 0.00240076 0.00276709 0.0511043 0.0227956 0.0171985 0.00138086 0.0393163 0.0375535 0.0412176 0.0306789 0.0565966 0.0366084 0.0335159 0.00284592 0.000605315 0.00560324 0.00214416 -0.00222969 -0.00183286 -0.000979389 -0.00130607 0.0357023 0.0394113 0.0363659 0.0167078 0.00255632 0.00613778 0.0110746 0.0163337 0.0431205 0.0106965 0.0151125 0.00984292 0.00347477 0.0196676 0.0147744 0.0249863 0.015996 0.033594 0.00810541 0.000694412
internal_weight=28232 27309 2988 923 783 466 2670 295 318 140 317 144 213 60 424 258 173 50 94 55 2375 2251 2179 123 123 85 1574 344 302 197 105 52 135 114 1122 619 503 277 24321 15359 5876 5379 145 111 76 42 497 229 124 85 66 85 64 226 80 192 100 92 45 47 65 255
internal_count=28232 27309 2988 923 783 466 2670 295 318 140 317 144 213 60 424 258 173 50 94 55 2375 2251 2179 123 123 85 1574 344 302 197 105 52 135 114 1122 619 503 277 24321 15359 5876 5379 145 111 76 42 497 229 124 85 66 85 64 226 80 192 100 92 45 47 65 255
is_linear=0
shrinkage=0.05


Tree=32
num_leaves=63
num_cat=0
split_feature=100 100 113 82 113 112 103 12 104 100 84 106 65 66 54 14 114 114 114 68 100 44 61 102 66 66 49 100 107 65 63 77 61 114 68 72 29 61 62 111 67 18 49 63 111 42 112 44 44 102 113 104 110 113 113 44 79 100 110 93 62 61
split_gain=576.636 56.6584 55.2281 28.2055 15.7981 8.1168 8.08843 8.05418 7.09437 6.18359 5.96453 5.35956 5.07745 4.88241 4.56997 4.07367 4.22246 4.75595 3.97927 3.91547 6.56963 3.82752 6.36581 3.67362 3.82655 3.31305 3.13917 4.0915 3.09405 3.06183 5.19147 4.24192 4.78372 2.96183 3.32767 3.69224 2.94454 3.74085 2.85835 2.76791 2.74407 2.58334 3.68917 2.59841 3.24476 2.56139 2.52323 2.49596 2.38923 2.36946 2.50258 2.53717 2.44287 2.31896 2.23546 2.99549 2.2109 2.18493 2.17231 2.16868 2.06757 2.0303
threshold=2024.5000000000002 2025.5000000000002 3.5000000000000004 2.5000000000000004 2.5000000000000004 1.0000000180025095e-35 1.0000000180025095e-35 1.0000000180025095e-35 7.5000000000000009 2023.5000000000002 1.0000000180025095e-35 1.0000000180025095e-35 2.0000000000000004 2.0000000000000004 2.0000000000000004 4.0000000000000009 2.5000000000000004 12.500000000000002 15.500000000000002 2.0000000000000004 2022.5000000000002 2.0000000000000004 3.5000000000000004 1.0000000180025095e-35 2.0000000000000004 2.0000000000000004 4.0000000000000009 2023.5000000000002 16.500000000000004 2.0000000000000004 2.5000000000000004 2.5000000000000004 3.5000000000000004 7.5000000000000009 2.0000000000000004 3.5000000000000004 3.0000000000000004 3.5000000000000004 2.5000000000000004 4.5000000000000009 2.5000000000000004 3.5000000000000004 4.0000000000000009 2.5000000000000004 1.0000000180025095e-35 2.0000000000000004 1.0000000180025095e-35 2.0000000000000004 2.0000000000000004 inf 1.5000000000000002 7.5000000000000009 63.250000000000007 2.5000000000000004 4.5000000000000009 2.0000000000000004 2.0000000000000004 2023.5000000000002 22.250000000000004 3.0000000000000004 2.5000000000000004 3.5000000000000004
decision_type=2 2 2 2 2 8 10 2 2 2 2 2 2 2 2 2 2 2 2 2 2 2 2 8 2 2 2 2 8 2 2 2 2 2 2 2 2 2 2 10 2 2 2 2 10 2 8 2 2 8 2 2 10 2 2 2 2 2 8 2 2 2
left_child=3 2 6 11 9 -4 15 10 -8 -5 -6 -1 14 48 45 23 -17 25 26 20 -15 -16 -23 24 47 -18 27 38 39 31 -31 -21 -33 -28 -35 -36 -30 -38 -12 -25 -37 42 -19 44 -44 54 -27 -2 57 50 -3 52 -52 -53 55 -7 -55 -9 -49 -48 -42 -14
right_child=1 49 5 4 7 12 8 13 -10 -11 18 -13 61 19 21 16 17 41 -20 29 -22 22 -24 28 -26 46 33 -29 36 30 -32 32 -34 34 35 40 37 -39 -40 -41 60 -43 43 -45 -46 -47 59 58 -50 -51 51 53 -54 56 -56 -57 -58 -59 -60 -61 -62 -63
leaf_value=-0.01564193047427883 -0.0074534731420377899 -0.0022436214208078073 -0.0037338608470947848 0.037525969176468527 0.01864503842185844 0.020327588453339838 -0.0054090524730723236 0.055524353802320549 0.013241975430584958 0.013253133528364392 0.069176011612372731 0.01852426923472773 0.051946664466099302 0.086953977743784591 0.023743364026920653 0.00036888096046491266 0.0059423405875671 0.023917377997061302 0.05075365647906438 0.056787983059536584 0.051939796787258741 -0.013255343861553982 0.025314884912222627 -0.0069898848980665205 0.015436796941972039 0.0094846726528235864 0.018711749700984607 0.032985087352183959 -0.0060137129694966774 0.076034245856106297 0.046201940578009401 0.023145159920959765 0.050067373297431252 0.047495390964543513 0.015441516305630407 0.042641774314329216 -0.0040225586986967496 0.015840855025147139 0.04596444058956372 0.016097121625333218 0.015394989522174003 0.00042423034620728213 0.02044961860979368 -0.0065667015919461851 0.0037653044342994694 0.016834521369525679 0.016837138712133576 -0.0082335816137492669 0.029415004892008646 -0.0027642815138773044 -0.0018534581460472042 -0.00065107130024269922 0.013242163067614591 0.00029271711866148625 0.045039759168867023 0.043078739941120152 0.0061027175232262936 0.035353857725858688 0.010794069121281308 0.035521464716643102 0.035168279516391267 0.033118117148647222
leaf_weight=24 60 9483 23 44 33 39 62 29 287 65 21 22 22 21 68 685 136 29 80 43 37 23 20 20 59 56 24 36 441 25 35 33 33 58 24 81 63 38 36 37 20 348 38 40 125 27 41 20 35 8962 3623 1563 27 368 32 23 295 25 60 25 39 41
leaf_count=24 60 9483 23 44 33 39 62 29 287 65 21 22 22 21 68 685 136 29 80 43 37 23 20 20 59 56 24 36 441 25 35 33 33 58 24 81 63 38 36 37 20 348 38 40 125 27 41 20 35 8962 3623 1563 27 368 32 23 295 25 60 25 39 41
internal_value=-6.23181e-06 -0.00131994 0.00517762 0.0388627 0.0408644 0.0248747 0.00283167 0.0433926 0.00992861 0.0230513 0.0391113 0.000698426 0.0271052 0.0495165 0.0236869 0.00176453 0.0032808 0.00566107 0.0407232 0.053408 0.0646173 0.0163601 0.0046843 -0.0011293 0.00475646 0.0113088 0.0383562 0.0461815 -0.00308467 0.0495611 0.0586321 0.0445679 0.0366063 0.0353978 0.0372017 0.0335612 -0.00425003 0.0034508 0.0545161 0.00799642 0.0366675 0.00314882 0.00723571 0.00485261 0.0076549 0.0304082 0.017291 0.000255458 0.0395908 -0.00211821 -0.00174122 -0.000930419 -0.00174179 0.000399999 0.034307 0.0287675 0.00287786 0.0461862 0.00603716 0.0239145 0.0284655 0.0396932
internal_weight=28232 27309 2988 923 877 318 2670 768 349 109 452 46 295 316 232 2321 1523 838 419 227 58 111 43 798 199 258 339 93 599 169 60 109 66 246 222 164 542 101 57 57 140 580 232 203 163 121 122 140 89 24321 15359 5876 3650 2226 94 62 663 54 80 66 59 63
internal_count=28232 27309 2988 923 877 318 2670 768 349 109 452 46 295 316 232 2321 1523 838 419 227 58 111 43 798 199 258 339 93 599 169 60 109 66 246 222 164 542 101 57 57 140 580 232 203 163 121 122 140 89 24321 15359 5876 3650 2226 94 62 663 54 80 66 59 63
is_linear=0
shrinkage=0.05


Tree=33
num_leaves=63
num_cat=0
split_feature=101 101 15 82 12 113 113 55 84 114 87 106 112 77 101 52 114 8 16 43 77 114 94 102 111 8 94 55 98 66 29 2 74 28 79 11 8 22 8 16 77 113 15 30 28 61 19 70 26 56 113 25 18 113 114 91 48 62 16 67 113 113
split_gain=520.414 51.1342 55.0673 25.4554 14.2772 11.6347 11.3944 7.78545 5.38299 5.36651 4.90212 4.83701 4.74938 4.74086 4.41051 4.28452 6.36399 3.82767 4.14539 3.7635 4.03953 3.5913 3.78646 3.34503 3.29727 3.82812 3.14681 3.13286 3.12258 3.08967 2.92429 3.07627 2.82019 2.81576 2.73382 2.69576 2.6646 3.91002 2.55132 2.52822 3.40192 2.65358 2.52558 2.46068 2.38248 2.3243 2.29581 4.84616 3.17125 2.17306 5.2779 3.11961 3.02577 2.97423 2.8039 2.29917 4.7416 3.05324 2.74563 2.42162 2.52053 2.6925
threshold=1.5000000000000002 1.0000000180025095e-35 3.0000000000000004 2.5000000000000004 1.0000000180025095e-35 2.5000000000000004 4.5000000000000009 3.0000000000000004 1.0000000180025095e-35 11.500000000000002 1.0000000180025095e-35 1.0000000180025095e-35 1.0000000180025095e-35 1.5000000000000002 3.5000000000000004 3.0000000000000004 12.500000000000002 2.0000000000000004 3.5000000000000004 2.0000000000000004 2.5000000000000004 15.500000000000002 2.0000000000000004 inf 1.0000000180025095e-35 2.0000000000000004 4.0000000000000009 3.0000000000000004 1.0000000180025095e-35 2.0000000000000004 3.0000000000000004 3.0000000000000004 2.5000000000000004 2.0000000000000004 2.0000000000000004 1.0000000180025095e-35 2.0000000000000004 3.0000000000000004 2.0000000000000004 1.5000000000000002 2.5000000000000004 3.5000000000000004 3.0000000000000004 2.0000000000000004 2.0000000000000004 3.5000000000000004 3.5000000000000004 2.0000000000000004 2.5000000000000004 3.0000000000000004 1.5000000000000002 2.5000000000000004 3.5000000000000004 1.5000000000000002 17.500000000000004 2.0000000000000004 3.0000000000000004 2.5000000000000004 3.5000000000000004 2.5000000000000004 2.5000000000000004 1.5000000000000002
decision_type=2 2 2 2 2 2 2 2 2 2 2 2 8 2 2 2 2 2 2 2 2 2 2 8 10 2 2 2 2 2 2 2 2 2 2 2 2 2 2 2 2 2 2 2 2 2 2 2 2 2 2 2 2 2 2 2 2 2 2 2 2 2
left_child=1 -1 12 11 5 14 7 -4 -7 38 24 -2 27 -12 42 16 44 18 -17 20 -18 22 36 28 25 46 -19 -3 49 -20 -29 43 -24 -28 -34 -26 -10 -38 -9 -27 -41 -42 -5 45 -6 -32 -11 48 -48 50 -14 52 -51 -54 55 58 -57 -58 59 60 61 -53
right_child=3 2 6 4 15 8 -8 9 21 10 13 -13 23 -15 -16 17 19 26 29 -21 -22 -23 32 -25 35 39 33 30 -30 -31 31 -33 34 -35 -36 -37 37 -39 -40 40 41 -43 -44 -45 -46 -47 47 -49 -50 51 -52 54 53 -55 -56 56 57 -59 -60 -61 -62 -63
leaf_value=-0.0020122960343105924 -0.01485983400295178 0.019179189347085498 0.040904803002874059 0.018843277258177599 0.077247851700694481 0.017712786274425914 0.035734844554255733 -0.0086052952729391338 0.01717914571876035 0.039023478236049416 0.047980539195916876 0.017598056183619936 0.0029950759977974157 0.019857472369566243 0.037297347797588871 0.032995415292680262 0.067981447100639344 0.020234032935247975 0.043572422781068348 0.031020091667831425 0.042481144399541183 0.048215973442420366 0.033685486162751348 -0.0088808498893760968 -0.0099268225642542059 -0.0048386423425240957 0.033830845773220063 -0.0015664302013759209 -0.0082784758437247502 0.067597700387705115 -0.00092110455864005615 -0.00067171208442203586 0.028368696659093813 0.05496963584876579 0.048055911721788691 0.014603390083426522 0.042927383528427877 0.019581080193567121 0.012119434504873223 0.0012430982116390678 0.010907844826579095 0.031606695557323594 -0.00073103620402085101 0.017078323093684098 0.056608437245775911 0.014786434812205179 0.027086776211148217 0.04087433725595474 0.0020810986054129901 0.0044532839914933073 0.020914881226083596 0.0099917180469778731 -0.000372138965611506 -0.018343199267983439 -0.0075964741818606851 0.035739769181236627 -0.0040511461750914659 0.021442360418808204 0.019048771152738481 -0.004629667801782489 0.02065473035158169 -0.0087365896307996342
leaf_weight=24321 24 21 30 45 27 33 93 33 34 20 22 22 94 47 22 25 25 26 23 31 41 80 98 45 24 22 50 1079 42 32 72 189 21 23 110 21 47 29 27 34 32 30 26 57 29 35 21 20 32 337 73 61 99 30 25 24 24 23 40 51 31 28
leaf_count=24321 24 21 30 45 27 33 93 33 34 20 22 22 94 47 22 25 25 26 23 31 41 80 98 45 24 22 50 1079 42 32 72 189 21 23 110 21 47 29 27 34 32 30 26 57 29 35 21 20 32 337 73 61 99 30 25 24 24 23 40 51 31 28
internal_value=-5.92024e-06 -0.00125394 0.00491873 0.0369195 0.0388212 0.033842 0.0199163 0.0163714 0.0371558 0.0144597 0.0169961 0.000663505 0.00184665 0.0288242 0.0177364 0.046995 0.0531387 0.0417436 0.0498772 0.0453906 0.0521403 0.0386871 0.0364383 0.00444927 0.0138081 0.0164286 0.035171 7.08968e-06 0.00506012 0.0575508 -0.000274065 0.00367625 0.0401007 0.040491 0.0448999 0.00152061 0.0288139 0.0340189 0.000720833 0.0104497 0.0139533 0.0209234 0.0116752 0.00868701 0.0665596 0.00421688 0.0240148 0.0199028 0.011989 0.0056561 0.0108283 0.0045387 0.00196056 -0.00455146 0.0084521 0.00987484 0.0176578 0.0084244 0.00725595 0.00449739 0.00837639 0.00409967
internal_weight=28232 27309 2988 923 877 545 508 415 452 385 325 46 2480 69 93 332 153 179 80 97 66 419 339 1027 256 211 99 1453 982 55 1432 353 229 73 131 45 110 76 60 118 96 62 71 164 56 107 93 73 53 940 167 773 466 129 307 282 71 47 211 171 120 89
internal_count=28232 27309 2988 923 877 545 508 415 452 385 325 46 2480 69 93 332 153 179 80 97 66 419 339 1027 256 211 99 1453 982 55 1432 353 229 73 131 45 110 76 60 118 96 62 71 164 56 107 93 73 53 940 167 773 466 129 307 282 71 47 211 171 120 89
is_linear=0
shrinkage=0.05


Tree=34
num_leaves=63
num_cat=0
split_feature=100 100 15 82 12 9 114 16 114 54 77 91 46 106 43 112 46 111 12 114 52 114 42 100 72 8 16 114 100 40 104 77 55 66 48 8 76 11 114 8 106 29 107 2 16 114 51 61 14 91 8 114 112 110 28 61 46 104 102 65 106 104
split_gain=469.674 46.1487 49.6982 22.9735 12.8852 9.54605 8.5456 6.48148 5.30401 4.62215 7.42125 7.16976 4.60736 4.3654 4.30035 4.28632 4.25679 3.93151 4.44742 3.86907 3.86678 5.7435 3.66109 3.56609 3.46314 3.45447 3.74121 3.23346 3.80537 3.58733 3.15674 3.12651 2.82741 2.78843 2.75461 2.74311 5.3288 3.02178 2.68578 2.68805 2.6791 2.63917 2.80799 2.74046 2.46706 2.40265 2.36334 3.04914 2.27764 4.18365 2.17656 2.16556 2.35667 2.70269 2.15018 2.14766 2.14154 1.99485 2.39156 1.99114 1.97476 1.94447
threshold=2024.5000000000002 2025.5000000000002 3.0000000000000004 2.5000000000000004 1.0000000180025095e-35 1.0000000180025095e-35 11.500000000000002 3.5000000000000004 16.500000000000004 2.0000000000000004 2.5000000000000004 2.0000000000000004 2.0000000000000004 1.0000000180025095e-35 2.0000000000000004 1.0000000180025095e-35 2.0000000000000004 7.5000000000000009 1.0000000180025095e-35 18.500000000000004 3.0000000000000004 12.500000000000002 2.0000000000000004 2022.5000000000002 3.5000000000000004 2.0000000000000004 3.5000000000000004 11.500000000000002 2023.5000000000002 3.5000000000000004 5.5000000000000009 2.5000000000000004 3.0000000000000004 2.0000000000000004 3.0000000000000004 2.0000000000000004 3.5000000000000004 1.0000000180025095e-35 2.5000000000000004 2.0000000000000004 1.0000000180025095e-35 3.0000000000000004 3.5000000000000004 3.0000000000000004 3.5000000000000004 8.5000000000000018 1.5000000000000002 3.5000000000000004 4.0000000000000009 2.0000000000000004 2.0000000000000004 4.5000000000000009 1.0000000180025095e-35 54.500000000000007 2.0000000000000004 3.5000000000000004 2.0000000000000004 2.5000000000000004 1.0000000180025095e-35 2.0000000000000004 1.0000000180025095e-35 7.5000000000000009
decision_type=2 2 2 2 2 2 2 2 2 2 2 2 2 2 2 8 2 10 2 2 2 2 2 2 2 2 2 2 2 2 2 2 2 2 2 2 2 2 2 2 2 2 10 2 2 2 2 2 2 2 2 2 10 10 2 2 2 2 8 2 2 2
left_child=3 2 15 13 5 8 50 17 9 11 14 27 -7 -1 -11 32 31 18 35 -10 21 54 24 -12 -23 26 -22 40 29 -29 -17 -9 -2 -28 -27 56 -37 -38 59 48 45 57 43 -43 -25 -5 47 -41 -40 61 -4 -3 -53 -54 -6 -30 60 58 -34 -32 -8 -50
right_child=1 51 6 4 20 12 7 16 19 10 23 -13 -14 -15 -16 30 -18 -19 -20 -21 25 22 -24 44 -26 34 33 28 55 -31 38 -33 41 -35 -36 36 37 -39 39 46 -42 42 -44 -45 -46 -47 -48 -49 49 -51 -52 52 53 -55 -56 -57 -58 -59 -60 -61 -62 -63
leaf_value=-0.01411684159829747 0.018220229304972149 -0.0023677093387497418 -0.0054578767207108048 0.0050920937489718201 0.073385459350215065 0.028110131983143778 0.0067047809483483439 0.0088143465050961826 0.058706450316350203 -0.0013813557435891459 0.046142386678340183 0.057164608579325052 0.0038060624904644028 0.016718153012069789 0.024167253647465262 -0.0012245905969592069 0.036899914230680335 -0.0017593787123377507 0.033292596791546017 0.03431456210412856 0.031345643967390056 0.060089877445031616 0.024641703969488542 0.015926731764166445 0.038624048170944059 0.038911891126654288 0.041393801497052546 0.064417905360460284 0.01758587925384442 0.037642837563080012 0.0036675200267222968 0.028991022643943626 0.016184311995611472 0.064217815207530296 0.020763727277517321 -0.00614680314765257 0.0071084891622130945 0.026705492039521536 0.0033282101126526722 0.0033921594581296367 0.035094743810514827 0.0070794159993529324 0.018125012467304868 -0.0021550986808159447 0.036171052340582453 0.028143230453133584 0.0019681662276195104 0.027419790424882313 0.0057992091635242111 -0.0042832420931922062 0.012394967296671484 -0.0017163637894903128 -4.3891506756452641e-05 0.012113852870274097 0.053778015332424947 0.038905615787263273 0.032002275426159889 -0.0020714827651500851 -0.0018523929826915265 -0.0071975540584669666 0.025483365549838974 0.019479030519816688
leaf_weight=24 21 12574 38 20 27 39 28 32 37 28 42 38 39 22 40 211 87 26 43 29 25 34 21 27 42 69 23 22 21 29 223 48 34 32 30 34 37 42 67 31 47 150 30 173 34 26 223 23 32 27 31 10032 1668 47 29 27 34 1005 40 52 28 138
leaf_count=24 21 12574 38 20 27 39 28 32 37 28 42 38 39 22 40 211 87 26 43 29 25 34 21 27 42 69 23 22 21 29 223 48 34 32 30 34 37 42 67 31 47 150 30 173 34 26 223 23 32 27 31 10032 1668 47 29 27 34 1005 40 52 28 138
internal_value=-5.62422e-06 -0.00119124 0.0046728 0.0350736 0.0368802 0.0321499 0.0189205 0.0214915 0.0348543 0.0326925 0.0264668 0.0373212 0.0159581 0.00063033 0.0136472 0.00175432 0.029245 0.016731 0.0186853 0.0479888 0.0446452 0.0504818 0.043121 0.0349303 0.0482272 0.0396564 0.0473834 0.0333938 0.0396827 0.0491929 0.00422681 0.0209204 6.73519e-06 0.0546732 0.0334124 0.0155911 0.010404 0.0175271 0.00563642 0.00768158 0.0266991 -0.000260362 0.00349244 0.00213338 0.0272105 0.018121 0.00424084 0.0136262 0.0112918 0.0140002 0.00256297 -0.00191168 -0.00142355 0.000289294 0.0632316 0.0295782 0.0221038 -0.00148811 0.00643474 0.00161303 0.0160941 0.016904
internal_weight=28232 27309 2988 923 877 545 508 439 467 401 171 230 78 46 68 2480 167 272 246 66 332 153 97 103 76 179 80 192 99 51 1027 80 1453 55 99 203 113 79 816 541 93 1432 353 323 61 46 277 54 264 197 69 24321 11747 1715 56 48 90 1079 74 275 56 170
internal_count=28232 27309 2988 923 877 545 508 439 467 401 171 230 78 46 68 2480 167 272 246 66 332 153 97 103 76 179 80 192 99 51 1027 80 1453 55 99 203 113 79 816 541 93 1432 353 323 61 46 277 54 264 197 69 24321 11747 1715 56 48 90 1079 74 275 56 170
is_linear=0
shrinkage=0.05


Tree=35
num_leaves=63
num_cat=0
split_feature=100 100 113 12 113 111 12 114 104 100 48 100 57 112 99 61 94 44 43 44 84 76 114 114 76 107 8 47 104 51 24 82 66 8 11 43 110 102 113 16 58 112 100 63 18 14 110 85 94 113 14 114 110 61 9 1 16 67 24 94 54 74
split_gain=438.869 49.8807 50.9993 24.704 12.6202 11.7696 7.98607 7.19059 6.67386 6.48424 6.19528 6.65657 6.15285 6.05916 6.49935 4.79486 4.77052 5.33771 4.72962 4.66569 7.50505 5.2055 4.30851 4.30844 4.62815 3.93252 3.88751 5.41519 3.79867 3.09485 3.01353 3.27903 2.97587 2.76752 2.58306 3.68069 2.48326 2.37042 2.45382 3.77793 5.25459 2.4719 2.31741 2.833 2.31236 4.07638 2.16786 2.3525 2.09987 2.07816 2.03822 3.57787 1.95747 1.94774 2.70381 2.69531 2.48759 2.33163 2.4423 3.46714 3.32981 3.19728
threshold=2024.5000000000002 2025.5000000000002 3.5000000000000004 1.0000000180025095e-35 3.5000000000000004 2.5000000000000004 1.0000000180025095e-35 2.5000000000000004 7.5000000000000009 2022.5000000000002 3.0000000000000004 2022.5000000000002 4.0000000000000009 1.0000000180025095e-35 3.0000000000000004 2.5000000000000004 4.0000000000000009 2.0000000000000004 2.0000000000000004 2.0000000000000004 1.0000000180025095e-35 3.5000000000000004 6.5000000000000009 12.500000000000002 3.5000000000000004 19.500000000000004 2.0000000000000004 2.0000000000000004 5.5000000000000009 2.5000000000000004 2.5000000000000004 2.5000000000000004 2.0000000000000004 2.0000000000000004 2.0000000000000004 2.0000000000000004 27.250000000000004 inf 3.5000000000000004 2.5000000000000004 3.0000000000000004 1.0000000180025095e-35 2023.5000000000002 2.5000000000000004 3.5000000000000004 4.0000000000000009 32.250000000000007 -1.4999999999999998 4.0000000000000009 4.5000000000000009 4.0000000000000009 13.500000000000002 114.50000000000001 3.5000000000000004 2.5000000000000004 1.0000000180025095e-35 4.5000000000000009 2.5000000000000004 2.5000000000000004 4.0000000000000009 2.0000000000000004 2.5000000000000004
decision_type=2 2 2 2 2 10 2 2 2 2 2 2 2 8 2 2 2 2 2 2 2 2 2 2 2 8 2 2 2 2 2 2 2 2 2 2 8 8 2 2 2 10 2 2 2 2 10 2 2 2 2 2 8 2 2 2 2 2 2 2 2 2
left_child=3 2 7 4 9 12 -7 46 -6 18 26 -12 -4 25 28 -14 23 49 32 21 -21 -11 -16 24 -10 30 27 50 -15 -23 -9 33 -1 -32 35 -26 -24 38 41 -40 -41 -3 43 -28 45 -30 -2 -48 -13 -18 -5 -52 -38 54 55 57 -55 58 -54 60 61 -60
right_child=1 37 5 10 8 6 -8 13 16 19 11 48 15 14 22 -17 17 -19 -20 20 -22 29 36 -25 34 -27 42 -29 44 -31 31 -33 -34 -35 -36 -37 52 -39 39 40 -42 -43 -44 -45 -46 -47 47 -49 -50 -51 51 -53 53 56 -56 -57 -58 -59 59 -61 -62 -63
leaf_value=0.034798701658197075 -0.0010503150116278567 -0.0017637416768960708 0.0091474268266132901 0.051956278137448769 0.0057571809366345414 -0.0061588346584145227 0.031564506147988142 -0.0010805045720189809 0.05275978452215592 -0.0091314738672791107 0.048997957926047477 0.0092912593146874788 0.012746912902542229 -0.014316089097888042 0.030572815984487536 0.034551944607299379 0.010160275594004103 0.04005588311702013 0.047458109578916004 0.0060857869701757064 0.040950544889677656 0.02949492186113882 7.5963564449921256e-05 0.04778612344246843 0.049677058472298086 0.00073138067525883323 0.056839085463434462 0.037922757399667592 -0.0032206176272170112 0.0079762166583995254 0.038604083621785759 0.0015168535922254836 0.010108524288695592 0.01322774849832058 0.019243705832551042 0.020634117498993874 0.025453331152952854 -0.0024233350651811369 -0.0012545485239281757 -0.012467006864872846 0.014452333368578006 3.8104698268348775e-05 0.032901260984892197 0.039064522049225434 -0.0055180428397594676 0.017646387750282884 -0.0012801022756667366 0.022386719641231359 0.0296391389798373 0.028214823654187579 0.083409844551767628 0.056849382619839163 0.00067192229309252338 0.020367350126616657 -0.0022072932735647797 -0.0059780551977455625 0.0030513467001063482 0.0025016388680356057 0.02357950139557943 0.0063527672862013183 0.033195180668862477 0.0078243815069045149
leaf_weight=23 967 12732 35 36 20 47 20 32 24 33 38 21 29 39 25 193 37 47 28 29 33 24 64 96 24 791 40 35 44 55 21 21 26 22 43 20 21 8965 211 22 103 2238 44 51 49 50 21 21 32 28 21 32 35 80 53 25 28 65 62 81 33 67
leaf_count=23 967 12732 35 36 20 47 20 32 24 33 38 21 29 39 25 193 37 47 28 29 33 24 64 96 24 791 40 35 44 55 21 21 26 22 43 20 21 8965 211 22 103 2238 44 51 49 50 21 21 32 28 21 32 35 80 53 25 28 65 62 81 33 67
internal_value=0.000134777 -0.00102134 0.00501531 0.033726 0.0274829 0.023766 0.00510186 0.00277931 0.0337753 0.0189845 0.04425 0.0330274 0.0286317 0.00475632 0.00785176 0.0317035 0.0355319 0.0272194 0.0310652 0.0136384 0.0246428 0.00754671 0.010226 0.0400295 0.0333211 0.0018912 0.0481931 0.0545848 -0.000484062 0.0145135 0.0114476 0.0177117 0.0216978 0.0256208 0.0279587 0.0364757 0.00939751 -0.00177769 -0.00139952 0.00282621 0.00971453 -0.00149437 0.0423223 0.0468775 0.00328831 0.00787885 -0.00056731 0.0105533 0.0215768 0.0179376 0.0611372 0.0673733 0.0104822 0.00988788 0.00835122 0.00987188 0.015878 0.0110271 0.0130205 0.0147991 0.0190222 0.0153966
internal_weight=28252 27312 3041 940 590 324 67 2717 339 251 350 91 257 1708 821 222 319 112 77 174 62 112 639 207 111 887 259 124 182 79 96 64 49 43 87 44 614 24271 15306 336 125 14970 135 91 143 94 1009 42 53 65 89 53 550 529 421 368 108 343 278 243 162 129
internal_count=28252 27312 3041 940 590 324 67 2717 339 251 350 91 257 1708 821 222 319 112 77 174 62 112 639 207 111 887 259 124 182 79 96 64 49 43 87 44 614 24271 15306 336 125 14970 135 91 143 94 1009 42 53 65 89 53 550 529 421 368 108 343 278 243 162 129
is_linear=0
shrinkage=0.05


Tree=36
num_leaves=63
num_cat=0
split_feature=100 100 22 87 16 84 111 104 94 44 77 97 100 54 65 100 94 16 110 84 68 63 28 63 48 47 76 85 10 46 14 96 106 44 16 16 100 17 76 28 48 42 24 99 48 16 46 55 68 42 89 77 77 67 80 109 50 112 66 111 14 67
split_gain=396.08 45.0174 38.1276 22.1906 11.5432 10.5192 6.32275 5.25483 5.04814 8.1347 4.94983 4.85401 4.47141 4.38011 4.42991 4.28617 4.21336 4.69638 4.10458 3.83588 3.60931 3.55618 3.10283 3.14367 3.0448 3.40118 3.01694 3.00493 2.97003 2.93184 2.83736 4.1668 2.83297 5.40581 2.80626 5.15786 2.59483 2.52336 2.93761 2.34942 2.50385 3.55608 2.3331 3.35832 2.24766 2.19986 2.36461 2.18268 2.35264 2.16234 2.12791 2.4818 2.09174 2.08202 3.88617 2.03022 1.89401 1.89114 1.85632 1.77601 1.87606 4.53423
threshold=2024.5000000000002 2025.5000000000002 1.0000000180025095e-35 1.0000000180025095e-35 2.5000000000000004 1.0000000180025095e-35 1.5000000000000002 7.5000000000000009 4.0000000000000009 2.0000000000000004 2.5000000000000004 1.5000000000000002 2023.5000000000002 2.0000000000000004 2.0000000000000004 2023.5000000000002 4.0000000000000009 3.5000000000000004 50.250000000000007 1.0000000180025095e-35 2.0000000000000004 2.5000000000000004 2.0000000000000004 2.5000000000000004 3.0000000000000004 2.0000000000000004 3.5000000000000004 -1.4999999999999998 -1.4999999999999998 2.0000000000000004 4.0000000000000009 1.5000000000000002 1.0000000180025095e-35 2.0000000000000004 2.5000000000000004 3.5000000000000004 2021.5000000000002 3.0000000000000004 3.5000000000000004 2.0000000000000004 3.0000000000000004 2.0000000000000004 2.5000000000000004 3.0000000000000004 3.0000000000000004 3.5000000000000004 2.0000000000000004 3.0000000000000004 2.0000000000000004 2.0000000000000004 -1.4999999999999998 2.5000000000000004 2.5000000000000004 2.5000000000000004 3.5000000000000004 1.5000000000000002 2.0000000000000004 1.0000000180025095e-35 2.0000000000000004 2.5000000000000004 4.0000000000000009 2.5000000000000004
decision_type=2 2 2 2 2 2 10 2 2 2 2 2 2 2 2 2 2 2 10 2 2 2 2 2 2 2 2 2 2 2 2 2 2 2 2 2 2 2 2 2 2 2 2 2 2 2 2 2 2 2 2 2 2 2 2 8 2 10 2 10 2 2
left_child=3 2 6 5 29 26 7 39 13 15 22 20 16 36 34 52 45 24 28 -6 -12 -21 30 -24 25 -18 -1 -20 -8 58 31 -9 56 -34 -15 -36 -7 -38 -39 40 41 42 -2 -44 -14 -5 -47 -19 -49 -22 51 -30 -10 54 -28 -52 -32 -3 -4 60 -23 -62
right_child=1 57 4 12 19 8 18 10 9 -11 11 -13 44 14 -16 -17 17 47 27 21 49 59 23 -25 -26 -27 53 -29 50 -31 32 -33 33 -35 35 -37 37 38 -40 -41 -42 -43 43 -45 -46 46 -48 48 -50 -51 55 -53 -54 -55 -56 -57 -58 -59 -60 -61 61 -63
leaf_value=0.0020761189250541583 -0.001685050792164273 -0.0018581287672865311 -0.015328512054301149 0.046574897843378565 0.0091287486142281327 0.053875433316542987 -0.0025794775769687616 0.013539924933796839 0.010942872291031693 0.036697379794325038 0.011838529233546289 -0.0046947586514493999 0.037889402267454131 0.035965123600326478 0.042394446288900718 -0.0012972926227923702 0.055946925618663074 0.072744302469350042 0.0052033315516180467 0.040155605342641308 0.031219999266273165 0.019843897107784871 0.0098314974372359851 -0.013406533271420835 0.025537331526478132 0.031202410232453123 0.011387579189613462 0.028658503567037936 0.013270945460876314 0.014725075115760168 0.013693455489618436 -0.015704803554148512 0.032046545379082948 0.0036385015274087587 -0.00078381088251868901 0.027114677952753533 0.02694739971584717 0.051201700821921638 0.034642756014063802 0.011761330025778576 -0.005974935196460255 -0.004645762536933439 0.00071732991121032025 0.025513373956912097 0.020992860341301333 0.040260583125054844 0.01594695381820202 0.06722662531855432 0.046870186368469152 0.014208212110304064 -0.0125903934526902 -0.0010442536906339229 0.02965597144502681 0.0058833370937711816 0.038509457975625994 0.0015545766454186445 -0.0010834429543792156 -0.00053838429100423876 0.0054996859654784201 0.013651306620158721 0.040244227366409702 0.0187955015423623
leaf_weight=42 27 21157 23 27 33 21 520 21 28 58 207 34 81 20 28 34 41 21 36 44 47 64 22 43 21 21 28 22 82 30 35 29 34 33 30 37 61 37 97 44 124 72 22 36 26 20 20 22 40 31 26 48 32 22 25 1043 57 3114 20 32 56 44
leaf_count=42 27 21157 23 27 33 21 520 21 28 58 207 34 81 20 28 34 41 21 36 44 47 64 22 43 21 21 28 22 82 30 35 29 34 33 30 37 61 37 97 44 124 72 22 36 26 20 20 22 40 31 26 48 32 22 25 1043 57 3114 20 32 56 44
internal_value=0.000128038 -0.000970269 0.00476454 0.0320397 0.0203896 0.0262567 0.0027585 0.006128 0.0295151 0.0219719 0.00892855 0.0131622 0.042245 0.032979 0.0250963 0.012886 0.0461307 0.0504023 0.00101781 0.0251122 0.0152925 0.0273099 0.00399956 -0.00554135 0.0419923 0.0475657 0.0128053 0.0141001 0.000576404 0.00272863 0.00696683 -0.00342202 0.0102338 0.0180545 0.0195291 0.0146228 0.0371759 0.0353774 0.039215 0.00101809 -0.00066413 0.00353039 0.0104561 0.016108 0.0337837 0.0355474 0.0281038 0.0588123 0.0540934 0.0244589 0.00194509 0.00798533 0.0209232 0.0188136 0.0241809 0.00121055 0.0045382 -0.0016888 -0.00564098 0.0244262 0.0265286 0.0308068
internal_weight=28252 27312 3041 940 346 600 2695 918 483 152 593 319 340 331 115 94 233 166 1777 273 285 240 274 65 83 62 117 58 1719 73 209 50 159 67 87 67 216 195 134 325 281 157 85 58 107 67 40 83 62 78 1199 130 60 75 53 1069 92 24271 43 196 164 100
internal_count=28252 27312 3041 940 346 600 2695 918 483 152 593 319 340 331 115 94 233 166 1777 273 285 240 274 65 83 62 117 58 1719 73 209 50 159 67 87 67 216 195 134 325 281 157 85 58 107 67 40 83 62 78 1199 130 60 75 53 1069 92 24271 43 196 164 100
is_linear=0
shrinkage=0.05


Tree=37
num_leaves=63
num_cat=0
split_feature=100 100 113 12 113 85 114 114 111 100 48 100 46 112 99 94 54 113 43 42 87 114 8 47 104 54 77 14 61 9 70 66 79 77 67 16 64 18 14 10 76 27 61 77 16 9 17 94 28 48 16 42 102 113 16 58 112 82 18 14 100 28
split_gain=357.462 40.6282 42.0651 20.1377 10.7996 10.1517 6.2483 5.93599 5.53407 5.48359 5.15793 5.74049 4.99635 4.93806 5.68269 4.5397 5.28685 4.40997 4.22403 3.99739 3.93191 3.91728 3.43773 4.7434 3.30535 3.26292 2.98117 3.79261 6.06409 5.29412 4.04248 3.98537 3.75759 2.96242 2.79295 2.71392 2.52829 2.35823 3.00198 2.29323 2.19663 4.01227 3.63521 2.14074 2.14008 3.99447 4.0433 5.42955 4.20273 3.21871 2.89147 2.29076 2.12188 2.21123 3.40988 4.74601 2.0622 2.04555 3.55791 2.04193 1.95579 1.98118
threshold=2024.5000000000002 2025.5000000000002 3.5000000000000004 1.0000000180025095e-35 3.5000000000000004 1.0000000180025095e-35 2.5000000000000004 7.5000000000000009 7.5000000000000009 2022.5000000000002 3.0000000000000004 2022.5000000000002 2.0000000000000004 1.0000000180025095e-35 3.0000000000000004 4.0000000000000009 2.0000000000000004 4.5000000000000009 2.0000000000000004 2.0000000000000004 1.0000000180025095e-35 6.5000000000000009 2.0000000000000004 2.0000000000000004 7.5000000000000009 2.0000000000000004 1.5000000000000002 4.0000000000000009 1.5000000000000002 1.0000000180025095e-35 2.0000000000000004 2.0000000000000004 2.0000000000000004 2.5000000000000004 2.5000000000000004 3.5000000000000004 2.5000000000000004 3.5000000000000004 4.0000000000000009 -1.4999999999999998 3.5000000000000004 2.0000000000000004 3.5000000000000004 2.5000000000000004 3.5000000000000004 2.5000000000000004 3.0000000000000004 2.0000000000000004 2.0000000000000004 3.0000000000000004 4.5000000000000009 2.0000000000000004 inf 3.5000000000000004 2.5000000000000004 3.0000000000000004 1.0000000180025095e-35 2.5000000000000004 3.5000000000000004 4.0000000000000009 2023.5000000000002 2.0000000000000004
decision_type=2 2 2 2 2 2 2 2 10 2 2 2 2 8 2 2 2 2 2 2 2 2 2 2 2 2 2 2 2 2 2 2 2 2 2 2 2 2 2 2 2 2 2 2 2 2 2 2 2 2 2 2 8 2 2 2 10 2 2 2 2 2
left_child=3 2 6 4 9 12 -2 -6 17 18 22 -12 -4 36 24 25 -17 20 33 -19 -7 -16 23 -5 -15 34 27 28 -23 30 32 -32 -29 -1 -9 -27 39 38 -26 -8 41 -11 -42 -22 45 46 47 51 -48 -49 -46 -28 53 56 -55 -56 -3 -31 -59 -41 61 -24
right_child=1 52 5 10 7 8 13 15 -10 40 11 -13 -14 14 21 16 -18 19 -20 -21 43 26 60 -25 37 35 44 29 -30 57 31 -33 -34 -35 -36 -37 -38 -39 -40 59 42 -43 -44 -45 50 -47 48 49 -50 -51 -52 -53 -54 54 55 -57 -58 58 -60 -61 -62 -63
leaf_value=0.0043924468941986565 -0.00062405040780242954 -0.0015826481477858659 -0.016372516802088781 0.055680418987706141 0.0048752636426971077 0.016302587170706151 -0.0027214778258520013 0.047584316910704222 0.0073615519944319717 0.018771570827811959 0.044530377635046053 0.019065861713211493 0.014207630697637797 -0.0088018478095732832 0.028754092499613762 0.010512531259089799 0.03266983476933092 0.044496186060132462 0.043541000783443452 0.020699192974716424 0.045370279117064045 0.008026581630110741 0.035812168667773502 0.033953577099101885 -0.00092373130610212684 0.018369351683982783 0.029992999128814115 0.039067571603560024 -0.019644131837412718 0.013393905705073851 -0.0095857894136792132 0.019699983592503346 0.010691557191312314 0.029406111970030031 0.032446125993505125 0.037434276351705195 0.016019617741306624 -0.0051118469993142708 0.019861564984986268 -0.00020779967643052555 0.0099620395972404956 -0.0081504752859473239 0.02887817300302354 0.02586405559275777 0.027552819872534901 -0.0057330803868050374 -0.010066021840487209 0.018497162657203498 0.014616335605216378 -0.0042076684131815622 0.0061692994982004172 0.013639841781872691 -0.0022152238460107017 -0.0011120494406546744 -0.011771746386181225 0.013811732154086376 6.3118678488509802e-05 -0.020158564381894062 0.0032961440323680245 0.0056332933400286209 0.029361727899688297 0.050720141099718147
leaf_weight=20 1009 12732 22 89 21 86 255 78 36 25 38 53 34 74 25 43 72 60 28 25 22 44 52 35 32 35 61 28 36 25 21 26 20 29 50 40 30 38 38 278 81 31 37 39 43 36 35 27 34 37 25 33 8965 211 22 103 2238 22 61 324 44 39
leaf_count=20 1009 12732 22 89 21 86 255 78 36 25 38 53 34 74 25 43 72 60 28 25 22 44 52 35 32 35 61 28 36 25 21 26 20 29 50 40 30 38 38 278 81 31 37 39 43 36 35 27 34 37 25 33 8965 211 22 103 2238 22 61 324 44 39
internal_value=0.000121636 -0.000921756 0.00452631 0.0304377 0.0248011 0.0215555 0.00249559 0.0306219 0.0256012 0.0169395 0.0399395 0.0296994 0.002194 0.00433852 0.00713296 0.0323222 0.0243849 0.0284315 0.028049 0.0374971 0.0231896 0.00935299 0.0435373 0.0495478 -0.000661576 0.0368186 0.00856305 0.00479514 -0.00442524 0.00842879 0.0170381 0.00661485 0.0272442 0.0191965 0.041671 0.0285373 0.00175201 0.00491602 0.0103597 0.00125256 0.0120232 0.0038683 0.0158934 0.0328991 0.0117845 0.00974023 0.0121941 0.016604 0.0020963 0.00537093 0.0196912 0.024252 -0.00160436 -0.00124657 0.00276484 0.00930904 -0.00133661 0.000855778 -0.00292077 0.00293591 0.0380166 0.0422013
internal_weight=28252 27312 3041 940 590 324 2717 339 268 251 350 91 56 1708 821 318 115 232 77 85 147 639 259 124 182 203 614 283 80 203 95 47 48 49 128 75 887 108 70 857 174 56 118 61 331 263 227 158 69 64 68 94 24271 15306 336 125 14970 108 83 602 135 91
internal_count=28252 27312 3041 940 590 324 2717 339 268 251 350 91 56 1708 821 318 115 232 77 85 147 639 259 124 182 203 614 283 80 203 95 47 48 49 128 75 887 108 70 857 174 56 118 61 331 263 227 158 69 64 68 94 24271 15306 336 125 14970 108 83 602 135 91
is_linear=0
shrinkage=0.05


Tree=38
num_leaves=63
num_cat=0
split_feature=100 100 113 12 113 111 12 65 114 104 44 84 16 48 100 111 99 94 94 44 114 44 62 22 100 76 77 10 110 14 22 54 51 44 114 114 43 107 65 16 114 43 70 17 72 48 17 114 77 24 70 72 41 9 68 72 16 114 77 114 77 114
split_gain=322.609 36.6669 37.9638 18.1743 9.74661 9.25374 6.85171 5.72528 5.6391 5.58757 5.33347 5.44057 5.29078 4.65503 5.18079 4.54851 4.55474 3.76967 3.59707 4.41086 3.65743 3.95563 3.61786 3.70737 3.57266 4.35239 3.46005 3.32572 3.3896 3.25319 3.20299 3.00906 2.88021 2.78162 6.12221 2.74861 4.76273 2.67008 2.54214 3.7138 3.51918 4.62206 3.06025 2.52383 3.25536 2.46343 6.44687 2.61451 3.50049 3.03324 3.91992 5.77839 2.29119 2.4337 3.57808 2.46298 2.90079 2.18128 2.09472 2.05801 2.555 1.94044
threshold=2024.5000000000002 2025.5000000000002 3.5000000000000004 1.0000000180025095e-35 3.5000000000000004 2.5000000000000004 1.0000000180025095e-35 2.0000000000000004 2.5000000000000004 7.5000000000000009 2.0000000000000004 1.0000000180025095e-35 3.5000000000000004 3.0000000000000004 2022.5000000000002 1.5000000000000002 3.0000000000000004 2.0000000000000004 4.0000000000000009 2.0000000000000004 12.500000000000002 2.0000000000000004 2.5000000000000004 3.0000000000000004 2022.5000000000002 3.5000000000000004 2.5000000000000004 -1.4999999999999998 53.500000000000007 4.0000000000000009 3.0000000000000004 2.0000000000000004 2.5000000000000004 2.0000000000000004 13.500000000000002 14.500000000000002 2.0000000000000004 6.5000000000000009 2.0000000000000004 3.5000000000000004 9.5000000000000018 2.0000000000000004 2.0000000000000004 3.0000000000000004 3.5000000000000004 3.0000000000000004 3.0000000000000004 14.500000000000002 2.5000000000000004 2.5000000000000004 2.0000000000000004 2.5000000000000004 3.5000000000000004 2.5000000000000004 2.0000000000000004 3.5000000000000004 2.5000000000000004 12.500000000000002 2.5000000000000004 10.500000000000002 1.0000000180025095e-35 14.500000000000002
decision_type=2 2 2 2 2 10 2 2 2 2 2 2 2 2 2 10 2 2 2 2 2 2 2 2 2 2 2 2 10 2 2 2 2 2 2 2 2 10 2 2 2 2 2 2 2 2 2 2 2 2 2 2 2 2 2 2 2 2 2 2 2 2
left_child=3 2 8 4 10 7 -7 12 -2 -6 24 -12 33 38 -15 16 35 -14 20 26 21 22 23 -11 30 -26 -20 -17 29 -29 -1 -9 -27 43 -35 -10 -37 59 40 -40 -5 -42 -43 44 -4 46 47 49 -49 -18 51 -51 -47 54 55 56 -54 -13 -19 60 -31 -21
right_child=1 -3 5 13 9 6 -8 31 15 18 11 57 17 14 -16 27 45 58 19 61 -22 -23 -24 -25 25 32 -28 28 -30 37 -32 -33 -34 34 -36 36 -38 -39 39 -41 41 42 -44 -45 -46 52 -48 48 -50 50 -52 -53 53 -55 -56 -57 -58 -59 -60 -61 -62 -63
leaf_value=0.0087184731662273401 -0.00059284793708669131 -0.0015241455149924117 0.040582114314152436 0.053405025307306044 0.003454129789024592 -0.0065020811179296138 0.028439532816410065 0.029475281352642924 -0.0058927457461138838 0.030694388322856116 0.010104885636687731 0.045557513713304493 0.013862467129473333 0.042303858746431382 0.018112568529147024 -0.0021485165980096176 0.0049044888821386159 0.048219768298061003 0.00091384337104570405 0.024318869530477308 0.041750184415529176 0.014513993241957257 0.022375343040083397 0.060129010733217005 -0.0094949013581781677 0.026578457494421556 0.024461564552397109 -0.00037903103475286671 0.024251984152942899 0.022468689861042161 0.033555377812849153 0.053496548110111203 0.0058193597603927961 -0.015779726154037884 0.021560487329311994 0.02728465063497424 -0.0064282794694670228 0.02048914788230773 0.039043479269104342 0.063239056527100754 0.042228233084233124 0.036836010085996886 0.014726435349268072 0.0067049766688243211 0.012710143793374302 0.0013024130299116577 -0.0017600386955395895 -0.0014077734984422217 0.023688517697155478 0.052974988613277679 0.013992220304747364 0.020931312492500773 0.0069527239657851854 -0.0018265075092627247 0.029215011283356164 -0.0014902489751370419 0.028651006845757367 0.025445418726079739 0.029599769769596274 0.003342147946332385 0.0037445855081865661 0.044679354146122938
leaf_weight=25 1009 24271 22 33 20 47 20 32 89 23 33 28 27 38 53 321 21 23 26 22 96 35 33 20 33 24 39 319 20 35 27 22 55 21 23 20 22 31 35 29 99 29 34 23 20 124 54 33 24 24 41 34 43 33 28 36 24 26 44 294 38 25
leaf_count=25 1009 24271 22 33 20 47 20 32 89 23 33 28 27 38 53 321 21 23 26 22 96 35 33 20 33 24 39 319 20 35 27 22 55 21 23 20 22 31 35 29 99 29 34 23 20 124 54 33 24 24 41 34 43 33 28 36 24 26 44 294 38 25
internal_value=0.000115554 -0.000875668 0.0043 0.0289158 0.023561 0.0204778 0.00392825 0.0247922 0.00237081 0.0290908 0.0160925 0.0260995 0.0209432 0.0379425 0.0282144 0.00412159 0.00741349 0.0296354 0.0306981 0.02348 0.0346036 0.0284228 0.0348281 0.0443849 0.010784 0.0057555 0.0150425 0.00209916 0.00394923 0.0033829 0.0216146 0.0392617 0.0121259 0.0134472 0.00373902 -0.000917431 0.0096255 0.00639812 0.0413605 0.0500071 0.0385226 0.035491 0.0249039 0.0200188 0.0273097 0.00951629 0.0133626 0.0179763 0.00915909 0.0221645 0.0258257 0.0341908 0.00643121 0.0103091 0.0133661 0.00905769 0.0147252 0.0358739 0.0359917 0.00520787 0.0127219 0.0351489
internal_weight=28252 27312 3041 940 590 324 67 257 2717 339 251 87 203 350 91 1708 650 94 319 112 207 111 76 43 164 112 65 1058 737 717 52 54 79 109 44 131 42 398 259 64 195 162 63 65 42 519 231 177 57 120 99 58 288 164 131 103 67 54 67 367 73 47
internal_count=28252 27312 3041 940 590 324 67 257 2717 339 251 87 203 350 91 1708 650 94 319 112 207 111 76 43 164 112 65 1058 737 717 52 54 79 109 44 131 42 398 259 64 195 162 63 65 42 519 231 177 57 120 99 58 288 164 131 103 67 54 67 367 73 47
is_linear=0
shrinkage=0.05


Tree=39
num_leaves=63
num_cat=0
split_feature=101 101 113 12 113 57 61 104 44 18 104 48 101 8 64 54 61 106 113 8 47 43 16 94 44 46 8 109 77 57 52 21 12 49 28 62 73 106 8 41 64 72 61 79 11 102 96 108 89 44 46 65 24 94 102 104 113 15 106 54 77 16
split_gain=291.155 33.0919 34.2623 16.4023 8.79632 8.72779 5.48671 5.04278 4.81346 7.10688 4.43222 4.20116 4.67566 4.02659 3.61088 4.25873 3.60021 7.02402 3.44557 3.06896 4.04281 2.95618 2.83677 2.85401 4.61495 2.73583 2.37674 4.12931 3.50139 4.01347 3.08582 2.34428 3.41298 2.28547 2.27748 2.64584 2.18948 3.29406 5.70252 3.42325 2.18678 2.26628 2.59561 2.43366 2.09157 2.05224 2.224 2.27636 2.1292 1.98429 1.9612 1.94823 1.9397 1.92207 1.91499 2.04883 4.75412 2.33369 2.49935 2.69444 4.69467 1.88858
threshold=1.5000000000000002 1.0000000180025095e-35 3.5000000000000004 1.0000000180025095e-35 3.5000000000000004 4.0000000000000009 2.5000000000000004 7.5000000000000009 2.0000000000000004 1.5000000000000002 7.5000000000000009 3.0000000000000004 3.5000000000000004 2.0000000000000004 2.5000000000000004 2.0000000000000004 3.5000000000000004 1.0000000180025095e-35 1.5000000000000002 2.0000000000000004 2.0000000000000004 2.0000000000000004 4.5000000000000009 4.0000000000000009 2.0000000000000004 2.0000000000000004 2.0000000000000004 7.5000000000000009 2.5000000000000004 4.0000000000000009 3.0000000000000004 2.5000000000000004 1.0000000180025095e-35 4.0000000000000009 2.0000000000000004 2.5000000000000004 2.5000000000000004 1.0000000180025095e-35 2.0000000000000004 2.0000000000000004 2.5000000000000004 1.0000000180025095e-35 3.5000000000000004 2.0000000000000004 2.0000000000000004 1.0000000180025095e-35 1.5000000000000002 48.500000000000007 -1.4999999999999998 2.0000000000000004 2.0000000000000004 2.0000000000000004 2.5000000000000004 4.0000000000000009 inf 7.5000000000000009 2.5000000000000004 3.0000000000000004 1.0000000180025095e-35 2.0000000000000004 1.5000000000000002 3.5000000000000004
decision_type=2 2 2 2 2 2 2 2 2 2 2 2 2 2 2 2 2 2 2 2 2 2 2 2 2 2 2 10 2 2 2 2 2 2 2 2 2 2 2 2 2 2 2 2 2 8 2 8 2 2 2 2 2 2 8 2 2 2 2 2 2 2
left_child=1 54 10 4 8 13 -7 -6 16 -10 40 19 53 -4 22 -16 -2 -18 33 20 -5 26 23 34 25 -25 -20 28 -28 -30 -29 -8 49 -12 35 -9 52 38 -38 -39 41 42 45 -43 -36 46 47 -3 -47 -33 -24 -34 -23 -13 55 -1 -57 -58 59 -59 -61 -51
right_child=3 2 5 11 7 6 31 14 9 -11 18 12 -14 -15 15 -17 17 -19 21 -21 -22 36 50 24 -26 -27 27 30 29 -31 -32 32 51 -35 44 -37 37 39 -40 -41 -42 43 -44 -45 -46 48 -48 -49 -50 61 -52 -53 -54 -55 -56 56 57 58 -60 60 -62 -63
leaf_value=-0.0016358910539719168 0.0049102789179111522 -0.0094459563671123424 0.017256878722797742 0.050633043373066393 0.0032814235240221021 0.0049059341661632063 0.012557663910937945 0.042690462268450684 0.035161956510784333 0.0050962792723051589 0.0078319706175643111 0.0054530404685508641 0.040188665835088809 -0.010712595097720623 0.032803234653103919 0.0022604024214670066 0.0057493016095549777 0.041743795743778997 0.0073943841521173937 0.034076167230183883 0.030574774720839096 0.015700600958532759 0.0091630787588655952 0.026948342192918064 0.040254200878553095 0.0022364749262730283 -0.013461157556336659 -0.00061154917237304506 0.019611712601845681 -0.0077707337390165781 0.026830862164497378 0.017741501048304045 0.030541972446312404 0.00066705770716864957 0.053098785680006533 0.024537267908453942 0.0073104899420979481 0.024130438747150557 0.042987980763427913 -0.0014047707178230797 0.011148015063169391 -0.0061047112908295641 0.011151014646249159 3.9754077644760344e-05 0.035686445027323703 0.0085317518199897469 -0.0094925416203645568 0.0079975285779750136 -0.004752799225709794 0.018828562951900746 0.030275323159400038 0.047694891563616698 0.0048530030182038237 0.024920437124092133 -0.002028255430774787 -0.0009009446555133234 0.001638990572408626 0.0024130710278592645 0.002948365814737835 0.0024762630462646486 0.031793568686892586 0.037741160255708645
leaf_weight=8352 108 21 22 89 20 36 29 34 57 30 134 21 38 31 21 25 33 23 184 135 35 54 22 24 32 21 65 21 23 32 20 77 49 657 34 49 21 21 24 35 43 252 70 447 35 36 26 171 186 22 22 25 174 32 8965 6284 475 31 106 22 36 33
leaf_count=8352 108 21 22 89 20 36 29 34 57 30 134 21 38 31 21 25 33 23 184 135 35 54 22 24 32 21 65 21 23 32 20 77 49 657 34 49 21 21 24 35 43 252 70 447 35 36 26 171 186 22 22 25 174 32 8965 6284 475 31 106 22 36 33
internal_value=0.000109777 -0.000831885 0.004085 0.02747 0.022383 0.0194539 0.023083 0.0276363 0.0152879 0.0247945 0.00225227 0.0360454 0.0268037 0.000897375 0.0291632 0.0162039 0.0102448 0.0205328 0.00411916 0.0392924 0.0449714 0.00674604 0.0313469 0.033581 0.0257384 0.0154161 0.00351238 -0.00092419 -0.00560474 0.00368011 0.012775 0.0258676 0.0277413 0.00188084 0.0375539 0.0319735 0.010137 0.0162654 0.0263385 0.00817093 6.77693e-05 -0.000326317 0.00220804 -0.00217542 0.0442664 0.000785292 0.00423122 0.00608965 -0.00259855 0.0229226 0.0197192 0.0363369 0.00742217 0.0172069 -0.00144794 -0.00110804 -0.000474063 0.0035297 0.00813527 0.0143129 0.0206732 0.0301761
internal_weight=28252 27312 3041 940 590 324 271 339 251 87 2717 350 91 53 319 46 164 56 1465 259 124 674 273 229 77 45 345 161 120 55 41 235 206 791 152 83 329 101 45 56 1252 1209 510 699 69 440 218 192 222 132 44 74 228 53 24271 15306 6954 670 195 89 58 55
internal_count=28252 27312 3041 940 590 324 271 339 251 87 2717 350 91 53 319 46 164 56 1465 259 124 674 273 229 77 45 345 161 120 55 41 235 206 791 152 83 329 101 45 56 1252 1209 510 699 69 440 218 192 222 132 44 74 228 53 24271 15306 6954 670 195 89 58 55
is_linear=0
shrinkage=0.05


Tree=40
num_leaves=63
num_cat=0
split_feature=11 12 17 103 15 67 103 111 77 26 114 65 94 77 103 19 40 94 106 15 63 11 52 50 114 111 22 65 11 106 16 68 43 71 44 11 103 104 55 55 15 15 106 43 28 114 114 16 43 40 65 94 66 44 62 43 114 47 48 54 70 28
split_gain=202.603 39.9167 25.6456 11.6161 10.5244 7.08075 6.69873 7.6526 6.65203 6.4266 6.02379 4.97791 6.40234 8.02795 4.96742 4.57753 4.45699 3.4956 3.60799 5.5915 4.05176 3.47972 3.43274 3.43151 3.1798 3.14048 2.94655 2.93126 3.22077 2.77986 2.7282 3.97881 2.62 2.60513 2.78983 2.53609 2.44838 2.45299 2.91751 2.40701 2.36212 2.34024 2.54818 3.12986 2.30981 5.01016 2.21396 2.12582 3.89582 2.64554 2.09781 2.36531 3.43966 2.54024 2.06535 2.06119 4.02368 4.15758 5.55897 3.8025 1.87538 1.71138
threshold=1.0000000180025095e-35 1.0000000180025095e-35 3.0000000000000004 1.0000000180025095e-35 3.0000000000000004 2.5000000000000004 1.0000000180025095e-35 1.0000000180025095e-35 2.5000000000000004 2.5000000000000004 15.500000000000002 2.0000000000000004 2.0000000000000004 2.5000000000000004 1.0000000180025095e-35 3.5000000000000004 3.5000000000000004 2.0000000000000004 1.0000000180025095e-35 3.0000000000000004 2.5000000000000004 2.0000000000000004 3.0000000000000004 2.0000000000000004 17.500000000000004 7.5000000000000009 3.0000000000000004 2.0000000000000004 2.0000000000000004 1.0000000180025095e-35 4.5000000000000009 2.0000000000000004 2.0000000000000004 3.0000000000000004 2.0000000000000004 2.0000000000000004 1.0000000180025095e-35 7.5000000000000009 3.0000000000000004 3.0000000000000004 3.0000000000000004 3.0000000000000004 1.0000000180025095e-35 2.0000000000000004 2.0000000000000004 13.500000000000002 16.500000000000004 3.5000000000000004 2.0000000000000004 3.5000000000000004 2.0000000000000004 2.0000000000000004 2.0000000000000004 2.0000000000000004 2.5000000000000004 2.0000000000000004 10.500000000000002 2.0000000000000004 3.0000000000000004 2.0000000000000004 2.0000000000000004 2.0000000000000004
decision_type=2 2 2 10 2 2 10 10 2 2 2 2 2 2 10 2 2 2 2 2 2 2 2 2 2 10 2 2 2 2 2 2 2 2 2 2 8 2 2 2 2 2 2 2 2 2 2 2 2 2 2 2 2 2 2 2 2 2 2 2 2 2
left_child=6 2 4 -4 26 16 36 9 10 17 27 12 23 32 -10 -7 35 18 19 -8 -20 -12 -16 -3 -13 50 -2 28 -6 -29 31 -15 46 -22 -35 -5 37 -1 40 -17 -39 -11 43 -43 45 -18 -14 48 -33 -49 51 52 -24 54 -53 59 -57 58 -58 -41 -30 -37
right_child=1 11 3 5 8 15 7 -9 14 41 21 24 13 30 22 39 44 -19 20 -21 33 -23 25 -25 -26 -27 -28 29 60 -31 -32 47 -34 34 -36 61 -38 38 -40 55 -42 42 -44 -45 -46 -47 -48 49 -50 -51 -52 53 -54 -55 -56 56 57 -59 -60 -61 -62 -63
leaf_value=-0.0014833799357284723 -0.0053478935873377204 0.030255108042841868 -0.0038121815432201733 0.028658615913370562 -0.014210995227320104 -0.004057230445600692 0.0090578647659105404 -0.0015144958331958097 -0.0056653798092156649 -0.0031339202406431262 0.0043971434107114528 0.033339516739307462 0.039659894147189338 0.042256275427838171 0.0012620966577042755 0.032410587102307806 -0.0019894212306964965 -0.00048897116898726195 0.023421318156690133 0.036054880878972732 -0.0066943203945728866 0.027817816409681523 -0.0036202567150625826 0.0063074535869348516 0.051989145168373663 0.0032993347100589588 0.011495901271700859 0.021827178588137031 -0.0056146216913102532 -0.0030827639358384268 0.010176333459446942 0.025215054726494213 0.028594176047631811 0.025870840158313514 0.0017624406066412729 0.058077173644588115 -0.0019571152517457494 0.0029353246664499295 -0.00044674914747960245 0.030683294689339221 0.016234449385665355 0.0031788978725671769 0.00046543969207855522 0.030165350011416844 0.031583471248547233 0.032548905359137625 0.058009455068036925 0.018989527723841514 -0.0020257515566689628 0.043177796397358185 0.032378891173919497 0.030361526579196964 0.024339369028298696 0.036934299221528431 0.010053009035125855 0.03043482180819997 -0.0048653888553380972 -0.0088652881105308941 0.023063962781921993 0.0089615265678229007 0.01021105338457144 0.038886248983012947
leaf_weight=9229 193 21 44 29 52 21 34 468 24 124 29 87 48 30 26 35 21 39 41 44 33 35 22 52 31 23 30 24 39 21 33 35 31 20 30 21 9057 202 7294 66 40 22 61 21 45 21 25 26 21 20 44 21 22 28 31 31 25 23 62 29 36 26
leaf_count=9229 193 21 44 29 52 21 34 468 24 124 29 87 48 30 26 35 21 39 41 44 33 35 22 52 31 23 30 24 39 21 33 35 31 20 30 21 9057 202 7294 66 40 22 61 21 45 21 25 26 21 20 44 21 22 28 31 31 25 23 62 29 36 26
internal_value=-9.28144e-05 0.0168626 0.0120587 0.0207196 0.00588466 0.0230919 -0.00114401 0.00300894 0.0100766 0.00752272 0.00410979 0.029384 0.0263288 0.0298926 0.0159196 0.0184317 0.0314403 0.0132156 0.0158616 0.024287 0.0105617 0.0172053 0.0183069 0.0131965 0.038239 0.0206271 -0.00308191 -0.000762964 -0.00464838 0.0102025 0.023035 0.0262497 0.0407724 0.00420937 0.0114058 0.0402864 -0.00129471 -0.000936856 -0.000267552 0.0201744 0.00513353 0.00150524 0.00703654 0.0163583 0.0237127 0.0152797 0.045944 0.0215419 0.0149998 0.0295062 0.0229993 0.0196711 0.0103596 0.0247924 0.0182545 0.0183597 0.0145242 0.0100403 0.0150383 0.0240524 0.0019817 0.0474609
internal_weight=28418 1659 1199 499 700 455 26759 937 477 469 236 460 342 269 241 292 163 241 202 78 124 64 217 73 118 191 223 172 127 45 165 132 104 83 50 76 25822 16765 7536 271 242 228 104 43 87 42 73 102 56 46 168 124 44 80 52 236 141 110 87 95 75 47
internal_count=28418 1659 1199 499 700 455 26759 937 477 469 236 460 342 269 241 292 163 241 202 78 124 64 217 73 118 191 223 172 127 45 165 132 104 83 50 76 25822 16765 7536 271 242 228 104 43 87 42 73 102 56 46 168 124 44 80 52 236 141 110 87 95 75 47
is_linear=0
shrinkage=0.05


Tree=41
num_leaves=63
num_cat=0
split_feature=11 113 12 113 94 94 62 97 114 103 111 26 17 67 16 16 65 65 77 94 48 77 16 40 94 62 114 14 54 65 114 113 54 71 44 52 82 48 62 44 102 113 55 73 44 40 91 114 8 28 109 113 114 70 40 28 24 15 104 40 111 16
split_gain=182.849 36.6256 21.8843 11.912 10.5438 17.7626 7.67005 7.42966 7.0365 6.04561 6.90647 5.8 4.60552 4.38673 4.10326 4.4609 3.86252 3.50448 5.87844 5 3.8974 3.19436 3.22846 3.20495 3.15478 3.13044 3.04127 2.89289 2.76924 2.74977 2.73822 2.7361 2.54877 2.46876 4.18214 2.93333 2.59245 2.43628 2.36997 2.22254 2.20967 2.3799 3.01538 4.79581 2.17432 1.9215 1.83906 1.74558 2.44662 1.7447 1.62558 1.56541 1.54877 3.09483 2.62668 3.04631 1.47022 1.87123 1.44808 1.43399 1.4184 1.60743
threshold=1.0000000180025095e-35 2.5000000000000004 1.0000000180025095e-35 4.5000000000000009 2.0000000000000004 4.0000000000000009 2.5000000000000004 1.5000000000000002 16.500000000000004 1.0000000180025095e-35 1.0000000180025095e-35 2.5000000000000004 3.0000000000000004 2.5000000000000004 3.5000000000000004 4.5000000000000009 2.0000000000000004 2.0000000000000004 1.5000000000000002 4.0000000000000009 3.0000000000000004 1.5000000000000002 3.5000000000000004 3.5000000000000004 2.0000000000000004 2.5000000000000004 11.500000000000002 2.0000000000000004 2.0000000000000004 2.0000000000000004 13.500000000000002 3.5000000000000004 2.0000000000000004 3.0000000000000004 2.0000000000000004 3.0000000000000004 2.5000000000000004 3.0000000000000004 2.5000000000000004 2.0000000000000004 inf 1.5000000000000002 3.0000000000000004 2.5000000000000004 2.0000000000000004 3.5000000000000004 2.0000000000000004 17.500000000000004 2.0000000000000004 2.0000000000000004 43.500000000000007 4.5000000000000009 15.500000000000002 2.0000000000000004 3.5000000000000004 2.0000000000000004 2.5000000000000004 3.0000000000000004 5.5000000000000009 3.5000000000000004 1.0000000180025095e-35 2.5000000000000004
decision_type=2 2 2 2 2 2 2 2 2 10 10 2 2 2 2 2 2 2 2 2 2 2 2 2 2 2 2 2 2 2 2 2 2 2 2 2 2 2 2 2 8 2 2 2 2 2 2 2 2 2 10 2 2 2 2 2 2 2 2 2 10 2
left_child=9 14 3 4 16 6 29 17 21 40 11 24 38 45 -2 26 46 18 19 -4 47 23 37 30 33 -10 -16 -12 -25 -6 -7 -13 -18 36 35 -35 -11 -23 -5 -21 41 -1 43 -43 -8 -14 56 48 -19 -38 51 60 54 -54 55 -20 -3 -58 -52 -39 61 -44
right_child=1 2 7 12 5 8 44 -9 25 10 27 31 13 -15 15 -17 32 20 52 39 -22 22 -24 28 -26 -27 -28 -29 -30 -31 -32 -33 -34 34 -36 -37 49 59 -40 -41 -42 42 50 -45 -46 -47 -48 -49 -50 -51 58 -53 53 -55 -56 -57 57 -59 -60 -61 -62 -63
leaf_value=-0.0013206579134160193 -0.0031495795048382871 0.010796530214138331 0.01399393674865779 0.0062414636783375355 0.051018775023874786 0.00031693119866152609 0.013036540818090241 0.057704415278775359 0.007472507804632187 0.021834319110574395 0.014769518117492015 -0.00074280767824481898 0.049914241171088718 0.02329191186500373 0.034655765574425457 -0.0077183000809912172 0.0042204920234608246 0.047198413864064676 0.025884257827067016 0.043354234585204904 0.018178369233814572 0.017980195632712408 0.019984461284041698 0.020739155174011276 -0.00046452283739852599 0.03132982778108933 0.0079962362737759293 -0.0023921998748682206 -0.0032801053752856595 0.029511455802813821 -0.024104198834604837 0.015237652636583774 0.025007955009738604 0.04351572159515775 0.0099155280524864803 0.020106178580317647 -0.0053083078614596666 0.009178589032962918 0.022668861565538323 0.026785320216982531 -0.0018592595081725789 0.003007515057137138 -0.0020125988357540129 0.028914741454222667 0.029279770529338795 0.031712777191644601 0.011764490411713206 0.052083799955637555 0.026549084676662463 0.010885689726385935 -0.0013526588499259491 0.013261397502252035 0.022464583478677941 0.0035890464312755147 0.032689721330202058 0.0021797883607771085 -0.014777430078635615 -0.00072985157160401608 0.0092885888439704131 -0.0074388844439306785 0.00019293299798097731 0.0022887528708745398
leaf_weight=11011 229 20 27 38 42 24 45 21 20 29 26 197 29 93 20 21 29 26 33 67 26 22 51 21 39 44 23 442 28 23 22 31 30 23 50 32 29 20 52 29 9057 95 1749 22 38 29 29 23 32 39 52 21 49 39 42 23 30 113 83 37 3484 248
leaf_count=11011 229 20 27 38 42 24 45 21 20 29 26 197 29 93 20 21 29 26 33 67 26 22 51 21 39 44 23 442 28 23 22 31 30 23 50 32 29 20 52 29 9057 95 1749 22 38 29 29 23 32 39 52 21 49 39 42 23 30 113 83 37 3484 248
internal_value=-8.81737e-05 0.0160194 0.0194602 0.0151196 0.0117686 0.0164597 0.0305461 0.0286875 0.00924588 -0.00108681 0.00285849 0.00714659 0.0246858 0.0300221 -2.15333e-05 0.011171 0.00360135 0.0272227 0.0245222 0.0330028 0.0350214 0.00508488 0.0101777 -0.00188428 0.0125548 0.0238744 0.020396 -0.00143877 0.00701386 0.0434085 -0.0113627 0.00142997 0.0147904 0.0150685 0.0203813 0.0298956 0.00931749 0.0038468 0.0157328 0.038349 -0.00122997 -0.000890013 -6.592e-05 0.00787896 0.0204732 0.0408135 0.000163045 0.0404279 0.0358057 0.00397943 -0.000230822 -0.000363823 0.0189141 0.0140993 0.0232376 0.0161485 -0.00190102 -0.0036769 0.00518974 -0.00160819 -0.000416027 -0.00147843
internal_weight=28418 1659 1366 929 688 437 148 437 289 26759 937 469 241 151 293 64 251 416 309 123 107 225 130 95 241 64 43 468 49 65 46 228 59 202 105 55 97 79 90 96 25822 16765 5754 117 83 58 192 81 58 68 5637 5502 186 88 98 56 163 143 135 57 5481 1997
internal_count=28418 1659 1366 929 688 437 148 437 289 26759 937 469 241 151 293 64 251 416 309 123 107 225 130 95 241 64 43 468 49 65 46 228 59 202 105 55 97 79 90 96 25822 16765 5754 117 83 58 192 81 58 68 5637 5502 186 88 98 56 163 143 135 57 5481 1997
is_linear=0
shrinkage=0.05


Tree=42
num_leaves=63
num_cat=0
split_feature=101 101 103 73 87 77 114 48 94 11 101 42 106 111 40 25 114 26 9 114 52 114 94 44 17 73 8 68 55 114 114 46 106 114 44 14 77 103 28 44 114 93 94 47 77 63 112 61 102 8 63 24 94 57 111 84 111 9 111 106 110 55
split_gain=217.884 22.9038 16.4983 15.0673 8.82236 6.0547 5.25544 5.4692 7.19146 4.89113 4.54647 4.16364 3.54726 3.43524 4.08907 4.05973 4.04769 3.25176 2.99514 2.80181 4.21373 3.86842 2.93005 4.90166 2.79418 2.73134 3.20143 2.47402 3.19799 2.41547 2.34761 3.28609 2.38595 3.64594 2.86385 3.30175 2.54925 2.30943 2.29555 2.52179 2.28602 2.16394 5.7556 2.08146 2.04636 2.56804 1.97338 2.38321 1.95793 1.94648 1.93922 1.85041 2.85387 2.99109 3.54501 2.32576 3.36154 4.50386 2.08316 1.83535 1.77783 1.77559
threshold=1.5000000000000002 1.0000000180025095e-35 1.0000000180025095e-35 2.5000000000000004 1.0000000180025095e-35 1.5000000000000002 8.5000000000000018 3.0000000000000004 2.0000000000000004 2.0000000000000004 2.5000000000000004 2.0000000000000004 1.0000000180025095e-35 3.5000000000000004 3.5000000000000004 2.5000000000000004 12.500000000000002 2.5000000000000004 1.0000000180025095e-35 16.500000000000004 3.0000000000000004 15.500000000000002 2.0000000000000004 2.0000000000000004 3.0000000000000004 2.5000000000000004 2.0000000000000004 2.0000000000000004 3.0000000000000004 11.500000000000002 2.5000000000000004 2.0000000000000004 1.0000000180025095e-35 7.5000000000000009 2.0000000000000004 4.0000000000000009 2.5000000000000004 1.0000000180025095e-35 2.0000000000000004 2.0000000000000004 11.500000000000002 3.0000000000000004 2.0000000000000004 2.0000000000000004 1.5000000000000002 2.5000000000000004 1.0000000180025095e-35 3.5000000000000004 1.0000000180025095e-35 2.0000000000000004 2.5000000000000004 2.5000000000000004 2.0000000000000004 4.0000000000000009 2.5000000000000004 1.0000000180025095e-35 2.5000000000000004 1.0000000180025095e-35 1.0000000180025095e-35 1.0000000180025095e-35 32.250000000000007 3.0000000000000004
decision_type=2 2 10 2 2 2 2 2 2 2 2 2 2 10 2 2 2 2 2 2 2 2 2 2 2 2 2 2 2 2 2 2 2 2 2 2 2 8 2 2 2 2 2 2 2 2 8 2 8 2 2 2 2 2 10 2 10 2 10 2 10 2
left_child=1 61 30 9 5 13 7 -5 -9 37 29 12 25 14 16 -16 -4 -6 -17 21 -21 22 23 24 -12 -7 -27 -24 -29 -8 60 43 46 -34 35 -35 -37 -2 39 -13 -30 -14 -43 51 -19 -46 48 -48 -33 -18 -42 58 55 -54 -55 56 57 -53 -32 -22 -3 -1
right_child=3 2 4 6 17 11 10 8 -10 -11 19 38 41 -15 15 18 49 44 -20 20 59 -23 27 -25 -26 26 -28 28 40 -31 31 32 33 34 -36 36 -38 -39 -40 -41 50 42 -44 -45 45 -47 47 -49 -50 -51 -52 52 53 54 -56 -57 -58 -59 -60 -61 -62 -63
leaf_value=0.0011521216372521708 0.0077834225834429831 -0.0010310297665757349 -0.020565230464157855 0.029903292441992343 0.0072844372838735587 0.0099682150781154645 0.01115327377920039 -0.017057772086594591 0.020077712126658299 0.025428850412594552 0.043825834492842358 -0.014270049126611818 0.020263268476402439 -0.0092583258717990752 0.027598951778685057 0.016005766458277192 0.012191167084828897 0.038296230460206665 -0.0075615163471621401 0.055678708579104688 0.023575761225638966 0.0080291007068895165 0.040897751873700136 0.0055540250806972898 0.022439380072145947 0.014708406524732709 0.036335737239146099 0.045995104312896731 0.03461362124436488 0.024580154378019112 -0.017226382903754712 0.010667301570215533 0.02762943530536216 -0.00050747377368120052 0.0032734533173536789 0.03046500228228979 0.0098065513452248922 -0.0089283340577302247 0.011359292546095436 0.0071462541552526617 0.035630670320242641 -0.007275307784939922 0.018169390891536907 0.012852328459942533 0.036225861776620148 0.013646414532216595 0.0028506776317954066 0.016147602550968851 -0.0029961888711242117 -0.004491027827478118 0.017948377518442232 0.0034516674582846466 -0.0092695382904065295 0.021548142687728009 -0.0032447602113951806 -0.0089535578809402609 0.0028554593773940243 0.030418060918649039 -0.0022605428302829916 0.040251586244752009 0.0094770493251936788 -0.0014692970206783254
leaf_weight=664 79 967 23 37 25 30 40 22 32 33 24 27 37 57 30 28 34 30 26 26 33 21 71 29 42 28 44 26 59 206 26 31 23 26 179 32 28 28 51 28 20 43 46 31 20 34 126 46 170 36 69 32 95 21 46 27 166 30 220 33 42 23783
leaf_count=664 79 967 23 37 25 30 40 22 32 33 24 27 37 57 30 28 34 30 26 26 33 21 71 29 42 28 44 26 59 206 26 31 23 26 179 32 28 28 51 28 20 43 46 31 20 34 126 46 170 36 69 32 95 21 46 27 166 30 220 33 42 23783
internal_value=-8.3765e-05 -0.000889062 0.00320314 0.0237184 0.0100851 0.00758469 0.0263975 0.0150949 0.00494844 0.00860035 0.027869 0.0119056 0.0157121 0.00141722 0.0048551 0.0128516 -0.0023675 0.0231146 0.00465856 0.0308405 0.0386299 0.0288555 0.0301418 0.0226878 0.0302163 0.0226437 0.0279251 0.0330321 0.0298226 0.0223969 0.0012323 0.00259197 0.00511498 0.00853366 0.00687629 0.0143752 0.0208244 0.00341025 0.00371819 -0.0033672 0.0269815 0.0101008 0.00587588 0.000188931 0.027826 0.0220092 0.00247536 0.00640683 -0.000888884 0.00361175 0.0219219 -0.000403174 0.00162566 -0.00356391 0.00452615 0.00492257 0.0065658 0.0164999 -0.0038423 0.0319137 -0.000593627 -0.0013981
internal_weight=28418 27488 3041 930 677 568 790 91 54 140 699 334 228 234 177 84 93 109 54 453 92 361 340 95 66 102 72 245 174 246 2364 1355 661 288 265 86 60 107 106 55 148 126 89 694 84 54 373 172 201 70 89 663 417 162 67 255 228 62 246 66 1009 24447
internal_count=28418 27488 3041 930 677 568 790 91 54 140 699 334 228 234 177 84 93 109 54 453 92 361 340 95 66 102 72 245 174 246 2364 1355 661 288 265 86 60 107 106 55 148 126 89 694 84 54 373 172 201 70 89 663 417 162 67 255 228 62 246 66 1009 24447
is_linear=0
shrinkage=0.05


Tree=43
num_leaves=63
num_cat=0
split_feature=101 101 113 73 65 114 65 104 94 101 47 20 43 114 94 52 14 79 101 16 16 106 49 111 46 46 42 48 103 47 104 68 62 66 47 48 114 40 40 101 114 54 76 27 46 48 94 79 110 104 77 43 16 106 62 8 110 32 16 14 18 72
split_gain=196.64 20.6707 21.9759 13.5982 5.13802 4.7693 4.68859 4.84636 4.33938 4.10447 3.59335 6.03988 3.53055 3.27904 3.25267 5.20194 4.38501 3.90384 4.20572 5.50479 3.15737 3.12622 3.06569 2.97724 2.9556 2.89707 3.10831 3.60797 3.26098 3.92151 2.86546 2.76735 2.69063 3.70962 2.63288 2.61338 2.8688 5.71869 2.5171 2.26576 2.16729 2.14141 4.23654 3.02109 2.10419 2.09086 1.92191 2.0525 2.3785 2.0891 2.44628 2.5347 2.36149 1.90231 2.96184 2.32854 1.84784 1.69667 1.69209 2.20424 1.70912 1.63974
threshold=1.5000000000000002 1.0000000180025095e-35 3.5000000000000004 2.5000000000000004 2.0000000000000004 6.5000000000000009 2.0000000000000004 7.5000000000000009 2.0000000000000004 2.5000000000000004 2.0000000000000004 2.5000000000000004 2.0000000000000004 2.5000000000000004 2.0000000000000004 3.0000000000000004 2.0000000000000004 2.0000000000000004 2.5000000000000004 3.5000000000000004 4.5000000000000009 1.0000000180025095e-35 4.0000000000000009 7.5000000000000009 2.0000000000000004 2.0000000000000004 2.0000000000000004 3.0000000000000004 1.0000000180025095e-35 2.0000000000000004 6.5000000000000009 2.0000000000000004 2.5000000000000004 2.0000000000000004 2.0000000000000004 3.0000000000000004 14.500000000000002 3.5000000000000004 3.5000000000000004 4.5000000000000009 12.500000000000002 2.0000000000000004 3.5000000000000004 2.0000000000000004 2.0000000000000004 3.0000000000000004 4.0000000000000009 2.0000000000000004 12.250000000000002 7.5000000000000009 2.5000000000000004 2.0000000000000004 1.5000000000000002 1.0000000180025095e-35 2.5000000000000004 2.0000000000000004 33.750000000000007 3.0000000000000004 2.5000000000000004 4.0000000000000009 3.5000000000000004 3.5000000000000004
decision_type=2 2 2 2 2 2 2 2 2 2 2 2 2 2 2 2 2 2 2 2 2 2 2 10 2 2 2 2 10 2 2 2 2 2 2 2 2 2 2 2 2 2 2 2 2 2 2 2 8 2 2 2 2 2 2 2 10 2 2 2 2 2
left_child=1 -1 13 10 8 -5 7 -7 12 -8 11 -2 21 30 34 45 38 22 19 -19 -20 -4 -18 24 -6 46 27 28 29 -27 -3 -13 57 -34 35 40 37 -37 -17 44 -9 43 -43 -28 -11 -16 47 58 -49 -50 52 -52 -51 54 -10 -55 -32 -29 59 -15 -60 -45
right_child=3 2 4 5 23 6 9 14 53 39 -12 31 -14 25 15 16 17 18 20 -21 -22 -23 -24 -25 -26 26 41 32 -30 -31 56 -33 33 -35 -36 36 -38 -39 -40 -41 -42 42 -44 61 -46 -47 -48 48 49 50 51 -53 -54 55 -56 -57 -58 -59 60 -61 -62 -63
leaf_value=-0.0013281923469419688 -0.0081884564486918634 -0.0038925246753986329 0.02555479337461293 0.0055239167132337267 0.021630166298044581 0.0036129324335669138 0.021803863669535326 0.042099437989633198 -0.0047458914997564119 0.040844468300327147 -0.0071684802199403451 0.0088561714689775906 -0.007311273524759427 -0.0023289046838487451 0.04262293422474496 -0.0020762282402508637 0.031656712293624878 0.0022133066326205154 0.039275909643989096 0.034749643808194938 0.019100546107317012 0.0021251217994306768 0.0076813634601421658 0.010319278179667891 0.045041389990029324 0.013990950968582183 0.0049675725288883168 -0.002620066232758306 0.026050861275348908 -0.0057084343861788511 0.00093486548362677491 0.027224152387403278 0.030159416384994989 0.0031654361023434573 0.004792555119713833 -0.0079681168794631958 0.030856292446454367 0.026201559005615611 0.019757754479845367 0.050925263196229933 0.020958055283322379 -0.0041428405791521074 0.019230181216559512 -0.0094397984562984011 0.027062159072045452 0.026719271256438189 -0.0025031538937042202 0.018205274151904243 -0.0033352849000948485 0.0107066559187811 0.023906401869402651 0.0043003126629628241 -0.0091432866069578369 0.030870042796674615 0.020408784419298175 0.015472682361325173 0.014819775044918061 0.011070603557995388 -0.017221200953309351 0.0066741874759517067 -8.0121692382928105e-05 9.6019756581102106e-05
leaf_weight=24447 27 414 24 30 28 29 62 22 22 58 30 37 42 152 62 22 20 26 101 26 24 35 40 20 26 120 192 118 39 32 577 46 20 35 29 25 21 24 33 25 27 33 47 79 53 31 286 35 64 29 34 32 31 37 25 73 25 28 26 123 33 105
leaf_count=24447 27 414 24 30 28 29 62 22 22 58 30 37 42 152 62 22 20 26 101 26 24 35 40 20 26 120 192 118 39 32 577 46 20 35 29 25 21 24 33 25 27 33 47 79 53 31 286 35 64 29 34 32 31 37 25 73 25 28 26 123 33 105
internal_value=-7.95768e-05 -0.000844609 0.00304298 0.0225325 0.0151844 0.0250777 0.0258495 0.0235185 0.0118532 0.0324659 0.00817033 0.0123536 0.00376852 0.00155499 0.0246015 0.0270233 0.0237433 0.026695 0.0304312 0.0184815 0.0354022 0.0116558 0.0156731 0.0267987 0.0329022 0.00290258 0.00496725 0.00823218 0.013153 0.00984371 -0.000690545 0.019036 0.00355616 0.0129814 0.0183017 0.0215939 0.0153945 0.00876805 0.0110242 0.0373265 0.0304501 0.00216056 0.00958881 0.000580085 0.0342637 0.0373217 0.000830579 0.00253621 0.00622758 0.00402116 0.00775777 0.0144004 0.000450852 0.0170542 0.00863426 0.0206518 0.00151148 5.54167e-06 4.95099e-05 0.00169793 -0.00763382 -0.00399816
internal_weight=28418 27488 3041 930 332 790 760 562 258 198 140 110 101 2709 533 385 292 237 177 52 125 59 60 74 54 1693 848 392 191 152 1016 83 201 55 148 119 70 49 55 136 49 456 80 376 111 93 845 559 225 190 126 66 60 157 47 110 602 146 334 275 59 184
internal_count=28418 27488 3041 930 332 790 760 562 258 198 140 110 101 2709 533 385 292 237 177 52 125 59 60 74 54 1693 848 392 191 152 1016 83 201 55 148 119 70 49 55 136 49 456 80 376 111 93 845 559 225 190 126 66 60 157 47 110 602 146 334 275 59 184
is_linear=0
shrinkage=0.05


Tree=44
num_leaves=63
num_cat=0
split_feature=100 100 113 73 65 66 61 79 11 65 63 94 16 100 40 94 100 90 72 113 111 11 95 46 113 104 8 55 104 64 72 111 94 107 67 16 8 28 62 14 42 48 68 72 96 18 113 61 94 46 21 104 44 17 52 71 49 14 12 44 62 47
split_gain=177.468 18.6553 19.8333 12.2724 4.63706 4.47015 4.26177 5.48763 4.23615 4.13501 4.55867 3.91629 3.83409 3.76966 5.35205 3.59679 4.64138 3.25644 2.73032 6.67563 2.68696 2.67603 2.67005 2.66743 2.54495 2.76432 2.53336 2.42441 2.1036 3.52792 2.92391 2.47583 2.00738 2.31011 1.99959 2.60334 1.95469 1.93475 3.66911 1.9002 3.46864 3.48327 3.38683 3.25402 2.8306 3.26498 2.53935 2.22914 2.20908 3.02328 2.23609 2.02775 2.54091 2.08121 2.01572 2.63481 1.86409 2.01904 1.98232 2.75738 1.78171 1.73469
threshold=2024.5000000000002 2025.5000000000002 3.5000000000000004 2.5000000000000004 2.0000000000000004 2.0000000000000004 3.5000000000000004 2.0000000000000004 2.0000000000000004 2.0000000000000004 2.5000000000000004 2.0000000000000004 4.5000000000000009 2023.5000000000002 3.5000000000000004 2.0000000000000004 2022.5000000000002 1.0000000180025095e-35 3.5000000000000004 4.5000000000000009 7.5000000000000009 2.0000000000000004 2.0000000000000004 2.0000000000000004 2.5000000000000004 6.5000000000000009 2.0000000000000004 3.0000000000000004 6.5000000000000009 2.5000000000000004 1.0000000180025095e-35 6.5000000000000009 4.0000000000000009 7.5000000000000009 2.5000000000000004 4.5000000000000009 2.0000000000000004 2.0000000000000004 2.5000000000000004 4.0000000000000009 2.0000000000000004 3.0000000000000004 2.0000000000000004 2.5000000000000004 1.5000000000000002 1.0000000180025095e-35 1.5000000000000002 2.5000000000000004 4.0000000000000009 2.0000000000000004 2.5000000000000004 7.5000000000000009 2.0000000000000004 3.0000000000000004 3.0000000000000004 3.0000000000000004 4.0000000000000009 2.0000000000000004 1.0000000180025095e-35 2.0000000000000004 2.5000000000000004 2.0000000000000004
decision_type=2 2 2 2 2 2 2 2 2 2 2 2 2 2 2 2 2 2 2 2 10 2 2 2 2 2 2 2 2 2 2 10 2 10 2 2 2 2 2 2 2 2 2 2 2 2 2 2 2 2 2 2 2 2 2 2 2 2 2 2 2 2
left_child=3 2 17 8 11 9 7 -7 24 10 21 18 15 14 -9 -12 -17 27 -4 -20 23 -5 34 -6 25 -1 -16 -2 29 30 -29 39 33 -33 35 37 -37 38 -8 42 41 43 44 -41 46 -46 -30 -42 50 -50 -43 -49 53 -53 -54 -56 -13 -58 59 -59 -39 -36
right_child=1 -3 4 5 20 6 22 13 -10 -11 12 56 -14 -15 26 16 -18 -19 19 -21 -22 -23 -24 -25 -26 -27 -28 28 31 -31 -32 32 -34 -35 61 36 -38 60 -40 40 47 48 -44 -45 45 -47 -48 51 49 -51 -52 52 54 -55 55 -57 57 58 -60 -61 -62 -63
leaf_value=-0.0076796526935967533 0.012697551891207696 -0.0012617827409945671 0.012048849419747688 0.019574913112720586 0.020548657913293161 0.0068102116610389207 0.045217789799696012 0.04290691712835374 0.023423066238562266 0.035625019473955036 0.0034620051174179506 0.0247966818842623 -0.0014185190289503053 0.016589847496316697 0.0094425204102523072 0.036917841665672316 0.012434921549081955 -0.0080396246207856594 -0.01856304836983327 0.018260685056447984 0.0098033141111955047 0.042276059729712351 0.015260864457545374 0.042789320368319755 -0.010341638502561385 0.013135684719148638 0.028620013318882854 0.0022386221345840839 0.0006565798074007035 0.014607156783734499 -0.0035109612421834872 0.0017073700385330953 -0.0024889998286467454 0.014482146344686808 0.030602759523670888 0.036105384386610241 0.014264194117415519 0.038642478373742878 0.02024792264315433 0.027148498763285935 -0.0023858916768673025 0.015300615836167708 -0.013062162261064115 0.010564091708976776 -0.015348218965033692 0.0050302677804179366 0.021693573542870583 -0.0059332695272233758 -0.011487302168633936 0.0095534306139715263 0.00023067857837304475 -0.010105804563499987 0.0025083521381020547 0.011184906934133987 0.031697532004461841 0.0087234840883562963 0.024957496851969227 -0.0054524050696807755 0.01891800371813588 0.017944604107178748 0.057009563433087398 0.016119039780460299
leaf_weight=22 50 24447 49 34 28 50 31 52 33 30 38 45 42 78 26 32 49 87 32 20 20 21 26 26 27 58 51 399 26 38 496 515 301 38 79 20 21 31 28 42 142 64 38 100 30 57 32 27 38 31 40 24 22 22 26 24 26 34 32 20 23 28
leaf_count=22 50 24447 49 34 28 50 31 52 33 30 38 45 42 78 26 32 49 87 32 20 20 21 26 26 27 58 51 399 26 38 496 515 301 38 79 20 21 31 28 42 142 64 38 100 30 57 32 27 38 31 40 24 22 22 26 24 26 34 32 20 23 28
internal_value=-7.55979e-05 -0.000802378 0.00289083 0.0214058 0.0144252 0.0238238 0.026353 0.0216763 0.00776182 0.0182307 0.0158148 0.0112605 0.0115693 0.0252671 0.0305138 0.0161533 0.0221072 0.00147724 0.0035801 -0.00440007 0.0254588 0.0282426 0.0305408 0.0312571 0.00293171 0.00741147 0.0221445 0.00179302 0.00158104 -0.000314206 -0.000947739 0.0026599 0.000796754 0.0025852 0.032063 0.0357109 0.0249184 0.0396268 0.0333677 0.00468682 0.00604314 0.00966588 0.000225038 0.0154693 0.0037072 -0.0019968 0.0122632 0.00206696 0.00490234 -0.00203422 0.00950449 0.00642768 0.00925603 7.67096e-05 0.0151206 0.02067 0.0162015 0.012748 0.00905682 0.00321315 0.0464655 0.0268126
internal_weight=28418 27488 3041 930 332 790 544 257 140 246 216 258 161 207 129 119 81 2709 101 52 74 55 287 54 107 80 77 2622 2572 933 895 1639 854 553 261 154 41 113 59 785 602 315 183 142 145 87 58 287 173 69 104 145 118 46 72 50 157 112 86 54 54 107
internal_count=28418 27488 3041 930 332 790 544 257 140 246 216 258 161 207 129 119 81 2709 101 52 74 55 287 54 107 80 77 2622 2572 933 895 1639 854 553 261 154 41 113 59 785 602 315 183 142 145 87 58 287 173 69 104 145 118 46 72 50 157 112 86 54 54 107
is_linear=0
shrinkage=0.05


Tree=45
num_leaves=63
num_cat=0
split_feature=100 100 113 113 12 65 82 57 114 46 113 113 44 43 28 22 114 19 25 16 28 77 8 40 114 47 43 100 17 49 28 100 49 113 46 54 22 26 46 112 70 56 84 112 57 61 49 14 63 26 70 64 104 49 113 22 65 28 58 57 114 111
split_gain=144.626 16.375 11.7248 10.6755 5.73303 5.63457 4.51659 3.69549 3.47956 3.43468 3.08694 2.92585 3.70278 5.00984 8.3035 2.71843 2.98398 2.56769 2.53357 2.49408 2.28454 6.15544 3.54711 4.52086 3.13693 2.25008 4.50673 2.77315 3.06856 3.33939 3.10985 2.23455 2.23134 2.07369 2.03367 1.98186 1.94805 1.90355 3.12949 2.57192 3.69392 2.44031 3.96032 2.44443 2.41864 2.24057 2.71208 2.0972 2.96042 1.83155 1.81638 2.61301 2.64333 1.6788 1.67315 1.99516 1.82474 2.29815 3.66497 1.69553 1.66607 1.97949
threshold=2024.5000000000002 2025.5000000000002 3.5000000000000004 1.5000000000000002 1.0000000180025095e-35 2.0000000000000004 2.5000000000000004 4.0000000000000009 18.500000000000004 2.0000000000000004 1.5000000000000002 3.5000000000000004 2.0000000000000004 2.0000000000000004 2.0000000000000004 3.0000000000000004 17.500000000000004 2.0000000000000004 2.5000000000000004 2.5000000000000004 2.0000000000000004 2.5000000000000004 2.0000000000000004 3.5000000000000004 11.500000000000002 2.0000000000000004 2.0000000000000004 2022.5000000000002 3.0000000000000004 4.0000000000000009 2.0000000000000004 2022.5000000000002 4.0000000000000009 4.5000000000000009 2.0000000000000004 2.0000000000000004 3.0000000000000004 2.5000000000000004 2.0000000000000004 1.0000000180025095e-35 2.0000000000000004 3.0000000000000004 1.0000000180025095e-35 1.0000000180025095e-35 4.0000000000000009 3.5000000000000004 4.0000000000000009 4.0000000000000009 2.5000000000000004 2.5000000000000004 2.0000000000000004 2.5000000000000004 4.5000000000000009 4.0000000000000009 2.5000000000000004 1.0000000180025095e-35 2.0000000000000004 2.0000000000000004 3.0000000000000004 2.0000000000000004 6.5000000000000009 7.5000000000000009
decision_type=2 2 2 2 2 2 2 2 2 2 2 2 2 2 2 2 2 2 2 2 2 2 2 2 2 2 2 2 2 2 2 2 2 2 2 2 2 2 2 10 2 2 2 8 2 2 2 2 2 2 2 2 2 2 2 2 2 2 2 2 2 10
left_child=3 2 10 49 6 7 -5 -4 15 -7 50 12 13 14 -8 16 20 -12 -13 -9 22 -22 24 -24 -6 27 -27 33 30 -30 -29 -15 -17 -20 -23 -14 -31 38 -19 40 -40 42 43 -39 47 54 -47 -42 -49 -1 51 52 -2 -21 56 -56 57 58 59 -43 -52 -62
right_child=1 -3 5 4 8 9 11 19 -10 -11 17 18 35 31 -16 32 -18 37 25 53 21 34 23 -25 -26 26 -28 28 29 36 -32 -33 -34 -35 -36 -37 -38 41 39 -41 44 45 -44 -45 -46 46 -48 48 -50 -51 60 -53 -54 -55 55 -57 -58 -59 -60 -61 61 -63
leaf_value=0.0092264534622106872 -0.0054180077849117318 -0.0011048919547711033 -0.0061790455988532797 -0.0027361753468330089 0.0278040874361371 0.015085195035984121 0.011418294908732854 -0.00028088472138803743 0.039767402060097087 0.037236246267954513 -0.0063542884026394526 0.0062694914042949676 0.03324568642835532 0.032574381932084055 -0.026795607831861291 0.00094959507696330554 0.0084158859437420252 0.0027491602667008238 0.03914246784988791 0.02200512374440829 0.039011214465967253 0.021687349821290666 0.012923592923058048 0.038378506661816081 0.051413825044737141 0.02658285645147165 -0.0024862435791874306 0.021643859390028275 0.038891346891011508 0.01283071085345 -0.0023065365203048869 0.010998204612821741 0.02132053736983458 0.022020679426246456 0.0034259460567651941 0.014894128771078203 0.030212531747141232 0.004281691368669272 0.015996127585650131 0.022720167786548184 -0.0088148413435555992 0.018660275478448188 -0.0077325672443423954 0.026564520021202045 0.014095818153337429 0.022020368940075457 0.0030470990347496881 0.013257422116471502 -0.0094785453836348926 -0.0091538388188575608 -0.0040939781249081852 0.015156803844230515 0.0024439059200485861 0.010585476260063594 -0.01072609577231206 0.0046613757273760333 -0.0074493553804452807 0.018392692874609071 -0.010530231712618843 0.0031211626530999199 0.0029522676554391623 -0.0070404039455517643
leaf_weight=23 127 24247 37 26 24 42 44 39 40 30 61 25 28 21 21 20 21 314 48 45 35 31 37 33 34 30 24 33 35 40 23 28 41 28 30 31 27 20 93 35 45 21 21 32 38 23 104 41 22 33 349 35 676 113 77 29 51 22 48 107 247 62
leaf_count=23 127 24247 37 26 24 42 44 39 40 30 61 25 28 21 21 20 21 314 48 45 35 31 37 33 34 30 24 33 35 40 23 28 41 28 30 31 27 20 93 35 45 21 21 32 38 23 104 41 22 33 349 35 676 113 77 29 51 22 48 107 247 62
internal_value=-1.72267e-05 -0.000673354 0.00280751 0.0195467 0.0209272 0.0120833 0.0175674 0.0083197 0.0258991 0.0243148 0.00175626 0.0186536 0.0134353 0.00817289 -0.000927735 0.0240862 0.0264377 0.0036408 0.0215378 0.0110428 0.0281273 0.0222967 0.0325002 0.0249238 0.0416443 0.0228632 0.0136633 0.0249862 0.0212111 0.0263742 0.0118071 0.0202451 0.0146415 0.0328344 0.0127063 0.0236033 0.0198353 0.00417422 0.0061566 0.0100615 0.0082077 0.00207397 0.0105934 0.0179942 0.00324657 0.00078369 0.0064832 -0.000570755 0.00531788 -0.00160479 0.000239564 0.00178339 0.00120049 0.0138379 -0.00125529 -0.00651632 0.000984342 0.00315666 0.00125215 0.00567055 -0.00172659 0.000947266
internal_weight=28167 27253 3006 914 858 306 512 234 346 72 2700 486 173 114 65 306 245 1204 313 197 224 96 128 70 58 288 54 234 158 102 56 49 61 76 61 59 67 1143 588 274 239 555 73 52 146 482 127 108 63 56 1496 838 803 158 355 106 249 198 176 128 658 309
internal_count=28167 27253 3006 914 858 306 512 234 346 72 2700 486 173 114 65 306 245 1204 313 197 224 96 128 70 58 288 54 234 158 102 56 49 61 76 61 59 67 1143 588 274 239 555 73 52 146 482 127 108 63 56 1496 838 803 158 355 106 249 198 176 128 658 309
is_linear=0
shrinkage=0.05


Tree=46
num_leaves=63
num_cat=0
split_feature=100 100 100 12 51 104 52 14 55 12 49 70 76 106 41 14 47 66 94 44 46 54 8 104 46 79 110 21 77 64 70 99 104 57 102 110 40 90 94 17 48 40 105 63 63 104 72 46 108 104 24 70 64 65 66 66 57 110 44 8 41 54
split_gain=130.525 14.7784 8.26723 6.64896 6.87847 4.60465 5.85882 5.7572 4.57323 3.90748 3.61977 3.54476 6.30112 4.4003 4.05037 3.32059 3.20604 3.02119 2.72738 2.681 3.5607 2.6595 2.61415 2.4904 2.44596 2.34587 2.09295 2.08217 2.68631 2.00594 1.84804 1.89215 1.66438 1.99949 1.64994 1.64835 1.61154 1.57632 1.56338 1.55614 1.49446 1.54781 1.46449 1.43343 1.42495 1.38763 3.06044 1.83712 1.38342 1.97029 3.5937 2.29931 1.37033 1.63583 1.34482 1.33878 1.32858 1.59351 1.32534 1.28168 1.26134 2.09721
threshold=2024.5000000000002 2025.5000000000002 2023.5000000000002 1.0000000180025095e-35 2.5000000000000004 7.5000000000000009 3.0000000000000004 2.0000000000000004 3.0000000000000004 1.0000000180025095e-35 4.0000000000000009 2.0000000000000004 3.5000000000000004 1.0000000180025095e-35 2.0000000000000004 4.0000000000000009 2.0000000000000004 2.0000000000000004 4.0000000000000009 2.0000000000000004 2.0000000000000004 2.0000000000000004 2.0000000000000004 7.5000000000000009 2.0000000000000004 2.0000000000000004 1.7500000000000002 2.5000000000000004 1.5000000000000002 2.5000000000000004 2.0000000000000004 3.0000000000000004 6.5000000000000009 4.0000000000000009 1.0000000180025095e-35 63.250000000000007 3.5000000000000004 1.0000000180025095e-35 4.0000000000000009 3.0000000000000004 3.0000000000000004 3.5000000000000004 1.0000000180025095e-35 2.5000000000000004 2.5000000000000004 4.5000000000000009 1.0000000180025095e-35 2.0000000000000004 60.500000000000007 2.5000000000000004 2.5000000000000004 2.0000000000000004 2.5000000000000004 2.0000000000000004 2.0000000000000004 2.0000000000000004 4.0000000000000009 6.2500000000000009 2.0000000000000004 2.0000000000000004 1.0000000180025095e-35 2.0000000000000004
decision_type=2 2 2 2 2 2 2 2 2 2 2 2 2 2 2 2 2 2 2 2 2 2 2 2 2 2 8 2 2 2 2 2 2 2 8 10 2 2 2 2 2 2 2 2 2 2 2 2 8 2 2 2 2 2 2 2 2 10 2 2 2 2
left_child=2 3 5 8 -5 -1 40 24 38 11 15 12 13 -4 58 27 22 -14 -19 20 -6 -18 39 54 -8 -11 -12 28 36 37 31 -25 -31 -34 35 42 -10 45 -2 -9 -7 -42 -3 -39 -32 46 48 -48 -28 50 -50 -52 53 -24 -17 -46 -36 -58 -13 -27 -33 -62
right_child=1 34 9 4 19 6 7 16 10 25 26 14 17 -15 -16 23 21 18 -20 -21 -22 -23 52 30 -26 59 29 -29 -30 32 44 60 33 -35 56 -37 -38 43 -40 -41 41 -43 -44 -45 55 -47 47 -49 49 -51 51 -53 -54 -55 -56 -57 57 -59 -60 -61 61 -63
leaf_value=0.0055264126803529897 0.021988468501414803 0.010162449095930372 -0.026346734943597211 -0.0044126944957164731 0.012609282467100356 0.038165648047413146 -0.00018019151873886586 0.026163152722375734 0.0085898693650960922 0.0066394877433776853 -0.01046203986192361 0.017823609491568748 0.00032965431992824262 0.0036765738175465511 0.0030549933559086643 -0.0067431391583699166 0.0017289978555507131 0.026842374287898076 0.006159071757325104 0.0060496742354223029 0.033812676437876443 0.021842520743874567 0.018312850483216164 0.00085393186836015618 0.017919079714587758 0.031605375936145291 -0.0079977765955306871 -0.009544452490366024 0.018229513777338942 0.018504296801984312 0.013603361724660949 0.022270948829439779 -0.006929256824346689 0.010487454761233595 -0.0014185745670151936 0.012902109295129777 -0.0086797504233462469 -0.0018626937321547807 0.0063289143338416971 0.040517249590683188 0.036302463291212915 0.017083618469239975 -0.00013371791774896446 -0.01685185114091093 -0.0062672201047341038 0.001747818653453474 -0.010623347532566427 0.00050786310120632782 -0.0055495648221536124 -7.4250458828395324e-05 0.031721277534961699 0.0087664213962852962 0.032965416865872926 0.029952796669676901 0.005981517559848726 0.0079462466912495113 -0.00086453869383508485 0.0015956584922969344 0.033639864974583572 0.019256289039992477 0.0055202735372160269 0.024950811444293886
leaf_weight=38 37 35 23 41 36 70 40 35 22 25 39 27 39 26 32 33 27 37 28 27 44 42 123 21 35 34 27 46 23 28 39 60 26 45 16277 25 35 58 28 41 20 22 2607 22 30 1750 106 57 22 105 20 24 29 40 56 37 4533 770 26 55 41 21
leaf_count=38 37 35 23 41 36 70 40 35 22 25 39 27 39 26 32 33 27 37 28 27 44 42 123 21 35 34 27 46 23 28 39 60 26 45 16277 25 35 58 28 41 20 22 2607 22 30 1750 106 57 22 105 20 24 29 40 56 37 4533 770 26 55 41 21
internal_value=-1.63654e-05 -0.000639687 0.0185694 0.00266714 0.0130008 0.0223328 0.0235516 0.020795 0.00213202 0.0125608 0.0018269 0.00891482 0.00436663 -0.010416 0.0171016 0.00585964 0.0235833 0.0113315 0.0179326 0.0196732 0.0242711 0.013972 0.0260579 0.00844217 0.00826614 0.0201725 0.00102346 -0.0010681 0.00380581 0.00121907 0.0110081 0.0147167 0.00818076 0.0041095 -0.00104965 0.000123598 -0.00201428 0.000904506 0.0152428 0.0339068 0.0336918 0.0262354 2.68096e-06 -0.00598471 0.00600496 0.00116558 -0.00165688 -0.00673084 0.00252017 0.00418089 0.0109504 0.0192004 0.022951 0.0211693 0.00126339 0.00158201 -0.00119464 -0.000507316 0.0255825 0.0239739 0.0171029 0.0121016
internal_weight=28167 27253 914 3006 148 562 524 412 2858 352 2793 238 153 49 85 464 337 104 65 107 80 69 268 338 75 114 2329 126 80 2290 249 143 99 71 24247 2667 57 2191 65 76 112 42 2642 80 106 2111 361 163 198 171 66 44 192 163 89 67 21580 5303 53 89 122 62
internal_count=28167 27253 914 3006 148 562 524 412 2858 352 2793 238 153 49 85 464 337 104 65 107 80 69 268 338 75 114 2329 126 80 2290 249 143 99 71 24247 2667 57 2191 65 76 112 42 2642 80 106 2111 361 163 198 171 66 44 192 163 89 67 21580 5303 53 89 122 62
is_linear=0
shrinkage=0.05


Tree=47
num_leaves=63
num_cat=0
split_feature=100 100 113 113 55 65 113 44 48 42 28 97 40 100 94 54 46 46 90 113 11 68 67 100 44 106 100 100 42 9 111 108 48 70 100 49 113 87 100 70 42 112 82 9 49 80 111 25 85 56 111 79 112 28 44 40 111 41 77 113 27 111
split_gain=117.799 13.3375 9.82064 8.94512 6.72638 5.04996 4.11038 5.86631 5.02907 6.44002 4.76108 3.73454 3.47207 3.93154 3.28527 3.87255 2.98821 2.94736 2.71868 3.04837 2.67361 2.63287 6.02412 3.20383 4.39458 3.19213 3.22336 2.86254 2.28694 3.18138 3.5252 2.28199 2.27172 2.98482 2.11145 2.02925 1.88553 1.8566 2.76364 1.8304 1.81667 3.3912 3.61037 3.18607 2.81205 3.5091 2.4441 2.167 3.59858 3.7904 3.38659 2.71691 2.28465 2.23373 1.98056 2.35411 3.18409 1.75646 1.75386 1.69478 1.61786 1.59777
threshold=2024.5000000000002 2025.5000000000002 3.5000000000000004 1.5000000000000002 3.0000000000000004 2.0000000000000004 3.5000000000000004 2.0000000000000004 3.0000000000000004 2.0000000000000004 2.0000000000000004 1.5000000000000002 3.5000000000000004 2022.5000000000002 2.0000000000000004 2.0000000000000004 2.0000000000000004 2.0000000000000004 1.0000000180025095e-35 1.5000000000000002 2.0000000000000004 2.0000000000000004 2.5000000000000004 2021.5000000000002 2.0000000000000004 1.0000000180025095e-35 2022.5000000000002 2023.5000000000002 2.0000000000000004 2.5000000000000004 1.5000000000000002 13.500000000000002 3.0000000000000004 2.0000000000000004 2022.5000000000002 4.0000000000000009 4.5000000000000009 1.0000000180025095e-35 2023.5000000000002 2.0000000000000004 2.0000000000000004 1.0000000180025095e-35 2.5000000000000004 2.5000000000000004 4.0000000000000009 3.5000000000000004 4.5000000000000009 2.5000000000000004 1.0000000180025095e-35 3.0000000000000004 3.5000000000000004 2.0000000000000004 1.0000000180025095e-35 2.0000000000000004 2.0000000000000004 3.5000000000000004 3.5000000000000004 3.5000000000000004 2.5000000000000004 4.5000000000000009 2.0000000000000004 3.5000000000000004
decision_type=2 2 2 2 2 2 2 2 2 2 2 2 2 2 2 2 2 2 2 2 2 2 2 2 2 2 2 2 2 2 10 8 2 2 2 2 2 2 2 2 2 10 2 2 2 2 10 2 2 2 10 2 8 2 2 2 10 2 2 2 2 8
left_child=3 2 18 60 12 14 7 8 -6 10 -10 21 20 -14 15 16 -4 -7 19 28 -5 25 37 -24 27 -8 -27 36 29 61 -31 -21 35 59 -13 -16 -25 38 -23 -28 43 54 -43 44 45 -33 -45 48 49 52 51 -49 -46 -53 55 56 -42 -51 -57 -34 -1 -2
right_child=1 -3 5 4 6 17 11 -9 9 -11 -12 34 13 -15 32 -17 -18 -19 -20 31 -22 22 23 24 -26 26 39 -29 -30 30 -32 40 33 -35 -36 -37 -38 -39 -40 -41 41 42 -44 46 47 -47 -48 50 -50 57 -52 53 -54 -55 -56 58 -58 -59 -60 -61 -62 -63
leaf_value=0.0084591893884150889 -0.0064360602911728536 -0.00099716495965608727 -0.0028653732136539791 0.010134299423745169 0.015588160449406134 0.014052800873538392 0.012644135197624565 0.023373171519798539 -0.00074125936212526139 0.020911841288856842 -0.030163215659558776 0.045432214066386228 0.055272147635167294 0.028443265069896979 0.031294208610382734 -0.010626997095956044 0.022355193598195912 0.034572345639268559 -0.0064356443545251496 -0.0065483977488589064 0.030612674446122069 0.023884878025796169 -0.0083056761960809428 0.015413531298483059 -0.0024300694585116089 0.044456404791428497 0.029630763120040662 0.0050082640256732709 -0.002018850450240188 0.022186870763126094 0.0026075596522007671 0.019264576865131396 0.0050610979318662435 -0.009809672167258603 0.023997744348727996 0.012831202175711161 0.033762946581867126 0.029582308059590952 0.0072923886690389461 0.011478233339619779 -0.016827713956849445 0.024181346238913892 -0.0010277673695236445 -0.019803246935070667 0.0045851831634839378 -0.00035097038673580086 0.0032579151540994646 -0.005228905789554119 -0.017993316498513406 0.00080915173283804961 -0.0061909904496537313 0.0081867161107605658 0.027466744240373375 0.023969774616416546 0.0074084382681069427 0.013576021488453891 0.0069885343637155458 -0.010497902603819968 -0.0015276446146890521 0.023088666246357289 -0.008815624538075292 0.00165722435369432
leaf_weight=23 67 24247 23 28 80 42 40 75 44 23 20 20 22 36 22 44 24 30 102 51 37 78 24 28 38 26 41 28 597 39 56 57 32 21 27 46 28 57 37 21 36 49 20 27 24 38 20 20 26 243 36 51 20 40 262 37 23 40 40 22 33 679
leaf_count=23 67 24247 23 28 80 42 40 75 44 23 20 20 22 36 22 44 24 30 102 51 37 78 24 28 38 26 41 28 597 39 56 57 32 21 27 46 28 57 37 21 36 49 20 27 24 38 20 20 26 243 36 51 20 40 262 37 23 40 40 22 33 679
internal_value=-1.55471e-05 -0.000607702 0.00253378 0.0176409 0.0189046 0.011023 0.0170936 0.0117567 0.00653979 -0.00178054 -0.00993562 0.0197133 0.0297266 0.0386197 0.00746002 3.33318e-05 0.0100132 0.0226026 0.00157167 0.00188605 0.0217912 0.0183006 0.0158633 0.00839379 0.0116789 0.0243558 0.0296792 0.0180616 0.000347773 0.00202777 0.0106454 0.00379298 0.0121861 0.00618537 0.0331188 0.0188045 0.0245882 0.0222037 0.0185464 0.0234823 0.00426855 0.0066413 0.0168744 0.00254258 0.00353255 0.0114184 -0.00998999 0.00203424 -8.99127e-05 0.0013336 0.0071351 0.0114571 0.0149859 0.0151243 0.00486723 -2.83412e-05 -0.00754341 -0.000789018 0.00572996 0.0124057 -0.00172061 0.000930348
internal_weight=28167 27253 3006 914 858 306 735 242 167 87 64 493 123 58 234 91 47 72 2700 2598 65 446 318 146 122 128 88 84 1438 841 95 1160 143 75 47 68 56 172 115 62 1109 467 69 642 595 95 47 500 353 327 147 111 44 91 398 136 59 283 77 54 56 746
internal_count=28167 27253 3006 914 858 306 735 242 167 87 64 493 123 58 234 91 47 72 2700 2598 65 446 318 146 122 128 88 84 1438 841 95 1160 143 75 47 68 56 172 115 62 1109 467 69 642 595 95 47 500 353 327 147 111 44 91 398 136 59 283 77 54 56 746
is_linear=0
shrinkage=0.05


Tree=48
num_leaves=63
num_cat=0
split_feature=100 100 100 111 114 65 61 14 64 104 26 104 52 14 73 46 47 55 25 67 41 114 114 69 94 41 18 16 26 107 16 94 24 46 98 103 52 18 58 43 46 112 100 70 67 26 43 46 28 77 69 87 21 61 11 52 114 110 104 11 110 72
split_gain=106.313 12.0371 6.76749 6.53881 7.89297 4.90195 5.12966 4.70786 4.66517 6.55047 4.08464 4.0318 5.13763 5.09766 3.90685 3.69013 2.94413 2.88716 2.86442 2.8494 2.84146 2.83301 2.73746 4.34039 2.7265 2.63628 2.85288 2.56427 2.48544 2.79299 2.23083 2.22748 2.22479 2.19572 2.1271 2.12187 3.52054 2.84138 2.76005 2.07378 1.97397 2.49258 1.83139 2.40606 1.86496 1.80859 1.75585 3.72366 2.19063 1.77521 1.73514 4.4211 1.73504 1.71357 3.01316 2.15872 3.86332 4.27453 3.09803 1.8597 1.71131 1.70034
threshold=2024.5000000000002 2025.5000000000002 2023.5000000000002 2.5000000000000004 9.5000000000000018 2.0000000000000004 3.5000000000000004 4.0000000000000009 2.5000000000000004 7.5000000000000009 2.5000000000000004 7.5000000000000009 3.0000000000000004 2.0000000000000004 2.5000000000000004 2.0000000000000004 2.0000000000000004 3.0000000000000004 2.5000000000000004 2.5000000000000004 3.5000000000000004 18.500000000000004 15.500000000000002 3.0000000000000004 2.0000000000000004 3.5000000000000004 3.5000000000000004 1.5000000000000002 2.5000000000000004 3.5000000000000004 4.5000000000000009 4.0000000000000009 2.5000000000000004 2.0000000000000004 1.0000000180025095e-35 1.0000000180025095e-35 3.0000000000000004 3.5000000000000004 3.0000000000000004 2.0000000000000004 2.0000000000000004 1.0000000180025095e-35 2021.5000000000002 2.0000000000000004 2.5000000000000004 2.5000000000000004 2.0000000000000004 2.0000000000000004 2.0000000000000004 2.5000000000000004 3.0000000000000004 1.0000000180025095e-35 2.5000000000000004 3.5000000000000004 2.0000000000000004 3.0000000000000004 13.500000000000002 6.7500000000000009 5.5000000000000009 1.0000000180025095e-35 7.7500000000000009 3.5000000000000004
decision_type=2 2 2 10 2 2 2 2 2 2 2 2 2 2 2 2 2 2 2 2 2 2 2 2 2 2 2 2 2 10 2 2 2 2 2 10 2 2 2 2 2 10 2 2 2 2 2 2 2 2 2 2 2 2 2 2 2 10 2 2 10 2
left_child=2 3 11 4 34 6 19 -8 9 -7 -9 -1 22 33 45 -11 42 -16 -19 25 28 27 23 61 -12 26 -6 -20 29 40 -26 -17 -27 -14 -2 36 -34 52 -39 -18 -5 -42 44 46 -15 -4 47 49 -48 -44 51 -29 -37 54 55 58 -57 -58 -30 -55 -43 -13
right_child=1 -3 14 20 5 8 7 10 -10 15 24 12 13 16 17 31 39 18 21 -21 -22 -23 -24 -25 30 32 -28 50 53 -31 -32 -33 35 -35 -36 37 -38 38 -40 -41 41 60 43 -45 -46 -47 48 -49 -50 -51 -52 -53 -54 59 -56 56 57 -59 -60 -61 -62 -63
leaf_value=0.004437586920041787 0.00034761709194801945 -0.00094730673786613026 0.011988042492200347 0.00017241977514754033 0.004175400085148535 -0.0063514215262223256 -0.00022598447743803264 -0.00043658716199190725 0.037906754407144728 0.0099792766457825321 0.011770541187272304 0.043798294350504877 -0.0010690363543108105 0.043346223317679358 0.028116463195970831 0.0187437841810448 0.021457148955960292 -0.0051009293823015131 -0.0046486670663580297 -0.0033428722299198598 -0.0033642321882933536 0.03123812507838011 0.043159573927414388 0.0099848308351023918 0.034995953993790824 -0.0063823474571108822 -0.011652622788267978 -0.0094642054775486827 0.005290021541749396 0.013333585626925482 0.015328339460705007 0.040997759608382534 0.01771017720982913 0.016079407472695623 -0.014434910393678224 0.014452702840790152 -0.0040900069466063187 0.035521466600207184 0.012897975676293886 0.0040751206613070263 0.003281800632547831 0.0084972220498162349 -0.0031266437007784762 0.032397971321320669 0.022514865387763299 -0.0023615830848293922 0.016579345192405441 0.025530850688334217 0.032728325899335602 0.015178104017216427 0.019159729557848254 0.017023709918139503 -0.0027819019782802335 0.0012848767419453972 -0.020502519268881192 -0.0023341357969911768 0.00055371501272724524 0.027766019416352112 -0.0079032796769510968 0.015879410669207571 0.026367744980823428 0.025702098284253024
leaf_weight=38 380 24247 34 373 175 34 45 23 21 51 36 25 40 22 34 23 32 21 20 113 386 22 32 28 46 20 34 23 59 66 21 22 31 35 26 40 46 26 28 37 214 37 27 44 21 62 42 44 42 26 86 50 23 172 22 128 31 27 181 25 21 27
leaf_count=38 380 24247 34 373 175 34 45 23 21 51 36 25 40 22 34 23 32 21 20 113 386 22 32 28 46 20 34 23 59 66 21 22 31 35 26 40 46 26 28 37 214 37 27 44 21 62 42 44 42 26 86 50 23 172 22 128 31 27 181 25 21 27
internal_value=-1.47698e-05 -0.000577317 0.0167589 0.00240709 0.00514473 0.00786264 0.00611606 0.0136564 0.0160404 0.0125081 0.0186143 0.0201638 0.0213043 0.018723 0.0113225 0.0191875 0.0213467 0.0145482 0.0124702 0.00371048 0.000420658 0.014306 0.0308 0.0258561 0.0228684 0.0055947 0.00160051 0.012225 0.00149807 0.00353693 0.0288315 0.0296235 0.00949558 0.00693357 -0.000599047 0.0111325 0.00468669 0.0153746 0.0237908 0.0121364 0.00253448 0.00577362 0.023718 0.0219111 0.0331728 0.00272058 0.0193618 0.0147791 0.0246538 0.00585304 0.0143475 0.0086782 0.0081607 -0.000749419 -0.00245839 -0.00152654 0.00251655 0.0132215 -0.00465993 0.00313697 0.0149676 0.0344022
internal_weight=28167 27253 914 3006 1264 858 707 171 151 130 126 562 524 412 352 96 337 256 222 536 1742 201 112 80 103 423 209 179 1356 711 67 45 214 75 406 194 77 117 54 69 645 272 268 225 43 96 181 97 84 53 159 73 63 645 448 426 186 58 240 197 58 52
internal_count=28167 27253 914 3006 1264 858 707 171 151 130 126 562 524 412 352 96 337 256 222 536 1742 201 112 80 103 423 209 179 1356 711 67 45 214 75 406 194 77 117 54 69 645 272 268 225 43 96 181 97 84 53 159 73 63 645 448 426 186 58 240 197 58 52
is_linear=0
shrinkage=0.05


Tree=49
num_leaves=63
num_cat=0
split_feature=100 100 113 113 55 65 22 113 114 104 97 68 67 65 50 54 57 114 70 17 113 66 74 90 113 16 49 100 54 62 19 16 70 111 48 114 72 104 43 20 57 66 84 112 66 70 43 114 22 12 62 84 48 63 61 7 111 17 54 14 8 41
split_gain=95.9476 10.8635 8.14364 7.49879 5.82376 4.26289 3.64098 3.54565 4.66411 3.92216 3.17975 3.72387 5.96829 4.89893 3.01634 3.027 2.98161 2.82583 2.74933 3.70149 2.61367 2.48156 2.41528 2.31056 2.56347 2.1923 2.89204 2.0566 2.02419 3.22469 1.95112 1.87886 1.73585 2.05198 2.82298 3.70601 1.71064 3.32237 2.98339 3.87427 2.51541 3.75799 2.53907 2.07451 4.39623 3.00727 1.69298 1.6752 1.64972 1.95408 3.82032 1.64244 1.79241 2.84328 1.58016 1.56884 2.25958 1.53953 2.77965 2.24494 2.61714 1.59102
threshold=2024.5000000000002 2025.5000000000002 3.5000000000000004 1.5000000000000002 3.0000000000000004 2.0000000000000004 3.0000000000000004 3.5000000000000004 14.500000000000002 7.5000000000000009 1.5000000000000002 2.0000000000000004 2.5000000000000004 2.0000000000000004 2.0000000000000004 2.0000000000000004 4.0000000000000009 16.500000000000004 2.0000000000000004 3.0000000000000004 2.5000000000000004 2.0000000000000004 2.5000000000000004 1.0000000180025095e-35 1.5000000000000002 4.5000000000000009 4.0000000000000009 2022.5000000000002 2.0000000000000004 2.5000000000000004 2.0000000000000004 2.5000000000000004 2.0000000000000004 1.5000000000000002 3.0000000000000004 5.5000000000000009 1.0000000180025095e-35 7.5000000000000009 2.0000000000000004 2.5000000000000004 2.0000000000000004 2.0000000000000004 1.0000000180025095e-35 1.0000000180025095e-35 2.0000000000000004 2.0000000000000004 2.0000000000000004 14.500000000000002 3.0000000000000004 1.0000000180025095e-35 2.5000000000000004 1.0000000180025095e-35 3.0000000000000004 2.5000000000000004 1.5000000000000002 -1.4999999999999998 6.5000000000000009 3.0000000000000004 2.0000000000000004 4.0000000000000009 2.0000000000000004 3.5000000000000004
decision_type=2 2 2 2 2 2 2 2 2 2 2 2 2 2 2 2 2 2 2 2 2 2 2 2 2 2 2 2 2 2 2 2 2 10 2 2 2 2 2 2 2 2 2 10 2 2 2 2 2 2 2 2 2 2 2 2 10 2 2 2 2 2
left_child=3 2 23 -1 6 16 27 8 14 -9 11 13 48 21 -6 20 -4 -10 19 -17 -16 -11 -7 24 32 26 -14 -5 29 -28 -26 -18 33 34 35 -2 43 51 39 -39 -41 42 -42 55 45 -45 -22 -37 49 50 -13 52 53 -38 -36 56 -32 58 59 -40 -61 -59
right_child=1 -3 5 4 7 22 -8 9 17 10 -12 12 25 -15 15 18 31 -19 -20 -21 46 -23 -24 -25 30 -27 28 -29 -30 -31 36 -33 -34 -35 54 47 37 38 57 40 41 -43 -44 44 -46 -47 -48 -49 -50 -51 -52 -53 -54 -55 -56 -57 -58 61 -60 60 -62 -63
leaf_value=-0.0018063551076920705 0.0029911669195225501 -0.00089994141234606335 -0.0062796039758501836 0.041687009059306647 -0.0029588233112641006 0.012916577806408031 0.013229548438068698 -0.00070173968043592239 -0.014537970446242702 0.017833088614767598 0.031690364974995403 -0.00012234799563884735 0.025526614630750073 0.0030195091097127823 0.037375209658690123 0.01401067791959724 -0.00063870111480355271 0.0090055702328681944 0.024708958918398079 -0.011201883899047971 0.023984842974310503 0.034863587732062391 0.031491811490462478 -0.0059712534030789844 -0.0055714315359006849 -0.0048505593271505453 -0.002084894824240889 0.026200592886867394 -0.0035279842477072688 0.024258187665747336 0.025921397097408774 0.011615630610745779 -0.0016609636212643469 0.00033533343979319275 -0.0097455009734923291 0.030407910987182901 -0.0059815328787354866 -0.016009182724519632 -0.0054510047698083028 0.019569387808442116 -0.00056321874726563694 0.006033573016981807 -0.022077177728836737 -0.0089957058348733455 0.028001723357010636 0.01582441616875048 0.0068809219008392616 0.011578702678283056 0.011680762774336178 0.031383903322741394 0.025219479521158439 -0.014959892015731722 -0.0067803214346482 0.014320102610758374 0.00405542878434062 0.0033347190282989707 0.0042247077822685246 0.010095143978251146 0.024381463969235913 0.024953077636503927 0.0016027381100381416 0.00045388966783597745
leaf_weight=56 53 24247 37 36 23 42 34 27 26 31 44 20 24 21 23 37 39 25 22 24 39 69 30 102 57 31 21 53 34 26 20 158 636 593 28 27 34 32 24 20 32 114 24 23 32 26 23 21 37 50 58 27 77 35 80 299 30 80 34 24 24 92
leaf_count=56 53 24247 37 36 23 42 34 27 26 31 44 20 24 21 23 37 39 25 22 24 39 69 30 102 57 31 21 53 34 26 20 158 636 593 28 27 34 32 24 20 32 114 24 23 32 26 23 21 37 50 58 27 77 35 80 299 30 80 34 24 24 92
internal_value=-1.40313e-05 -0.000548451 0.00228674 0.0159209 0.017078 0.0100172 0.0271477 0.0153928 0.0104361 0.0178259 0.0188994 0.0175657 0.0145878 0.0249737 0.014023 0.0163479 0.00674365 -0.00299702 0.00955599 0.00409098 0.02298 0.0295841 0.0206563 0.00141062 0.00170044 0.00683272 0.0102821 0.0324648 0.00576517 0.0124879 0.00344914 0.00918965 0.000289804 0.0018368 0.00609693 0.0121059 0.00391529 0.00234135 0.0044078 8.57926e-05 0.00279653 0.000823247 -0.00978349 0.0063787 0.0135875 0.00417415 0.0176398 0.0221701 0.0209798 0.0236678 0.0187216 -0.00363104 -0.00153598 0.0043164 0.00047741 0.00470559 0.0129034 0.00785919 0.0125989 0.00703494 0.0132779 0.00493819
internal_weight=28167 27253 3006 914 858 306 123 735 242 493 466 422 301 121 191 168 234 51 83 61 85 100 72 2700 2598 136 105 89 81 47 1160 197 1438 802 209 101 1103 673 500 222 190 170 56 430 81 49 62 48 165 128 78 173 146 69 108 349 50 278 106 72 48 172
internal_count=28167 27253 3006 914 858 306 123 735 242 493 466 422 301 121 191 168 234 51 83 61 85 100 72 2700 2598 136 105 89 81 47 1160 197 1438 802 209 101 1103 673 500 222 190 170 56 430 81 49 62 48 165 128 78 173 146 69 108 349 50 278 106 72 48 172
is_linear=0
shrinkage=0.05


Tree=50
num_leaves=63
num_cat=0
split_feature=100 100 15 113 100 47 43 51 56 104 65 28 28 42 77 48 114 94 24 62 12 114 43 65 8 28 113 11 100 14 77 17 57 28 40 28 43 113 56 113 57 25 111 111 14 72 109 109 26 71 61 28 77 114 73 103 111 54 102 42 113 40
split_gain=95.0833 11.1582 10.4723 9.60057 4.70884 5.62088 5.90513 4.50998 4.18152 4.11022 4.07546 4.15274 3.6058 3.73949 3.06249 2.92105 2.8767 6.90414 2.56786 3.03577 2.50945 2.45943 3.29936 3.57415 4.70555 4.11908 2.55444 2.4349 2.42601 2.40621 2.33833 2.22347 3.35967 3.01328 2.37441 2.19385 2.15255 3.26463 1.98604 4.29456 2.19795 1.86137 3.43282 2.01958 2.13191 1.99193 2.4202 1.91075 1.77708 2.45955 4.08398 1.77353 1.75896 1.72792 2.87458 2.53448 3.74026 3.01179 1.7678 2.18635 1.69575 1.88176
threshold=2024.5000000000002 2025.5000000000002 3.0000000000000004 1.5000000000000002 2022.5000000000002 2.0000000000000004 2.0000000000000004 2.5000000000000004 3.0000000000000004 6.5000000000000009 2.0000000000000004 2.0000000000000004 2.0000000000000004 2.0000000000000004 2.5000000000000004 3.0000000000000004 11.500000000000002 2.0000000000000004 2.5000000000000004 2.5000000000000004 1.0000000180025095e-35 19.500000000000004 2.0000000000000004 2.0000000000000004 2.0000000000000004 2.0000000000000004 3.5000000000000004 2.0000000000000004 2023.5000000000002 4.0000000000000009 2.5000000000000004 3.0000000000000004 4.0000000000000009 2.0000000000000004 3.5000000000000004 2.0000000000000004 2.0000000000000004 4.5000000000000009 3.0000000000000004 1.5000000000000002 4.0000000000000009 2.5000000000000004 1.5000000000000002 1.0000000180025095e-35 4.0000000000000009 2.5000000000000004 50.500000000000007 20.500000000000004 2.5000000000000004 1.0000000180025095e-35 1.5000000000000002 2.0000000000000004 1.5000000000000002 13.500000000000002 2.5000000000000004 1.0000000180025095e-35 2.5000000000000004 2.0000000000000004 1.0000000180025095e-35 2.0000000000000004 2.5000000000000004 3.5000000000000004
decision_type=2 2 2 2 2 2 2 2 2 2 2 2 2 2 2 2 2 2 2 2 2 2 2 2 2 2 2 2 2 2 2 2 2 2 2 2 2 2 2 2 2 2 10 10 2 2 10 10 2 2 2 2 2 2 2 10 10 2 8 2 2 2
left_child=3 2 38 -1 5 7 -7 -5 14 -10 12 -12 13 27 -4 28 17 -17 -18 -20 -14 22 23 24 25 52 -26 -9 29 -6 -25 33 -33 34 -24 -19 37 -30 39 -2 -41 43 -43 44 -40 46 47 -45 -46 -50 -51 -31 -11 -3 58 -56 57 -57 59 -55 -59 -62
right_child=1 53 8 4 15 6 -8 10 9 21 11 -13 20 -15 -16 16 18 35 19 -21 -22 -23 31 30 26 -27 -28 -29 36 51 -32 32 -34 -35 -36 -37 -38 -39 41 40 -42 42 -44 45 48 -47 -48 -49 49 50 -52 -53 -54 54 55 56 -58 60 -60 -61 61 -63
leaf_value=-0.0042369649781506848 0.00057090113689917674 -0.00096220201205835562 -0.020599401560612025 0.0031004400302966435 0.013127020691685818 0.023502991566783749 -0.0073747045127674944 0.0035221723759988029 -0.01160613556525537 0.031317703910171989 0.050035135037101365 0.022526355889504371 0.040178394441803295 0.035283490084111691 0.0070704793930053723 -0.01190492662601173 0.028618421275833889 0.0061470245302189148 0.0033952990340710178 0.017470125043742107 0.021423478256310188 0.02019861490421352 0.015243597751084186 0.002497889686908041 -0.017431538450446996 -0.0050491986507549885 0.000288806511264927 0.020542953323394536 0.02447159238589498 0.022721214098639267 0.023387295309756254 -0.0077321217840780393 0.013921385657266472 0.0074453590889320236 0.034778241232769298 0.025499784532520511 0.0056671416862126523 0.0025532470611126529 -0.010767818242311478 0.0075211998684024187 0.021485916030054033 0.0066024986565320735 -0.0016546771478877492 0.002634557205391375 -0.0070310651963011606 -0.001807509695831168 0.016088318115022655 -0.0047478289498637119 -0.011646639410820274 0.022571683732362895 0.00010198377876204776 0.038561242111027239 0.011043055784767089 0.019504477053880694 0.00023972970966298511 0.002733944416977465 0.00076483986249157026 0.0092540082450096438 -0.0004092312655929062 -0.0014065213054418565 0.014757141005247831 0.03399913676634983
leaf_weight=55 279 19667 20 21 34 32 30 38 21 20 34 23 42 24 20 40 28 32 61 103 31 63 28 21 33 25 53 47 65 43 37 23 81 33 35 27 49 23 84 109 38 296 219 623 89 539 30 102 27 26 91 30 23 25 229 40 102 26 4140 25 24 27
leaf_count=55 279 19667 20 21 34 32 30 38 21 20 34 23 42 24 20 40 28 32 61 103 31 63 28 21 33 25 53 47 65 43 37 23 81 33 35 27 49 23 84 109 38 296 219 623 89 539 30 102 27 26 91 30 23 25 229 40 102 26 4140 25 24 27
internal_value=0.000130996 -0.000397775 0.00243333 0.0160133 0.0173129 0.0220902 0.00856217 0.0253161 0.00878679 0.0100409 0.0272681 0.0389351 0.0236142 0.0178547 -0.00676446 0.0144376 0.0110545 0.00413133 0.0146242 0.012235 0.032214 0.010998 0.00959106 0.00524512 0.00126091 0.0110899 -0.00651086 0.0129337 0.0184723 0.0241137 0.0158239 0.0141977 0.00913263 0.019685 0.0260962 0.0150034 0.0140662 0.0187429 0.0010989 0.00421492 0.0111311 0.000474525 0.00309119 -0.000361964 -0.00393873 0.00051426 0.00217179 0.00159593 -0.00147674 0.00195615 0.00509525 0.0292308 0.0204731 -0.000757473 0.000110663 0.00391746 0.00776312 0.0138642 -0.000296365 0.00904898 0.0196461 0.0249441
internal_weight=28305 27393 3088 912 857 322 62 260 536 496 239 57 182 109 40 535 291 99 192 164 73 475 412 212 154 68 86 85 244 107 58 200 104 96 63 59 137 88 2552 426 147 2126 515 1611 317 1294 755 725 233 144 117 73 43 24305 4638 448 219 117 4190 50 77 51
internal_count=28305 27393 3088 912 857 322 62 260 536 496 239 57 182 109 40 535 291 99 192 164 73 475 412 212 154 68 86 85 244 107 58 200 104 96 63 59 137 88 2552 426 147 2126 515 1611 317 1294 755 725 233 144 117 73 43 24305 4638 448 219 117 4190 50 77 51
is_linear=0
shrinkage=0.05


Tree=51
num_leaves=63
num_cat=0
split_feature=101 101 85 101 95 65 61 55 0 46 56 91 110 94 28 40 90 16 44 70 77 97 55 103 25 112 40 52 28 8 101 11 43 17 28 112 67 51 18 94 112 24 79 68 94 46 63 22 72 63 110 17 61 34 61 96 109 40 40 70 112 91
split_gain=85.8126 10.0702 10.6333 6.38983 5.00601 5.86724 6.54609 3.9048 3.77336 3.42765 3.42378 3.24722 3.1843 3.14995 2.92909 2.75805 2.56822 2.53804 2.46165 2.43161 2.08556 2.08436 1.9261 1.897 1.79611 3.02551 1.81643 1.85351 2.84676 1.79206 7.64286 2.79515 2.70065 2.39485 2.19902 1.75444 1.74855 5.43704 2.5798 2.52039 1.72314 1.70034 3.6642 3.7954 3.01651 3.01214 1.97321 1.85406 2.90087 1.67746 3.11833 2.28455 1.73621 2.76304 1.97278 1.92749 1.81338 2.05046 1.97142 2.00652 1.9113 1.80939
threshold=1.5000000000000002 1.0000000180025095e-35 4.0000000000000009 2.5000000000000004 2.0000000000000004 2.0000000000000004 1.5000000000000002 3.0000000000000004 2.5000000000000004 2.0000000000000004 3.0000000000000004 2.0000000000000004 15.250000000000002 2.0000000000000004 2.0000000000000004 3.5000000000000004 1.0000000180025095e-35 3.5000000000000004 2.0000000000000004 2.0000000000000004 2.5000000000000004 1.5000000000000002 3.0000000000000004 inf 2.5000000000000004 inf 3.5000000000000004 3.0000000000000004 2.0000000000000004 2.0000000000000004 4.5000000000000009 2.0000000000000004 2.0000000000000004 3.0000000000000004 2.0000000000000004 1.0000000180025095e-35 2.5000000000000004 2.5000000000000004 1.5000000000000002 4.0000000000000009 inf 2.5000000000000004 2.0000000000000004 2.0000000000000004 2.0000000000000004 2.0000000000000004 2.5000000000000004 3.0000000000000004 3.5000000000000004 2.5000000000000004 1.7500000000000002 3.0000000000000004 3.5000000000000004 2.0000000000000004 1.5000000000000002 3.5000000000000004 46.500000000000007 3.5000000000000004 3.5000000000000004 2.0000000000000004 1.0000000180025095e-35 2.0000000000000004
decision_type=2 2 2 2 2 2 2 2 2 2 2 2 8 2 2 2 2 2 2 2 2 2 2 8 2 8 2 2 2 2 2 2 2 2 2 10 2 2 2 2 8 2 2 2 2 2 2 2 2 2 10 2 2 2 2 2 8 2 2 2 8 2
left_child=1 35 16 21 5 6 -5 -7 10 15 20 13 -12 17 -13 -9 23 -8 -11 -19 -4 41 -14 24 49 -26 27 -27 -29 30 33 34 -33 -15 -31 -1 -24 -38 39 -39 -18 -2 43 -43 45 -44 -46 48 -48 51 -51 52 53 55 -55 -3 57 61 60 -60 -58 -54
right_child=3 2 8 4 -6 7 11 9 -10 18 12 14 22 29 -16 -17 40 19 -20 -21 -22 -23 36 -25 25 26 -28 28 -30 31 -32 32 -34 -35 -36 -37 37 38 -40 -41 -42 42 44 -45 46 -47 47 -49 -50 50 -52 -53 56 54 -56 -57 58 -59 59 -61 -62 -63
leaf_value=-0.00088403022741683325 0.021692204746333037 0.0010487741608732274 -0.012917916268969959 -0.0098007177341390746 0.0030198535183444623 0.047004025988280775 0.018859981986529689 0.048069387958163311 -0.011397487783561581 0.0088382432286284469 -0.005524086245688899 0.016595591469667853 0.022042281581088903 0.032851603884121471 0.042267472252249721 0.025149040137018477 -0.0033520651649530625 0.01111884865843292 0.029854517231631857 -0.01082230854637759 0.0069225207145791508 -0.0037767267785966396 0.012681921196623159 -0.0060223465913842467 -0.00042206206011222158 0.022565969359129669 0.0045867915970249336 0.018203550100545675 -0.0022571819450925377 0.0055972692260007947 -0.013192200083285572 0.021226779749849812 0.039490483185010299 0.014077165123166108 0.025756737341483434 0.00037788934952732067 -0.016918959054799582 -0.0029561713917135466 0.023106799412775658 0.014799001321005515 -0.019046312635359559 0.010719023316743828 0.013688887575345516 -0.019715477032586932 0.0062913898544918224 -0.0064864825004258683 0.036856692413297983 0.009855471785995178 0.016959442581696016 -0.0058892861397370055 0.0033771675477425262 -0.0044888585005742566 0.018115426212549211 7.0171508317192398e-06 0.018139789942651988 -0.010910326162619251 0.0098233370533721016 -0.0049713038187474013 0.023236946651759821 0.0060371684841811664 -0.0079627757001182308 -0.0020616079866886141
leaf_weight=21138 33 902 26 22 48 24 34 21 23 38 29 20 40 29 25 35 73 28 22 23 27 26 299 87 233 32 233 34 34 31 20 48 35 41 24 3167 22 41 29 39 23 21 37 20 42 37 26 40 62 230 150 142 25 24 40 35 44 60 39 30 23 20
leaf_count=21138 33 902 26 22 48 24 34 21 23 38 29 20 40 29 25 35 73 28 22 23 27 26 299 87 233 32 233 34 34 31 20 48 35 41 24 3167 22 41 29 39 23 21 37 20 42 37 26 40 62 230 150 142 25 24 40 35 44 60 39 30 23 20
internal_value=0.000124447 -0.000377886 0.00231166 0.0152126 0.0184696 0.0198958 0.0166721 0.0286459 0.00844544 0.0248476 0.00927222 0.0182989 0.0105556 0.0164933 0.0308577 0.0337442 0.000908193 0.00827828 0.0165442 0.00122382 -0.00281052 0.00983472 0.0115477 0.00122675 0.00149742 0.00394818 0.00700604 0.0126429 0.00797318 0.0195559 0.0140668 0.0231357 0.0289283 0.0218551 0.0143941 -0.000719599 0.0105715 0.00575449 0.0103308 0.00569948 -0.00711215 0.0109476 0.00970349 -0.00412707 0.0120275 0.0036012 0.0156954 0.0187811 0.0228382 0.000711071 -0.00223148 0.001519 0.00220588 0.0012886 0.01134 0.000602063 0.00601583 0.00107976 0.00982676 0.0157588 0.00371766 0.00914786
internal_weight=28305 27393 3088 912 568 520 380 140 575 116 552 358 499 313 45 56 2513 85 60 51 53 344 470 2417 2330 566 333 100 68 228 90 138 83 70 55 24305 430 131 109 80 96 318 285 41 244 74 170 128 88 1764 380 1384 1242 1001 64 937 241 105 136 69 67 45
internal_count=28305 27393 3088 912 568 520 380 140 575 116 552 358 499 313 45 56 2513 85 60 51 53 344 470 2417 2330 566 333 100 68 228 90 138 83 70 55 24305 430 131 109 80 96 318 285 41 244 74 170 128 88 1764 380 1384 1242 1001 64 937 241 105 136 69 67 45
is_linear=0
shrinkage=0.05


Tree=52
num_leaves=63
num_cat=0
split_feature=101 101 15 113 106 101 47 43 113 65 28 28 104 56 40 113 16 28 48 16 48 114 94 48 94 11 22 43 114 67 44 101 14 114 70 74 28 43 113 40 114 114 2 30 109 62 44 102 44 110 99 22 16 112 111 113 49 61 12 19 113 16
split_gain=77.4459 9.0884 8.42862 8.38871 4.39563 3.96065 4.92276 5.58285 3.58337 3.15863 4.78221 3.59169 2.88663 3.15395 3.06191 3.65579 2.87465 2.75413 2.69401 3.19827 2.58798 2.56256 6.00879 2.55092 2.3091 2.41256 2.10354 2.05308 2.02547 3.87163 2.01684 2.00641 2.09512 1.95604 2.70589 2.40074 1.92423 1.91849 2.9589 1.725 1.66198 1.65398 2.37729 3.37001 2.08053 2.63848 2.8097 1.92351 2.53534 2.05595 1.73604 1.6458 1.63343 1.58339 1.53702 1.76129 2.21078 1.44611 1.41323 1.84722 1.62561 1.40259
threshold=1.5000000000000002 1.0000000180025095e-35 3.0000000000000004 1.5000000000000002 1.0000000180025095e-35 3.5000000000000004 2.0000000000000004 2.0000000000000004 4.5000000000000009 2.0000000000000004 2.0000000000000004 2.0000000000000004 6.5000000000000009 3.0000000000000004 3.5000000000000004 2.5000000000000004 2.5000000000000004 2.0000000000000004 3.0000000000000004 2.5000000000000004 3.0000000000000004 11.500000000000002 2.0000000000000004 3.0000000000000004 4.0000000000000009 2.0000000000000004 3.0000000000000004 2.0000000000000004 16.500000000000004 2.5000000000000004 2.0000000000000004 2.5000000000000004 4.0000000000000009 13.500000000000002 2.0000000000000004 2.5000000000000004 2.0000000000000004 2.0000000000000004 4.5000000000000009 3.5000000000000004 13.500000000000002 12.500000000000002 3.0000000000000004 2.0000000000000004 10.500000000000002 2.5000000000000004 2.0000000000000004 1.0000000180025095e-35 2.0000000000000004 12.250000000000002 3.0000000000000004 3.0000000000000004 2.5000000000000004 1.0000000180025095e-35 4.5000000000000009 2.5000000000000004 4.0000000000000009 2.5000000000000004 1.0000000180025095e-35 2.0000000000000004 3.5000000000000004 2.5000000000000004
decision_type=2 2 2 2 2 2 2 2 2 2 2 2 2 2 2 2 2 2 2 2 2 2 2 2 2 2 2 2 2 2 2 2 2 2 2 2 2 2 2 2 2 2 2 2 10 2 2 8 2 8 2 2 2 10 10 2 2 2 2 2 2 2
left_child=1 53 4 57 -3 20 9 -8 12 10 23 -11 -4 -14 28 16 -16 41 61 -20 31 22 -22 -7 -23 -26 40 -27 33 -30 -25 37 -33 35 -35 -15 -24 38 -5 -10 -12 47 43 44 45 46 -43 48 -6 50 -49 -34 -45 58 55 56 -19 -2 -1 -60 -61 -17
right_child=3 2 8 5 17 6 7 -9 39 11 26 -13 13 14 15 18 -18 54 19 -21 21 24 36 30 25 27 -28 -29 29 -31 -32 32 51 34 -36 -37 -38 -39 -40 -41 -42 42 -44 52 -46 -47 -48 49 -50 -51 -52 -53 -54 -55 -56 -57 -58 -59 59 60 -62 -63
leaf_value=-0.00090221412165203321 -0.01369142810193201 -0.00068600593179873697 -0.012649538745172323 0.022689512331181994 -0.004182897619302235 0.0041616300855659774 0.021915486446232535 -0.0081078013063718892 0.022091032340795846 0.04219489126251294 0.032730861703077187 0.017917224653065205 -0.006925624530566366 0.016740225294026839 0.010486767976544797 0.034547702062197705 -0.012224162759428676 0.029720594776937594 -0.0025777265429496768 0.018908529785775775 -0.011649150392040612 0.018697910641397662 0.005159520235611126 0.012060380801019011 -0.003478219086537138 0.0061660834898551314 0.041071473473969562 0.024521348670125009 0.023051290196036141 -0.0036979736449817818 0.028960877356510008 0.011706049611572834 0.032484540589275246 -0.012084757712460599 0.0090231486342170035 -0.0051634465090253136 0.023284110399308028 0.0048912887157378151 0.0018227230433536614 0.009075336129931005 0.015019484505885179 0.017891171574505715 -0.0032580477733384163 0.010832606747069142 -0.0032900211922192984 -0.0051838274060615475 0.0048341187011998882 0.017653064709156754 0.013377579820693517 -0.0022765828207716604 0.0020978244992209153 0.016933529230731506 0.030575856994837527 0.00035899488357130121 -0.0011384753370657563 0.0021741836077787658 0.010472544958548886 0.0026565869684301077 0.016341295944792885 0.00033761006561348417 0.011698507550446427 0.019085552865131337
leaf_weight=20657 24 1538 20 65 31 45 32 30 57 39 26 25 38 29 38 22 22 26 29 43 40 96 32 41 32 39 26 25 31 24 31 34 46 49 22 22 27 49 23 46 27 67 68 22 59 35 107 24 61 346 71 27 20 3167 20 22 35 31 21 426 34 44
leaf_count=20657 24 1538 20 65 31 45 32 30 57 39 26 25 38 29 38 22 22 26 29 43 40 96 32 41 32 39 26 25 31 24 31 34 46 49 22 22 27 49 23 46 27 67 68 22 59 35 107 24 61 346 71 27 20 3167 20 22 35 31 21 426 34 44
internal_value=0.000118224 -0.000358992 0.00219608 0.014452 0.000998921 0.0156668 0.0200482 0.00738809 0.00789598 0.0230671 0.019918 0.0327114 0.00590206 0.00680045 0.00819135 0.0124631 0.00215943 0.00355456 0.0169429 0.0102543 0.0130298 0.00984542 0.00331121 0.0135003 0.0132146 0.00773133 0.0294226 0.0133361 0.0034128 0.0113789 0.019337 0.0168275 0.0219579 -0.000178468 -0.00554428 0.00729158 0.0134538 0.0128205 0.0172357 0.0162782 0.0237081 0.00267836 0.0052082 0.00706532 0.00500154 0.00734223 0.00986183 0.00088421 0.00746046 -0.000487706 0.00602757 0.0267328 0.0202342 -0.000683619 0.0113042 0.0143025 0.0186766 -0.00447709 -0.000839829 0.00183937 0.00117733 0.0242396
internal_weight=28305 27393 3088 912 2552 857 322 62 536 260 196 64 433 413 375 198 60 1014 138 72 535 291 99 117 192 96 79 64 177 55 72 244 107 122 71 51 59 137 88 103 53 911 378 310 268 209 174 533 92 441 95 73 42 24305 103 83 61 55 21138 481 460 66
internal_count=28305 27393 3088 912 2552 857 322 62 536 260 196 64 433 413 375 198 60 1014 138 72 535 291 99 117 192 96 79 64 177 55 72 244 107 122 71 51 59 137 88 103 53 911 378 310 268 209 174 533 92 441 95 73 42 24305 103 83 61 55 21138 481 460 66
is_linear=0
shrinkage=0.05


Tree=53
num_leaves=63
num_cat=0
split_feature=100 100 85 113 113 100 95 47 51 77 0 76 85 14 61 113 14 113 114 94 87 94 54 44 22 61 73 43 114 114 107 111 99 41 71 24 70 57 100 16 49 43 97 109 55 22 16 17 58 54 16 43 46 46 114 73 103 111 54 102 42 76
split_gain=69.8949 8.20228 8.74078 7.57081 3.66918 3.57448 4.78095 2.94692 4.32742 3.35805 2.6682 2.58629 3.22559 3.1426 2.68406 4.11912 2.68258 2.42777 2.25231 3.89456 2.59883 2.25103 3.94379 2.44072 2.00636 1.98621 1.96798 2.44014 2.22887 2.10759 1.91204 2.09382 2.44906 1.97893 2.1312 2.27731 1.79116 1.75901 1.74241 1.69128 3.20814 1.84598 1.66426 1.91463 1.96279 1.83829 2.3709 2.38702 2.97334 2.62161 2.36924 2.37009 1.92754 1.66064 1.54477 2.54768 2.2592 3.35201 2.71687 1.58979 1.96916 1.55597
threshold=2024.5000000000002 2025.5000000000002 4.0000000000000009 1.5000000000000002 4.5000000000000009 2022.5000000000002 2.0000000000000004 2.0000000000000004 2.5000000000000004 2.5000000000000004 2.5000000000000004 3.5000000000000004 -1.4999999999999998 2.0000000000000004 3.5000000000000004 3.5000000000000004 4.0000000000000009 4.5000000000000009 11.500000000000002 2.0000000000000004 1.0000000180025095e-35 4.0000000000000009 2.0000000000000004 2.0000000000000004 3.0000000000000004 3.5000000000000004 2.5000000000000004 2.0000000000000004 1.0000000180025095e-35 4.5000000000000009 19.500000000000004 5.5000000000000009 3.0000000000000004 3.5000000000000004 1.0000000180025095e-35 2.5000000000000004 2.0000000000000004 2.0000000000000004 2023.5000000000002 4.5000000000000009 4.0000000000000009 2.0000000000000004 1.5000000000000002 31.500000000000004 3.0000000000000004 3.0000000000000004 3.5000000000000004 3.0000000000000004 3.0000000000000004 2.0000000000000004 2.5000000000000004 2.0000000000000004 2.0000000000000004 2.0000000000000004 13.500000000000002 2.5000000000000004 1.0000000180025095e-35 2.5000000000000004 2.0000000000000004 1.0000000180025095e-35 2.0000000000000004 3.5000000000000004
decision_type=2 2 2 2 2 2 2 2 2 2 2 2 2 2 2 2 2 2 2 2 2 2 2 2 2 2 2 2 2 2 8 10 2 2 2 2 2 2 2 2 2 2 2 8 2 2 2 2 2 2 2 2 2 2 2 2 10 10 2 8 2 2
left_child=3 2 26 -1 10 6 7 8 -5 -9 42 12 -7 -13 24 -16 -17 -18 19 -15 21 23 -23 -20 38 -21 28 -28 -2 -30 33 32 -32 34 -31 -36 -29 -34 -14 41 -41 -10 43 -4 -45 46 47 49 -49 50 51 52 -46 -48 -3 59 -57 58 -58 60 -56 -60
right_child=1 54 4 5 -6 11 -8 9 39 -11 -12 13 14 18 15 16 17 -19 20 25 -22 22 -24 -25 -26 -27 27 36 29 30 31 -33 37 -35 35 -37 -38 -39 -40 40 -42 -43 -44 44 45 -47 53 48 -50 -51 -52 -53 -54 -55 55 56 57 -59 61 -61 -62 -63
leaf_value=-0.0042532375116239897 -0.0007882032719348322 -0.00084301393252564491 -0.0025994930460694291 0.00079693239182233823 0.016352447126177141 -0.0016992610433827276 -0.0046291047916747633 -0.0037928497476968914 0.022984855376052285 0.020352419305385817 -0.010797740681015928 -0.0051168214091483286 0.035719032149229731 -0.0086964482441544543 -0.0027576898690313103 0.0043671464588007202 0.03383018570922075 0.012112215567718854 0.029365416657179594 0.0023645571687004787 7.7829254722153705e-05 -0.0036351764703105235 0.020848308204624216 0.010927490603977017 0.012110604573196421 0.022777494293852493 -0.012173362451768111 0.010642543345175941 0.018454614318907263 0.0004843324098898017 -0.0016023487662399324 -0.00070059628278517261 -0.0033587940270081162 -0.0025546719586210594 0.0058058902062475687 0.027587534574170909 -0.008807554990053177 0.0058152868223342999 0.02123213314911232 0.002102156684711753 0.027763139867577058 0.033465038891881703 -0.0039778187323142502 0.021644517420618625 0.0045478017734629774 -0.0021592526069504118 0.0098788598000905236 -0.014912661131471395 0.0063522186751166984 0.019763932439188163 0.019469166174530983 0.012007327857686 -0.014358332296475197 0.025210462217078067 0.018573148697614669 0.0002829473213532606 0.0025905038276687266 0.00076091800286781554 0.0080910760288437199 -0.00031881724367287137 -0.0012720272094011308 0.023436254084882886
leaf_weight=55 937 19667 42 20 100 23 20 24 99 36 23 34 35 34 32 23 31 22 50 22 27 29 38 28 30 26 63 29 20 23 192 566 58 28 20 30 20 527 51 21 29 73 34 27 28 42 38 25 48 48 25 36 26 33 25 229 40 102 24 4140 25 53
leaf_count=55 937 19667 42 20 100 23 20 24 99 36 23 34 35 34 32 23 31 22 50 22 27 29 38 28 30 26 63 29 20 23 192 566 58 28 20 30 20 527 51 21 29 73 34 27 28 42 38 25 48 48 25 36 26 33 25 229 40 102 24 4140 25 53
internal_value=0.000112313 -0.000341042 0.00208628 0.0137294 0.00764748 0.0148835 0.0190458 0.0206136 0.023073 0.0106943 0.00581486 0.0123783 0.0161322 0.00915882 0.0179631 0.0122908 0.018627 0.0248152 0.0110697 0.00425068 0.0143207 0.0169728 0.010251 0.0227467 0.0232442 0.0134216 0.000813815 -0.00566464 0.00111602 0.00233477 0.0021115 0.00161255 0.00329755 0.00874607 0.0130806 0.0188749 0.00270373 0.00490572 0.027128 0.0250798 0.0169855 0.0274328 0.00666019 0.00752548 0.00865646 0.00765165 0.00899386 0.00658379 -0.000930274 0.00994898 0.0058523 0.00206984 -0.00455515 0.0170048 -0.000649438 0.000171402 0.00375521 0.00738603 0.0131618 -0.000211784 0.00865056 0.0186533
internal_weight=28305 27393 3088 912 575 857 322 302 242 60 475 535 247 288 224 108 76 53 254 82 172 145 67 78 116 48 2513 112 2401 1464 1444 1343 777 101 73 50 49 585 86 222 50 172 452 418 376 349 307 236 73 163 115 90 54 71 24305 4638 448 219 117 4190 50 77
internal_count=28305 27393 3088 912 575 857 322 302 242 60 475 535 247 288 224 108 76 53 254 82 172 145 67 78 116 48 2513 112 2401 1464 1444 1343 777 101 73 50 49 585 86 222 50 172 452 418 376 349 307 236 73 163 115 90 54 71 24305 4638 448 219 117 4190 50 77
is_linear=0
shrinkage=0.05


Tree=54
num_leaves=63
num_cat=0
split_feature=101 101 85 113 113 101 95 65 91 8 101 28 114 14 0 76 85 14 61 113 114 114 8 77 87 56 97 110 22 17 51 114 43 28 76 22 73 43 8 114 56 113 114 111 40 8 111 107 41 18 25 110 70 16 44 28 40 14 103 50 110 110
split_gain=63.0802 7.40256 7.88856 6.83266 3.31143 3.22597 4.31481 2.847 3.76568 3.20262 4.87186 3.20131 3.16956 2.90408 2.40805 2.33412 2.91109 2.8362 2.42236 3.7175 2.62794 2.03271 2.3974 2.51361 2.34545 1.96846 3.48755 2.19442 2.03907 1.97365 3.30321 2.43112 3.12988 2.45861 2.24586 1.81074 1.7761 2.20223 2.12406 2.01156 1.93079 3.25107 2.10162 2.37052 2.09063 2.80389 4.75519 1.758 2.42222 2.32333 1.89214 2.61645 1.63818 1.75335 1.63681 2.29243 1.62819 1.64966 1.96165 1.96911 3.03757 2.06955
threshold=1.5000000000000002 1.0000000180025095e-35 4.0000000000000009 1.5000000000000002 4.5000000000000009 3.5000000000000004 2.0000000000000004 2.0000000000000004 2.0000000000000004 2.0000000000000004 4.5000000000000009 2.0000000000000004 12.500000000000002 4.0000000000000009 2.5000000000000004 3.5000000000000004 -1.4999999999999998 2.0000000000000004 3.5000000000000004 3.5000000000000004 13.500000000000002 11.500000000000002 2.0000000000000004 2.5000000000000004 1.0000000180025095e-35 3.0000000000000004 1.5000000000000002 15.250000000000002 3.0000000000000004 3.0000000000000004 2.5000000000000004 16.500000000000004 2.0000000000000004 2.0000000000000004 3.5000000000000004 3.0000000000000004 2.5000000000000004 2.0000000000000004 2.0000000000000004 1.0000000180025095e-35 3.0000000000000004 1.5000000000000002 14.500000000000002 1.0000000180025095e-35 3.5000000000000004 2.0000000000000004 3.5000000000000004 3.5000000000000004 3.5000000000000004 1.0000000180025095e-35 2.5000000000000004 14.750000000000002 2.0000000000000004 3.5000000000000004 2.0000000000000004 2.0000000000000004 3.5000000000000004 4.0000000000000009 1.0000000180025095e-35 1.0000000180025095e-35 5.7500000000000009 7.7500000000000009
decision_type=2 2 2 2 2 2 2 2 2 2 2 2 2 2 2 2 2 2 2 2 2 2 2 2 2 2 2 8 2 2 2 2 2 2 2 2 2 2 2 2 2 2 2 10 2 2 10 10 2 2 2 8 2 2 2 2 2 2 8 2 10 10
left_child=1 -1 36 -2 14 15 7 8 9 10 13 12 -9 -7 25 16 -5 -17 35 -20 -21 22 -19 -24 -23 -4 27 -27 29 31 -31 32 34 -34 -29 -18 39 -38 -39 -3 41 42 43 -41 -43 46 -46 50 49 -49 56 -52 53 -32 55 -11 -42 -58 59 61 -61 -59
right_child=3 2 4 5 -6 6 -8 11 -10 54 -12 -13 -14 -15 -16 17 18 21 19 20 -22 24 23 -25 -26 26 -28 28 -30 30 52 -33 33 -35 -36 -37 37 38 -40 40 47 44 -44 -45 45 -47 -48 48 -50 -51 51 -53 -54 -55 -56 -57 57 58 -60 60 -62 -63
leaf_value=-0.00061696624619370132 -0.004040575624358925 -0.00074879307883295653 -0.0029251655831923893 -0.0016142979385736196 0.015534824806265533 0.030691853744792753 -0.0043976494530215864 0.022828813858330251 0.035823515381502073 0.0081453659999407013 -0.010120298224501313 0.014757455473300068 0.048006404191255569 0.0062539582058126408 -0.010257853648584822 -0.0048609805129030178 0.025771565703461272 0.015910900743412122 -0.0026198053616099063 0.028897630510431146 0.009978664024836487 0.016124160968666448 -0.011410012889292933 0.010405793237378417 7.3937788881637431e-05 -0.0055270476937294005 -0.0095150732967470373 0.012551369072626467 -0.00038386505966204717 -0.0060560788503042553 0.0074469077435356593 0.025539663145318626 0.029675606574164706 0.0079623179960022269 -0.0042556642794183324 0.0115050741036733 -0.011564694350910565 -0.0094520121812820442 0.01158395629110081 0.021355147189460695 -0.0031240400181804136 0.025259744323790075 -0.0058734739046604912 0.0014783507275084656 0.030794425060351689 -0.0023726598387036253 0.0011196818271720851 0.005504399159218412 -0.0055383496958276504 0.025235438868403438 -0.0088499374906806389 0.0058647879047965378 0.0030644714622758331 0.024875230979054207 0.02727606180123985 0.025911205719069894 -0.0021191515624144962 0.015351421083661094 -0.0083345946172873175 -0.0019460773517494092 0.01280297851189971 -0.0025750632663922653
leaf_weight=24305 55 937 51 23 100 20 20 25 23 46 28 30 25 31 23 34 86 28 32 31 45 145 31 23 27 25 28 46 43 37 27 40 32 22 35 30 63 21 28 20 327 25 61 60 27 34 27 37 23 25 34 271 35 31 44 30 197 69 30 128 48 21
leaf_count=24305 55 937 51 23 100 20 20 25 23 46 28 30 25 31 23 34 86 28 32 31 45 145 31 23 27 25 28 46 43 37 27 40 32 22 35 30 63 21 28 20 327 25 61 60 27 34 27 37 23 25 34 271 35 31 44 30 197 69 30 128 48 21
internal_value=0.000106697 -0.00032399 0.00198196 0.0130429 0.00726511 0.0141393 0.0180935 0.019583 0.0166687 0.0144548 0.00663723 0.0276701 0.0354176 0.0158374 0.00552411 0.0117594 0.0153255 0.00870088 0.0170649 0.0116762 0.0176956 0.0105163 0.00403815 -0.0021181 0.0136046 0.00632718 0.00750391 0.00878147 0.00980938 0.0112465 0.00657985 0.0147131 0.0115052 0.0208295 0.00528907 0.022082 0.000773124 -0.0053814 0.00256854 0.00106022 0.00221803 0.00618121 0.00111718 0.00644755 0.0125 0.00887512 0.0159571 0.00138609 0.00831961 0.0134605 0.000862226 0.00422446 0.011607 0.016762 0.0196014 0.0151582 -0.00038836 0.00142618 0.00378574 0.00515269 0.00207639 0.0111686
internal_weight=28305 27393 3088 912 575 857 322 302 222 199 79 80 50 51 475 535 247 288 224 108 76 254 82 54 172 452 401 373 348 305 130 175 135 54 81 116 2513 112 49 2401 1464 254 141 80 113 88 54 1210 85 62 1125 305 93 58 120 76 820 493 296 266 176 90
internal_count=28305 27393 3088 912 575 857 322 302 222 199 79 80 50 51 475 535 247 288 224 108 76 254 82 54 172 452 401 373 348 305 130 175 135 54 81 116 2513 112 49 2401 1464 254 141 80 113 88 54 1210 85 62 1125 305 93 58 120 76 820 493 296 266 176 90
is_linear=0
shrinkage=0.05


Tree=55
num_leaves=63
num_cat=0
split_feature=100 113 104 100 46 100 104 25 8 50 114 49 84 14 40 16 24 16 40 16 40 44 22 107 48 17 114 11 76 14 111 17 94 97 48 71 17 66 28 113 84 16 94 47 49 16 52 106 94 94 43 54 44 54 66 8 109 28 17 49 109 114
split_gain=52.3291 6.47926 5.05496 5.74559 5.41273 4.37449 4.73961 4.06875 4.56015 3.71195 3.34974 3.20682 3.67674 5.32314 9.08617 3.04032 3.73457 2.85365 2.81465 2.64369 3.74276 5.58706 2.28431 2.20226 2.17716 2.16421 4.29721 3.06533 2.07784 2.94032 2.04621 2.49244 2.52613 2.07644 3.29428 1.97462 1.95136 2.32228 5.8736 3.26621 3.47749 2.898 1.93628 2.37415 2.06702 1.90682 3.23152 5.7466 3.06792 3.30998 3.35697 1.92008 1.81288 2.94472 1.50309 1.46976 2.17946 2.1218 1.44405 1.42006 1.37004 1.57088
threshold=2024.5000000000002 4.5000000000000009 6.5000000000000009 2022.5000000000002 2.0000000000000004 2025.5000000000002 7.5000000000000009 2.5000000000000004 2.0000000000000004 2.0000000000000004 16.500000000000004 4.0000000000000009 1.0000000180025095e-35 4.0000000000000009 3.5000000000000004 2.5000000000000004 2.5000000000000004 1.5000000000000002 3.5000000000000004 1.5000000000000002 3.5000000000000004 2.0000000000000004 3.0000000000000004 9.5000000000000018 3.0000000000000004 3.0000000000000004 13.500000000000002 2.0000000000000004 3.5000000000000004 2.0000000000000004 4.5000000000000009 3.0000000000000004 4.0000000000000009 1.5000000000000002 3.0000000000000004 3.0000000000000004 3.0000000000000004 2.0000000000000004 2.0000000000000004 1.5000000000000002 1.0000000180025095e-35 1.5000000000000002 4.0000000000000009 2.0000000000000004 4.0000000000000009 3.5000000000000004 3.0000000000000004 1.0000000180025095e-35 2.0000000000000004 4.0000000000000009 2.0000000000000004 2.0000000000000004 2.0000000000000004 2.0000000000000004 2.0000000000000004 2.0000000000000004 6.5000000000000009 2.0000000000000004 3.0000000000000004 4.0000000000000009 2.5000000000000004 15.500000000000002
decision_type=2 2 2 2 2 2 2 2 2 2 2 2 2 2 2 2 2 2 2 2 2 2 2 8 2 2 2 2 2 2 10 2 2 2 2 2 2 2 2 2 2 2 2 2 2 2 2 2 2 2 2 2 2 2 2 2 10 2 2 2 10 2
left_child=2 5 4 10 -1 6 23 8 -5 -9 45 12 17 -14 -15 18 -17 24 -11 -3 22 -22 58 28 -8 26 27 -18 29 -2 33 32 -32 36 -35 -16 37 38 39 41 -41 -13 59 44 -44 46 -4 -48 51 -50 -51 -47 53 -28 -12 -19 57 -57 -21 -27 -7 -62
right_child=1 19 3 7 -6 60 11 9 -10 15 54 30 13 14 35 16 25 55 -20 20 21 -23 -24 -25 -26 42 52 -29 -30 -31 31 -33 -34 34 -36 -37 -38 -39 -40 40 -42 -43 43 -45 -46 48 47 -49 49 50 -52 -53 -54 -55 -56 56 -58 -59 -60 -61 61 -63
leaf_value=0.0089228930537189766 0.0014480732381343842 -0.0031874354928731921 0.024522588015706451 0.012428528251069965 -0.023684079521335662 -0.00090802680908134157 0.019759438476758082 0.028681553090954649 -0.012680730889551343 -0.01131054171007769 0.017398037719116969 -0.011206115727691214 -0.00018517665373973357 0.0036380525733179904 0.027685470692813397 -0.002904652978146547 0.0078746110666543245 0.0062921864887827946 0.0092580706185589612 0.016683196989090546 -0.0074276381881818888 0.024158572773670867 0.0080523149771449566 -0.0016075237679951883 0.0021058258330149036 0.021874858710688044 -0.019977535591239021 0.028636651230044663 -0.0021305103737272713 0.025949400601287684 0.0010745645213771512 0.0053095942657977423 -0.0058775846044173338 -0.017099175974726679 0.0063848004792816937 0.049903820864856244 0.00036090388135374366 0.010651780511185741 -0.017291911011561752 0.031431850045919418 0.0066828573402017352 0.010616661354514032 0.026919978152339659 0.034633510014801111 0.0093632158186090619 0.017830652711184128 0.016064374665729703 -0.013789524320788957 0.03719458624182153 0.0073054953143582681 0.029952142077187702 -0.0033522056369110946 0.011337508899824961 0.0061985960272564131 0.033345153046151009 -0.01488458103373308 0.010147933828358708 0.0018873816638281854 0.033732281832231419 0.0090019061985402941 -0.00028248383739956412 0.0026207528825638433
leaf_weight=35 25 35 27 33 20 19875 40 29 40 29 22 32 39 34 20 38 40 58 39 23 42 21 28 1146 31 29 21 32 38 24 370 184 202 28 32 20 145 209 30 22 40 29 30 27 38 23 40 27 32 36 30 20 21 22 45 44 22 33 27 82 3854 530
leaf_count=35 25 35 27 33 20 19875 40 29 40 29 22 32 39 34 20 38 40 58 39 23 42 21 28 1146 31 29 21 32 38 24 370 184 202 28 32 20 145 209 30 22 40 29 30 27 38 23 40 27 32 36 30 20 21 22 45 44 22 33 27 82 3854 530
internal_value=-5.81876e-05 -0.000450277 0.0117572 0.0127056 -0.00293419 -0.000512252 0.00132413 0.00966305 -0.00132997 0.0113454 0.0182467 0.00306502 0.0073885 0.0147633 0.0226416 0.0102232 0.0119656 0.00373343 0.000486162 0.00911227 0.0121654 0.0031011 0.0194865 -0.0010253 0.0120515 0.0136179 0.00872269 0.0171022 0.006644 0.0134487 0.00195066 0.000247728 -0.00138057 0.00422123 -0.00457439 0.0387946 0.00526213 0.00722532 0.00254474 0.00738295 0.0154648 -0.000831353 0.0168497 0.0220895 0.0171088 0.015435 0.00991881 0.0040337 0.0191124 0.0239978 0.0175994 0.00797816 -0.000704241 -0.0065851 0.0281088 -2.82587e-05 -0.00373115 -0.0076966 0.0258897 0.0123651 -0.000731552 6.85005e-05
internal_weight=28239 27332 907 852 55 27156 2897 550 73 477 302 1664 341 113 74 448 380 228 68 176 141 63 78 1233 71 342 136 72 87 49 1323 756 572 567 60 40 507 362 153 123 62 61 206 95 68 235 94 67 141 98 66 43 64 43 67 157 99 77 50 111 24259 4384
internal_count=28239 27332 907 852 55 27156 2897 550 73 477 302 1664 341 113 74 448 380 228 68 176 141 63 78 1233 71 342 136 72 87 49 1323 756 572 567 60 40 507 362 153 123 62 61 206 95 68 235 94 67 141 98 66 43 64 43 67 157 99 77 50 111 24259 4384
is_linear=0
shrinkage=0.05


Tree=56
num_leaves=63
num_cat=0
split_feature=100 113 100 100 114 16 79 113 44 114 114 54 22 70 72 114 114 79 72 44 113 62 114 52 102 111 83 114 90 14 113 107 54 41 72 44 43 42 14 50 66 42 49 84 8 109 62 72 54 75 41 97 22 41 107 107 71 114 113 66 114 109
split_gain=47.227 5.84753 4.13592 3.94798 3.68288 4.01607 4.18165 3.5021 4.97906 3.31014 3.16619 2.9229 2.89437 2.82102 3.10117 2.57497 3.05255 3.35426 2.52993 2.3971 2.5073 2.31345 2.26755 2.15123 2.1456 2.11252 2.15126 1.92741 1.86512 1.76327 3.23321 1.95195 2.09633 3.43537 1.94122 2.28547 1.72995 2.80336 1.72904 1.72483 1.67251 1.66328 1.65016 3.79891 3.35182 2.67186 4.19184 2.34973 2.24485 1.90575 1.59292 2.46488 1.53201 1.42549 1.41589 2.90014 1.51431 2.29495 2.38648 1.76551 2.48761 1.60777
threshold=2024.5000000000002 4.5000000000000009 2022.5000000000002 2025.5000000000002 16.500000000000004 3.5000000000000004 2.0000000000000004 3.5000000000000004 2.0000000000000004 12.500000000000002 19.500000000000004 2.0000000000000004 3.0000000000000004 2.0000000000000004 3.5000000000000004 13.500000000000002 11.500000000000002 2.0000000000000004 2.5000000000000004 2.0000000000000004 5.5000000000000009 2.5000000000000004 11.500000000000002 3.0000000000000004 inf 7.5000000000000009 1.0000000180025095e-35 10.500000000000002 1.0000000180025095e-35 4.0000000000000009 3.5000000000000004 52.500000000000007 2.0000000000000004 3.5000000000000004 2.5000000000000004 2.0000000000000004 2.0000000000000004 2.0000000000000004 2.0000000000000004 2.0000000000000004 2.0000000000000004 2.0000000000000004 4.0000000000000009 1.0000000180025095e-35 2.0000000000000004 1.5000000000000002 2.5000000000000004 3.5000000000000004 2.0000000000000004 2.0000000000000004 3.5000000000000004 1.5000000000000002 3.0000000000000004 3.5000000000000004 6.5000000000000009 3.5000000000000004 1.0000000180025095e-35 7.5000000000000009 1.5000000000000002 2.0000000000000004 10.500000000000002 31.500000000000004
decision_type=2 2 2 2 2 2 2 2 2 2 2 2 2 2 2 2 2 2 2 2 2 2 2 2 8 8 2 2 2 2 2 8 2 2 2 2 2 2 2 2 2 2 2 2 2 10 2 2 2 2 2 2 2 2 8 10 2 2 2 2 2 10
left_child=2 3 4 10 5 6 -1 8 12 11 24 -8 15 19 -15 16 17 -4 -3 20 -9 22 -10 -12 25 50 28 -7 29 30 31 -27 34 -34 36 -36 37 -33 -32 -28 -6 -20 43 44 53 46 47 -46 -44 -50 54 -52 -16 -31 55 -2 57 61 -59 -60 -61 -56
right_child=1 18 7 -5 40 27 9 13 21 -11 23 -13 -14 14 52 -17 -18 -19 41 -21 -22 -23 -24 -25 -26 26 39 -29 -30 42 38 32 33 -35 35 -37 -38 -39 -40 -41 -42 -43 48 -45 45 -47 -48 -49 49 -51 51 -53 -54 -55 56 -57 -58 58 59 60 -62 -63
leaf_value=-0.012446688726544381 -0.0019385954597964884 -0.0035943714956588602 -0.017302166759258227 -0.00069497467370592406 0.015333576376239458 0.026857836859093771 0.0064353563092564327 0.0094817494923289097 -0.0045190419292166122 -0.0015392282076420324 0.00010661007663993925 0.03166663106530905 -0.017575159413821023 0.029960820396002886 0.017848472418596172 -0.0095718712042513737 0.016732424705360942 0.0078424584689653579 0.014743595097416063 0.00092881612363271415 0.028017761593773251 0.025856387801468372 0.017571250227494881 0.017748354837143175 -0.0068827824046214419 0.013063036544587125 -0.018353515296158467 0.014416504449915317 -0.008325374549305117 0.0050581968414622385 0.021214770557484233 0.0030480416677892211 -0.0081188942427220558 0.017214857740327716 -0.016037137896336359 -0.0019392057076880809 0.010267121912135434 -0.011462628540762685 0.0016601122915744781 0.0014456581070341847 0.031677895022439777 0.0023044045238445206 0.0044976574362079642 0.018430394997760172 -0.0045157893391495401 0.014151470847427844 0.0074740831536473712 -0.027372301523776163 0.012580520340374539 -0.0033698742446150484 -0.0057489826740628044 0.010274686940290311 0.0043933277018368246 0.018937437754829187 -0.001828732897333283 0.020543239566569144 -0.0014964177039138136 -0.0045336220827367577 0.0048769094231652056 0.02897444014885911 0.0057089078612625604 0.01246097834611481
leaf_weight=25 32 34 21 24259 24 45 22 139 21 31 27 24 23 37 56 37 39 36 106 72 21 28 26 48 84 22 22 101 37 37 26 80 23 32 58 57 30 57 20 22 45 36 639 62 22 20 32 23 21 173 216 27 34 37 187 26 561 27 41 27 20 22
leaf_count=25 32 34 21 24259 24 45 22 139 21 31 27 24 23 37 56 37 39 36 106 72 21 28 26 48 84 22 22 101 37 37 26 80 23 32 58 57 30 57 20 22 45 36 639 62 22 20 32 23 21 173 216 27 34 37 187 26 561 27 41 27 20 22
internal_value=-5.52783e-05 -0.000427763 0.0111694 -0.00048664 0.0157756 0.0129329 0.00532053 0.00869447 0.00389217 0.0110891 0.00125792 0.0195995 -0.00119769 0.0117845 0.0177751 0.0016345 0.00595362 -0.00142135 0.00865665 0.00850522 0.0119146 0.0144791 0.00770112 0.0113973 0.000988449 0.00122993 0.00244402 0.0182512 0.002762 0.00304088 0.000232376 -0.00136678 -0.00230879 0.00662074 -0.00405036 -0.00904947 -0.000607861 -0.00298924 0.0127127 -0.00845393 0.0259929 0.01159 0.0041079 0.00782752 0.00398321 -0.00213103 -0.00636026 -0.016198 0.00306747 -0.00164329 -0.000358822 -0.00396857 0.0127654 0.0119978 0.000571369 0.00813947 7.53804e-05 0.00279692 0.00846986 0.0124596 0.0190742 -0.000324553
internal_weight=28239 27332 907 27156 317 248 102 590 231 77 2897 46 156 359 127 133 96 57 176 232 160 75 47 75 2822 2738 1552 146 1508 1471 405 359 337 55 282 115 167 137 46 44 69 142 1066 233 171 97 77 45 833 194 1186 243 90 74 943 58 885 324 115 88 47 209
internal_count=28239 27332 907 27156 317 248 102 590 231 77 2897 46 156 359 127 133 96 57 176 232 160 75 47 75 2822 2738 1552 146 1508 1471 405 359 337 55 282 115 167 137 46 44 69 142 1066 233 171 97 77 45 833 194 1186 243 90 74 943 58 885 324 115 88 47 209
is_linear=0
shrinkage=0.05


Tree=57
num_leaves=63
num_cat=0
split_feature=100 113 104 46 100 100 104 113 44 70 63 114 66 49 85 55 14 47 70 48 8 68 114 44 26 72 40 44 77 10 114 52 52 114 111 97 48 8 110 28 40 94 24 68 11 40 109 71 89 111 68 48 77 113 110 114 112 66 67 66 28 113
split_gain=42.6224 5.27739 4.35393 4.92367 4.7284 3.56305 4.02608 2.85769 5.02409 2.83206 2.82667 2.7097 2.69349 2.6803 4.13943 2.5995 4.05594 6.05597 4.01298 3.48301 2.56601 2.48402 3.11863 2.29984 2.73808 2.28326 3.37649 5.01747 2.21831 2.13841 2.07081 2.05346 1.94283 1.80277 1.76225 1.80494 2.95685 1.73902 2.89444 2.95292 1.71344 1.59912 1.95203 1.54849 1.51786 1.46193 1.44984 1.90671 3.74837 1.55775 1.40577 1.72053 2.97559 1.39181 1.32374 1.43708 1.9913 1.21413 1.1827 1.79838 5.55232 3.05624
threshold=2024.5000000000002 4.5000000000000009 6.5000000000000009 2.0000000000000004 2022.5000000000002 2025.5000000000002 7.5000000000000009 3.5000000000000004 2.0000000000000004 2.0000000000000004 2.5000000000000004 16.500000000000004 2.0000000000000004 4.0000000000000009 -1.4999999999999998 3.0000000000000004 4.0000000000000009 2.0000000000000004 2.0000000000000004 3.0000000000000004 2.0000000000000004 2.0000000000000004 12.500000000000002 2.0000000000000004 2.5000000000000004 2.5000000000000004 3.5000000000000004 2.0000000000000004 1.5000000000000002 -1.4999999999999998 16.500000000000004 3.0000000000000004 3.0000000000000004 15.500000000000002 4.5000000000000009 1.5000000000000002 3.0000000000000004 2.0000000000000004 6.7500000000000009 2.0000000000000004 3.5000000000000004 4.0000000000000009 2.5000000000000004 2.0000000000000004 2.0000000000000004 3.5000000000000004 7.5000000000000009 3.0000000000000004 -1.4999999999999998 4.5000000000000009 2.0000000000000004 3.0000000000000004 2.5000000000000004 2.5000000000000004 2.7500000000000004 15.500000000000002 1.0000000180025095e-35 2.0000000000000004 2.5000000000000004 2.0000000000000004 2.0000000000000004 1.5000000000000002
decision_type=2 2 2 2 2 2 2 2 2 2 2 2 2 2 2 2 2 2 2 2 2 2 2 2 2 2 2 2 2 2 2 2 2 2 10 2 2 2 10 2 2 2 2 2 2 2 8 2 2 10 2 2 2 2 10 2 10 2 2 2 2 2
left_child=2 5 3 -1 11 6 46 8 10 12 -6 15 30 14 37 -4 20 18 19 -18 -17 22 -12 29 -25 -3 43 -28 -21 -16 -9 -11 -14 -31 35 58 -37 45 39 -39 -33 -36 -43 -27 -23 -8 47 48 49 -2 -34 -52 -53 -10 -7 -56 -57 -13 59 60 61 -15
right_child=1 25 4 -5 7 54 13 9 53 31 21 57 32 34 23 16 17 -19 -20 28 -22 44 -24 24 -26 26 27 -29 -30 33 -32 40 50 -35 41 36 -38 38 -40 -41 -42 42 -44 -45 -46 -47 -48 -49 -50 -51 51 52 -54 -55 55 56 -58 -59 -60 -61 -62 -63
leaf_value=0.0082849268402372094 0.02823256233876402 -0.0034146526664057203 0.026999579197515479 -0.022814096482470632 0.0085173725388310063 -0.00083221809194463617 0.017650775202084332 -0.0058094113754729431 0.0079399564994438992 0.028946182057261467 0.015893706475340188 0.015761456469243224 0.0018714654504468566 -0.0010280867098897163 0.019901455476880076 0.034587265390795298 0.021767410379031613 -0.014052100790043674 0.030448545806575567 -0.0099935885070374722 0.013720818321384928 -0.023272642977826764 -0.011355707617033096 0.0072474048808217053 0.028444725246383598 0.0087039725100300433 -0.0076009246104929073 0.022331932568479151 0.0090812459630459277 -0.0043369971794655201 0.013340145677793772 0.0073309179870799813 0.023631241110463941 0.013488870772087706 0.001999286202682075 -0.016178602113255433 0.0060701855632942173 -0.01352374045247281 0.013451567622056852 0.0048128444751774947 0.020911502651870251 0.0031693736190333017 -0.005617029815755418 0.023226873897947371 -0.0054900501389056446 0.0029375637147145777 -0.0015987072750857636 -0.0040905791827861001 -0.00094677585194695684 0.0089521333202719679 0.0035267940085185207 0.031930824901376456 0.0070327356657279398 0.02269402196009954 -0.00020600218147337593 0.00067366450818594659 0.0075462764422473032 0.03009400029977163 0.00047368845207837679 0.0090150505190958151 -0.016514258086681367 0.014485253201564775
leaf_weight=35 22 34 33 20 47 19936 25 48 31 30 21 22 38 63 25 26 29 27 24 27 34 24 21 25 39 29 42 21 35 37 20 48 33 23 469 28 32 54 24 37 45 94 193 50 24 52 1087 51 53 20 38 21 28 33 3798 379 146 45 118 230 32 64
leaf_count=35 22 34 33 20 47 19936 25 48 31 30 21 22 38 63 25 26 29 27 24 27 34 24 21 25 39 29 42 21 35 37 20 48 33 23 469 28 32 54 24 37 45 94 193 50 24 52 1087 51 53 20 38 21 28 33 3798 379 146 45 118 230 32 64
internal_value=-5.25144e-05 -0.000406375 0.0106109 -0.00302381 0.0114911 -0.000462308 0.00119503 0.00873094 0.00398185 0.0114661 -0.0014211 0.0165178 0.00814327 0.00279954 0.00675218 0.0139889 0.0118634 0.00725796 0.0122612 0.00746452 0.0227629 -0.00661119 0.002269 0.0130056 0.0201645 0.00822382 0.0110105 0.00237669 0.000774463 0.00761543 -0.000177189 0.0175714 0.0117242 0.00249625 0.00178075 0.00388789 -0.00431258 0.00189924 -0.00199451 -0.00606821 0.0139022 0.000200396 -0.00273925 0.0178957 -0.0143813 0.00771458 -0.000970344 0.00370795 0.00789453 0.0190514 0.0148443 0.0115113 0.0177033 0.0155475 -0.000660226 0.000132935 0.00258491 0.0253878 0.00485836 0.00618841 0.00209956 0.00678966
internal_weight=28239 27332 907 55 852 27156 2897 550 201 349 137 302 226 1664 341 235 202 142 115 91 60 90 42 149 64 176 142 63 62 85 68 123 158 60 1323 567 60 192 115 91 93 756 287 79 48 77 1233 146 95 42 120 87 49 64 24259 4323 525 67 507 389 159 127
internal_count=28239 27332 907 55 852 27156 2897 550 201 349 137 302 226 1664 341 235 202 142 115 91 60 90 42 149 64 176 142 63 62 85 68 123 158 60 1323 567 60 192 115 91 93 756 287 79 48 77 1233 146 95 42 120 87 49 64 24259 4323 525 67 507 389 159 127
is_linear=0
shrinkage=0.05


Tree=58
num_leaves=63
num_cat=0
split_feature=101 101 104 104 101 101 25 94 73 49 14 40 62 16 50 24 114 55 68 8 63 14 8 106 56 40 54 56 92 14 110 66 92 112 62 8 110 16 65 87 16 114 99 92 11 61 106 46 65 85 43 14 66 16 9 43 21 97 61 110 54 3
split_gain=38.4667 4.74586 5.0955 3.93307 4.52674 3.68214 3.50708 3.22948 3.18369 3.58591 5.59684 5.74883 4.01466 2.82725 3.06809 3.13607 2.19607 2.29085 4.52134 3.44152 2.27867 3.82785 2.71609 3.58239 2.00201 1.97778 5.34722 1.78565 2.28549 2.4574 2.25766 2.48764 2.08365 1.8371 1.79837 4.10635 3.10235 5.00886 1.79684 1.70648 2.69643 2.06578 1.65417 1.49459 3.47379 4.05858 2.41863 2.12526 2.08287 2.04784 2.87594 2.00139 1.45653 1.4481 1.43031 2.82702 1.50409 1.9979 1.40247 1.39158 1.4602 1.92574
threshold=1.5000000000000002 1.0000000180025095e-35 7.5000000000000009 5.5000000000000009 3.5000000000000004 2.5000000000000004 2.5000000000000004 4.0000000000000009 2.5000000000000004 4.0000000000000009 4.0000000000000009 3.5000000000000004 2.5000000000000004 2.5000000000000004 2.0000000000000004 2.5000000000000004 16.500000000000004 3.0000000000000004 2.0000000000000004 2.0000000000000004 2.5000000000000004 4.0000000000000009 2.0000000000000004 1.0000000180025095e-35 3.0000000000000004 3.5000000000000004 2.0000000000000004 3.0000000000000004 4.0000000000000009 4.0000000000000009 7.7500000000000009 2.0000000000000004 4.0000000000000009 1.0000000180025095e-35 2.5000000000000004 2.0000000000000004 6.2500000000000009 2.5000000000000004 2.0000000000000004 1.0000000180025095e-35 3.5000000000000004 17.500000000000004 3.0000000000000004 4.0000000000000009 1.0000000180025095e-35 3.5000000000000004 1.0000000180025095e-35 2.0000000000000004 2.0000000000000004 1.0000000180025095e-35 2.0000000000000004 2.0000000000000004 2.0000000000000004 3.5000000000000004 2.5000000000000004 2.0000000000000004 1.0000000180025095e-35 1.5000000000000002 2.5000000000000004 12.750000000000002 2.0000000000000004 3.0000000000000004
decision_type=2 2 2 2 2 2 2 2 2 2 2 2 2 2 2 2 2 2 2 2 2 2 2 2 2 2 2 2 2 2 10 2 2 8 2 2 10 2 2 2 2 2 2 2 2 2 2 2 2 2 2 2 2 2 2 2 2 2 2 10 2 2
left_child=1 -1 54 5 6 -2 7 58 27 10 12 -12 -10 25 -15 -16 17 -6 19 -19 -20 -22 -23 -24 -11 -8 -27 32 29 30 -29 42 -4 -34 35 36 37 -30 53 40 -17 -41 -32 47 45 46 -45 49 51 -26 -51 -46 -42 -36 56 -56 -3 -58 -5 60 61 -31
right_child=3 2 8 4 16 -7 13 -9 9 24 11 -13 -14 14 15 39 -18 18 20 -21 21 22 23 -25 43 26 -28 28 34 59 31 -33 33 -35 38 -37 -38 -39 -40 41 52 -43 -44 44 48 -47 -48 -49 -50 50 -52 -53 -54 -55 55 -57 57 -59 -60 -61 -62 -63
leaf_value=-0.00061800875650732572 0.009571150849972454 -0.00021676455551584628 0.0029128905145187744 0.017285002209246159 0.025649600072453423 -0.020405790358781817 -0.0078461691843611844 -0.012706025060874204 0.012573011031229819 -0.0076360403136773551 0.0082409037579153042 0.03575361506201518 -0.016546133821830154 0.029542726193639363 -0.0030947736428620725 0.0022234542742046682 0.023602840936441414 0.039228187772360722 0.019030996794754174 0.013192164956902465 0.021486011605709791 -0.013267594357502872 0.012944710644407441 -0.011586587198755958 -0.0077181806957179857 -0.010464224768802525 0.025257488865066659 -0.0058738143259742812 0.028537583537399769 0.0085621989942316346 0.021311956866765801 -0.005815951608949238 0.0024477602994960289 0.020264808833599091 0.0019897034158930182 -0.0097489708220425825 -0.011238362640142441 -0.0016740105553146674 -0.0059348521425443539 0.019064438079310731 0.0061072031315416095 0.0034332067992251651 0.0036144637532772557 0.018945418505675413 0.011504483470243626 0.032093549399050299 -0.0047774931682007657 -0.0085545728028547478 0.012046488514170051 0.01912328893765031 -0.0029518628083169459 -0.0035791880211915698 0.017842492239119916 0.01765407919883728 -0.0014910494909559223 0.015728144438282864 -0.0052515066518643355 0.0074621800661963571 -0.0010092445987869394 -0.0011593404377615729 -0.0011629813921547707 -0.0036988394334912301
leaf_weight=24318 21 761 166 20 33 20 35 36 29 33 37 39 20 22 39 86 68 22 32 30 25 29 46 22 22 20 22 134 23 290 23 36 23 39 36 151 23 34 34 113 40 26 31 22 29 27 21 41 52 36 25 91 78 25 67 37 339 34 22 86 62 36
leaf_count=24318 21 761 166 20 33 20 35 36 29 33 37 39 20 22 39 86 68 22 32 30 25 29 46 22 22 20 22 134 23 290 23 36 23 39 36 151 23 34 34 113 40 26 31 22 29 27 21 41 52 36 25 91 78 25 67 37 339 34 22 86 62 36
internal_value=-4.98886e-05 -0.000386056 0.00148542 0.0100804 0.0107968 -0.00505175 0.0081178 -0.00171693 0.00320187 0.00647415 0.013864 0.0223593 0.000687646 0.00971262 0.0113862 0.0103405 0.0156748 0.0134191 0.0114598 0.0242074 0.00715541 0.00404051 -0.000455757 0.00500811 0.00415903 0.000932004 0.00824715 0.00183232 0.000941305 0.00255563 -0.00176001 0.00436499 0.00583406 0.0136553 -0.00251513 -0.00489666 0.00426207 0.0105166 0.00327575 0.0118681 0.00895696 0.0161406 0.0111523 0.00522252 0.00750967 0.0169 0.00735981 0.000758906 0.00368803 0.00535954 0.0100761 6.60326e-05 0.0138644 0.00840953 -0.000976949 0.00463501 -0.00149163 -0.00409262 0.0077023 0.00459509 0.00587055 0.00720822
internal_weight=28239 27332 3014 907 866 41 559 78 1776 524 125 76 49 481 404 382 307 239 206 52 154 122 97 68 399 77 42 1252 1024 698 224 90 228 62 326 231 80 57 95 343 204 139 54 366 242 70 43 124 172 83 61 120 118 61 1238 104 1134 373 42 474 388 326
internal_count=28239 27332 3014 907 866 41 559 78 1776 524 125 76 49 481 404 382 307 239 206 52 154 122 97 68 399 77 42 1252 1024 698 224 90 228 62 326 231 80 57 95 343 204 139 54 366 242 70 43 124 172 83 61 120 118 61 1238 104 1134 373 42 474 388 326
is_linear=0
shrinkage=0.05


Tree=59
num_leaves=63
num_cat=0
split_feature=101 113 104 46 101 25 8 101 104 16 114 72 21 72 110 72 79 8 108 66 68 114 114 52 114 67 96 52 16 87 24 28 63 14 44 67 87 65 107 78 110 106 104 114 94 106 112 72 8 113 68 114 91 46 107 110 54 114 108 18 18 106
split_gain=34.7162 4.55019 3.57833 4.45673 3.84758 3.23855 4.05282 2.86983 3.23947 2.32448 2.22054 2.15365 2.35081 2.07538 2.01144 2.00078 1.97161 2.30716 1.79363 3.39802 1.76457 3.35808 6.23475 1.72565 1.64201 2.53095 1.66517 2.10363 1.58246 2.3677 2.28447 1.92215 1.8513 2.51418 1.53988 1.48339 1.41455 1.38954 1.37258 1.49995 1.55509 1.5631 2.14342 3.19476 1.29794 1.95895 3.32149 2.80942 3.01025 4.41928 2.15714 2.97926 2.3028 1.59187 1.46839 1.48163 1.36888 1.61124 1.33202 1.31492 1.40357 1.26843
threshold=1.5000000000000002 4.5000000000000009 6.5000000000000009 2.0000000000000004 3.5000000000000004 2.5000000000000004 2.0000000000000004 1.0000000180025095e-35 7.5000000000000009 2.5000000000000004 16.500000000000004 3.5000000000000004 2.5000000000000004 3.5000000000000004 1.7500000000000002 2.5000000000000004 2.0000000000000004 2.0000000000000004 7.5000000000000009 2.0000000000000004 2.0000000000000004 12.500000000000002 13.500000000000002 3.0000000000000004 19.500000000000004 2.5000000000000004 3.5000000000000004 3.0000000000000004 3.5000000000000004 1.0000000180025095e-35 2.5000000000000004 2.0000000000000004 2.5000000000000004 2.0000000000000004 2.0000000000000004 2.5000000000000004 1.0000000180025095e-35 2.0000000000000004 9.5000000000000018 1.0000000180025095e-35 4.2500000000000009 1.0000000180025095e-35 2.5000000000000004 5.5000000000000009 4.0000000000000009 1.0000000180025095e-35 1.0000000180025095e-35 3.5000000000000004 2.0000000000000004 2.5000000000000004 2.0000000000000004 14.500000000000002 2.0000000000000004 2.0000000000000004 7.5000000000000009 51.750000000000007 2.0000000000000004 12.500000000000002 3.5000000000000004 1.5000000000000002 3.5000000000000004 1.0000000180025095e-35
decision_type=2 2 2 2 2 2 2 2 2 2 2 2 2 2 8 2 2 2 8 2 2 2 2 2 2 2 2 2 2 2 2 2 2 2 2 2 2 2 10 2 8 2 2 2 2 2 8 2 2 2 2 2 2 2 10 10 2 2 10 2 2 2
left_child=1 7 3 -2 5 6 -4 -1 18 16 13 12 -11 23 -10 -3 -7 -18 19 -9 -15 37 -23 -6 26 -26 44 -28 29 35 -30 -31 -32 -34 -24 -13 -14 -22 39 40 -20 42 43 -42 54 50 59 53 -49 -50 51 -46 -53 -48 55 58 57 -52 -16 -47 -61 -35
right_child=2 15 4 -5 10 9 -8 8 14 11 -12 28 36 20 24 -17 17 -19 38 -21 21 22 34 -25 25 -27 27 -29 30 31 32 -33 33 61 -36 -37 -38 -39 -40 -41 41 -43 -44 -45 45 46 47 48 49 -51 56 52 -54 -55 -56 -57 -58 -59 -60 60 -62 -63
leaf_value=-0.00059631420059468292 0.0079747136469398225 -0.0032479505876407905 0.011047495239781159 -0.021612925827503206 0.014299442157858895 -0.012139053363353015 -0.012623866894282403 -0.003596955078343551 -0.010109137094789937 0.0098668730133795179 0.022938260506949762 -0.0087026835978031153 0.017481716861948372 0.023912223784772813 0.002866126258699319 0.010255410908668099 -0.0054454968543723231 0.015203738020312402 0.014199154959483581 0.021099221147596839 0.024609614558343311 -0.01897276163683273 0.0049349904060363775 -0.0046613137703388928 0.018220458589203192 -0.0028933212753723971 0.0013238992542028427 0.023981945880223066 -0.0024201644953185074 0.0039142040956404904 0.026328958483757631 0.022348789723876578 -0.0015532350965908595 0.0096071015532622692 0.022156193140135321 0.0055643546070266317 0.035251038326393994 0.0092832199785681004 -0.009661842086055179 -0.002475844295640827 -0.0058920030668377886 0.0046207710834912574 -0.0033691544863094971 0.021432027220726013 -0.0013951668908212629 -0.010265512333862718 -0.0095430587828159337 0.028056068133769763 0.021522196220854922 -0.0056171878318612778 0.0016825512051582337 -0.007225741509620737 -0.027586427153575989 0.0072959412646014243 0.012546260664012375 0.016003500442907572 -0.0021698452179899088 0.021291218604892494 -0.0098763397406964083 0.011901501497431171 -0.0036988941714693998 0.020818618355462185
leaf_weight=24259 35 34 33 20 21 20 40 30 31 48 67 35 24 43 877 142 24 31 22 26 50 20 25 28 40 22 21 20 24 31 26 26 28 49 27 38 21 21 47 661 20 156 248 23 178 40 25 27 30 30 22 41 21 32 41 21 37 20 21 21 46 52
leaf_count=24259 35 34 33 20 21 20 40 30 31 48 67 35 24 43 877 142 24 31 22 26 50 20 25 28 40 22 21 20 24 31 26 26 28 49 27 38 21 21 47 661 20 156 248 23 178 40 25 27 30 30 22 41 21 32 41 21 37 20 21 21 46 52
internal_value=-4.73942e-05 -0.000366753 0.00957633 -0.00278443 0.0103743 0.00788446 -0.00192311 -0.00041869 0.00106871 0.00938541 0.0149087 0.010893 0.0175639 0.0126194 0.00250796 0.00764681 0.00130457 0.00619316 -0.000873642 0.00786913 0.0150311 0.0123606 0.0047519 0.00346472 0.00274748 0.0107285 0.00243251 0.0123766 0.00888529 0.00468662 0.0119346 0.012323 0.0141573 0.0117041 0.0138768 -0.00127601 0.0257741 0.0200765 -0.00128961 -0.000941385 0.00122125 0.00058252 -0.00158232 0.00872318 0.00216603 0.00027608 0.00358056 0.0085386 0.0141915 0.0079525 -0.00232399 -0.00468296 -0.0141221 -8.95851e-05 0.00328819 0.00287515 0.00484248 0.01102 0.00256814 -0.00309194 0.00119078 0.0153794
internal_weight=28239 27332 907 55 852 550 73 27156 2897 477 302 402 93 235 1664 176 75 55 1233 56 186 143 72 49 1633 62 1571 41 309 130 179 57 155 129 52 73 45 71 1177 1130 469 447 291 43 1530 570 251 144 87 60 319 240 62 57 960 919 79 42 898 107 67 101
internal_count=28239 27332 907 55 852 550 73 27156 2897 477 302 402 93 235 1664 176 75 55 1233 56 186 143 72 49 1633 62 1571 41 309 130 179 57 155 129 52 73 45 71 1177 1130 469 447 291 43 1530 570 251 144 87 60 319 240 62 57 960 919 79 42 898 107 67 101
is_linear=0
shrinkage=0.05


Tree=60
num_leaves=63
num_cat=0
split_feature=101 113 113 58 68 94 52 8 113 50 114 14 15 40 101 16 69 55 11 70 65 68 11 49 28 70 12 103 114 94 87 11 101 102 114 111 101 111 14 67 40 77 8 62 104 25 40 28 16 19 62 113 104 114 61 24 56 111 14 101 64 65
split_gain=39.3459 6.55241 6.08071 3.31003 4.5794 2.97554 4.37294 3.15367 3.00255 4.66076 3.46575 2.5463 3.205 2.52287 2.51083 2.32273 2.27523 2.10998 2.70731 1.86924 3.82254 2.22015 2.50734 1.85878 1.82855 2.00819 1.7711 3.08756 2.27222 2.88214 1.76388 1.64759 1.58479 1.53486 2.14725 2.53683 1.61444 1.4799 1.45341 1.34637 1.24039 1.23714 1.22069 1.23472 1.20913 1.71092 1.18579 3.31454 3.24106 1.0386 1.03277 1.1951 1.01466 1.41409 1.24676 1.56636 1.67864 1.85564 1.51969 1.42466 1.33334 1.59502
threshold=1.5000000000000002 4.5000000000000009 2.5000000000000004 3.0000000000000004 2.0000000000000004 2.0000000000000004 3.0000000000000004 2.0000000000000004 5.5000000000000009 2.0000000000000004 16.500000000000004 4.0000000000000009 3.0000000000000004 3.5000000000000004 3.5000000000000004 2.5000000000000004 3.0000000000000004 3.0000000000000004 2.0000000000000004 2.0000000000000004 2.0000000000000004 2.0000000000000004 2.0000000000000004 4.0000000000000009 2.0000000000000004 2.0000000000000004 1.0000000180025095e-35 1.0000000180025095e-35 13.500000000000002 4.0000000000000009 1.0000000180025095e-35 2.0000000000000004 2.5000000000000004 1.0000000180025095e-35 8.5000000000000018 7.5000000000000009 1.0000000180025095e-35 6.5000000000000009 4.0000000000000009 2.5000000000000004 3.5000000000000004 2.5000000000000004 2.0000000000000004 2.5000000000000004 7.5000000000000009 2.5000000000000004 3.5000000000000004 2.0000000000000004 3.5000000000000004 2.0000000000000004 2.5000000000000004 4.5000000000000009 7.5000000000000009 13.500000000000002 2.5000000000000004 2.5000000000000004 3.0000000000000004 7.5000000000000009 2.0000000000000004 1.0000000180025095e-35 2.5000000000000004 2.0000000000000004
decision_type=2 2 2 2 2 2 2 2 2 2 2 2 2 2 2 2 2 2 2 2 2 2 2 2 2 2 2 10 2 2 2 2 2 8 2 8 2 10 2 2 2 2 2 2 2 2 2 2 2 2 2 2 2 2 2 2 2 10 2 2 2 2
left_child=1 17 11 4 -4 8 24 14 9 -5 30 -2 44 15 50 -3 -6 18 -1 21 23 38 -23 -21 32 -26 33 49 -29 -30 40 -17 -7 34 37 36 -36 -19 -9 -25 -11 -31 -15 -44 -13 -46 47 -24 -48 -28 51 -8 -35 -54 58 -56 57 59 -55 -57 -58 -62
right_child=2 13 3 5 16 6 7 19 -10 10 -12 12 -14 42 -16 31 -18 26 -20 20 -22 22 46 39 25 -27 27 28 29 41 -32 -33 -34 52 35 -37 -38 -39 -40 -41 -42 -43 43 -45 45 -47 48 -49 -50 -51 -52 -53 53 54 55 56 60 -59 -60 -61 61 -63
leaf_value=0.0015412159941413186 -0.011030073474873515 0.00047061055721271607 -0.012251193821430207 0.026413305450908166 0.024004193226044829 0.018225343059748413 0.026018616437379807 0.0064919400428022668 0.025260873793047811 0.0074165405454830486 0.017169829005485686 -1.1247447268529372e-05 -0.0081137260575113567 0.012742498043614129 0.030404496337804534 0.012787119820713996 0.0025171411198763446 -0.00078735819699653263 0.014639993934404284 0.03048691559582949 -0.0013966060028626371 -0.007591926534415077 0.0013394216895103457 0.023499926028861889 0.0090400146742467772 0.028663783565967937 0.010025123114298498 -0.0042167637327855285 0.0005650456166929669 0.029699855983595959 -0.013926597605817593 0.028287897488723197 0.035463311953935775 -0.00098085218124748723 0.0048879401419068538 -0.00030236657841929367 0.015721201027433077 0.0024805294416931482 0.024503645628768334 0.0059891889762619275 -0.0051939504555402662 0.01429737416037824 -0.007398284740338568 0.0066030427513103333 0.0044538145263989769 0.021544259809888902 -0.010732550831259385 0.028648236854933201 0.01553337008935278 0.00015196856843406365 0.0077296635869777558 0.010636532717667846 -0.00065705751028234801 0.0027354760089449131 -0.00053136170461093866 0.0069924193099141123 0.0016647795315121968 0.0016415545166554779 -0.0012097474116280599 0.023556814453116172 0.00069007517397403717 0.018065746354737452
leaf_weight=649 34 21 32 22 22 20 28 21 21 39 28 22 35 24 36 40 28 1783 42 30 26 38 25 21 32 22 28 22 27 22 26 30 40 12002 291 280 39 430 24 23 39 32 32 31 27 32 24 20 23 547 33 23 7949 309 504 25 753 44 1162 27 25 28
leaf_count=649 34 21 32 22 22 20 28 21 21 39 28 22 35 24 36 40 28 1783 42 30 26 38 25 21 32 22 28 22 27 22 26 30 40 12002 291 280 39 430 24 23 39 32 32 31 27 32 24 20 23 547 33 23 7949 309 504 25 753 44 1162 27 25 28
internal_value=1.62657e-05 -0.000327006 0.0102087 0.0120115 0.00251871 0.0131495 0.0150832 0.0125934 0.00752523 0.00510674 0.00155564 0.00100279 0.00452967 0.00923468 0.0193567 0.015055 0.0119714 -0.000389996 0.00233738 0.00964221 0.0150955 0.00652607 0.00321264 0.02089 0.0237099 0.0170349 -0.000461575 0.00206081 0.010033 0.0139033 -0.00264818 0.0194303 0.0297173 -0.000528246 0.000571599 0.00319812 0.00616823 -0.000152387 0.0160982 0.0143466 0.0011113 0.0205725 0.00314677 -0.000508743 0.00999286 0.0137232 0.0076754 0.0134767 0.00212098 0.000632748 0.0146219 0.0190816 -0.000664257 -0.000313271 0.000636592 0.00170124 0.00294872 0.00919868 -0.000381009 0.0155932 0.00220431 0.00986968
internal_weight=28114 27198 916 766 82 684 509 395 175 154 132 150 116 178 120 91 50 27020 691 275 100 175 130 74 114 54 26329 678 103 81 104 70 60 25651 2823 610 330 2213 45 44 78 54 87 63 81 59 92 45 47 575 84 51 22828 10826 2877 1406 902 96 1471 52 806 53
internal_count=28114 27198 916 766 82 684 509 395 175 154 132 150 116 178 120 91 50 27020 691 275 100 175 130 74 114 54 26329 678 103 81 104 70 60 25651 2823 610 330 2213 45 44 78 54 87 63 81 59 92 45 47 575 84 51 22828 10826 2877 1406 902 96 1471 52 806 53
is_linear=0
shrinkage=0.05


Tree=61
num_leaves=63
num_cat=0
split_feature=100 113 113 58 68 22 113 55 49 91 46 94 68 43 48 84 94 40 104 16 48 113 55 11 16 94 22 100 62 16 12 103 21 48 77 52 46 48 100 67 77 11 16 102 109 62 100 79 28 19 61 103 11 100 44 109 104 62 52 46 110 100
split_gain=35.5097 5.91355 5.48784 2.9873 4.13291 3.19066 3.66468 3.48933 3.06886 3.60442 3.27452 3.05664 2.79009 2.85122 2.56763 2.46095 2.4394 2.27689 2.19854 2.09626 2.05339 1.98662 1.90426 2.44334 1.89079 1.86725 1.79193 1.7877 1.72576 1.65102 1.59842 2.78652 1.65589 2.99902 1.66011 1.51222 2.46609 1.67999 3.38092 2.25417 1.50381 1.48695 1.43072 1.38522 2.66487 1.34067 1.2899 1.11315 1.00558 0.937339 0.922933 1.20278 1.27316 1.40007 1.29012 1.11013 1.47203 1.10622 1.0515 0.903945 0.890883 1.26193
threshold=2024.5000000000002 4.5000000000000009 2.5000000000000004 3.0000000000000004 2.0000000000000004 3.0000000000000004 5.5000000000000009 3.0000000000000004 4.0000000000000009 2.0000000000000004 2.0000000000000004 4.0000000000000009 2.0000000000000004 2.0000000000000004 3.0000000000000004 1.0000000180025095e-35 4.0000000000000009 3.5000000000000004 7.5000000000000009 2.5000000000000004 3.0000000000000004 4.5000000000000009 3.0000000000000004 2.0000000000000004 3.5000000000000004 4.0000000000000009 3.0000000000000004 2023.5000000000002 2.5000000000000004 3.5000000000000004 1.0000000180025095e-35 1.0000000180025095e-35 2.5000000000000004 3.0000000000000004 1.5000000000000002 3.0000000000000004 2.0000000000000004 3.0000000000000004 2023.5000000000002 2.5000000000000004 2.5000000000000004 2.0000000000000004 3.5000000000000004 1.0000000180025095e-35 70.500000000000014 2.5000000000000004 2022.5000000000002 2.0000000000000004 2.0000000000000004 2.0000000000000004 3.5000000000000004 1.0000000180025095e-35 2.0000000000000004 2025.5000000000002 2.0000000000000004 41.500000000000007 6.5000000000000009 2.5000000000000004 3.0000000000000004 2.0000000000000004 16.750000000000004 2025.5000000000002
decision_type=2 2 2 2 2 2 2 2 2 2 2 2 2 2 2 2 2 2 2 2 2 2 2 2 2 2 2 2 2 2 2 10 2 2 2 2 2 2 2 2 2 2 2 8 10 2 2 2 2 2 2 8 2 2 2 10 2 2 2 2 10 2
left_child=2 22 15 4 -4 7 8 46 16 10 21 12 29 59 -12 18 45 19 -1 -3 -6 25 23 -2 -15 -10 47 28 -17 -9 43 49 -33 34 -34 36 -13 38 39 -37 -20 -21 -39 44 -24 -7 -5 -19 -38 -32 -45 55 53 -53 57 60 -57 -54 -58 -14 61 -52
right_child=1 17 3 5 20 6 -8 11 9 -11 14 35 13 24 -16 27 -18 26 40 41 -22 -23 30 -25 -26 -27 -28 -29 -30 -31 31 32 33 -35 -36 37 48 42 -40 -41 -42 -43 -44 50 -46 -47 -48 -49 -50 -51 51 52 54 -55 -56 56 58 -59 -60 -61 -62 -63
leaf_value=-0.0063279872193284653 0.0014641551919732077 0.00044707982313065301 -0.011638634547125548 0.034663495328277352 0.022803983126174321 0.030636687986552714 0.028145357102621352 0.027768491589548912 0.014682478673889169 -0.015422938601113857 0.0072180996509268874 0.013179503958672284 0.0036992677776464104 0.0042412759026601203 -0.017535262995145538 0.011010216604918242 0.0017378807202196465 0.0064069417719211852 0.021536303901424012 0.012147764095570893 0.002391283863939212 0.024786190493475826 0.00040378711123152504 0.013907994134795099 -0.016510002602476367 -0.0053206266928464176 0.014959498037300682 -0.016070325783005469 -0.0095121761287806483 0.0086093039317663919 0.0095238669575857266 -0.00084438052227986708 0.030908963084220888 -0.0016287717563302621 0.012701496662151431 0.0051648503007448235 0.037558013443713602 0.011841433482722527 -0.0049725680772600509 0.026653566105792732 0.0052863017608693295 0.026873502855499588 0.025231299402713334 -0.0007885985608514465 0.017492939171421789 0.013556870866428922 0.020039811924614601 -0.00694527456134155 0.022228291481733324 0.00014437013654756807 0.0032736939610913396 -0.0082664035217437353 0.0071564679918810735 -0.0010358279977784454 0.011621637066873984 0.016611658843855064 -0.0050796799104789216 -0.009473473001271486 0.0070272318186595092 0.015887253155233341 -0.0026759694268306097 0.00022248991221884224
leaf_weight=23 649 21 32 25 22 20 20 22 28 26 20 40 29 21 22 20 26 27 24 40 28 21 2800 42 23 20 23 27 21 23 28 28 21 23 31 23 23 38 29 26 35 30 42 18327 23 27 38 37 20 547 404 70 20 1536 39 24 29 20 47 32 210 2102
leaf_count=23 649 21 32 25 22 20 20 22 28 26 20 40 29 21 22 20 26 27 24 40 28 21 2800 42 23 20 23 27 21 23 28 28 21 23 31 23 23 38 29 26 35 30 42 18327 23 27 38 37 20 547 404 70 20 1536 39 24 29 20 47 32 210 2102
internal_value=1.54524e-05 -0.000310656 0.0096983 0.0114109 0.00239277 0.012492 0.00769417 0.0149226 0.00574643 0.00133428 0.0052594 0.0131631 0.00755952 0.00309531 -0.00574795 0.000952653 0.0140268 0.00877295 0.00678473 0.0143022 0.0113729 0.0119595 -0.000370496 0.00222051 -0.00660598 0.00634785 0.00298943 -0.00608015 0.000498747 0.017976 -0.000438496 0.00195777 0.00953136 0.013405 0.0200545 0.0166508 0.0221154 0.0137802 0.00855872 0.016567 0.0118965 0.0184588 0.0188711 -0.000501834 0.000543019 0.0208249 0.0258429 -0.00131231 0.0304279 0.000601111 -0.000631044 1.04788e-05 -0.00104616 -0.00135098 0.00515068 0.000642735 0.00581649 -0.0011585 0.00240749 0.010093 0.000452243 0.000714384
internal_weight=28114 27198 916 766 82 684 230 454 210 137 111 391 150 105 42 150 73 178 82 91 50 69 27020 691 44 48 87 68 41 45 26329 678 103 75 52 241 83 158 78 49 59 70 80 25651 2823 47 63 64 43 575 22828 4501 1685 1606 79 2816 100 40 76 61 2716 2506
internal_count=28114 27198 916 766 82 684 230 454 210 137 111 391 150 105 42 150 73 178 82 91 50 69 27020 691 44 48 87 68 41 45 26329 678 103 75 52 241 83 158 78 49 59 70 80 25651 2823 47 63 64 43 575 22828 4501 1685 1606 79 2816 100 40 76 61 2716 2506
is_linear=0
shrinkage=0.05


Tree=62
num_leaves=63
num_cat=0
split_feature=100 61 85 87 95 14 73 62 106 14 102 100 58 79 100 51 71 66 70 77 40 8 94 94 20 79 70 17 28 106 19 16 25 100 102 109 87 79 62 79 54 67 40 61 16 106 17 16 48 46 48 67 94 77 63 54 107 100 72 110 77 109
split_gain=32.0475 4.82516 3.42932 4.7599 3.03375 4.47905 2.63816 2.17336 2.51513 2.7679 2.24518 2.16263 2.1532 1.94455 1.88831 2.47842 2.79254 2.43294 3.09501 3.84947 3.87458 2.36626 1.63175 7.7327 1.75696 1.73977 1.62722 1.80736 1.94659 1.52623 2.05026 2.43121 2.02489 1.75356 1.43379 2.25969 1.42084 1.79094 1.39697 1.70226 2.49214 1.64626 1.54111 1.36956 1.32935 1.2353 2.06152 2.00837 3.78037 1.4951 1.92371 1.54155 1.47074 3.29602 1.2118 1.18641 1.02654 1.78307 4.67308 2.65522 0.987898 0.963438
threshold=2024.5000000000002 2.5000000000000004 4.0000000000000009 1.0000000180025095e-35 2.0000000000000004 4.0000000000000009 2.5000000000000004 2.5000000000000004 1.0000000180025095e-35 4.0000000000000009 1.0000000180025095e-35 2025.5000000000002 3.0000000000000004 2.0000000000000004 2021.5000000000002 2.5000000000000004 3.0000000000000004 2.0000000000000004 2.0000000000000004 2.5000000000000004 3.5000000000000004 2.0000000000000004 4.0000000000000009 2.0000000000000004 2.5000000000000004 2.0000000000000004 2.0000000000000004 3.0000000000000004 2.0000000000000004 1.0000000180025095e-35 3.5000000000000004 2.5000000000000004 2.5000000000000004 2025.5000000000002 1.0000000180025095e-35 70.500000000000014 1.0000000180025095e-35 2.0000000000000004 2.5000000000000004 2.0000000000000004 2.0000000000000004 2.5000000000000004 3.5000000000000004 3.5000000000000004 1.5000000000000002 1.0000000180025095e-35 3.0000000000000004 3.5000000000000004 3.0000000000000004 2.0000000000000004 3.0000000000000004 2.5000000000000004 2.0000000000000004 2.5000000000000004 2.5000000000000004 2.0000000000000004 3.5000000000000004 2025.5000000000002 2.5000000000000004 9.7500000000000018 2.5000000000000004 42.500000000000007
decision_type=2 2 2 2 2 2 2 2 2 2 10 2 2 2 2 2 2 2 2 2 2 2 2 2 2 2 2 2 2 2 2 2 2 2 8 10 2 2 2 2 2 2 2 2 2 2 2 2 2 2 2 2 2 2 2 2 10 2 2 10 2 10
left_child=1 12 34 6 14 -6 -4 22 9 -9 -11 -10 54 -14 21 16 -16 18 36 -20 -21 -3 23 24 25 -8 27 -12 -29 30 -26 -32 -31 60 35 -2 37 -17 39 -5 42 -40 -41 56 -27 46 -19 48 -47 51 -51 -49 -48 -54 -1 -15 -36 58 59 -58 -34 -45
right_child=2 4 3 38 5 -7 7 8 11 10 26 -13 13 55 15 17 -18 45 19 20 -22 -23 -24 -25 29 44 -28 28 -30 32 31 -33 33 -35 43 -37 -38 -39 41 40 -42 -43 -44 61 -46 47 52 49 -50 50 -52 -53 53 -55 -56 -57 57 -59 -60 -61 -62 -63
leaf_value=-0.00037983094574883585 0.0004551478910034398 0.029596730589400978 -0.0015477797458246577 0.0015144384130835534 -0.013260818471110637 0.012201560613436578 -0.0036622017200681426 -0.003706402195772777 0.008520008322807986 -0.00080312890631537275 0.011101830834332778 -0.0018587969010695816 -0.0053107977773134522 0.0039703321737057018 0.030027781514560477 0.0063694645836949353 0.0096098964317758214 0.00042675494019371965 -0.0007073755517150417 0.0074265773043684343 0.03677691151599654 0.012115561880399379 -0.0025740930660960665 0.031374209801751103 -0.0067616673835525012 0.021246703628164072 0.0070910475166006534 0.016242814908868499 0.036666476875543599 0.0045916357104653039 0.017543369058617638 0.001380190447283288 -0.0042855161496184093 -0.0020151919574808268 -0.00085407004287785119 0.015551523495465517 0.0068292175659111568 -0.01195542801404372 -0.0054390333006503408 0.017309637807986954 0.024878151086700519 0.012558640353381634 -0.0014054145261814649 7.0242662435722456e-05 0.0045468358492309398 0.016729712651445055 0.0015291113406419754 0.027933921663290159 -0.0042665840902676192 0.0079712504404596991 0.025420698726719079 0.012466924133089682 0.0029472469099952534 0.027004799877426457 -0.014412547329440716 0.017695005971472711 0.030867926368401168 9.3455434582390628e-06 -0.0052414717773596447 0.0084963477941022974 -0.017734130505575901 0.0045403038286754207
leaf_weight=40 2924 32 662 25 31 39 21 36 74 31 49 156 26 31 34 20 33 52 33 23 22 49 249 22 33 26 55 28 20 69 38 60 22 118 17259 25 35 40 27 22 43 24 22 4322 22 53 20 49 36 56 22 24 24 35 25 32 21 455 42 36 36 124
leaf_count=40 2924 32 662 25 31 39 21 36 74 31 49 156 26 31 34 20 33 52 33 23 22 49 249 22 33 26 55 28 20 69 38 60 22 118 17259 25 35 40 27 22 43 24 22 4322 22 53 20 49 36 56 22 24 24 35 25 32 21 455 42 36 36 124
internal_value=1.46798e-05 0.00921338 -0.000295123 0.00170312 0.0108448 0.000925364 0.000972711 0.00240496 0.00513209 0.00896712 0.0114603 0.00148047 0.00114112 0.00619371 0.0118482 0.0108972 0.0199712 0.00977964 0.00488298 0.0122636 0.0217756 0.0190217 0.000694786 0.00243772 0.00100715 0.00834114 0.0139614 0.0178569 0.0247527 -0.000338711 0.00401774 0.00764755 -0.00266808 -0.00551422 -0.000452871 0.000583127 -0.0011769 -0.00584713 0.00988999 0.0130135 0.0163179 0.00303046 0.00795211 -0.000590125 0.0135926 0.012063 0.00815783 0.0141945 0.00823683 0.0177061 0.0128929 0.0228489 0.0132466 0.0172187 -0.00577703 0.0109416 -0.000786066 0.0013325 0.00741367 0.0167385 -0.0126329 0.000194914
internal_weight=28114 916 27198 1990 762 70 1827 1165 449 219 183 230 154 89 692 611 67 544 173 78 45 81 716 467 445 69 152 97 48 376 131 98 245 176 25208 2949 95 60 163 112 87 51 44 22259 48 371 131 240 89 151 78 73 79 59 65 63 17813 554 99 57 58 4446
internal_count=28114 916 27198 1990 762 70 1827 1165 449 219 183 230 154 89 692 611 67 544 173 78 45 81 716 467 445 69 152 97 48 376 131 98 245 176 25208 2949 95 60 163 112 87 51 44 22259 48 371 131 240 89 151 78 73 79 59 65 63 17813 554 99 57 58 4446
is_linear=0
shrinkage=0.05


Tree=63
num_leaves=63
num_cat=0
split_feature=113 16 94 113 40 42 68 16 72 87 91 11 42 46 106 9 57 55 113 85 11 114 114 49 75 44 54 44 114 17 21 110 12 11 68 114 114 22 14 46 16 114 110 106 114 68 102 102 104 94 111 114 11 62 43 22 85 54 16 62 63 43
split_gain=25.8083 8.47731 4.77789 4.65457 3.8534 2.68516 2.95271 2.55422 3.61769 3.52008 2.76793 2.34786 2.28912 2.17047 2.12244 2.09063 2.90473 2.06385 3.55004 3.70926 2.44991 1.9507 3.07956 1.94649 1.90412 1.88482 1.55051 1.44871 1.42697 2.05853 1.32937 1.29688 1.26827 1.91612 2.21733 2.59056 1.68848 1.33695 3.44542 3.74823 1.8071 1.26071 1.4978 1.84484 1.23737 1.92915 2.37196 1.22813 1.44815 1.34638 1.20022 2.08971 1.17372 1.52889 1.15892 1.15202 1.03589 1.4934 2.40452 2.58608 3.01477 2.15824
threshold=3.5000000000000004 2.5000000000000004 2.0000000000000004 4.5000000000000009 3.5000000000000004 2.0000000000000004 2.0000000000000004 3.5000000000000004 3.5000000000000004 1.0000000180025095e-35 2.0000000000000004 2.0000000000000004 2.0000000000000004 2.0000000000000004 1.0000000180025095e-35 1.0000000180025095e-35 4.0000000000000009 3.0000000000000004 2.5000000000000004 4.0000000000000009 2.0000000000000004 10.500000000000002 16.500000000000004 4.0000000000000009 2.0000000000000004 2.0000000000000004 2.0000000000000004 2.0000000000000004 13.500000000000002 3.0000000000000004 2.5000000000000004 8.7500000000000018 1.0000000180025095e-35 1.0000000180025095e-35 2.0000000000000004 10.500000000000002 13.500000000000002 3.0000000000000004 4.0000000000000009 2.0000000000000004 3.5000000000000004 2.5000000000000004 58.250000000000007 1.0000000180025095e-35 9.5000000000000018 2.0000000000000004 1.0000000180025095e-35 inf 7.5000000000000009 4.0000000000000009 1.5000000000000002 10.500000000000002 2.0000000000000004 2.5000000000000004 2.0000000000000004 3.0000000000000004 4.0000000000000009 2.0000000000000004 3.5000000000000004 2.5000000000000004 2.5000000000000004 2.0000000000000004
decision_type=2 2 2 2 2 2 2 2 2 2 2 2 2 2 2 2 2 2 2 2 2 2 2 2 2 2 2 2 2 2 2 10 2 2 2 2 2 2 2 2 2 2 10 2 2 2 10 8 2 2 8 2 2 2 2 2 2 2 2 2 2 2
left_child=17 15 3 5 13 6 -3 8 26 11 21 12 28 -5 23 16 24 18 -1 -20 -21 -10 52 -13 -2 -16 -4 -8 -9 -30 -11 44 37 -34 -35 -36 -37 41 39 -39 54 -19 47 -44 -18 46 -46 48 49 50 51 -43 -23 -54 -40 -32 -50 -58 59 60 -59 -61
right_child=1 2 7 4 -6 -7 27 9 10 30 -12 14 -14 -15 25 -17 31 32 19 20 -22 22 -24 -25 -26 -27 -28 -29 29 -31 55 -33 33 34 35 36 -38 38 40 -41 -42 42 43 -45 45 -47 -48 -49 56 -51 -52 -53 53 -55 -56 -57 57 58 -60 61 -62 -63
leaf_value=0.0010382129242128913 -0.0029671480625190517 -0.010417523833386826 0.012288822477253583 0.031110223289579155 0.0010013906467382027 -0.012853586101313916 0.0015889121219515802 -0.0072767915683524574 0.021846502327493258 0.011946019055291177 -0.0084278396912850443 0.029449328930387576 0.01729764879370729 0.011661128490231931 -0.0021964956706921972 0.01316029594745487 -4.2703991200317417e-06 -0.00077835546147195613 0.0012563735882683499 0.034491638590892153 0.010615817106074909 0.0073798327626926567 0.014010241586065881 0.013975056999568213 -0.017553819927076501 0.016898620112139422 0.030555513297163307 0.015381488415666604 -0.0037711047810380875 0.018162191063165665 0.025195166706404787 -0.0086128646345890094 0.00071152161187016164 0.020888343714894012 -0.011318323016166688 0.02010399344885214 3.0818147351965314e-05 -0.0035515554559727514 -0.011263056154009597 -0.032859729062765838 0.012367202349655007 0.0012666213306340767 0.01534011067024299 0.00049193190554013618 0.005149579495191574 -0.0006032214108854533 0.022753133096041218 -0.001072456483850203 0.00050993225780882946 -0.001839997381277284 -0.00013283462542048425 0.016619954399507624 -0.013034112530725976 0.0027055207588192491 0.0028724699313270635 0.012921572538713615 0.00078743895962353136 0.014806729207048192 -0.0052409277851315772 0.0062855426544466842 -0.0027448181476857928 0.025422351648483207
leaf_weight=597 88 33 26 26 46 41 45 34 21 38 32 31 27 32 28 32 114 12700 41 21 22 35 66 59 30 24 21 33 23 20 94 23 577 26 20 22 20 24 29 20 23 94 35 52 50 50 31 2655 4167 1287 3755 29 27 36 29 24 329 40 37 26 63 34
leaf_count=597 88 33 26 26 46 41 45 34 21 38 32 31 27 32 28 32 114 12700 41 21 22 35 66 59 30 24 21 33 23 20 94 23 577 26 20 22 20 24 29 20 23 94 35 52 50 50 31 2655 4167 1287 3755 29 27 36 29 24 329 40 37 26 63 34
internal_value=1.39458e-05 0.00678557 0.00946332 0.00365782 0.0118085 -0.00191898 0.00211993 0.0116949 0.0078739 0.0142042 0.00514992 0.0104783 0.00477052 0.0203797 0.0146586 0.000879158 -0.000138967 -0.000324964 0.00239236 0.0120165 0.0222761 0.00749851 0.00566127 0.0193051 -0.00667562 0.00661663 0.0204505 0.00742423 0.00037789 0.00643043 0.0200796 0.00273911 -0.000395884 0.00175967 0.00863221 0.00349254 0.0105453 -0.000452256 -0.00561051 -0.0168735 0.000507638 -0.000426774 -7.24864e-05 0.00646534 0.00380481 0.00711958 0.0118867 -0.000117932 0.000139067 -0.000438689 2.63659e-05 0.00488651 3.84883e-05 -0.00404004 -0.00419529 0.0226988 0.000774525 0.00285876 0.00626608 0.0088781 0.00407132 0.0171297
internal_weight=28114 1340 922 256 104 152 111 666 264 402 217 246 104 58 142 418 386 26774 681 84 43 185 164 90 118 52 47 78 77 43 156 268 26093 665 88 62 42 25428 125 44 81 25303 12603 87 245 131 81 12516 9861 5165 3878 123 98 63 58 118 4696 529 200 163 103 60
internal_count=28114 1340 922 256 104 152 111 666 264 402 217 246 104 58 142 418 386 26774 681 84 43 185 164 90 118 52 47 78 77 43 156 268 26093 665 88 62 42 25428 125 44 81 25303 12603 87 245 131 81 12516 9861 5165 3878 123 98 63 58 118 4696 529 200 163 103 60
is_linear=0
shrinkage=0.05


Tree=64
num_leaves=63
num_cat=0
split_feature=101 113 113 58 68 22 113 47 68 16 62 55 70 14 73 104 17 85 8 106 101 16 113 52 77 40 48 55 11 68 40 77 28 70 12 85 44 47 16 77 40 17 110 103 24 112 94 94 101 70 41 8 106 15 104 28 111 16 14 44 111 112
split_gain=26.4401 4.3851 4.35398 2.42777 3.41832 2.61559 3.24924 3.05717 3.43814 5.41594 3.32509 2.96674 2.50873 2.10289 2.33132 2.26815 1.96272 1.8635 1.84796 4.0792 1.76958 1.75823 3.79661 2.6744 1.75558 1.60194 1.58292 1.52849 2.01206 1.50951 2.05355 2.25827 2.10721 1.22835 1.21607 2.08786 1.30556 1.47096 1.3611 1.18519 1.15421 1.07886 1.00743 1.05187 1.24979 1.36599 1.18603 2.44513 2.30245 3.64493 2.98506 3.29468 3.24118 4.08779 2.85072 2.25245 2.16108 2.15663 4.253 3.1487 1.68353 2.73218
threshold=1.5000000000000002 4.5000000000000009 2.5000000000000004 3.0000000000000004 2.0000000000000004 3.0000000000000004 5.5000000000000009 2.0000000000000004 2.0000000000000004 3.5000000000000004 2.5000000000000004 3.0000000000000004 2.0000000000000004 2.0000000000000004 2.5000000000000004 6.5000000000000009 3.0000000000000004 4.0000000000000009 2.0000000000000004 1.0000000180025095e-35 1.0000000180025095e-35 3.5000000000000004 4.5000000000000009 3.0000000000000004 2.5000000000000004 3.5000000000000004 3.0000000000000004 3.0000000000000004 2.0000000000000004 2.0000000000000004 3.5000000000000004 2.5000000000000004 2.0000000000000004 2.0000000000000004 1.0000000180025095e-35 4.0000000000000009 2.0000000000000004 2.0000000000000004 3.5000000000000004 2.5000000000000004 3.5000000000000004 3.0000000000000004 0.75000000000000011 inf 2.5000000000000004 1.0000000180025095e-35 4.0000000000000009 2.0000000000000004 1.0000000180025095e-35 2.0000000000000004 2.0000000000000004 2.0000000000000004 1.0000000180025095e-35 3.0000000000000004 2.5000000000000004 2.0000000000000004 3.5000000000000004 1.5000000000000002 2.0000000000000004 2.0000000000000004 7.5000000000000009 1.0000000180025095e-35
decision_type=2 2 2 2 2 2 2 2 2 2 2 2 2 2 2 2 2 2 2 2 2 2 2 2 2 2 2 2 2 2 2 2 2 2 2 2 2 2 2 2 2 2 8 8 2 10 2 2 2 2 2 2 2 2 2 2 8 2 2 2 8 10
left_child=1 27 13 4 -4 11 7 8 16 25 -11 39 18 -2 15 -15 -7 -3 19 -13 -19 23 -23 -20 -22 -10 -6 28 -1 -14 31 -31 -32 -17 42 -36 37 38 -37 -5 -21 -26 -29 44 45 -44 47 48 -46 50 54 57 53 -53 -50 56 -56 58 -52 -60 61 -51
right_child=2 17 3 5 26 6 -8 -9 9 10 -12 12 29 14 -16 33 -18 20 21 40 24 22 -24 -25 41 -27 -28 34 -30 30 32 -33 -34 -35 35 36 -38 -39 -40 -41 -42 -43 43 -45 46 -47 -48 -49 49 60 51 52 -54 -55 55 -57 -58 -59 59 -61 -62 -63
leaf_value=0.0013152838320484262 -0.013701352460140532 -0.0015108208865100561 -0.010996682976838201 0.014396437179918091 0.019967616984451361 0.0053529793545603749 0.025781725249253214 -0.0087992060769881524 -0.0026970627019181851 0.021885159648390433 -8.7780489896734565e-05 -0.0038661718069899669 0.025996178520076414 -0.0065543290972709658 -0.0059764039494241486 0.018594998926729771 0.023127956512361405 0.001295224741395367 0.025230538303201849 0.027611717751490013 0.0042093581196592919 -0.010037568100013359 0.012509157858915966 0.0050619903801438909 0.012974757830788559 -0.022709177979268136 0.0020452845741861631 -0.0045631962182114327 0.012607595652696632 -0.006577479941770434 0.027913127972611359 0.015420564922637173 0.0081654597243124797 0.0042481753788888455 0.00042280146458242959 0.00049788787437137221 0.00071376106545442805 0.022179108145444291 0.016653607811101461 0.028518443702696229 0.014363143752728189 0.02585501690748437 -0.0010514794224451868 -0.00086434431120402866 1.2365045256454547e-05 0.0011782916457262597 -0.00068509082004163016 0.0094512083480755502 0.01685583930342428 9.0050508510576536e-05 0.0047253716737031938 0.00064455597576769917 -0.0086455187544499223 0.027456926084345298 -0.0089497331809252501 -0.014073142652278362 0.0033386591637155436 0.0079124376152616901 0.041374622747302053 0.014757768809795381 -0.0031108288168756951 0.016221858895733021
leaf_weight=649 22 43 32 24 22 25 20 35 20 33 36 23 34 20 46 37 41 38 22 31 31 43 33 65 37 20 28 147 42 20 35 28 22 25 558 32 43 23 22 39 35 29 5261 8547 6521 790 3136 75 31 146 28 44 41 21 40 23 339 74 25 20 310 32
leaf_count=649 22 43 32 24 22 25 20 35 20 33 36 23 34 20 46 37 41 38 22 31 31 43 33 65 37 20 28 147 42 20 35 28 22 25 558 32 43 23 22 39 35 29 5261 8547 6521 790 3136 75 31 146 28 44 41 21 40 23 339 74 25 20 310 32
internal_value=1.32485e-05 -0.000268149 0.00836853 0.00989398 0.00176417 0.0108686 0.0065246 0.00469059 0.00738855 0.0019351 0.010421 0.0130693 0.0114469 0.00057859 0.00303295 0.00808698 0.016395 0.00755396 0.00847238 0.0142669 0.0104413 0.00530852 -0.000247542 0.0101621 0.0140242 -0.0127031 0.00993111 -0.000319679 0.00200165 0.0168395 0.0138745 0.00625471 0.0202912 0.01281 -0.000380601 0.00170951 0.00769269 0.01159 0.00707985 0.0231386 0.020586 0.0186343 -0.000435847 -0.000412057 -0.000184087 -0.000760367 0.000135652 0.000466907 0.000379341 0.00241771 0.0047675 0.00908238 0.00236311 0.00930701 0.00224634 0.00111974 0.00204173 0.0139276 0.0200251 0.0295449 -0.000885471 0.00299015
internal_weight=28114 27198 916 766 82 684 230 210 175 109 69 454 391 150 128 82 66 178 252 89 135 163 76 87 97 40 50 27020 691 139 105 48 57 62 26329 678 120 77 54 63 66 66 25651 25504 16957 6051 10906 7770 7695 1174 686 253 106 65 433 402 379 147 73 45 488 178
internal_count=28114 27198 916 766 82 684 230 210 175 109 69 454 391 150 128 82 66 178 252 89 135 163 76 87 97 40 50 27020 691 139 105 48 57 62 26329 678 120 77 54 63 66 66 25651 25504 16957 6051 10906 7770 7695 1174 686 253 106 65 433 402 379 147 73 45 488 178
is_linear=0
shrinkage=0.05


Tree=65
num_leaves=63
num_cat=0
split_feature=103 111 104 55 65 14 88 96 67 82 42 71 14 16 114 97 48 54 50 73 14 106 72 16 54 65 44 114 40 66 43 67 28 91 14 12 44 16 70 11 106 63 40 114 102 58 71 114 96 109 18 30 114 41 28 28 14 67 85 72 72 44
split_gain=14.5488 9.76077 5.43095 2.66998 4.14405 4.15288 2.87904 2.2883 4.16287 3.57342 4.31846 3.13034 3.06584 2.22834 3.60099 3.22859 5.30447 2.26663 2.1498 2.13868 2.08192 2.07944 1.79942 2.19759 3.18278 3.32584 2.92868 3.61692 4.12194 2.55722 2.20738 2.05986 3.61457 2.02922 2.00508 2.34221 1.94601 2.40264 2.13688 1.72142 1.71445 1.54419 1.54271 1.50827 1.77454 2.25155 1.96059 1.71987 1.79194 1.81129 1.55734 1.72843 1.82706 1.48472 3.61071 1.67631 1.42067 1.34686 1.33572 1.57608 1.31426 1.67906
threshold=1.0000000180025095e-35 1.0000000180025095e-35 7.5000000000000009 3.0000000000000004 2.0000000000000004 4.0000000000000009 1.0000000180025095e-35 1.5000000000000002 2.5000000000000004 2.5000000000000004 2.0000000000000004 3.0000000000000004 4.0000000000000009 4.5000000000000009 13.500000000000002 1.5000000000000002 3.0000000000000004 2.0000000000000004 2.0000000000000004 2.5000000000000004 4.0000000000000009 1.0000000180025095e-35 3.5000000000000004 3.5000000000000004 2.0000000000000004 2.0000000000000004 2.0000000000000004 14.500000000000002 3.5000000000000004 2.0000000000000004 2.0000000000000004 2.5000000000000004 2.0000000000000004 2.0000000000000004 4.0000000000000009 1.0000000180025095e-35 2.0000000000000004 1.5000000000000002 2.0000000000000004 2.0000000000000004 1.0000000180025095e-35 2.5000000000000004 3.5000000000000004 2.5000000000000004 inf 3.0000000000000004 3.0000000000000004 19.500000000000004 3.5000000000000004 43.500000000000007 3.5000000000000004 2.0000000000000004 14.500000000000002 3.5000000000000004 2.0000000000000004 2.0000000000000004 2.0000000000000004 2.5000000000000004 4.0000000000000009 3.5000000000000004 3.5000000000000004 2.0000000000000004
decision_type=10 10 2 2 2 2 2 2 2 2 2 2 2 2 2 2 2 2 2 2 2 2 2 2 2 2 2 2 2 2 2 2 2 2 2 2 2 2 2 2 2 2 2 2 8 2 2 2 2 10 2 2 2 2 2 2 2 2 2 2 2 2
left_child=43 2 18 4 5 -4 7 8 11 10 -9 12 -5 15 17 19 -17 21 -2 53 -20 -15 36 30 25 26 27 28 -25 -26 33 39 -33 34 35 -24 37 -21 42 -32 -31 -22 -39 -1 45 -45 47 48 49 -47 -48 58 -53 54 -11 -55 -3 -44 -52 -60 -16 -62
right_child=1 56 3 6 -6 -7 -8 9 -10 13 -12 -13 -14 14 60 16 -18 -19 20 22 41 -23 23 24 29 -27 -28 -29 -30 40 31 32 -34 -35 -36 -37 -38 38 -40 -41 -42 -43 57 44 -46 46 50 -49 -50 -51 51 52 -54 55 -56 -57 -58 -59 59 -61 61 -63
leaf_value=-0.00070625192877428738 -0.012188600310834036 0.0076310987362549418 -0.0063574530896456805 0.03801103225694253 0.027122283082168838 0.014753186467380539 -0.011879779178310526 0.0044197284749576023 -0.0062978084791790361 0.0061034471556848414 -0.023850311017171902 0.0068046498779408843 0.013955536526110437 -0.026655656360089781 -0.0025636210150661925 -0.017110999056271146 0.0088424795948796805 0.0033784471518759221 0.010901939985342324 0.0018537089079618454 -0.0098104572733459273 -0.004379454712298783 -0.015421649158276894 0.010764776273020383 -0.0071421859055672866 0.0034318259511238493 0.033724336586892605 -0.0012270844541490079 0.040270401611924175 0.00212923981822454 0.0074784640967845914 -0.005279118801505926 0.018433035789988936 -0.014173329696059229 0.0067892403847437501 0.0062914559374684879 0.0068998794733105525 0.0062979953084141022 0.028376389446784746 0.023160212114453318 0.017052137312528335 0.0021233271722766486 0.013252942288114179 -4.2535942924215777e-05 -0.0010262667316624687 0.0022505975055183416 -0.0020263509029999033 0.014572055677347113 0.016196910426020623 0.01416306302628734 0.00046974982191735177 0.0027930040169378808 0.022437024898827079 -0.002024547948881432 -0.015921831329663596 0.01387115640695705 -0.0018567483334447302 0.029652885613696917 -0.0028955098064172837 0.014019975734408947 0.0041650792273382345 0.021710116937756541
leaf_weight=13413 42 42 34 26 39 74 22 35 22 49 22 37 27 20 21 35 45 28 37 25 46 22 27 29 33 39 30 23 20 39 35 45 25 20 102 23 95 35 40 35 38 66 31 7217 2887 966 430 33 25 33 673 29 20 27 30 43 651 21 21 40 30 25
leaf_count=13413 42 42 34 26 39 74 22 35 22 49 22 37 27 20 21 35 45 28 37 25 46 22 27 29 33 39 30 23 20 39 35 45 25 20 102 23 95 35 40 35 38 66 31 7217 2887 966 430 33 25 33 673 29 20 27 30 43 651 21 21 40 30 25
internal_value=8.04204e-06 0.00372568 0.00575026 0.00674697 0.0131521 0.00810724 0.00606271 0.00635424 0.0131992 0.00573698 -0.00649151 0.0179651 0.0257563 0.00632519 0.000541128 0.00713796 -0.00251217 -0.00764092 -0.00219733 0.00794298 0.000618996 -0.0149872 0.00895569 0.00739474 0.0108775 0.0158506 0.020599 0.0151301 0.0228079 0.00450299 0.00459287 0.00925442 0.00318951 0.000798575 0.00276856 -0.00543362 0.0125136 0.0160222 0.0188113 0.0153193 0.00949379 -0.00277805 0.0144136 -0.000338968 5.91552e-05 0.000389461 0.00176291 0.00333705 0.00297498 0.0026441 0.000391213 0.00171887 0.010811 0.00243766 -0.00226058 0.00773996 -0.00128173 0.019876 0.0011119 0.00819661 0.00807723 0.0121401
internal_weight=28194 2407 1714 1523 147 108 1376 1354 112 1242 57 90 53 1185 146 1039 80 70 191 959 149 42 810 563 251 141 102 72 49 110 312 140 70 172 152 50 247 152 127 70 77 112 87 25787 12374 9487 2270 1057 1024 999 1213 783 49 149 79 70 693 52 734 61 76 55
internal_count=28194 2407 1714 1523 147 108 1376 1354 112 1242 57 90 53 1185 146 1039 80 70 191 959 149 42 810 563 251 141 102 72 49 110 312 140 70 172 152 50 247 152 127 70 77 112 87 25787 12374 9487 2270 1057 1024 999 1213 783 49 149 79 70 693 52 734 61 76 55
is_linear=0
shrinkage=0.05


Tree=66
num_leaves=63
num_cat=0
split_feature=103 111 104 68 82 96 97 15 46 114 66 99 61 94 11 114 67 54 61 114 106 50 61 76 40 63 17 46 62 28 44 54 56 67 40 18 114 62 44 12 77 28 66 77 61 54 114 99 102 24 61 112 110 111 85 18 30 2 106 114 111 28
split_gain=13.1302 8.80909 4.90143 2.60028 4.56273 3.22576 2.88611 2.23623 2.06233 2.16505 3.54444 2.06694 2.03305 2.0242 3.28987 2.29815 3.46014 2.05053 5.1711 3.29196 3.70944 1.94019 1.9307 1.8654 2.66729 1.59514 3.1428 1.73325 1.57188 3.2793 2.42394 2.81748 1.48967 2.15877 2.63302 4.16517 2.59235 1.47145 1.38975 1.87913 2.7079 7.10479 2.01282 1.96838 3.13686 1.49568 1.36122 1.62306 2.00922 1.76169 1.87142 2.46313 2.24358 1.63228 2.33455 1.91093 1.57873 1.74879 1.66712 1.4373 1.28962 1.24755
threshold=1.0000000180025095e-35 1.0000000180025095e-35 7.5000000000000009 2.0000000000000004 2.5000000000000004 1.5000000000000002 1.5000000000000002 3.0000000000000004 2.0000000000000004 14.500000000000002 2.0000000000000004 3.0000000000000004 2.5000000000000004 2.0000000000000004 2.0000000000000004 16.500000000000004 2.5000000000000004 2.0000000000000004 4.5000000000000009 13.500000000000002 1.0000000180025095e-35 2.0000000000000004 3.5000000000000004 3.5000000000000004 3.5000000000000004 2.5000000000000004 3.0000000000000004 2.0000000000000004 2.5000000000000004 2.0000000000000004 2.0000000000000004 2.0000000000000004 3.0000000000000004 2.5000000000000004 3.5000000000000004 1.5000000000000002 14.500000000000002 2.5000000000000004 2.0000000000000004 1.0000000180025095e-35 2.5000000000000004 2.0000000000000004 2.0000000000000004 2.5000000000000004 3.5000000000000004 2.0000000000000004 2.5000000000000004 3.0000000000000004 inf 2.5000000000000004 2.5000000000000004 1.0000000180025095e-35 38.750000000000007 1.0000000180025095e-35 4.0000000000000009 3.5000000000000004 2.0000000000000004 3.0000000000000004 1.0000000180025095e-35 13.500000000000002 1.5000000000000002 2.0000000000000004
decision_type=10 10 2 2 2 2 2 2 2 2 2 2 2 2 2 2 2 2 2 2 2 2 2 2 2 2 2 2 2 2 2 2 2 2 2 2 2 2 2 2 2 2 2 2 2 2 2 2 8 2 2 10 10 10 2 2 2 2 2 2 8 2
left_child=46 2 21 5 -5 7 8 -4 11 28 -11 -7 -12 17 25 38 37 18 -6 20 -19 -2 -23 -21 -25 -15 -27 -28 30 -30 31 -10 -13 34 -34 -36 -35 -17 39 40 41 -16 -41 -44 -45 -42 -1 -48 49 56 51 60 59 54 -52 -56 -49 58 -58 -53 -51 -40
right_child=1 -3 3 4 13 6 -8 -9 9 10 12 32 -14 14 15 16 -18 19 -20 23 -22 22 -24 24 -26 26 27 -29 29 -31 -32 -33 33 36 35 -37 -38 -39 61 42 45 -43 43 44 -46 -47 47 48 -50 50 53 52 -54 -55 55 -57 57 -59 -60 -61 -62 -63
leaf_value=-0.00067093932667112099 -0.011579170406219506 -0.0012176408862388018 0.0090642010086569285 -0.011728145210072399 0.010068606034523451 -0.0017223423144415669 -0.0063609560595496613 0.027608063733960325 0.026233295939693396 -0.012185153878621154 -0.0044072334153147852 0.0019401139495047659 0.013017647336930671 0.009671496327500792 0.010544884625984276 0.014408637763875904 0.0051505909473635262 0.0031629283173844735 -0.016629851059544655 -0.0039670498482882975 -0.020720472106257003 -0.0027421080423435116 0.010315600395398706 0.021082464378559963 -0.00074188795738986562 -0.01030248051934075 -0.0039627670943737031 0.013274650414075171 -0.011089066136628391 0.012907378790634021 0.002230995858553797 0.0039734950732617158 0.0022465575565795669 0.014789095983812305 0.027138845927926692 0.0003904795443469828 0.036656120739391319 0.028671858212910597 0.0073433032062799712 0.023346913916369283 -0.0019002136500300066 -0.028755483096060547 0.017705744583244351 -0.014504723889487132 0.012511864528906617 0.014846111933390299 -0.0008523623937343296 -0.0004408217644881402 -0.00095036034623666166 0.0086797439743105959 0.0040020010275196808 0.0053698082084500396 0.019714189100671898 0.0016726454668056006 0.0043654415616765623 0.025100905135273934 0.005162998676920931 -0.0018462016224497703 0.022889771347954162 -0.0013114208753547099 -0.00027619035087985826 0.01761372477922123
leaf_weight=13413 42 693 29 40 133 23 34 37 44 37 26 22 47 40 23 33 50 29 21 40 37 111 38 28 28 57 25 35 24 35 32 21 44 33 43 22 23 40 77 21 24 23 22 21 22 30 3518 2487 2061 41 507 258 22 1171 20 25 36 41 21 117 2049 48
leaf_count=13413 42 693 29 40 133 23 34 37 44 37 26 22 47 40 23 33 50 29 21 40 37 111 38 28 28 57 25 35 24 35 32 21 44 33 43 22 23 40 77 21 24 23 22 21 22 30 3518 2487 2061 41 507 258 22 1171 20 25 36 41 21 117 2049 48
internal_value=7.63994e-06 0.00353939 0.00546275 0.00640962 0.00479836 0.0090587 0.00771264 0.01946 0.0087179 0.00579365 0.000421733 0.0124219 0.00681153 0.0055272 0.0072544 0.00949813 0.0152836 0.0022969 0.00642791 -0.00163011 -0.0102263 -0.00208747 0.000588046 0.00427973 0.0101703 0.00105199 -0.00189485 0.00609239 0.00958154 0.00314611 0.0134959 0.0190417 0.0141616 0.0157912 0.0116918 0.0180856 0.0237702 0.0222241 0.00720997 0.00446993 -0.000190655 -0.0091053 0.00988923 0.00554136 -0.000682283 0.0074033 -0.00032202 5.61975e-05 0.000417118 0.00083189 0.00146274 0.0005853 0.00419568 0.00272926 0.00497074 0.0158851 -0.000195538 0.00602917 0.0116939 0.00328526 -0.0001005 0.0112871
internal_weight=28194 2407 1714 1523 947 576 510 66 476 266 110 210 73 907 591 434 123 316 154 162 66 191 149 96 56 157 117 60 156 59 97 65 187 165 109 65 56 73 311 186 100 46 86 65 43 54 25787 12374 8856 6795 4210 2487 397 1723 552 45 2585 98 57 375 2090 125
internal_count=28194 2407 1714 1523 947 576 510 66 476 266 110 210 73 907 591 434 123 316 154 162 66 191 149 96 56 157 117 60 156 59 97 65 187 165 109 65 56 73 311 186 100 46 86 65 43 54 25787 12374 8856 6795 4210 2487 397 1723 552 45 2585 98 57 375 2090 125
is_linear=0
shrinkage=0.05


Tree=67
num_leaves=63
num_cat=0
split_feature=103 111 104 55 68 65 14 73 72 113 22 44 16 94 18 40 72 106 62 12 28 52 50 14 28 28 12 63 77 54 62 46 77 63 52 52 95 17 18 40 94 54 106 14 94 43 106 111 18 14 28 41 28 94 113 12 18 42 6 24 65 28
split_gain=11.85 7.95021 4.42354 2.36759 4.03121 3.68929 3.71839 2.24694 3.28734 1.91428 2.50741 3.53227 2.89419 2.17545 3.49089 2.9472 3.42517 3.19546 2.07618 4.00594 2.3558 2.03611 1.75102 1.86834 1.60452 1.50677 1.46923 4.06507 1.83973 3.05775 1.55541 2.54655 1.46349 1.3931 1.38245 1.36134 1.29611 2.35636 1.71608 1.63016 4.31419 3.08362 1.44706 1.28215 1.22733 1.22911 1.22357 1.5437 1.21907 1.19832 2.78302 1.18626 2.01636 1.60546 1.17795 2.21456 2.52725 1.29576 1.22945 1.35834 1.13979 1.432
threshold=1.0000000180025095e-35 1.0000000180025095e-35 7.5000000000000009 3.0000000000000004 2.0000000000000004 2.0000000000000004 4.0000000000000009 2.5000000000000004 2.5000000000000004 4.5000000000000009 3.0000000000000004 2.0000000000000004 3.5000000000000004 2.0000000000000004 1.0000000180025095e-35 3.5000000000000004 3.5000000000000004 1.0000000180025095e-35 2.5000000000000004 1.0000000180025095e-35 2.0000000000000004 3.0000000000000004 2.0000000000000004 4.0000000000000009 2.0000000000000004 2.0000000000000004 1.0000000180025095e-35 2.5000000000000004 2.5000000000000004 2.0000000000000004 2.5000000000000004 2.0000000000000004 2.5000000000000004 2.5000000000000004 3.0000000000000004 3.0000000000000004 2.0000000000000004 3.0000000000000004 1.0000000180025095e-35 3.5000000000000004 4.0000000000000009 2.0000000000000004 1.0000000180025095e-35 2.0000000000000004 4.0000000000000009 2.0000000000000004 1.0000000180025095e-35 1.5000000000000002 3.5000000000000004 2.0000000000000004 2.0000000000000004 3.5000000000000004 2.0000000000000004 2.0000000000000004 1.5000000000000002 1.0000000180025095e-35 1.0000000180025095e-35 2.0000000000000004 2.0000000000000004 2.5000000000000004 2.0000000000000004 2.0000000000000004
decision_type=10 10 2 2 2 2 2 2 2 2 2 2 2 2 2 2 2 2 2 2 2 2 2 2 2 2 2 2 2 2 2 2 2 2 2 2 2 2 2 2 2 2 2 2 2 2 2 8 2 2 2 2 2 2 2 2 2 2 2 2 2 2
left_child=46 2 22 5 7 6 -4 51 34 10 13 12 -12 15 21 16 -6 -18 19 25 -21 32 -2 -24 -14 -11 28 -28 29 -23 -30 -32 -15 35 -9 -25 37 39 42 49 41 -41 -39 -3 -20 -46 -1 -48 -40 -10 -51 53 -53 -5 -49 58 57 -57 -56 -60 -45 -62
right_child=1 43 3 4 9 -7 -8 8 36 18 11 -13 24 14 -16 -17 17 -19 44 20 -22 26 23 33 -26 -27 27 -29 30 -31 31 -33 -34 -35 -36 -37 -38 38 48 40 -42 -43 -44 60 45 -47 47 54 -50 50 -52 52 -54 -55 55 56 -58 -59 59 -61 61 -63
leaf_value=-0.00058437485050435599 -0.01100021175862778 0.0073104258538002065 -0.0063264556222413703 -0.013480761185998009 0.0041637857250048241 0.02530203408155686 0.013649336300865823 0.031740439640513311 0.0093147062765638108 -0.016871356256306171 -0.024287227465322726 0.0062951242967330401 -0.012067103192762094 0.010443976229947548 -0.012001447301978867 0.0046000600958775199 -0.0016671315159486689 -0.026623175434511284 0.016960701418253756 0.0016373147185032187 0.023605138776095019 0.013426216645166279 0.010299847632445194 -0.017940470434563316 0.0061235346916047014 0.00086156984224267639 0.030177097398166861 0.0061959233185070635 0.0032666789996437726 -0.010518050653239092 0.0059501412476453443 0.029232429387047888 -0.0051817089709085091 0.0019959909446311719 0.013941269572824239 -0.00073743809986373662 -0.0018199393171817067 0.0071739068565269308 -0.0028804952837526801 0.0080107037730691635 -0.0039171767841664059 0.03149153388760708 0.021113826445000899 -0.0034310094677625514 -0.0017358449995517732 0.012466265184757038 0.0091607114716254663 -0.00023190254753272457 0.014577120635658504 -0.012739416657132097 0.0088454539654776454 -0.0012575922897312701 0.014240119857496994 0.0054497081010291973 0.00058466243475363523 0.013942864794461503 0.024634547652676704 -0.0016073103037637635 -0.0014626149620328632 0.01500707421632063 0.0029775887018608565 -0.0054844189657648999
leaf_weight=15594 42 42 34 21 38 39 74 24 32 25 27 47 27 23 24 126 23 29 58 26 23 24 37 23 22 23 30 43 30 30 23 24 43 66 20 23 25 24 20 29 31 27 83 387 25 39 47 7621 20 32 28 41 43 24 2395 21 20 37 21 31 197 67
leaf_count=15594 42 42 34 21 38 39 74 24 32 25 27 47 27 23 24 126 23 29 58 26 23 24 37 23 22 23 30 43 30 30 23 24 43 66 20 23 25 24 20 29 31 27 83 387 25 39 47 7621 20 32 28 41 43 24 2395 21 20 37 21 31 197 67
internal_value=7.25795e-06 0.00336242 0.00518961 0.00608914 0.00544479 0.0121206 0.00736066 0.00889569 0.0107668 0.0033224 0.00192837 -0.0044795 -0.0111428 0.0034738 0.00627286 -0.00033604 -0.00724658 -0.0155849 0.00735173 0.00189196 0.0119487 0.00789724 -0.00198309 0.000558643 -0.00389988 -0.00837433 0.0103669 0.0160512 0.00719939 0.000123846 0.0121615 0.017839 0.000263606 -0.00265943 0.0236499 -0.00933895 0.00915181 0.00999321 0.014684 0.00614096 0.0110477 0.0193318 0.0179871 -0.00115676 0.0116927 0.00691857 -0.000305919 0.000120084 0.00584831 0.00150089 -0.00266648 0.00316636 0.00667576 -0.00338451 7.82044e-05 0.00101417 0.00930796 0.00402293 0.000749804 0.00835585 -0.00170303 0.000830034
internal_weight=28194 2407 1714 1523 1376 147 108 524 395 852 633 123 76 510 294 216 90 52 219 97 49 270 191 149 49 48 204 73 131 54 77 47 66 112 44 46 351 326 147 179 87 56 107 693 122 64 25787 10193 40 92 60 129 84 45 10146 2525 78 58 2447 52 651 264
internal_count=28194 2407 1714 1523 1376 147 108 524 395 852 633 123 76 510 294 216 90 52 219 97 49 270 191 149 49 48 204 73 131 54 77 47 66 112 44 46 351 326 147 179 87 56 107 693 122 64 25787 10193 40 92 60 129 84 45 10146 2525 78 58 2447 52 651 264
is_linear=0
shrinkage=0.05


Tree=68
num_leaves=63
num_cat=0
split_feature=100 55 14 48 104 103 111 104 100 76 66 70 24 79 91 54 79 77 77 72 100 94 17 97 110 18 109 49 74 43 102 58 8 41 61 14 99 76 58 54 58 61 51 77 74 72 49 94 11 77 67 52 94 8 72 14 15 41 8 70 49 43
split_gain=17.8566 2.58983 3.53239 2.46125 2.18306 3.24203 2.57257 2.01991 2.6098 2.88974 2.49834 5.82526 2.31443 3.21418 2.21663 2.50947 2.14395 2.72708 1.95639 1.9518 1.83819 1.81442 1.77505 1.7296 1.5221 2.41821 1.82166 1.46345 2.17278 3.58408 1.41837 1.48491 1.39455 1.46209 4.43843 2.34336 2.05493 1.86013 1.77129 1.53858 1.41764 1.33508 2.45545 1.63386 3.09769 1.42929 1.25334 3.03969 3.39334 1.53074 1.24976 2.41282 1.24825 1.36711 1.2044 1.1727 1.2166 1.5148 1.16585 1.14508 1.57584 2.32712
threshold=2024.5000000000002 3.0000000000000004 2.0000000000000004 3.0000000000000004 7.5000000000000009 1.0000000180025095e-35 7.5000000000000009 5.5000000000000009 2023.5000000000002 3.5000000000000004 2.0000000000000004 2.0000000000000004 2.5000000000000004 2.0000000000000004 2.0000000000000004 2.0000000000000004 2.0000000000000004 2.5000000000000004 2.5000000000000004 3.5000000000000004 2022.5000000000002 2.0000000000000004 3.0000000000000004 1.5000000000000002 13.750000000000002 1.5000000000000002 33.500000000000007 4.0000000000000009 2.5000000000000004 2.0000000000000004 inf 3.0000000000000004 2.0000000000000004 3.5000000000000004 2.5000000000000004 4.0000000000000009 3.0000000000000004 3.5000000000000004 3.0000000000000004 2.0000000000000004 3.0000000000000004 1.5000000000000002 2.5000000000000004 2.5000000000000004 2.5000000000000004 3.5000000000000004 4.0000000000000009 2.0000000000000004 2.0000000000000004 2.5000000000000004 2.5000000000000004 3.0000000000000004 4.0000000000000009 2.0000000000000004 3.5000000000000004 4.0000000000000009 3.0000000000000004 2.0000000000000004 2.0000000000000004 2.0000000000000004 4.0000000000000009 2.0000000000000004
decision_type=2 2 2 2 2 10 10 2 2 2 2 2 2 2 2 2 2 2 2 2 2 2 2 2 10 2 10 2 2 2 8 2 2 2 2 2 2 2 2 2 2 2 2 2 2 2 2 2 2 2 2 2 2 2 2 2 2 2 2 2 2 2
left_child=1 2 -1 -4 -2 30 23 -3 9 14 11 18 -10 21 15 22 17 -12 -11 -18 -5 -14 -9 32 -8 26 -26 -21 29 -29 31 -6 41 34 37 38 -37 -34 -35 -38 -36 -7 45 44 -44 -43 47 -15 -49 54 51 -51 -17 -54 -48 -33 -57 -58 -59 60 61 -42
right_child=4 7 3 20 5 6 24 8 12 10 16 -13 13 46 -16 52 19 -19 -20 27 -22 -23 -24 -25 25 -27 -28 28 -30 -31 -32 55 33 35 40 36 39 -39 -40 -41 59 42 43 -45 -46 -47 49 48 -50 50 -52 -53 53 -55 -56 56 57 58 -60 -61 -62 -63
leaf_value=-0.0043523340739987119 -0.00063778434515921389 -0.0061355087714379322 0.026938090329557393 0.020372898532794073 -4.5750284468253987e-05 0.012062454192516194 -0.0029908434777497885 0.0089596633949258833 0.016144771854682216 -0.0089768751175142835 0.0040638901050324026 0.031075279669104412 -0.0012310336259278385 -0.017909244412467593 0.028919553617015481 -0.0038682619718691477 0.016393205709755422 -0.021181053966283798 0.010663570485485253 0.010404470864985442 0.0019101716827468148 -0.021778215538887754 0.022750395374688589 -0.0027624522686528507 0.020589911851745385 -0.0057518721111894898 0.0028934758015428529 -0.0056047870123104478 -0.013874243281781674 0.020257215379249485 -0.00078019680125357535 -0.0012120632621684803 -0.020190123868761241 0.02477922369208601 -0.0052883634431054819 -0.01064496161416173 -1.3408119358667512e-05 -0.0033688206868689691 0.0056666487319902946 0.014049796447963329 0.029220888130366801 -0.0063225175012592925 0.0060012809533093667 0.0050401389457379719 0.031765422085300088 0.0083422430170079064 0.0047343312886854016 0.017719396650791169 -0.00860182653608111 -0.0054172391459966704 -0.0045716175031507529 0.015166232983714768 0.01823394626379013 0.0031789440318549934 0.018479330021449747 0.0016467442006865393 0.016928192307906494 0.014774734396487474 0.0014011508361859756 0.0012024628373757495 0.0049915051951735139 0.0056553182403810999
leaf_weight=22 14772 34 42 26 5315 107 246 40 29 21 23 28 22 21 20 26 30 20 32 37 28 21 56 80 26 36 33 37 25 21 3847 333 27 27 32 22 41 42 22 37 20 54 28 79 20 24 30 25 24 24 41 35 25 38 34 1670 28 20 88 76 83 22
leaf_count=22 14772 34 42 26 5315 107 246 40 29 21 23 28 22 21 20 26 30 20 32 37 28 21 56 80 26 36 33 37 25 21 3847 333 27 27 32 22 41 42 22 37 20 54 28 79 20 24 30 25 24 24 41 35 25 38 34 1670 28 20 88 76 83 22
internal_value=6.89503e-06 0.00679361 0.0137189 0.0178602 -0.000226409 0.000260323 0.00274956 0.00579583 0.0063126 0.00861687 0.00525769 0.0126275 0.00270561 0.00129862 0.0131067 0.0113972 0.00216465 -0.00767794 0.00288151 0.0049862 0.0107996 -0.0112657 0.0170043 0.00423188 -0.000914934 0.00446058 0.0106919 0.00213445 -0.00155219 0.00375904 -4.733e-07 0.000401941 0.00496523 0.0031873 0.00118763 0.00724033 0.00285104 -0.00995107 0.0161981 0.0066576 0.00448622 0.00753524 0.00517226 0.00946075 0.0167363 -0.00181028 0.00360745 -0.00199362 0.00482737 0.00599814 0.00213368 0.0067933 0.00534914 0.00915315 0.0120364 0.00151437 0.00201708 0.0065646 0.00387774 0.00604237 0.00898504 0.016877
internal_weight=28194 937 118 96 27257 12485 1184 819 785 479 274 81 306 277 205 185 193 43 53 150 54 43 96 843 341 95 59 120 83 58 11301 7454 763 451 302 149 100 69 49 78 233 312 205 127 48 78 234 70 49 164 100 59 89 63 64 2139 1806 136 108 201 125 42
internal_count=28194 937 118 96 27257 12485 1184 819 785 479 274 81 306 277 205 185 193 43 53 150 54 43 96 843 341 95 59 120 83 58 11301 7454 763 451 302 149 100 69 49 78 233 312 205 127 48 78 234 70 49 164 100 59 89 63 64 2139 1806 136 108 201 125 42
is_linear=0
shrinkage=0.05


Tree=69
num_leaves=63
num_cat=0
split_feature=100 55 14 69 100 49 85 28 69 100 114 16 22 40 100 54 64 46 16 65 24 114 65 42 67 79 91 49 94 54 43 65 54 69 28 17 108 107 110 85 109 79 70 70 25 16 19 114 77 110 58 72 40 17 77 100 110 18 50 70 32 109
split_gain=16.1156 2.33732 3.18798 2.22128 1.86756 2.35644 2.91611 2.79577 2.93332 1.65896 1.5891 5.56747 3.83154 3.99419 2.64496 3.12467 5.08571 2.76554 3.13314 2.96347 2.50028 2.19552 4.79717 3.84338 4.73813 1.98163 1.82993 1.64096 1.61228 1.59097 1.63683 1.54176 1.49607 1.40796 1.39253 1.31391 1.30847 1.5976 1.74829 5.36653 1.73621 2.13307 1.26547 1.21826 1.11979 1.90747 1.90935 2.84541 1.6447 1.60329 1.48825 1.1705 1.15142 1.10773 1.08558 1.07041 1.05471 1.01675 0.929584 1.04823 0.920264 0.903813
threshold=2024.5000000000002 3.0000000000000004 2.0000000000000004 3.0000000000000004 2025.5000000000002 4.0000000000000009 4.0000000000000009 2.0000000000000004 3.0000000000000004 2022.5000000000002 8.5000000000000018 4.5000000000000009 3.0000000000000004 3.5000000000000004 2023.5000000000002 2.0000000000000004 2.5000000000000004 2.0000000000000004 4.5000000000000009 2.0000000000000004 2.5000000000000004 12.500000000000002 2.0000000000000004 2.0000000000000004 2.5000000000000004 2.0000000000000004 2.0000000000000004 4.0000000000000009 2.0000000000000004 2.0000000000000004 2.0000000000000004 2.0000000000000004 2.0000000000000004 3.0000000000000004 2.0000000000000004 3.0000000000000004 7.5000000000000009 3.5000000000000004 34.750000000000007 -1.4999999999999998 22.500000000000004 2.0000000000000004 2.0000000000000004 2.0000000000000004 2.5000000000000004 1.5000000000000002 3.5000000000000004 6.5000000000000009 2.5000000000000004 31.250000000000004 3.0000000000000004 3.5000000000000004 3.5000000000000004 3.0000000000000004 2.5000000000000004 2022.5000000000002 1.7500000000000002 3.5000000000000004 2.0000000000000004 2.0000000000000004 3.0000000000000004 6.5000000000000009
decision_type=2 2 2 2 2 2 2 2 2 2 2 2 2 2 2 2 2 2 2 2 2 2 2 2 2 2 2 2 2 2 2 2 2 2 2 2 10 10 10 2 10 2 2 2 2 2 2 2 2 8 2 2 2 2 2 2 8 2 2 2 2 10
left_child=1 2 -1 -4 5 6 44 8 -8 -5 11 12 13 28 15 17 21 31 19 33 -16 55 23 24 -23 -22 27 35 -3 34 -31 -12 -10 42 54 -27 37 38 56 -40 41 43 -19 -39 45 46 47 -2 51 -47 -50 -46 -49 -9 -29 -17 -7 -51 59 -38 -48 -58
right_child=4 10 3 9 -6 36 7 53 32 -11 14 -13 -14 -15 20 16 -18 18 -20 -21 25 22 -24 -25 -26 26 -28 29 -30 30 -32 -33 -34 -35 -36 -37 58 40 39 -41 -42 -43 -44 -45 48 49 60 52 50 57 -52 -53 -54 -55 -56 -57 61 -59 -60 -61 -62 -63
leaf_value=-0.0041347179731184786 -0.012226648225138586 -0.021339008620097525 0.025591186008283071 0.01935425362048241 -0.0003599279834683904 -0.0077849829746853743 0.02850998673107355 0.009278242794736739 -5.9416207174460091e-06 0.0018146629736293107 0.016553555510260842 -0.023824716378003361 0.020828042418829032 0.010275640201178335 0.016828008734488063 0.020102875558911146 -0.019276558673009276 0.032623388545055476 -0.00780118128851704 -0.0010240374839511413 -0.0091252994199749089 0.0010606056027528312 0.019310352917421947 0.012510530940360493 -0.027991954682637817 -0.012420424178708346 0.016012779237159217 0.0017334000872714179 -0.0015028833667747677 0.0040307097447415197 0.021341742913831365 0.032479116249652135 0.018268169427201861 0.010397293781861664 0.00841853512594333 0.0028779342584311965 -0.013650547017956653 -0.0015864843571627583 -0.0028387650459383925 0.023850015382612905 -0.0050274171866476541 0.024837819151580336 0.015049657246563583 0.014694944638758898 0.0064997062439631145 0.0038103145714423457 0.0049067742727471123 0.015574748965736946 0.0019841614453231589 -0.0016564569249749184 0.015717044529168212 -0.0058808881833794574 -0.00052089169621467597 -0.0038842555248376101 -0.014343633558157654 0.0077167352492159063 0.00069477006280554022 -0.015463701207190754 -0.00023894995924026246 -0.00066059359908103945 0.01793541963333669 -0.0020203440456390783
leaf_weight=22 36 21 42 26 24283 42 31 31 24 28 55 20 28 42 28 37 20 21 23 29 40 36 33 27 23 32 24 21 20 36 22 21 21 35 26 25 41 27 48 31 22 20 20 20 35 27 33 20 34 20 47 42 25 33 21 33 1741 40 63 25 23 372
leaf_count=22 36 21 42 26 24283 42 31 31 24 28 55 20 28 42 28 37 20 21 23 29 40 36 33 27 23 32 24 21 20 36 22 21 21 35 26 25 41 27 48 31 22 20 20 20 35 27 33 20 34 20 47 42 25 33 21 33 1741 40 63 25 23 372
internal_value=6.55028e-06 0.00645393 0.0130329 0.0169672 -0.000215088 0.000967544 0.00401791 0.010191 0.016675 0.0102597 0.00550604 0.000458709 0.0048341 -0.000561445 0.00646709 0.00899683 0.0047001 0.0133989 0.00891301 0.0125742 0.00266787 0.00723731 0.00310414 -0.00311452 -0.010265 0.00106267 0.00303136 0.00132888 -0.0116628 0.00451342 0.010597 0.020954 0.00852198 0.017763 -0.000675485 -0.00571062 0.000318158 0.000590342 0.000328625 0.00763405 0.00715974 0.0111615 0.0240508 0.00534178 0.00175552 -0.000518068 0.00315877 -0.00174922 0.00497883 -0.00630803 0.00995262 -0.000253345 0.00663273 0.00249133 -0.00630512 0.0142637 6.08155e-05 -0.0108613 -0.00458326 -0.00873011 0.0102578 0.000216766
internal_weight=28194 937 118 96 27257 2974 522 140 76 54 819 131 111 83 688 413 209 204 128 105 275 189 119 86 59 247 207 183 41 126 58 76 45 76 68 57 2452 2323 2234 79 89 67 41 47 382 224 137 81 158 87 81 77 45 64 42 70 2155 60 129 66 56 2113
internal_count=28194 937 118 96 27257 2974 522 140 76 54 819 131 111 83 688 413 209 204 128 105 275 189 119 86 59 247 207 183 41 126 58 76 45 76 68 57 2452 2323 2234 79 89 67 41 47 382 224 137 81 158 87 81 77 45 64 42 70 2155 60 129 66 56 2113
is_linear=0
shrinkage=0.05


Tree=70
num_leaves=63
num_cat=0
split_feature=100 100 111 61 43 16 114 52 46 61 84 104 18 28 110 113 82 46 27 14 113 84 65 114 114 108 114 106 111 50 109 3 30 1 114 114 50 52 49 62 94 106 48 43 14 67 109 109 109 114 58 110 114 21 114 14 51 42 104 27 3 1
split_gain=13.7232 2.87357 2.59755 2.95839 3.33323 3.16439 3.50969 3.32828 2.47183 2.84219 2.75603 2.29338 2.45303 1.96564 2.29951 1.81889 1.8179 1.75736 3.30781 1.87502 1.67171 1.97708 3.06383 2.00914 1.61927 1.58425 1.57097 1.39494 1.48071 1.59941 1.55026 2.09501 2.60504 1.72747 1.56342 1.33967 1.65566 1.87284 2.51403 1.75095 2.1144 3.67043 1.71115 1.54851 1.33881 1.33014 1.80126 1.56819 1.51779 1.63378 1.31086 1.32792 1.35828 2.31948 1.29136 1.28697 1.53935 1.5442 2.46673 1.61425 1.34807 1.24375
threshold=2024.5000000000002 2025.5000000000002 1.0000000180025095e-35 2.5000000000000004 2.0000000000000004 1.5000000000000002 14.500000000000002 3.0000000000000004 2.0000000000000004 1.5000000000000002 1.0000000180025095e-35 6.5000000000000009 1.5000000000000002 1.0000000180025095e-35 50.250000000000007 2.5000000000000004 2.5000000000000004 2.0000000000000004 2.0000000000000004 4.0000000000000009 4.5000000000000009 1.0000000180025095e-35 2.0000000000000004 13.500000000000002 7.5000000000000009 24.500000000000004 15.500000000000002 1.0000000180025095e-35 5.5000000000000009 1.0000000180025095e-35 2.5000000000000004 3.0000000000000004 2.0000000000000004 3.0000000000000004 11.500000000000002 11.500000000000002 2.0000000000000004 3.0000000000000004 4.0000000000000009 2.5000000000000004 2.0000000000000004 1.0000000180025095e-35 3.0000000000000004 2.0000000000000004 2.0000000000000004 2.5000000000000004 8.5000000000000018 82.500000000000014 44.500000000000007 18.500000000000004 3.0000000000000004 6.2500000000000009 16.500000000000004 2.5000000000000004 12.500000000000002 4.0000000000000009 1.5000000000000002 2.0000000000000004 5.5000000000000009 2.0000000000000004 3.0000000000000004 1.0000000180025095e-35
decision_type=2 2 10 2 2 2 2 2 2 2 2 2 2 2 10 2 2 2 2 2 2 2 2 2 2 10 2 2 10 2 10 2 2 2 2 2 2 2 2 2 2 2 2 2 2 2 8 10 10 2 2 10 2 2 2 2 2 2 2 2 2 2
left_child=16 2 3 4 8 6 7 -6 11 10 -10 24 -13 14 25 -11 -1 18 -5 -20 21 22 -21 -23 -2 27 -14 55 29 -29 54 32 33 61 -34 43 -37 38 -38 40 -39 -42 -41 -19 -3 47 -47 48 49 -15 -46 -52 -53 -54 -30 -4 57 -57 -59 -60 -58 -32
right_child=1 44 13 17 5 -7 -8 -9 9 15 -12 12 26 45 -16 -17 -18 35 19 20 -22 23 -24 -25 -26 -27 -28 28 30 -31 31 -33 34 -35 -36 36 37 39 -40 42 41 -43 -44 -45 50 46 -48 -49 -50 -51 51 52 53 -55 -56 56 60 58 59 -61 -62 -63
leaf_value=-0.0039406784259798855 -0.00075724103636193004 0.0002426100268763561 -0.0027806234201130306 -0.0076470747147305094 0.030339691406416316 -0.00053338909471806672 -0.00090516605288595777 0.0082631070840809683 -0.0078661174193691858 -0.0048052543936216319 -0.027926146660162056 0.013838361576199533 0.0050061991581550015 -0.003962601402254645 0.013740276785877845 0.013256134744733573 0.0064693086588619971 0.0096054658929749237 -0.0041962870886215033 0.016982138233965841 0.019905569203197956 -0.013648000545799732 -0.0042595926672220228 0.0060221413369564453 -0.017915726494975387 -0.012377721850167622 -0.011703746698119424 0.01099434300651774 -0.006721139821825148 -0.0003564851702604857 0.0032476959803786412 -0.0077197880066674331 0.0078802428119594155 -0.0060911058415917471 0.027173850574486316 0.021576942441364131 0.0047928953686585795 -9.7301852656528359e-05 0.025875542613287131 -0.011753780923953112 0.00067166530643589803 0.025915046248378027 0.005031713295956048 -0.0039002836195074701 -0.00087462130030341702 0.016219015573151412 -0.00015306476104472364 0.01041786763817072 -0.016127232710520426 0.0089444809951461281 -0.00025576895748600175 0.0012260178435392036 0.016141663400759534 -1.1111532702394155e-05 0.0024391535719235739 0.00061338074519881049 -0.0045682558803854132 0.019860709392849139 0.010518392334012567 -0.0048173159011639655 0.0045125650399822298 0.017919610552489758
leaf_weight=44 44 6884 293 61 31 112 37 38 67 46 23 51 39 430 36 20 895 41 39 58 25 21 24 34 20 22 22 100 79 45 52 29 21 36 21 27 26 32 31 22 24 36 49 44 11928 20 105 20 24 26 4661 683 43 46 75 128 133 34 37 32 59 20
leaf_count=44 44 6884 293 61 31 112 37 38 67 46 23 51 39 430 36 20 895 41 39 58 25 21 24 34 20 22 22 100 79 45 52 29 21 36 21 27 26 32 31 22 24 36 49 44 11928 20 105 20 24 26 4661 683 43 46 75 128 133 34 37 32 59 20
internal_value=3.84269e-05 -0.000166244 0.0012879 0.0031659 0.000523509 0.00532705 0.0115192 0.0181816 -0.00263063 -0.00721314 -0.0129926 0.00143115 0.00574568 0.000143286 0.0012865 0.000667894 0.00598151 0.00561255 0.00255111 0.00564608 0.00801554 0.00584583 0.010765 -0.00148828 -0.00611927 0.000917802 -0.00102034 0.00116278 0.00325442 0.00747167 0.00141808 0.00458243 0.00696086 0.00285178 0.017527 0.00802851 0.00989171 0.00845762 0.0162589 0.00572956 0.010282 0.0158177 -0.000169426 0.00261425 -0.000347434 -0.0021468 0.00246647 -0.00330012 -0.0038717 -0.00322667 -0.000581399 6.23618e-05 0.0019831 0.00779304 -0.00225996 -0.000233598 0.00153065 0.00428053 0.00883777 0.00340618 -0.0017778 0.00732323
internal_weight=28205 27266 3021 1144 550 218 106 69 332 156 90 176 112 1877 1252 66 939 594 262 201 162 137 82 55 64 1216 61 1194 478 145 333 179 150 108 42 332 247 220 57 163 92 60 71 85 24245 625 125 500 480 456 17361 5433 772 89 154 716 423 231 103 69 192 72
internal_count=28205 27266 3021 1144 550 218 106 69 332 156 90 176 112 1877 1252 66 939 594 262 201 162 137 82 55 64 1216 61 1194 478 145 333 179 150 108 42 332 247 220 57 163 92 60 71 85 24245 625 125 500 480 456 17361 5433 772 89 154 716 423 231 103 69 192 72
is_linear=0
shrinkage=0.05


Tree=71
num_leaves=63
num_cat=0
split_feature=100 100 111 61 43 46 61 84 104 61 114 52 25 110 19 8 113 8 70 82 28 46 27 14 113 73 65 114 8 114 55 12 27 47 43 108 77 21 46 91 11 54 63 114 113 70 106 113 62 28 113 46 17 114 28 40 28 62 40 11 8 40
split_gain=12.3852 2.5934 2.34429 2.66995 3.00824 2.23082 2.56507 2.48731 2.06978 1.91131 2.69395 3.43869 1.77399 2.07531 1.70761 3.3726 1.64155 2.02759 1.59526 1.83623 2.07361 1.58602 2.9853 1.6922 1.50872 1.80544 3.2034 2.14352 1.86421 1.4614 1.43246 1.67373 1.62438 2.68681 1.59165 1.42978 1.3963 3.6216 7.18278 2.79475 2.71854 2.00287 3.8322 4.02433 3.23311 3.17242 2.26195 1.58746 2.59103 3.88518 1.42573 4.57349 1.44473 2.12687 2.7303 1.72848 1.67309 1.53791 2.85068 1.49673 1.30542 1.26504
threshold=2024.5000000000002 2025.5000000000002 1.0000000180025095e-35 2.5000000000000004 2.0000000000000004 2.0000000000000004 1.5000000000000002 1.0000000180025095e-35 6.5000000000000009 1.5000000000000002 14.500000000000002 3.0000000000000004 1.0000000180025095e-35 50.250000000000007 3.5000000000000004 2.0000000000000004 2.5000000000000004 2.0000000000000004 2.0000000000000004 2.5000000000000004 2.0000000000000004 2.0000000000000004 2.0000000000000004 4.0000000000000009 4.5000000000000009 2.5000000000000004 2.0000000000000004 15.500000000000002 2.0000000000000004 7.5000000000000009 3.0000000000000004 1.0000000180025095e-35 2.0000000000000004 2.0000000000000004 2.0000000000000004 24.500000000000004 2.5000000000000004 2.5000000000000004 2.0000000000000004 2.0000000000000004 2.0000000000000004 2.0000000000000004 2.5000000000000004 11.500000000000002 2.5000000000000004 2.0000000000000004 1.0000000180025095e-35 4.5000000000000009 2.5000000000000004 2.0000000000000004 2.5000000000000004 2.0000000000000004 3.0000000000000004 12.500000000000002 2.0000000000000004 3.5000000000000004 2.0000000000000004 2.5000000000000004 3.5000000000000004 2.0000000000000004 2.0000000000000004 3.5000000000000004
decision_type=2 2 10 2 2 2 2 2 2 2 2 2 2 10 2 2 2 2 2 2 2 2 2 2 2 2 2 2 2 2 2 2 2 2 2 10 2 2 2 2 2 2 2 2 2 2 2 2 2 2 2 2 2 2 2 2 2 2 2 2 2 2
left_child=14 2 3 4 5 8 7 -7 29 10 11 -6 13 35 15 -1 17 -8 19 -10 -21 22 -5 -24 25 26 28 -27 -25 -2 -23 32 33 34 -32 -4 41 38 -38 50 -41 42 43 -16 -44 46 -46 48 49 -43 51 -39 57 54 -54 -55 -57 58 -52 -60 -50 -34
right_child=1 -3 12 21 9 6 16 -9 18 -11 -12 -13 -14 -15 36 -17 -18 -19 -20 20 -22 30 23 24 -26 27 -28 -29 -30 -31 31 -33 61 -35 -36 -37 37 39 -40 40 -42 47 44 -45 45 -47 -48 -49 60 -51 52 -53 53 55 -56 56 -58 -59 59 -61 -62 -63
leaf_value=-0.014125827189806539 -0.00071937898808920931 -0.00033006255904835459 0.0011046395606565203 -0.0072647209233436434 0.028981724529173872 -0.0074728116147227096 0.006888585661848386 -0.026529839262366295 0.018821756380299731 0.00075080770273077291 -0.0010373712810022491 0.005846543418657449 -0.0020394597686827181 0.013053263065456931 0.016195331970229748 0.011021009774412961 0.012593327779322865 -0.014185996741056443 -0.0048772452931318969 -0.0041211805607685274 0.016168513521552085 -0.0053448457783088089 -0.0039864727534735817 0.0070429579354822636 0.018910290725529195 -0.010827521119138291 -0.0052042833417654047 0.01014785250382764 0.024392068828456105 -0.017019940130412577 0.030954283121086303 0.018930334639940961 0.0099719261286759613 -0.00012365946465212367 0.012282168075442315 -0.011758835766125811 0.010778291998431087 0.011742690553807694 -0.023276372696273029 0.027117669466754486 0.0061341669297579563 -0.00023700224701315165 0.033383369802132898 -0.013895782381296157 0.0072961305667247102 0.001432437701150775 0.024983404020724052 0.012053713833315756 -0.016286616940051318 0.025121450618557306 -0.0035467124240391931 -0.020145145989954472 -0.011436184963373387 0.013439235850403616 0.0072491814930211096 0.0077582934680275432 -0.0090205475164111711 0.015596635226097147 0.023476167412644085 0.0054208993273884218 -0.00057488999460847715 0.0019494232675060629
leaf_weight=30 44 24245 1194 61 29 67 21 23 30 118 35 36 625 36 20 24 20 25 28 34 20 20 39 30 25 29 25 21 32 20 21 34 79 23 25 22 30 23 32 29 33 44 23 25 28 40 51 53 20 23 46 22 46 56 34 39 24 59 22 24 39 130
leaf_count=30 44 24245 1194 61 29 67 21 23 30 118 35 36 625 36 20 24 20 25 28 34 20 20 39 30 25 29 25 21 32 20 21 34 79 23 25 22 30 23 32 29 33 44 23 25 28 40 51 53 20 23 46 22 46 56 34 39 24 59 22 24 39 130
internal_value=3.65056e-05 -0.000157932 0.0012235 0.0030076 0.000497334 -0.00249909 -0.00685249 -0.0123429 0.00135959 0.0050607 0.0101464 0.0161684 0.000136122 0.00122217 0.00568244 -0.00294946 0.000634499 -0.00456499 0.00545839 0.00890361 0.00339352 0.00533192 0.00242356 0.00536378 0.00761476 0.00555354 0.00990492 -0.00201786 0.0159973 -0.0058133 0.00762708 0.00845862 0.0071779 0.0138297 0.0208064 0.000871912 0.00620913 0.00454133 -0.00679831 0.00607975 0.015949 0.00857413 0.0121929 -0.000521954 0.0162223 0.0129054 0.0187145 0.00479363 0.00173978 0.00846814 0.00453064 -0.00384692 0.00560776 0.00280947 -0.0034949 0.00704771 0.00136635 0.00929556 0.00525466 0.014056 -0.0059009 0.00498185
internal_weight=28205 27266 3021 1144 550 332 156 90 176 218 100 65 1877 1252 939 54 66 46 112 84 54 594 262 201 162 137 87 50 62 64 332 312 278 69 46 1216 885 519 62 457 62 366 187 45 142 119 79 179 126 67 395 45 350 199 80 119 63 151 92 46 59 209
internal_count=28205 27266 3021 1144 550 332 156 90 176 218 100 65 1877 1252 939 54 66 46 112 84 54 594 262 201 162 137 87 50 62 64 332 312 278 69 46 1216 885 519 62 457 62 366 187 45 142 119 79 179 126 67 395 45 350 199 80 119 63 151 92 46 59 209
is_linear=0
shrinkage=0.05


Tree=72
num_leaves=63
num_cat=0
split_feature=101 101 111 16 43 16 114 52 56 89 104 46 14 114 114 18 25 110 106 82 89 111 108 106 4 46 21 14 43 54 55 87 44 25 8 41 62 48 40 68 54 46 18 56 103 16 76 14 62 67 111 25 58 110 114 21 84 110 48 21 2 30
split_gain=11.1776 2.34054 2.11572 2.33584 2.12175 2.14101 2.3797 2.11514 1.8163 2.24944 2.24139 2.16857 2.88142 1.983 1.9714 1.90929 1.60102 1.87297 1.55744 1.47281 1.4101 2.53549 1.50637 1.41131 1.82148 1.24183 2.30905 1.59931 1.69656 1.35867 1.33319 1.56178 1.24159 3.07151 1.87178 5.48347 1.60815 4.41677 1.29886 1.26517 1.24085 1.52851 2.08865 1.22219 1.55097 1.39731 1.21064 1.20827 1.2075 1.20383 1.64975 2.24633 1.18305 1.19845 1.22585 2.09333 1.13967 1.13566 1.29357 1.08569 1.07429 1.64815
threshold=1.5000000000000002 1.0000000180025095e-35 1.0000000180025095e-35 2.5000000000000004 2.0000000000000004 1.5000000000000002 14.500000000000002 3.0000000000000004 3.0000000000000004 -1.4999999999999998 6.5000000000000009 2.0000000000000004 4.0000000000000009 6.5000000000000009 4.5000000000000009 1.5000000000000002 1.0000000180025095e-35 50.250000000000007 1.0000000180025095e-35 2.5000000000000004 -1.4999999999999998 5.5000000000000009 24.500000000000004 1.0000000180025095e-35 3.0000000000000004 2.0000000000000004 2.5000000000000004 4.0000000000000009 2.0000000000000004 2.0000000000000004 3.0000000000000004 1.0000000180025095e-35 2.0000000000000004 2.5000000000000004 2.0000000000000004 3.5000000000000004 2.5000000000000004 3.0000000000000004 3.5000000000000004 2.0000000000000004 2.0000000000000004 2.0000000000000004 3.5000000000000004 3.0000000000000004 1.0000000180025095e-35 1.5000000000000002 3.5000000000000004 2.0000000000000004 2.5000000000000004 2.5000000000000004 6.5000000000000009 2.5000000000000004 3.0000000000000004 6.2500000000000009 16.500000000000004 2.5000000000000004 1.0000000180025095e-35 23.250000000000004 3.0000000000000004 1.0000000180025095e-35 3.0000000000000004 2.0000000000000004
decision_type=2 2 10 2 2 2 2 2 2 2 2 2 2 2 2 2 2 10 2 2 2 10 10 2 2 2 2 2 2 2 2 2 2 2 2 2 2 2 2 2 2 2 2 2 8 2 2 2 2 2 10 2 2 10 2 2 2 8 2 2 2 2
left_child=1 47 3 4 8 6 7 -6 9 -3 14 18 -13 -14 -10 -15 17 20 56 59 21 -4 23 24 43 26 -5 -28 29 48 -27 32 34 -34 35 -32 37 -35 -36 -40 49 46 -43 45 -45 57 -42 -1 -29 -18 -51 -52 -49 -54 -55 -56 -12 -22 -59 -2 61 -25
right_child=19 2 16 25 5 -7 -8 -9 10 -11 11 12 13 15 -16 -17 40 -19 -20 -21 22 -23 -24 60 -26 30 27 28 -30 -31 31 -33 33 36 38 -37 -38 -39 39 -41 41 42 -44 44 -46 -47 -48 52 -50 50 51 -53 53 54 55 -57 -58 58 -60 -61 -62 -63
leaf_value=0.00024698266144563218 0.0043215064162557782 -0.0012548913762561586 0.013114579667749463 -0.006326549031239536 0.022961902122834648 -0.00054426015662362008 -0.0011186957168273436 0.0067804775463984075 -0.0030665898143693252 0.018556568872831438 -0.0054496879585915143 -0.018590643372515155 -0.013999166935682298 0.014455625081721407 -0.017324208273467694 -0.0032246402993395522 -0.0043565562383159808 0.012400599833603742 0.012917218538813103 0.0058373782765406435 -0.0068979394452815708 -0.0014868419151753188 -0.012995080578894841 0.0023058629361912609 0.013484156202702297 -0.0050776034360751517 -0.003787149207141155 0.011207706083077938 0.00078611984326128377 0.0035923531335411655 -0.0069532695459201934 0.018679602732299828 -0.005270782815447698 0.025316517006443898 0.0070579584072073629 0.026963949615422353 0.022196613096563921 -0.0040235481770901846 0.0021115311160683631 -0.013641839872042722 0.0043598703814275337 0.016331122684128143 -0.0010690845336232867 -0.0018670728762767146 -0.014639101564884186 0.013507366753541507 -0.008437687016668775 -0.00081438710696588945 0.026254496080800896 -0.0070565150002948945 -0.0027544279727314057 0.016925451368221951 -0.00022647738069291089 0.0011812200576154239 0.015351083272591579 5.9471141708933789e-06 0.0092069842963523798 0.013520284774510758 -0.0038665729481726883 -0.011386720124970783 -0.0014069623008993912 0.010960054559899228
leaf_weight=6884 22 38 61 56 36 112 39 46 54 23 36 29 20 26 44 37 391 36 39 895 33 58 21 257 21 20 39 40 57 33 22 32 24 23 31 26 41 29 25 26 33 34 35 483 25 26 42 11928 20 32 29 29 4661 683 43 46 21 23 20 22 118 70
leaf_count=6884 22 38 61 56 36 112 39 46 54 23 36 29 20 26 44 37 391 36 39 895 33 58 21 257 21 20 39 40 57 33 22 32 24 23 31 26 41 29 25 26 33 34 35 483 25 26 42 11928 20 32 29 29 4661 683 43 46 21 23 20 22 118 70
internal_value=3.46803e-05 -0.000150035 0.00116233 0.00285722 0.000705917 0.00443753 0.00904877 0.0138845 -0.0016632 0.006215 -0.00323369 -0.000296385 -0.00502301 -0.000282515 -0.00946797 0.00407198 0.000129316 0.00116107 0.00521801 0.00539832 0.000828317 0.00599792 0.00026753 0.000526373 -0.000994314 0.00522998 0.00259089 0.0052331 0.00757836 0.0117414 0.00739245 0.00828636 0.00693987 0.0106766 0.00357683 0.0114186 0.014792 0.00895379 -0.00101345 -0.0059196 -0.00193749 0.00213426 0.00750493 -0.00149275 -0.00249562 0.00350191 -0.00280676 -0.000313559 0.0162233 -0.00315647 0.00205724 0.00708551 -0.000535826 7.57468e-05 0.00190044 0.00741989 -4.98613e-05 7.8988e-05 0.00543337 -0.00353261 0.00268267 0.00415844
internal_weight=28205 27266 3021 1144 600 233 121 82 367 61 306 208 112 83 98 63 1877 1252 96 939 1216 119 1097 1076 631 544 245 189 150 93 299 279 247 117 130 48 93 52 82 51 625 144 69 610 508 102 75 24245 60 481 90 58 17361 5433 772 89 57 76 43 44 445 327
internal_count=28205 27266 3021 1144 600 233 121 82 367 61 306 208 112 83 98 63 1877 1252 96 939 1216 119 1097 1076 631 544 245 189 150 93 299 279 247 117 130 48 93 52 82 51 625 144 69 610 508 102 75 24245 60 481 90 58 17361 5433 772 89 57 76 43 44 445 327
is_linear=0
shrinkage=0.05


Tree=73
num_leaves=63
num_cat=0
split_feature=100 100 88 112 61 19 8 72 56 113 94 57 106 70 63 62 91 85 94 8 25 63 41 69 41 70 77 104 114 113 106 65 114 74 114 94 50 94 100 69 114 69 49 79 114 106 40 28 67 74 114 106 100 68 44 113 106 103 63 113 77 14
split_gain=10.0878 2.11234 1.97106 2.25092 2.44294 1.47448 2.98613 1.46252 2.15165 3.28519 1.3564 1.95311 1.56895 3.15405 3.90682 2.69716 3.03564 2.1081 2.03034 1.85554 1.51172 3.21612 2.10391 1.90072 1.45824 1.44813 1.36532 1.31642 1.91574 1.35872 1.29453 1.28842 2.77639 4.05878 2.66517 2.21763 2.0796 3.31859 2.68338 9.06755 3.06307 2.58261 2.04185 3.35472 2.24811 2.2111 1.9507 1.83158 1.5701 1.368 3.75019 2.24801 2.15297 2.15725 1.21296 2.1687 2.21383 2.91614 1.84827 2.22362 1.49903 1.24235
threshold=2024.5000000000002 2025.5000000000002 1.0000000180025095e-35 inf 2.5000000000000004 3.5000000000000004 2.0000000000000004 2.5000000000000004 3.0000000000000004 1.5000000000000002 2.0000000000000004 2.0000000000000004 1.0000000180025095e-35 2.0000000000000004 2.5000000000000004 2.5000000000000004 2.0000000000000004 -1.4999999999999998 4.0000000000000009 2.0000000000000004 2.5000000000000004 2.5000000000000004 3.5000000000000004 3.0000000000000004 3.5000000000000004 2.0000000000000004 2.5000000000000004 7.5000000000000009 5.5000000000000009 1.5000000000000002 1.0000000180025095e-35 2.0000000000000004 12.500000000000002 2.5000000000000004 14.500000000000002 4.0000000000000009 2.0000000000000004 2.0000000000000004 2021.5000000000002 3.0000000000000004 17.500000000000004 3.0000000000000004 4.0000000000000009 2.0000000000000004 10.500000000000002 1.0000000180025095e-35 3.5000000000000004 2.0000000000000004 2.5000000000000004 2.5000000000000004 12.500000000000002 1.0000000180025095e-35 2022.5000000000002 2.0000000000000004 2.0000000000000004 3.5000000000000004 1.0000000180025095e-35 1.0000000180025095e-35 2.5000000000000004 1.5000000000000002 2.5000000000000004 4.0000000000000009
decision_type=2 2 2 8 2 2 2 2 2 2 2 2 2 2 2 2 2 2 2 2 2 2 2 2 2 2 2 2 2 2 2 2 2 2 2 2 2 2 2 2 2 2 2 2 2 2 2 2 2 2 2 2 2 2 2 2 2 8 2 2 2 2
left_child=5 2 3 7 27 6 -1 -2 9 -9 11 -6 15 14 -14 16 19 -15 -16 -12 21 22 -13 26 -17 -21 -22 28 -5 -30 -25 36 33 35 -34 -33 41 49 39 -39 42 -7 46 -44 45 -45 -40 -36 -48 52 -51 -52 -38 -54 55 56 60 -58 59 -56 -29 -59
right_child=1 -3 -4 4 10 31 -8 8 -10 -11 12 20 13 17 18 24 -18 -19 -20 25 23 -23 -24 30 -26 -27 -28 54 29 -31 -32 32 34 -35 47 -37 37 38 40 -41 -42 -43 43 44 -46 -47 48 -49 -50 50 51 -53 53 -55 58 -57 57 61 -60 -61 -62 -63
leaf_value=-0.013409178010188046 0.0015224733658546045 -0.00029788146301123314 -0.011648209815224013 0.0019049839368637869 0.017278613522648811 0.02342521679257193 0.010253015736573919 0.00042375799856687847 -0.002256662804100083 0.019911512167059952 0.014999140404958139 -0.0060591875115791581 0.021320211543733703 0.031226941512431952 0.0098029067710740502 0.0051061571443278813 -0.013488027289071503 0.012298527356286192 -0.0063258749768137935 0.0074195349842987278 0.0053941799793392423 -0.021221433154174262 0.012302876930110731 0.01378192617199742 0.01955401482015488 -0.010722154074094513 -0.010996012686303368 -0.010594918472426279 -0.0010410377883442467 -0.014707564469426872 0.00073913572744155928 0.022191825566383508 0.02344927640217874 -0.0087470017722807835 0.014476070440757802 0.0011149072262924165 0.012835778429483375 -0.031142542324960235 0.0085613986104726789 0.011774182121689592 -0.0053525512173239684 0.0030156650730679114 -0.0056945884954589217 0.004873253235026547 0.0055688680782623127 0.024419980706312721 0.014412508303156267 -0.00037689890712499624 0.033046721275895835 0.0042367135926794546 -0.0065135796513894331 -0.029434106831904502 0.0078643629084462711 -0.012210962374228985 -0.0030981723102740943 0.018948967903852462 0.024899089708924294 -0.0058354542064278023 -0.0039462197055942869 0.013104022480547428 0.003839738609118236 0.010117425826879647
leaf_weight=30 956 24245 30 85 20 31 24 95 778 28 27 39 29 24 32 40 34 38 50 22 24 21 26 52 31 22 27 35 31 44 30 26 45 44 51 24 30 20 55 32 42 31 46 23 128 39 26 35 20 39 23 20 23 32 40 25 21 23 134 45 37 26
leaf_count=30 956 24245 30 85 20 31 24 95 778 28 27 39 29 24 32 40 34 38 50 22 24 21 26 52 31 22 27 35 31 44 30 26 45 44 51 24 30 20 55 32 42 31 46 23 128 39 26 35 20 39 23 20 23 32 40 25 21 23 134 45 37 26
internal_value=3.29463e-05 -0.000142533 0.00110421 0.00123212 0.00298738 0.0051284 -0.00289265 0.000160248 -0.00128513 0.00485999 0.00522366 0.00232172 0.00721095 0.0105923 0.00554672 0.0038872 -0.00120261 0.0196257 -3.17162e-05 0.00468055 0.000955793 -0.00421027 0.00128564 0.00429626 0.0114144 -0.00165131 -0.00328298 0.000579066 -0.00323426 -0.00905873 0.00901017 0.00561782 0.00888526 0.00232848 0.0135901 0.0120749 0.00450392 0.0036002 0.00591875 -0.00473225 0.0073801 0.0132204 0.00896696 0.00642088 0.0093541 0.0171688 0.0149162 0.00843126 0.0225143 -0.00238359 -0.00699101 -0.0171743 0.00206121 -0.00381583 0.00215972 0.00536941 0.00297864 0.00931026 -0.000287851 0.00547946 -0.00317711 0.00262934
internal_weight=28205 27266 3021 2991 1134 939 54 1857 901 123 588 239 349 173 111 176 105 62 82 71 219 86 65 133 71 44 51 546 160 75 82 885 225 94 131 50 660 598 431 52 379 62 337 236 190 62 101 86 46 167 82 43 85 55 386 167 142 70 219 85 72 49
internal_count=28205 27266 3021 2991 1134 939 54 1857 901 123 588 239 349 173 111 176 105 62 82 71 219 86 65 133 71 44 51 546 160 75 82 885 225 94 131 50 660 598 431 52 379 62 337 236 190 62 101 86 46 167 82 43 85 55 386 167 142 70 219 85 72 49
is_linear=0
shrinkage=0.05


Tree=74
num_leaves=63
num_cat=0
split_feature=100 100 102 111 61 43 46 61 84 17 70 110 110 99 20 28 51 54 77 46 114 94 17 63 25 108 51 108 114 51 114 65 100 100 48 61 77 114 114 114 46 114 54 49 71 28 8 100 94 66 67 52 94 106 79 61 114 46 26 61 49 77
split_gain=9.10423 1.90639 1.8886 2.02156 1.78219 2.59234 1.91221 2.20724 2.25138 1.67966 1.63407 1.52394 3.5913 1.48069 4.60281 3.03468 1.4516 1.25739 1.84932 2.61464 1.82329 1.23643 1.41242 2.30403 1.78233 1.33191 1.42668 1.50698 1.52768 1.32249 1.26392 1.20929 2.75996 1.60651 6.38107 1.94196 3.32265 1.97593 1.89514 1.5137 3.88678 1.61665 3.33861 1.50786 1.80937 3.1021 2.11251 2.05666 2.97491 2.3612 1.64965 1.55858 1.50511 1.47074 1.45655 1.53693 1.2782 1.20158 2.38761 1.19986 2.16328 1.55893
threshold=2024.5000000000002 2025.5000000000002 inf 1.0000000180025095e-35 2.5000000000000004 2.0000000000000004 2.0000000000000004 1.5000000000000002 1.0000000180025095e-35 3.0000000000000004 2.0000000000000004 50.250000000000007 61.750000000000007 3.0000000000000004 2.5000000000000004 2.0000000000000004 2.5000000000000004 2.0000000000000004 1.5000000000000002 2.0000000000000004 12.500000000000002 4.0000000000000009 3.0000000000000004 2.5000000000000004 2.5000000000000004 24.500000000000004 1.5000000000000002 8.5000000000000018 18.500000000000004 2.5000000000000004 15.500000000000002 2.0000000000000004 2021.5000000000002 2021.5000000000002 3.0000000000000004 2.5000000000000004 1.5000000000000002 17.500000000000004 10.500000000000002 12.500000000000002 2.0000000000000004 14.500000000000002 2.0000000000000004 4.0000000000000009 3.0000000000000004 2.0000000000000004 2.0000000000000004 2022.5000000000002 4.0000000000000009 2.0000000000000004 2.5000000000000004 3.0000000000000004 4.0000000000000009 1.0000000180025095e-35 2.0000000000000004 3.5000000000000004 12.500000000000002 2.0000000000000004 2.5000000000000004 2.5000000000000004 4.0000000000000009 1.0000000180025095e-35
decision_type=2 2 8 10 2 2 2 2 2 2 2 10 10 2 2 2 2 2 2 2 2 2 2 2 2 10 2 10 2 2 2 2 2 2 2 2 2 2 2 2 2 2 2 2 2 2 2 2 2 2 2 2 2 2 2 2 2 2 2 2 2 2
left_child=31 2 3 4 5 6 10 8 -8 17 13 21 -13 -2 -15 -16 -11 18 20 -20 -7 25 29 -24 -25 26 -5 28 30 59 -28 33 -33 34 -1 36 38 43 -35 40 52 -41 -43 54 45 46 -45 48 -46 56 -51 -47 -34 -38 -37 -56 -49 58 -6 61 -61 -23
right_child=1 -3 -4 11 57 9 7 -9 -10 16 -12 12 -14 14 15 -17 -18 -19 19 -21 -22 22 23 24 -26 -27 27 -29 -30 -31 -32 32 39 35 -36 37 53 -39 -40 41 -42 42 -44 44 47 51 -48 49 -50 50 -52 -53 -54 -55 55 -57 -58 -59 -60 60 -62 -63
leaf_value=-0.020509297993680044 -0.0042509561573917214 -0.00028298739208619918 -0.0062109840498573484 0.0026068069350781535 -0.0065324431095840577 0.021333608665951978 -0.0064693578256992627 0.00094186811475083232 -0.02470831075764221 0.0080553382040997011 -0.0068489025869384046 0.024196155640211974 -0.00064128197642952898 0.025281083225100129 -0.0086512953133529268 0.014919705362990499 -0.006113009888213128 0.016963173983138846 -0.012097029882268264 0.010788919299375267 0.0023929507083569963 -0.016221335874154016 -0.0055751773252807283 0.0026922034113748194 0.01824388068031382 -0.011575625588496527 -0.0012871725359551048 0.010519808199670581 0.010374388058204204 -0.0071560119601048943 -0.0093444220788244693 0.023350091908986754 0.017986455389523301 -0.0022824175804853439 0.0088403200923019773 0.022332120443192813 -0.0013538717674756689 -0.0024907351423772515 0.016657543115850007 0.018368357955631309 -0.010180868085746359 -0.0061916782887596073 0.015060415208738829 -0.0056080761919351857 0.018722687020070024 0.028104094834998251 0.01002204604088687 -0.015252086288049161 -0.0042979589299015379 0.011240723521914334 -0.0044217741181110512 0.011654577448239757 0.0010591620899504052 -0.017287413336647055 0.0018035014204326131 0.014505641677162865 9.6098884292270831e-06 0.0068645979499227907 0.0049471104430416843 0.016588629484176637 -0.000790593237207647 -0.0022303356942446795
leaf_weight=31 33 24245 87 678 59 27 64 64 23 29 41 22 43 27 36 22 48 33 26 24 24 26 54 58 27 21 372 27 25 147 56 26 29 25 46 26 28 61 28 38 41 33 42 37 36 24 52 34 23 40 29 36 24 30 42 55 23 327 195 20 171 85
leaf_count=31 33 24245 87 678 59 27 64 64 23 29 41 22 43 27 36 22 48 33 26 24 24 26 54 58 27 21 372 27 25 147 56 26 29 25 46 26 28 61 28 38 41 33 42 37 36 24 52 34 23 40 29 36 24 30 42 55 23 327 195 20 171 85
internal_value=3.1299e-05 -0.000135407 0.001049 0.00126427 0.00295649 0.000833117 -0.00207665 -0.00610629 -0.0112911 0.00510813 0.00175025 0.000246361 0.00776524 0.00473809 0.00822795 0.000289429 -0.000776879 0.00848981 0.00572128 -0.00111177 0.0124204 -3.02248e-05 -0.00190308 0.00250124 0.00763215 0.000903822 0.00113013 -0.000955669 -0.00163964 -0.00326656 -0.00234139 0.00487198 0.00799538 0.00384117 -0.00297576 0.00467567 -0.00132595 0.00596174 0.0077236 0.00606677 0.00137885 0.00996646 0.00570949 0.00708997 0.00534707 0.00944772 0.00352413 0.00204439 0.00974854 -0.00156311 0.00465793 0.0182344 0.0103213 -0.00959536 0.0118227 0.00900575 -0.00909386 0.00486058 0.0022806 -0.00137335 0.00102922 -0.00550751
internal_weight=28205 27266 3021 2934 1102 521 310 151 87 211 159 1832 65 118 85 58 77 134 101 50 51 1767 588 139 85 1179 1158 480 453 449 428 939 233 706 77 629 111 518 53 207 94 113 75 457 334 149 89 185 59 126 69 60 53 58 123 97 57 581 254 302 191 111
internal_count=28205 27266 3021 2934 1102 521 310 151 87 211 159 1832 65 118 85 58 77 134 101 50 51 1767 588 139 85 1179 1158 480 453 449 428 939 233 706 77 629 111 518 53 207 94 113 75 457 334 149 89 185 59 126 69 60 53 58 123 97 57 581 254 302 191 111
is_linear=0
shrinkage=0.05


Tree=75
num_leaves=63
num_cat=0
split_feature=100 65 9 114 99 71 14 40 70 44 77 12 70 94 48 100 100 114 114 61 94 66 114 55 14 62 94 70 55 113 100 63 114 77 66 114 110 109 103 107 77 110 67 109 111 68 31 114 114 49 111 111 114 107 14 103 42 77 54 113 107 111
split_gain=9.49188 2.59104 2.75932 2.45394 3.32399 2.31346 2.67883 2.66149 4.13352 2.33428 2.07537 2.01871 2.44566 1.8186 1.75545 4.57939 3.29897 6.46917 2.11339 2.58685 2.41772 3.89512 1.49052 1.77339 1.41562 1.41014 1.4023 2.00008 1.36485 3.35051 1.67388 1.20114 1.17495 1.04671 1.04428 1.02232 0.973868 0.892717 1.20906 1.39809 1.06244 1.02143 1.43767 1.23275 1.18398 1.27925 0.946412 1.19926 1.02365 1.515 1.28357 0.917931 0.83226 0.805502 0.854779 1.59262 1.90844 1.95021 1.61216 1.41206 1.27395 1.08061
threshold=2024.5000000000002 2.0000000000000004 1.0000000180025095e-35 13.500000000000002 3.0000000000000004 3.0000000000000004 4.0000000000000009 3.5000000000000004 2.0000000000000004 2.0000000000000004 2.5000000000000004 1.0000000180025095e-35 2.0000000000000004 4.0000000000000009 3.0000000000000004 2022.5000000000002 2022.5000000000002 11.500000000000002 11.500000000000002 3.5000000000000004 2.0000000000000004 2.0000000000000004 17.500000000000004 3.0000000000000004 4.0000000000000009 2.5000000000000004 4.0000000000000009 2.0000000000000004 3.0000000000000004 2.5000000000000004 2025.5000000000002 2.5000000000000004 12.500000000000002 2.5000000000000004 2.0000000000000004 13.500000000000002 0.75000000000000011 10.500000000000002 1.0000000180025095e-35 3.5000000000000004 1.5000000000000002 5.7500000000000009 2.5000000000000004 7.5000000000000009 7.5000000000000009 2.0000000000000004 2.5000000000000004 9.5000000000000018 8.5000000000000018 4.0000000000000009 3.5000000000000004 7.5000000000000009 7.5000000000000009 30.500000000000004 2.0000000000000004 1.0000000180025095e-35 2.0000000000000004 1.5000000000000002 2.0000000000000004 2.5000000000000004 21.500000000000004 1.5000000000000002
decision_type=2 2 2 2 2 2 2 2 2 2 2 2 2 2 2 2 2 2 2 2 2 2 2 2 2 2 2 2 2 2 2 2 2 2 2 2 8 8 8 8 2 10 2 10 10 2 2 2 2 2 10 10 2 10 2 10 2 2 2 2 10 8
left_child=1 3 22 4 -1 6 10 13 9 -9 -5 -8 -13 -7 16 24 17 -6 20 -20 -17 -22 23 -3 -16 31 -25 35 29 -2 34 -18 -32 -33 -31 -28 -30 38 39 -38 46 -42 44 -44 -43 52 48 -48 -41 51 -51 -50 -46 54 55 59 57 -57 -59 60 61 -39
right_child=28 2 -4 5 14 7 11 8 -10 -11 -12 12 -14 -15 15 18 25 -19 19 -21 21 -23 -24 26 -26 -27 27 -29 36 30 32 33 -34 -35 -36 -37 37 53 -40 40 41 42 43 -45 45 -47 47 -49 49 50 -52 -53 -54 -55 -56 56 -58 58 -60 -61 -62 -63
leaf_value=-0.010205746143414029 0.00047974529923783043 0.021365075581707062 -0.0075870492362550323 0.016364255077628929 0.014504068172046622 0.018535730459261684 -0.020156993595883251 -0.021387314456156815 0.010850423288923737 0.00047990918645392298 -0.0043239204514840691 0.0044588416954502467 -0.015175886323739743 0.0020907399212491923 0.026555329486727716 -0.016025674701527211 0.029450086642128344 -0.02007543576792592 -0.0025423295388463888 0.018690495150915993 -0.014759542274734248 0.012044713838082373 0.022629966242955282 0.012060046216569524 0.010567879544364082 0.0071060673817992213 0.0034027451294518654 0.013247559377207205 -0.0042357031904781857 0.026060416977852587 -0.0028013161849230529 0.023458144508979539 0.009946310700958267 0.0078520051159319433 0.0099027488939464094 -0.012198868739817825 -0.0021920248578355564 0.0041838485601705961 -0.0010701185512844052 0.0015772958795794033 -0.0017381167833177822 -0.0031569133234239117 0.019067196539518508 0.0026813529587040347 0.0014765184118666432 -0.003875577695933836 0.0046389916497800087 -0.0093861111785684317 0.0062347014993429191 0.013550870923791081 0.003179991782522526 0.021201960121591888 0.013820375326193041 -0.004911540415970252 -0.0004604174687029873 0.0019412394746073655 -0.0048020391301675279 0.0084713428017372892 0.026534295880368781 -0.0033828778382671136 0.010708263111782485 9.4569375813550929e-05
leaf_weight=29 613 28 21 22 38 40 30 26 38 23 27 35 29 29 20 33 26 21 32 26 23 33 26 82 45 25 21 26 150 20 28 22 51 21 20 21 246 166 722 550 327 97 22 24 22 28 27 35 20 32 441 21 36 94 17146 49 33 30 21 279 29 6031
leaf_count=29 613 28 21 22 38 40 30 26 38 23 27 35 29 29 20 33 26 21 32 26 23 33 26 82 45 25 21 26 150 20 28 22 51 21 20 21 246 166 722 550 327 97 22 24 22 28 27 35 20 32 441 21 36 94 17146 49 33 30 21 279 29 6031
internal_value=7.68176e-06 0.00500885 0.00967073 0.00349525 0.00608718 7.98034e-05 -0.00451387 0.00429067 -0.00152547 -0.0111231 0.00496465 -0.0094548 -0.00443814 0.0116241 0.00738168 0.00443594 0.0114634 0.00219611 -0.000450632 0.00697583 -0.00529035 0.00103582 0.0114473 0.00981384 0.0154871 0.0172801 0.00765761 0.00234879 -0.000159814 0.00197018 0.0096478 0.0209663 0.00542816 0.0158365 0.0179816 -0.00439806 -0.000218258 -0.000195542 0.000675122 0.00132868 0.0018436 5.52999e-05 0.0026162 0.0105181 0.000629946 0.00490117 0.00272664 -0.00327841 0.00307655 0.00468082 0.00388162 0.0139009 0.00913822 -0.000292169 -0.000273912 0.000207833 0.00562416 0.00906481 0.015909 9.7092e-05 0.000253037 0.00020411
internal_weight=28328 918 225 693 394 299 143 156 87 49 49 94 64 69 365 212 153 59 147 58 89 56 204 178 65 94 150 68 27410 732 119 69 79 43 40 42 26678 26528 2650 1928 1682 556 229 46 183 86 1126 62 1064 514 473 41 58 23878 23784 6638 133 100 51 6505 6226 6197
internal_count=28328 918 225 693 394 299 143 156 87 49 49 94 64 69 365 212 153 59 147 58 89 56 204 178 65 94 150 68 27410 732 119 69 79 43 40 42 26678 26528 2650 1928 1682 556 229 46 183 86 1126 62 1064 514 473 41 58 23878 23784 6638 133 100 51 6505 6226 6197
is_linear=0
shrinkage=0.05


Tree=76
num_leaves=63
num_cat=0
split_feature=100 65 24 9 74 100 100 69 100 22 66 26 12 62 94 74 79 77 8 42 106 43 113 85 55 113 42 79 47 103 72 11 73 40 106 20 94 82 18 58 69 11 49 57 113 74 54 62 100 72 110 111 111 110 77 110 100 24 72 8 106 54
split_gain=8.56642 2.33842 2.77041 2.49028 1.98532 1.35545 1.32552 5.37875 2.35808 3.87328 2.35772 3.30708 3.52595 4.48199 1.85793 2.03554 1.57189 2.69493 2.09581 5.13894 1.92717 1.36018 1.29745 1.27433 1.67099 2.27596 1.27941 1.51373 2.26115 2.34241 1.25589 1.90253 1.13115 1.09555 0.908884 1.8958 1.68271 1.9409 2.47739 1.69857 1.36613 1.16507 2.05309 1.58955 1.0719 1.12792 1.03194 1.00684 0.903603 0.897029 1.07308 0.862944 0.852361 0.982078 1.85703 0.93697 2.9599 4.22446 0.847996 2.04832 1.71552 1.22065
threshold=2024.5000000000002 2.0000000000000004 2.5000000000000004 1.0000000180025095e-35 2.5000000000000004 2021.5000000000002 2021.5000000000002 3.0000000000000004 2022.5000000000002 3.0000000000000004 2.0000000000000004 2.5000000000000004 1.0000000180025095e-35 2.5000000000000004 2.0000000000000004 2.5000000000000004 2.0000000000000004 2.5000000000000004 2.0000000000000004 2.0000000000000004 1.0000000180025095e-35 2.0000000000000004 4.5000000000000009 4.0000000000000009 3.0000000000000004 2.5000000000000004 2.0000000000000004 2.0000000000000004 2.0000000000000004 1.0000000180025095e-35 3.5000000000000004 1.0000000180025095e-35 2.5000000000000004 3.5000000000000004 1.0000000180025095e-35 2.5000000000000004 4.0000000000000009 2.5000000000000004 3.5000000000000004 3.0000000000000004 3.0000000000000004 2.0000000000000004 4.0000000000000009 4.0000000000000009 3.5000000000000004 2.5000000000000004 2.0000000000000004 2.5000000000000004 2025.5000000000002 1.0000000180025095e-35 5.7500000000000009 2.5000000000000004 6.5000000000000009 32.250000000000007 2.5000000000000004 10.750000000000002 2025.5000000000002 2.5000000000000004 3.5000000000000004 2.0000000000000004 1.0000000180025095e-35 2.0000000000000004
decision_type=2 2 2 2 2 2 2 2 2 2 2 2 2 2 2 2 2 2 2 2 2 2 2 2 2 2 2 2 2 10 2 2 2 2 2 2 2 2 2 2 2 2 2 2 2 2 2 2 2 2 10 10 10 10 2 10 2 2 2 2 2 2
left_child=1 2 4 5 -1 -3 7 -4 9 14 11 32 13 -13 -8 -16 17 -12 19 20 -18 -11 -9 49 25 -25 27 30 34 -30 31 -26 -10 -22 35 40 37 -37 46 -40 -29 42 43 -36 -43 -46 -39 -45 -32 -2 -51 -52 53 -53 -55 56 57 -54 -7 -60 -61 -62
right_child=23 3 6 -5 -6 58 8 22 10 21 16 12 -14 -15 15 -17 18 -19 -20 -21 33 -23 -24 24 26 -27 -28 28 29 -31 48 -33 -34 -35 41 36 -38 38 39 -41 -42 44 -44 47 45 -47 -48 -49 -50 50 51 52 55 54 -56 -57 -58 -59 59 60 61 -63
leaf_value=0.022087040146993055 7.2409784361980034e-05 0.021093106548609547 -0.02172378737833006 -0.0072076967429547086 0.0055670739140954214 0.016611637543246616 -0.0086425460005799936 -0.00149869453267787 0.015768683488879883 0.011474495109072641 0.0081087558716535571 -0.031408169623822549 0.0064205043291655816 -0.0056322674162705283 -0.0027554460468568972 0.01630995969088482 -0.0051184013971815948 -0.017536751021231926 0.0098157249860465531 -0.021833911234335531 0.020254806421049265 0.026151988144826006 0.016097264433046803 0.00081480542268556888 -0.0016939676246575772 0.013794142497364055 -0.00095664931699387251 0.023391081148292872 0.0024894910326111134 0.021774343229199369 0.0087823331809769849 -0.01564737318147873 -0.00028160294193936428 0.0042540174629539258 0.0013725836462794971 -0.0024561592377722267 -0.0013448246363421076 -0.0022095421807056194 0.0094236886301250367 0.027914287182299987 0.0053353607527573009 0.0037147195699314276 -0.00054200570899819113 0.022800056026740512 -0.0015876493139846905 -0.014302163647318428 0.010083192139263114 0.0076730199581520123 3.0604729136405896e-05 -0.00071280403814770606 0.00819091044832021 -0.0019840657796110161 0.028452460181254607 -0.0027557168770932926 0.011228661871580191 0.00024390936382681543 0.0012019331201209107 0.0026883910126166374 0.01675253341320989 0.011290312062970601 0.0081097190221771608 -0.0071509293942271096
leaf_weight=31 11723 28 27 21 44 32 30 22 21 38 20 26 27 48 28 28 23 21 125 21 23 27 20 79 155 59 741 20 32 31 39 29 23 20 39 48 144 38 27 23 22 30 214 22 37 33 31 22 121 11553 36 535 26 53 43 1019 345 41 43 43 20 38
leaf_count=31 11723 28 27 21 44 32 30 22 21 38 20 26 27 48 28 28 23 21 125 21 23 27 20 79 155 59 741 20 32 31 39 29 23 20 39 48 144 38 27 23 22 30 214 22 37 33 31 22 121 11553 36 535 26 53 43 1019 345 41 43 43 20 38
internal_value=7.29767e-06 0.00475841 0.00332049 0.0091872 0.0123953 0.0108749 0.00221917 -0.00431258 0.0030401 0.00836016 0.00102169 -0.00406167 -0.00904562 -0.0146887 0.00139826 0.00677726 0.00393508 -0.00502675 0.00566826 -0.000290741 0.0065639 0.0175713 0.00688033 -0.000151824 0.00105172 0.00636394 0.000665478 0.00170437 0.00288079 0.0119789 -0.00107594 -0.00389315 0.00737876 0.0128126 0.00211655 0.00396242 0.00261587 0.00603107 0.00945449 0.0179294 0.0139333 0.000475255 0.00204697 0.00872215 -0.00419273 -0.00758163 0.00331328 0.0152365 0.00216384 -0.000248396 -0.000523892 0.000516385 0.000382397 -0.00114849 0.00350812 0.00105744 0.00306955 0.0126864 0.00924928 0.0076132 0.0037222 -0.00188864
internal_weight=28328 918 693 225 75 204 618 69 549 151 398 145 101 74 86 56 253 41 212 87 66 65 42 27410 2036 138 1898 1157 813 63 344 184 44 43 750 353 311 167 119 50 42 397 297 83 100 70 69 44 160 25374 13651 2098 2062 631 96 1431 412 67 176 144 101 58
internal_count=28328 918 693 225 75 204 618 69 549 151 398 145 101 74 86 56 253 41 212 87 66 65 42 27410 2036 138 1898 1157 813 63 344 184 44 43 750 353 311 167 119 50 42 397 297 83 100 70 69 44 160 25374 13651 2098 2062 631 96 1431 412 67 176 144 101 58
is_linear=0
shrinkage=0.05


Tree=77
num_leaves=63
num_cat=0
split_feature=101 52 114 42 44 57 114 94 114 94 104 21 114 87 8 28 114 17 42 114 40 54 44 28 55 73 114 111 40 114 114 111 91 44 66 114 54 114 68 110 114 102 111 104 109 88 85 111 68 42 40 54 44 72 9 52 16 72 21 114 17 28
split_gain=7.7312 1.63178 1.74271 3.97345 3.48022 1.93455 1.75118 1.68001 2.29998 4.5685 2.96827 2.10188 3.03842 2.14466 2.40337 4.00578 3.03013 2.78817 1.82233 2.75191 1.60813 1.49052 1.38976 1.22549 1.16815 2.14594 3.07611 2.00164 1.25065 1.06216 1.05325 0.935805 0.909497 1.18919 2.12011 1.80396 1.4195 1.08231 1.00515 0.874861 0.836113 1.36285 2.45112 1.50736 1.39143 1.48145 1.3481 2.47565 2.18121 4.09758 4.51994 4.02764 3.05591 2.13784 1.85551 1.61601 1.15698 1.68222 3.05259 1.77344 1.77709 1.90775
threshold=1.5000000000000002 3.0000000000000004 12.500000000000002 2.0000000000000004 2.0000000000000004 4.0000000000000009 14.500000000000002 4.0000000000000009 8.5000000000000018 2.0000000000000004 7.5000000000000009 2.5000000000000004 13.500000000000002 1.0000000180025095e-35 2.0000000000000004 2.0000000000000004 12.500000000000002 3.0000000000000004 2.0000000000000004 13.500000000000002 3.5000000000000004 2.0000000000000004 2.0000000000000004 2.0000000000000004 3.0000000000000004 2.5000000000000004 10.500000000000002 7.5000000000000009 3.5000000000000004 17.500000000000004 16.500000000000004 5.5000000000000009 2.0000000000000004 2.0000000000000004 2.0000000000000004 11.500000000000002 2.0000000000000004 12.500000000000002 2.0000000000000004 0.75000000000000011 8.5000000000000018 1.0000000180025095e-35 4.5000000000000009 7.5000000000000009 18.500000000000004 1.0000000180025095e-35 4.0000000000000009 7.5000000000000009 2.0000000000000004 2.0000000000000004 3.5000000000000004 2.0000000000000004 2.0000000000000004 2.5000000000000004 1.0000000180025095e-35 3.0000000000000004 4.5000000000000009 3.5000000000000004 2.5000000000000004 16.500000000000004 3.0000000000000004 2.0000000000000004
decision_type=2 2 2 2 2 2 2 2 2 2 2 2 2 2 2 2 2 2 2 2 2 2 2 2 2 2 2 10 2 2 2 10 2 2 2 2 2 2 2 8 2 8 8 2 8 2 2 10 2 2 2 2 2 2 2 2 2 2 2 2 2 2
left_child=24 2 5 4 6 -2 -4 8 9 20 -10 12 -9 18 17 16 -16 -15 19 -13 -3 -20 -21 -7 25 30 -27 28 -28 32 -1 -32 33 34 -12 -35 37 -36 -37 -26 -41 42 -42 -43 -45 46 -46 48 49 50 52 -52 55 -50 -51 -48 57 58 -55 60 -59 -62
right_child=1 7 3 -5 -6 23 -8 11 10 -11 29 13 -14 14 15 -17 -18 -19 21 22 -22 -23 -24 -25 39 26 27 -29 -30 -31 31 -33 -34 35 36 38 -38 -39 -40 40 41 43 -44 44 45 -47 47 -49 53 54 51 -53 -54 56 -56 -57 -58 59 -60 -61 61 -63
leaf_value=-0.00016306099508762417 0.0027303688998880061 -0.022209767099808566 0.012651382490992548 -0.010255235165138455 0.021015209732577207 0.025003553627792635 -0.0042177458526566625 0.0027317145431879908 0.025623743723900545 0.012409014429055877 -0.0071038684508813593 0.0035200502723455431 -0.023310927026683376 0.029700207089384395 -0.021067681666907104 0.019159140810370446 0.005485348098657348 0.0052049414899486765 -0.0048830744445971823 -0.020392577608506528 -0.0030921059237285099 0.011243701921500218 -0.0034870260395109655 0.011159046544062516 -0.0040060598892159762 -0.0026418139498370391 0.011601336731885872 0.0026715467249353729 0.02643446621519548 -0.0021499638719593779 -0.0020090005826205017 0.011237262031063438 0.014177744763437659 0.00044129627101399281 -0.005321261010920772 0.023858475980038443 0.014994571546890906 0.0085117468610405918 0.009668613508200417 -0.00041012408864308185 0.0068703033192002265 -0.00064314078076181148 0.00030296170594742229 0.0021780301961272694 -0.00011481671391218042 -0.0067837626499434311 -0.001540771061959474 -0.0029721964150667191 -0.010432490178694328 -0.015011883640129651 0.011257174945736336 0.033069727795593667 -0.011547459032386541 0.0025941352920199282 0.0022567751181001463 0.015017942682181191 -0.0071115947489080768 -0.0077406610221895447 0.022813648406216608 0.0071770739445865556 -0.0047213085315888749 0.012829269304250678
leaf_weight=537 29 22 25 34 40 33 40 24 21 31 37 42 21 21 21 21 22 26 23 31 22 38 20 31 150 48 30 30 27 34 20 40 40 27 26 24 35 31 26 15687 207 4667 453 1090 3547 75 23 182 36 21 59 33 25 56 60 41 29 73 28 74 32 30
leaf_count=537 29 22 25 34 40 33 40 24 21 31 37 42 21 21 21 21 22 26 23 31 22 38 20 31 150 48 30 30 27 34 20 40 40 27 26 24 35 31 26 15687 207 4667 453 1090 3547 75 23 182 36 21 59 33 25 56 60 41 29 73 28 74 32 30
internal_value=6.93279e-06 0.00452049 0.0081454 0.00460076 0.00941127 0.0134433 0.00227038 0.00329457 0.0055413 -0.00229282 0.00749332 0.000569498 -0.00942152 0.00226609 0.00756424 0.00125935 -0.00748241 0.0161496 -0.00155272 -0.00595772 -0.0126509 0.00516311 -0.0137629 0.0182976 -0.000144233 0.00182631 0.00751933 0.0131255 0.0186276 0.00613354 0.000538939 0.00682184 0.00727842 0.00593874 0.00300371 0.0108559 0.00706871 0.00220195 0.0164797 -0.000198301 -0.00017677 0.000160894 0.00236272 1.81574e-05 0.000577874 0.000183622 0.000303777 0.00215509 0.0036602 0.00712688 0.0113099 0.0190812 0.00327653 0.00112313 -0.00222028 0.00906715 0.00241506 0.00335797 0.00933397 0.000956131 -0.00245387 0.00377091
internal_weight=28328 918 232 139 105 93 65 686 376 75 301 310 45 265 111 64 43 47 154 93 44 61 51 64 27410 732 135 87 57 280 597 60 246 206 129 77 92 57 50 26678 26528 10841 660 10181 5514 4424 4349 802 620 262 181 92 89 358 81 64 322 293 84 209 135 62
internal_count=28328 918 232 139 105 93 65 686 376 75 301 310 45 265 111 64 43 47 154 93 44 61 51 64 27410 732 135 87 57 280 597 60 246 206 129 77 92 57 50 26678 26528 10841 660 10181 5514 4424 4349 802 620 262 181 92 89 358 81 64 322 293 84 209 135 62
is_linear=0
shrinkage=0.05


Tree=78
num_leaves=63
num_cat=0
split_feature=100 65 24 24 55 114 114 114 17 52 79 40 57 100 28 49 67 69 114 44 72 106 100 14 72 67 94 114 28 14 40 55 15 114 70 68 54 114 43 110 107 114 54 56 30 24 40 15 72 62 14 15 16 43 26 44 79 18 57 114 56 79
split_gain=6.97741 2.04171 2.44078 2.24526 2.14953 1.87111 1.79751 1.7241 3.92124 2.7452 3.44382 2.14521 1.80028 1.79124 1.69551 2.41314 4.4099 1.6337 4.34504 4.08978 2.73384 2.6416 1.624 1.59548 1.86036 1.54985 1.72958 1.70969 1.50628 1.31781 1.18826 1.05425 1.96838 2.92795 1.42923 1.31777 1.04348 0.939998 0.80405 0.789562 0.772557 0.766781 0.962104 1.08199 1.47609 1.04875 1.09065 1.6563 2.21994 1.57744 1.55512 1.91232 1.31966 1.30545 1.15383 1.09247 1.0713 1.05672 1.03745 1.03703 1.05051 0.983686
threshold=2024.5000000000002 2.0000000000000004 2.5000000000000004 2.5000000000000004 3.0000000000000004 16.500000000000004 14.500000000000002 12.500000000000002 3.0000000000000004 3.0000000000000004 2.0000000000000004 3.5000000000000004 4.0000000000000009 2022.5000000000002 2.0000000000000004 4.0000000000000009 2.5000000000000004 3.0000000000000004 16.500000000000004 2.0000000000000004 3.5000000000000004 1.0000000180025095e-35 2023.5000000000002 4.0000000000000009 3.5000000000000004 2.5000000000000004 4.0000000000000009 11.500000000000002 2.0000000000000004 4.0000000000000009 3.5000000000000004 3.0000000000000004 3.0000000000000004 10.500000000000002 2.0000000000000004 2.0000000000000004 2.0000000000000004 16.500000000000004 2.0000000000000004 0.75000000000000011 30.500000000000004 13.500000000000002 2.0000000000000004 3.0000000000000004 2.0000000000000004 2.5000000000000004 3.5000000000000004 3.0000000000000004 3.5000000000000004 2.5000000000000004 4.0000000000000009 3.0000000000000004 2.5000000000000004 2.0000000000000004 2.5000000000000004 2.0000000000000004 2.0000000000000004 1.5000000000000002 4.0000000000000009 16.500000000000004 3.0000000000000004 2.0000000000000004
decision_type=2 2 2 2 2 2 2 2 2 2 2 2 2 2 2 2 2 2 2 2 2 2 2 2 2 2 2 2 2 2 2 2 2 2 2 2 2 2 2 8 10 2 2 2 2 2 2 2 2 2 2 2 2 2 2 2 2 2 2 2 2 2
left_child=1 2 6 -3 -5 22 30 9 17 12 -11 36 -4 -12 15 -15 -17 18 20 21 -9 -19 25 -13 -25 26 27 -6 -24 -16 -1 32 37 -34 35 -35 -10 -2 -39 -33 41 -41 43 44 -43 -44 49 52 57 50 51 -47 55 -51 -52 56 -48 -49 -50 60 -54 -56
right_child=31 3 7 4 5 -7 -8 8 11 10 13 23 -14 14 29 16 -18 19 -20 -21 -22 -23 28 24 -26 -27 -28 -29 -30 -31 -32 39 33 34 -36 -37 -38 38 -40 40 -42 42 45 -45 -46 46 47 48 58 53 54 -53 59 -55 61 -57 -58 -59 -60 -61 -62 -63
leaf_value=0.0092213220894336711 -0.00011367472119780038 -0.0071347054981050042 0.0022821991039173946 0.023464481862118611 0.00073662112932652239 0.018435736894607545 0.0017198402691504051 -0.0096192869737192436 0.0061079097410234127 -0.01154746524989605 0.011760412342846395 0.011485165157355369 0.020360828801058235 -0.018013335969299077 -0.0011768277827650308 0.015596623793244363 -0.011513945714881024 -0.02252599943801761 0.0056871272313098117 0.010621650845400598 -0.033363713188604878 0.0015288629613461951 0.005356479659676552 0.0075800138037829179 -0.010507936995815148 0.01857279123017384 -0.0063802522395483468 0.021410834970884026 -0.012358128465712071 0.015392528424660365 0.025308768125250937 -0.00380575689219404 -0.0034538497039604751 0.027721177531583679 0.0052342676154866416 0.011152036807366782 0.017697506212449123 0.0012452185492623936 0.012879730919720951 -0.00028896966007318841 -0.0046927435818980359 0.0015090426145559829 -0.00056521428429948692 -0.0002729754991237166 0.013494482905500467 0.00056998054884995028 0.012979969394433757 0.022650629657631122 -0.0044211896768371972 -0.011889482245203996 -0.0082455007190054119 0.020745749058930771 0.01293258596211672 0.00065269413426881882 -0.006696209227666259 -0.0038076308154468908 -0.00099205279394107694 0.0090159312683950974 0.0072345473151654007 0.0093555468006525193 0.00060404944123597598 0.0061350928903636283
leaf_weight=22 544 21 21 26 20 35 29 27 52 38 64 20 40 20 20 30 30 25 24 38 22 21 30 21 44 31 22 20 20 30 24 150 42 21 37 28 31 33 27 20991 94 529 362 3738 27 24 23 30 28 42 33 23 20 41 20 116 34 27 60 80 127 59
leaf_count=22 544 21 21 26 20 35 29 27 52 38 64 20 40 20 20 30 30 25 24 38 22 21 30 21 44 31 22 20 20 30 24 150 42 21 37 28 31 33 27 20991 94 529 362 3738 27 24 23 30 28 42 33 23 20 41 20 116 34 27 60 80 127 59
internal_value=6.58615e-06 0.00429446 0.00295086 0.00843276 0.0100353 0.00807372 0.0114687 0.00191714 -0.000590413 0.00469855 0.00221688 0.00471886 0.014137 0.00491299 0.00154195 -0.00297233 0.00204134 -0.00627167 -0.0117429 -0.00151692 -0.02028 -0.0115444 0.00553757 -0.000864302 -0.00466414 0.00944452 0.00488038 0.0110737 -0.00172936 0.00876479 0.0176148 -0.000137021 0.00173499 0.00736725 0.012652 0.0182531 0.0104366 0.0005414 0.00648075 -0.000188386 -0.000167932 -0.000151841 0.000376995 3.31281e-05 0.00209107 0.00166208 0.00268658 0.0039269 0.00850502 -0.000106699 0.00280992 0.0104432 0.00226734 -0.00569395 -0.00039335 -0.0010224 0.00464578 0.0161921 0.0035259 0.00477449 0.0022814 0.00288666
internal_weight=28328 918 693 225 204 178 75 618 325 293 232 168 61 194 130 80 60 157 73 84 49 46 143 85 65 93 62 40 50 50 46 27410 732 128 86 49 83 604 60 26678 26528 26434 5443 4294 556 1149 787 545 145 242 159 47 400 83 112 173 57 57 88 227 147 79
internal_count=28328 918 693 225 204 178 75 618 325 293 232 168 61 194 130 80 60 157 73 84 49 46 143 85 65 93 62 40 50 50 46 27410 732 128 86 49 83 604 60 26678 26528 26434 5443 4294 556 1149 787 545 145 242 159 47 400 83 112 173 57 57 88 227 147 79
is_linear=0
shrinkage=0.05


Tree=79
num_leaves=63
num_cat=0
split_feature=100 65 104 114 24 9 71 44 42 17 14 114 79 106 42 113 28 67 114 113 113 14 67 94 63 114 55 43 94 8 104 55 113 88 114 56 85 65 43 9 114 80 77 54 76 16 41 48 94 94 61 100 63 106 77 100 114 48 113 64 111 71
split_gain=6.29711 1.84265 2.32952 3.05498 3.37516 2.10246 2.01297 2.4246 3.25627 2.66828 1.89077 1.94857 1.55059 3.26471 2.9683 2.77847 2.68813 2.54748 1.98668 1.82526 1.42186 3.39697 1.507 1.37164 2.4328 1.26603 1.42274 1.0731 1.03517 3.11337 1.03226 1.68877 2.04231 1.12836 1.10742 0.956406 0.978258 2.31263 3.28941 2.99407 3.22897 2.47355 2.36653 2.1378 1.90383 1.50073 1.35581 1.63996 1.12618 1.11392 0.955451 2.77519 2.1926 1.10243 1.02725 0.945916 0.910405 0.892388 1.03811 0.904283 2.44512 1.02331
threshold=2024.5000000000002 2.0000000000000004 4.5000000000000009 13.500000000000002 2.5000000000000004 1.0000000180025095e-35 3.0000000000000004 2.0000000000000004 2.0000000000000004 3.0000000000000004 4.0000000000000009 15.500000000000002 2.0000000000000004 1.0000000180025095e-35 2.0000000000000004 4.5000000000000009 2.0000000000000004 2.5000000000000004 10.500000000000002 3.5000000000000004 4.5000000000000009 4.0000000000000009 2.5000000000000004 4.0000000000000009 2.5000000000000004 17.500000000000004 3.0000000000000004 2.0000000000000004 4.0000000000000009 2.0000000000000004 7.5000000000000009 3.0000000000000004 2.5000000000000004 1.0000000180025095e-35 13.500000000000002 3.0000000000000004 4.0000000000000009 2.0000000000000004 2.0000000000000004 1.0000000180025095e-35 19.500000000000004 3.5000000000000004 2.5000000000000004 2.0000000000000004 3.5000000000000004 1.5000000000000002 3.5000000000000004 3.0000000000000004 2.0000000000000004 4.0000000000000009 2.5000000000000004 2025.5000000000002 2.5000000000000004 1.0000000180025095e-35 1.5000000000000002 2025.5000000000002 17.500000000000004 3.0000000000000004 2.5000000000000004 2.5000000000000004 4.5000000000000009 1.0000000180025095e-35
decision_type=2 2 2 2 2 2 2 2 2 2 2 2 2 2 2 2 2 2 2 2 2 2 2 2 2 2 2 2 2 2 2 2 2 2 2 2 2 2 2 2 2 2 2 2 2 2 2 2 2 2 2 2 2 2 2 2 2 2 2 2 8 2
left_child=1 2 -1 4 -4 25 10 8 9 -8 11 -5 14 20 -6 16 18 -18 19 -15 21 -14 27 -12 -25 26 -3 -23 -28 -30 57 32 56 34 -33 50 -37 38 39 40 42 45 -38 48 -41 -40 47 -43 -39 -45 53 52 -52 55 -55 -36 -32 58 59 61 -61 -2
right_child=30 5 3 6 12 -7 7 -9 -10 -11 23 -13 13 15 -16 -17 17 -19 -20 -21 -22 22 -24 24 -26 -27 28 -29 29 -31 31 33 -34 -35 35 36 37 43 41 44 -42 46 -44 49 -46 -47 -48 -49 -50 -51 51 -53 -54 54 -56 -57 -58 -59 -60 60 -62 -63
leaf_value=-0.013206516189331358 0.00055950813258488243 0.018402840476483107 0.021326872509192019 -0.0081703524676240268 -0.0096781894218089977 -0.0070531520282938369 -0.020276493820603248 0.010506430292940315 0.012509436360023059 0.0012234311070173018 -0.01776589106147488 0.012137184126509562 -0.017249645382565047 0.0049921449140778616 0.013637312352657319 -0.00083266565626537485 0.011766597323796967 0.035095436930656435 -0.0010366475706299145 0.025380611160527106 0.010196576946015869 0.0015654869022823517 -0.0059285083355811929 -0.019183092864695939 0.0019247505250711773 0.01986811036924617 0.0099076049463758132 0.017748395148664716 0.017569420699562348 -0.0055875264370734709 0.00073955171701473466 -0.00014139232156606024 0.0092991897898415717 -0.0043563028615866365 -0.011554305476602168 0.00014695009271932467 -0.0055649148932259002 -0.0052885977040904655 0.0074639747462545833 0.011592724199247798 0.0059591831218811777 0.016026038958636277 -0.020870610020811795 0.025198409617656754 -0.0037394857103936379 -0.0084271276799532096 0.020796446016301279 0.0022813457312683264 0.0073035757905537532 0.010077633271957267 0.023125517751802417 0.0015034796777222536 0.0033868341202226782 0.0013076393293583047 0.011020188893828739 -9.2313398555335079e-05 0.01146966192339148 -0.00084825611224213825 -0.0022674619458109466 0.01662368876549105 0.00093260722674636377 -0.00059821766540566889
leaf_weight=22 3898 28 34 21 43 21 27 68 26 31 30 27 28 21 20 37 22 25 30 23 28 21 26 20 43 26 82 20 21 47 337 8852 105 141 24 2157 56 26 24 41 31 34 46 21 40 39 23 60 56 29 34 113 24 96 38 72 21 6554 504 30 144 3740
leaf_count=22 3898 28 34 21 43 21 27 68 26 31 30 27 28 21 20 37 22 25 30 23 28 21 26 20 43 26 82 20 21 47 337 8852 105 141 24 2157 56 26 24 41 31 34 46 21 40 39 23 60 56 29 34 113 24 96 38 72 21 6554 504 30 144 3740
internal_value=6.25684e-06 0.00407974 0.00280332 0.00332823 0.00629853 0.00801112 -0.000503768 0.00348779 -0.00219397 -0.00878515 -0.00480672 0.00325264 0.00481318 0.00640266 -0.00227644 0.0111578 0.0148243 0.0241756 0.008885 0.0156498 0.000294439 -0.00262409 0.00348809 -0.00896639 -0.00477615 0.00956185 0.00805645 0.00945959 0.00612512 0.00156388 -0.00013017 0.000203962 0.0031674 9.03514e-05 0.00014288 0.000958825 0.00061842 0.00255181 0.000632831 -0.00355713 -0.00817255 0.00561423 -0.0124675 0.00827966 0.00402126 -0.00237337 0.00991525 0.00725283 0.00331094 0.0164284 0.0032364 0.00606693 0.0149578 0.00113196 0.00406194 -0.00295781 0.00136897 -0.000411946 -6.80815e-05 7.3814e-05 0.00363797 -7.38038e-06
internal_weight=28328 918 693 671 378 225 293 152 84 58 141 48 344 281 63 158 121 47 74 44 123 95 67 93 63 204 178 41 150 68 27410 12540 463 12077 11936 3084 2683 526 394 214 133 180 102 132 81 63 117 94 82 50 401 171 58 230 134 96 358 14870 8316 7812 174 7638
internal_count=28328 918 693 671 378 225 293 152 84 58 141 48 344 281 63 158 121 47 74 44 123 95 67 93 63 204 178 41 150 68 27410 12540 463 12077 11936 3084 2683 526 394 214 133 180 102 132 81 63 117 94 82 50 401 171 58 230 134 96 358 14870 8316 7812 174 7638
is_linear=0
shrinkage=0.05


Tree=80
num_leaves=63
num_cat=0
split_feature=100 61 114 114 100 48 12 114 114 72 43 61 72 65 87 42 17 51 10 17 46 114 114 114 61 109 61 55 10 114 103 68 104 57 14 28 54 46 77 54 82 15 107 46 100 25 112 19 100 104 40 112 108 68 114 113 62 52 109 49 62 100
split_gain=5.88108 1.8289 4.63708 2.15896 2.27616 2.10564 4.21756 3.77811 3.15347 2.809 2.71236 2.52708 2.00487 1.92979 1.85432 1.49815 1.49064 1.46619 1.41163 1.11552 1.11031 2.34954 1.51838 0.899981 0.898034 2.29732 1.24216 1.0172 1.31087 1.28362 0.964263 2.93579 4.12956 2.17121 2.07636 1.94523 1.64126 2.15549 2.56633 1.53728 1.36814 1.22415 1.21548 1.26448 1.66858 0.932129 0.871898 0.858112 0.840449 0.840189 0.823161 0.817099 0.850894 0.809547 0.791428 0.912153 2.07302 1.293 0.869747 1.07306 1.14592 1.14008
threshold=2024.5000000000002 3.5000000000000004 6.5000000000000009 16.500000000000004 2021.5000000000002 3.0000000000000004 1.0000000180025095e-35 13.500000000000002 14.500000000000002 3.5000000000000004 2.0000000000000004 2.5000000000000004 3.5000000000000004 2.0000000000000004 1.0000000180025095e-35 2.0000000000000004 3.0000000000000004 2.5000000000000004 1.0000000180025095e-35 3.0000000000000004 2.0000000000000004 9.5000000000000018 9.5000000000000018 18.500000000000004 3.5000000000000004 74.500000000000014 1.5000000000000002 3.0000000000000004 -1.4999999999999998 11.500000000000002 1.0000000180025095e-35 2.0000000000000004 6.5000000000000009 4.0000000000000009 4.0000000000000009 2.0000000000000004 2.0000000000000004 2.0000000000000004 1.5000000000000002 2.0000000000000004 2.5000000000000004 3.0000000000000004 5.5000000000000009 2.0000000000000004 2025.5000000000002 2.5000000000000004 inf 3.5000000000000004 2021.5000000000002 7.5000000000000009 3.5000000000000004 1.0000000180025095e-35 14.500000000000002 2.0000000000000004 16.500000000000004 2.5000000000000004 2.5000000000000004 3.0000000000000004 9.5000000000000018 4.0000000000000009 2.5000000000000004 2025.5000000000002
decision_type=2 2 2 2 2 2 2 2 2 2 2 2 2 2 2 2 2 2 2 2 2 2 2 2 2 10 2 2 2 2 10 2 2 2 2 2 2 2 2 2 2 2 10 2 2 2 8 2 2 2 2 10 8 2 2 2 2 2 8 2 2 2
left_child=1 3 -3 4 -1 8 7 10 9 11 12 -6 -7 20 50 -12 -11 -5 24 -9 21 -4 -22 -19 26 27 30 28 -26 -30 42 32 -32 39 35 41 37 -36 -39 45 -41 -34 -2 44 -44 -33 -31 -20 -24 -45 -15 -46 -53 -49 -29 58 57 -57 -56 60 -60 -61
right_child=18 2 13 17 5 6 -8 19 -10 16 15 -13 -14 14 -16 -17 -18 23 47 -21 22 -23 48 -25 25 -27 -28 54 29 46 31 33 34 -35 36 -37 -38 38 -40 40 -42 -43 43 49 51 -47 -48 53 -50 -51 -52 52 -54 -55 55 56 -58 -59 59 61 -62 -63
leaf_value=-0.015090408824060276 -0.00016909360390076155 -0.017479866594076156 -0.012379921693354846 -0.0023209918476641178 0.0060533611069398903 -0.022377569740638138 -0.017294988548383117 0.021445579010815848 -0.0084966660223223956 -0.003993662128724703 0.010033734094955631 0.027138399503504235 -0.0037210008439918364 -0.0003010062234742301 0.0215061080979649 -0.0066868636402345836 0.010166074708104135 0.018212235100670823 -0.0028110817561603409 0.0063139627976664184 0.017289989277282182 0.0048195292363348219 0.014603066486913875 0.0051876690416109003 0.00026126445154659453 0.013002528361458746 -0.00078141122481866724 -3.0757115885630787e-05 0.00046630756157200516 0.0074476351325089736 -0.005501363159895971 0.0044423274695873259 0.015304846122213032 -0.012630146880429695 0.018755602858522361 0.0056326931677758698 -0.0046085202038801945 -0.00948160948312801 0.015007963380776347 -0.00031391897310431186 0.016427122736754625 0.032218668069690468 0.016806327125855856 -0.0034377069269516032 0.0014605592372480874 -0.0074004305716328048 0.019093603990972041 0.014440780197037385 0.0043246195490034868 0.0032730451418777531 0.011646060110449427 0.016709085327706166 0.0030567518025636673 0.0039378053097184314 0.0073026384909947719 0.0017413279770509057 -0.0017979908871519215 0.016209230575452937 -0.0013869338358441989 -0.010553406688074272 0.014767785921044971 -0.00017677882603473133
leaf_weight=23 12593 20 24 20 27 24 38 21 33 41 37 30 36 21 40 21 34 36 22 29 34 115 23 21 144 36 8567 4525 41 45 58 24 23 41 34 25 29 23 20 26 23 20 28 98 121 54 25 32 147 89 46 21 25 43 45 23 51 47 21 30 23 225
leaf_count=23 12593 20 24 20 27 24 38 21 33 41 37 30 36 21 40 21 34 36 22 29 34 115 23 21 144 36 8567 4525 41 45 58 24 23 41 34 25 29 23 20 26 23 20 28 98 121 54 25 32 147 89 46 21 25 43 45 23 51 47 21 30 23 225
internal_value=-1.5148e-05 0.00387128 0.00607792 0.00166932 0.000172814 0.00111905 -0.00225214 0.00115041 0.00532793 0.00878408 -0.00373045 0.0171507 -0.0111836 0.00712493 0.0129873 0.00397972 0.00242542 0.00932678 -0.000149011 0.0126692 0.00529614 0.00184984 0.00764436 0.0134137 -0.000170465 0.000414903 -0.000311351 0.000328505 0.00340872 0.00749191 -1.0266e-05 0.00240767 0.0060528 -0.00262608 0.00990418 0.0167236 0.00552949 0.0093477 0.00190889 0.000603579 0.00754412 0.0231717 -8.48074e-05 0.00269377 0.00551084 -0.00375651 0.0116069 0.00587203 0.00571523 -0.00024382 0.00790146 0.00361699 0.00928934 0.00841907 0.000171099 0.0021354 0.00586931 0.0114555 0.00082202 -0.000153324 0.00705758 -0.00139756
internal_weight=28261 941 470 471 394 371 206 168 165 132 118 57 60 450 107 58 75 77 27320 50 343 139 204 57 27223 5281 21942 5245 255 111 13375 400 232 168 174 68 106 77 43 127 49 43 12975 382 195 78 70 97 170 187 67 167 46 75 4990 465 121 70 344 299 44 255
internal_count=28261 941 470 471 394 371 206 168 165 132 118 57 60 450 107 58 75 77 27320 50 343 139 204 57 27223 5281 21942 5245 255 111 13375 400 232 168 174 68 106 77 43 127 49 43 12975 382 195 78 70 97 170 187 67 167 46 75 4990 465 121 70 344 299 44 255
is_linear=0
shrinkage=0.05


Tree=81
num_leaves=63
num_cat=0
split_feature=101 61 114 114 63 101 48 12 114 50 101 72 43 72 65 113 62 72 42 10 17 46 79 114 28 107 22 12 113 17 113 114 61 16 48 61 113 19 101 106 14 101 70 68 110 88 101 61 110 42 40 22 65 84 113 113 106 96 101 16 48 102
split_gain=5.30767 1.65058 4.18496 1.94846 2.25673 2.05423 1.90034 3.80635 3.40974 3.39731 2.69209 2.89586 2.44791 1.80939 1.74163 1.72336 2.25789 1.43925 1.35208 1.27399 1.00676 1.00206 2.21491 1.37034 0.993651 0.818531 1.77684 0.853738 1.70385 0.955037 1.72206 1.6534 1.34969 1.15603 0.957012 1.24129 0.781788 0.774446 0.758505 1.03562 1.61636 2.06132 1.35788 0.730616 0.719142 0.67202 0.756677 0.663202 1.24049 1.82337 1.4369 1.02742 1.7099 1.99491 1.61322 1.31477 2.09694 1.23611 1.02468 1.79433 0.981522 0.897741
threshold=1.5000000000000002 3.5000000000000004 6.5000000000000009 16.500000000000004 2.5000000000000004 4.5000000000000009 3.0000000000000004 1.0000000180025095e-35 13.500000000000002 2.0000000000000004 2.5000000000000004 3.5000000000000004 2.0000000000000004 3.5000000000000004 2.0000000000000004 4.5000000000000009 2.5000000000000004 3.5000000000000004 2.0000000000000004 1.0000000180025095e-35 3.0000000000000004 2.0000000000000004 2.0000000000000004 9.5000000000000018 2.0000000000000004 6.5000000000000009 1.0000000180025095e-35 1.0000000180025095e-35 4.5000000000000009 3.0000000000000004 3.5000000000000004 17.500000000000004 3.5000000000000004 4.5000000000000009 3.0000000000000004 3.5000000000000004 3.5000000000000004 3.5000000000000004 4.5000000000000009 1.0000000180025095e-35 4.0000000000000009 2.5000000000000004 2.0000000000000004 2.0000000000000004 0.75000000000000011 1.0000000180025095e-35 1.0000000180025095e-35 3.5000000000000004 41.750000000000007 2.0000000000000004 3.5000000000000004 1.0000000180025095e-35 2.0000000000000004 1.0000000180025095e-35 4.5000000000000009 2.5000000000000004 1.0000000180025095e-35 1.5000000000000002 1.0000000180025095e-35 2.5000000000000004 3.0000000000000004 1.0000000180025095e-35
decision_type=2 2 2 2 2 2 2 2 2 2 2 2 2 2 2 2 2 2 2 2 2 2 2 2 2 10 2 2 2 2 2 2 2 2 2 2 2 2 2 2 2 2 2 2 8 2 2 2 10 2 2 2 2 2 2 2 2 2 2 2 2 10
left_child=19 3 -3 5 -5 6 9 8 12 -2 11 -11 13 -8 21 16 -16 -12 -14 25 -10 22 -4 -23 -19 27 -27 44 29 30 34 33 -32 36 35 -29 -31 -21 39 42 -41 -42 -25 -39 -1 47 -47 51 61 50 -50 -46 54 -54 57 -55 -57 60 -59 -60 -53 -49
right_child=1 2 14 4 -6 -7 7 -9 20 10 17 -13 18 -15 15 -17 -18 24 -20 37 -22 23 -24 38 -26 26 -28 28 -30 31 32 -33 -34 -35 -36 -37 -38 43 -40 40 41 -43 -44 -45 45 46 -48 48 49 -51 -52 52 53 55 -56 56 -58 58 59 -61 -62 -63
leaf_value=-0.0037901315508085511 0.023848947871565111 -0.016605873331427573 0.012047207225604277 -0.0046738109466704456 0.014274135047400542 -0.014335887684770253 -0.021258691356827817 -0.016430239009327795 0.020373299292155676 0.0039504694991878099 0.018563992696969459 -0.01784362170017428 0.0095320473878166157 -0.0035349507298734458 0.025526708779806225 0.0042870112212102232 0.0068932478701503111 -0.0011108330864873198 -0.0063525203260637458 -0.0026705276157537646 0.0059982646385143548 0.0164254895548391 -0.0021140841942391183 0.0015081629746903976 0.012376878656108273 0.0019618523039995031 -0.012164491585091405 0.0015276582520378785 0.011945628610320037 -0.00016818061390871643 0.0032280954497831841 -0.013214463889919993 0.01971072322162597 0.01015275895352597 -0.0018196677659019082 0.011134338708451161 -0.010849273499722284 0.013718741285265424 0.013872913348124081 0.0090510913335225176 0.0053766709119081497 -0.014548084719313514 0.016430085026208432 0.0037409149987493147 -0.00027765980833453552 -0.0018657206300877899 -0.010858842171728611 -0.00071346870619666851 0.0018627589526162905 -0.0046330559421330691 0.018462240902590566 0.0078940000090944144 -0.0049807528732344515 -0.0015332788918857223 -0.014003090823116977 0.022865391196683051 0.0025530262470797259 -0.0031590357565794863 -0.022981645176187157 -0.0046394111920380968 -0.0028621506101141375 0.00072021584814841496
leaf_weight=143 21 20 38 22 55 23 24 38 21 35 24 27 37 36 37 41 29 36 21 22 29 34 101 30 22 692 23 244 37 93 27 29 23 23 179 39 21 32 23 34 25 27 31 43 20042 233 26 1688 22 25 32 38 56 27 39 24 27 171 20 40 48 3092
leaf_count=143 21 20 38 22 55 23 24 38 21 35 24 27 37 36 37 41 29 36 21 22 29 34 101 30 22 692 23 244 37 93 27 29 23 23 179 39 21 32 23 34 25 27 31 43 20042 233 26 1688 22 25 32 38 56 27 39 24 27 171 20 40 48 3092
internal_value=-1.43906e-05 0.00367771 0.00577402 0.00158586 0.00886044 0.000164173 0.0010631 -0.00213953 0.00109289 0.00506154 0.00232171 -0.00554051 -0.00354393 -0.0106244 0.00676868 0.0123379 0.0173393 0.00826631 0.00378074 -0.00014156 0.0120358 0.00503134 0.00175735 0.00726214 0.0040052 -0.000161941 0.00150744 -0.00020697 0.00149731 0.000927125 0.00199565 -0.00236856 0.0108101 -7.27159e-05 0.0010417 0.00285155 -0.00213575 0.00557843 0.00542947 0.00410839 0.000573902 -0.00496888 0.00909143 0.00799812 -0.000254213 -0.000234501 -0.00276851 -0.000208652 0.000316633 0.00653096 0.0116995 -0.000332964 -0.00259501 0.00221926 -0.00440712 0.00738849 0.0121118 -0.00322655 -0.00513162 -0.0107535 0.00189057 0.000213927
internal_weight=28261 941 470 471 77 394 371 206 168 165 144 62 118 60 450 107 66 82 58 27320 50 343 139 204 58 27223 715 26508 715 678 512 166 50 137 462 283 114 97 170 147 86 52 61 75 25793 25650 259 25391 4859 79 54 20532 490 134 356 78 51 317 231 60 86 4780
internal_count=28261 941 470 471 77 394 371 206 168 165 144 62 118 60 450 107 66 82 58 27320 50 343 139 204 58 27223 715 26508 715 678 512 166 50 137 462 283 114 97 170 147 86 52 61 75 25793 25650 259 25391 4859 79 54 20532 490 134 356 78 51 317 231 60 86 4780
is_linear=0
shrinkage=0.05


Tree=82
num_leaves=63
num_cat=0
split_feature=100 16 114 11 94 14 46 43 46 28 44 42 57 52 100 94 114 44 48 12 10 18 100 94 28 100 66 70 28 49 14 49 28 49 94 94 11 16 114 114 54 79 18 103 40 114 62 65 30 103 41 67 26 79 28 18 68 14 114 100 48 110
split_gain=4.79018 1.39698 3.7637 2.02142 3.10521 1.71451 5.75288 1.68787 1.46595 1.99928 3.92279 8.70318 3.53798 6.02071 1.40744 1.23788 1.15161 1.82119 1.74025 1.61541 1.14978 1.00891 1.02685 2.13164 1.78007 1.00495 2.61036 1.50253 1.6086 1.28265 1.16652 1.00144 1.17851 1.00033 0.807265 2.34399 2.76981 2.11132 1.40746 1.31212 2.4263 3.84295 2.34122 2.15966 1.53192 1.27077 2.05528 1.18399 0.953541 1.28485 2.00959 3.19339 2.60858 2.2586 2.03073 1.9715 1.82287 2.28771 3.32319 1.75379 1.31244 1.03982
threshold=2024.5000000000002 3.5000000000000004 6.5000000000000009 2.0000000000000004 2.0000000000000004 2.0000000000000004 2.0000000000000004 2.0000000000000004 2.0000000000000004 2.0000000000000004 2.0000000000000004 2.0000000000000004 4.0000000000000009 3.0000000000000004 2022.5000000000002 4.0000000000000009 13.500000000000002 2.0000000000000004 3.0000000000000004 1.0000000180025095e-35 1.0000000180025095e-35 3.5000000000000004 2022.5000000000002 2.0000000000000004 2.0000000000000004 2022.5000000000002 2.0000000000000004 2.0000000000000004 2.0000000000000004 4.0000000000000009 2.0000000000000004 4.0000000000000009 2.0000000000000004 4.0000000000000009 4.0000000000000009 2.0000000000000004 1.0000000180025095e-35 4.5000000000000009 16.500000000000004 16.500000000000004 2.0000000000000004 2.0000000000000004 3.5000000000000004 1.0000000180025095e-35 3.5000000000000004 13.500000000000002 2.5000000000000004 2.0000000000000004 2.0000000000000004 1.0000000180025095e-35 3.5000000000000004 2.5000000000000004 2.5000000000000004 2.0000000000000004 2.0000000000000004 3.5000000000000004 2.0000000000000004 4.0000000000000009 13.500000000000002 2025.5000000000002 3.0000000000000004 3.2500000000000004
decision_type=2 2 2 2 2 2 2 2 2 2 2 2 2 2 2 2 2 2 2 2 2 2 2 2 2 2 2 2 2 2 2 2 2 2 2 2 2 2 2 2 2 2 2 10 2 2 2 2 2 10 2 2 2 2 2 2 2 2 2 2 2 8
left_child=1 5 -3 25 14 6 -1 16 21 12 11 -11 -10 -14 -5 -15 18 19 -6 -18 34 22 -7 -24 -25 27 -27 28 -4 -28 -31 -9 -33 -8 35 36 48 47 45 -36 -41 -42 43 -43 -45 -37 -47 -38 49 -2 -51 52 53 -52 59 -56 57 60 -59 -53 -55 -50
right_child=20 2 3 4 7 8 33 31 9 10 -12 -13 13 15 -16 -17 17 -19 -20 -21 -22 -23 23 24 -26 26 29 -29 -30 30 -32 32 -34 -35 39 38 37 -39 -40 40 41 42 -44 44 -46 46 -48 -49 61 50 51 54 -54 56 55 -57 -58 58 -60 -61 -62 -63
leaf_value=-0.021401434892322869 -8.7177522814302398e-05 -0.015775579540058971 0.0020207590556570463 -0.012439450167899801 0.017895009570444622 0.010591597557067872 0.01404788839546117 0.019907560282283361 -0.010515066957281482 -0.031422154730065696 0.007002272114560411 0.00917178599325859 0.033322159722447398 0.0093962695023843221 0.0029176744148135189 -0.0034060991028460061 -0.017226231707768005 0.010156990465198067 -0.0013516632252899201 0.0024078267253935339 0.0052995061249827453 0.015309961362240408 0.0097362976210812746 -0.011395232726742205 0.0064121145755052572 -0.0023765063368130562 0.022336462348699571 0.025462740270987799 0.019866556261220705 0.00024323175134866135 0.015846058897674084 0.013802833229835547 -0.0011797285805057204 -0.001208641885646752 -0.00079264708136878373 0.00407720073564149 -0.0051847904446583569 -0.019599618034606633 -0.0055083543956279757 -0.00035341020759776571 -0.0030407540040397196 0.0049127279892563821 0.0040193496357567391 0.015316090240542377 0.033180864811653187 0.025252193136310039 0.0056389856913216033 0.0025374708741548518 -0.0056052914701211149 -0.002155200662311806 -0.0025221995523442395 -0.019588669728149068 0.0019312919342644082 0.01808853674404047 -0.0048763992544263602 0.017324408274143936 0.0021858931519091128 0.0248254509981383 -0.00094501597582009346 -0.002540594213254129 0.034754801630264238 0.0029061657992629272
leaf_weight=32 17721 20 28 37 24 50 22 27 31 31 37 23 20 35 25 41 22 21 23 20 97 26 48 36 23 43 25 23 23 23 25 35 21 21 7155 109 234 22 25 583 79 25 68 28 21 22 34 63 39 169 23 22 121 27 20 20 24 22 29 48 21 449
leaf_count=32 17721 20 28 37 24 50 22 27 31 31 37 23 20 35 25 41 22 21 23 20 97 26 48 36 23 43 25 23 23 23 25 35 21 21 7155 109 234 22 25 583 79 25 68 28 21 22 34 63 39 169 23 22 121 27 20 20 24 22 29 48 21 449
internal_value=-1.36711e-05 0.00349383 0.00544299 0.00639663 0.00348776 0.00158971 -0.00534898 0.00661501 0.00288747 0.000117632 -0.00553903 -0.0141321 0.00417083 0.00891315 -0.00624706 0.00248973 0.00255335 -0.00186546 0.00847643 -0.00787668 -0.000134482 0.00618706 0.00467626 0.00191208 -0.00445339 0.0103006 0.00739627 0.0148534 0.0100689 0.0131528 0.0083697 0.0119979 0.00818437 0.00659702 -0.000153844 2.1167e-05 -3.38795e-05 -0.00465383 0.00554726 -0.000577443 0.00133772 0.00579893 0.0107168 0.0168712 0.0229724 0.00722236 0.0133442 -0.00354674 4.47003e-05 -1.35714e-05 0.00237539 0.00440635 0.00736005 0.0118592 -0.00276308 0.006224 0.0145484 0.0175454 0.0101717 -0.00789856 0.02538 0.00222595
internal_weight=28261 941 465 445 255 476 75 193 401 218 91 54 127 96 62 76 110 63 47 42 27320 183 157 107 59 190 116 74 51 73 48 83 56 43 27223 19264 19074 319 190 7959 804 221 142 74 49 165 56 297 18755 18267 546 377 267 146 110 40 123 99 51 70 48 488
internal_count=28261 941 465 445 255 476 75 193 401 218 91 54 127 96 62 76 110 63 47 42 27320 183 157 107 59 190 116 74 51 73 48 83 56 43 27223 19264 19074 319 190 7959 804 221 142 74 49 165 56 297 18755 18267 546 377 267 146 110 40 123 99 51 70 48 488
is_linear=0
shrinkage=0.05


Tree=83
num_leaves=63
num_cat=0
split_feature=100 61 114 114 63 100 48 106 114 114 50 100 72 43 85 113 67 72 62 91 100 113 106 8 94 28 44 113 113 114 28 100 10 28 112 100 107 22 61 109 61 103 68 104 46 82 85 70 57 114 114 82 73 63 114 110 94 94 44 22 22 12
split_gain=4.32313 1.34385 3.40854 1.82833 1.97833 1.80291 1.65227 3.40027 5.46488 3.20833 3.07768 2.40877 2.52877 2.00976 2.00694 2.50015 2.02176 1.30438 1.29366 3.56588 1.65874 1.5588 2.83023 2.85142 1.97918 1.2957 1.25733 1.86711 1.79831 2.10289 1.29822 2.3206 1.03767 0.885949 0.797027 0.788431 0.740008 1.59254 0.753876 2.21667 1.0441 1.06023 2.39622 3.69924 2.02912 2.76186 1.7937 1.69633 1.60079 0.910756 1.27566 1.38988 1.03983 0.807906 0.763874 0.856855 0.737515 3.01149 1.17854 1.31327 1.10522 1.39582
threshold=2024.5000000000002 3.5000000000000004 6.5000000000000009 16.500000000000004 2.5000000000000004 2021.5000000000002 3.0000000000000004 1.0000000180025095e-35 13.500000000000002 7.5000000000000009 2.0000000000000004 2023.5000000000002 3.5000000000000004 2.0000000000000004 4.0000000000000009 3.5000000000000004 2.5000000000000004 3.5000000000000004 2.5000000000000004 2.0000000000000004 2021.5000000000002 4.5000000000000009 1.0000000180025095e-35 2.0000000000000004 4.0000000000000009 2.0000000000000004 2.0000000000000004 3.5000000000000004 3.5000000000000004 13.500000000000002 2.0000000000000004 2022.5000000000002 1.0000000180025095e-35 2.0000000000000004 1.0000000180025095e-35 2022.5000000000002 6.5000000000000009 1.0000000180025095e-35 3.5000000000000004 85.500000000000014 1.5000000000000002 1.0000000180025095e-35 2.0000000000000004 6.5000000000000009 2.0000000000000004 2.5000000000000004 4.0000000000000009 2.0000000000000004 4.0000000000000009 11.500000000000002 16.500000000000004 2.5000000000000004 2.5000000000000004 2.5000000000000004 16.500000000000004 16.250000000000004 4.0000000000000009 2.0000000000000004 2.0000000000000004 3.0000000000000004 1.0000000180025095e-35 1.0000000180025095e-35
decision_type=2 2 2 2 2 2 2 2 2 2 2 2 2 2 2 2 2 2 2 2 2 2 2 2 2 2 2 2 2 2 2 2 2 2 8 2 10 2 2 10 2 10 2 2 2 2 2 2 2 2 2 2 2 2 2 8 2 2 2 2 2 2
left_child=1 3 -3 5 -5 -1 10 8 9 -8 -7 17 -13 -11 -9 -16 -17 -12 19 20 -4 22 -22 -24 -25 -23 27 35 -28 -30 31 -29 36 -19 -34 -20 38 -38 40 54 41 -2 43 -43 45 -45 -47 -46 49 -44 51 -51 -53 -49 56 -56 57 60 59 -59 61 -40
right_child=32 2 18 4 -6 6 7 14 -10 13 11 12 -14 -15 15 16 -18 33 26 -21 21 25 23 24 -26 -27 28 30 29 -31 -32 -33 34 -35 -36 -37 37 -39 39 -41 -42 42 48 44 47 46 -48 53 -50 50 -52 52 -54 -55 55 -57 -58 58 -60 -61 -62 -63
leaf_value=-0.013529671858186307 -0.00011903778150206268 -0.014986800411716104 0.018484666697680951 -0.004193577271970836 0.013547167672183025 0.022506735509350187 0.012062449473887682 0.0035501467910679903 0.020370720480294788 -0.018418953913233935 0.017443597487484416 0.0034492290153035096 -0.01691671887205707 -0.00010685045272111893 -0.028646384030580521 0.0021361656337976456 -0.018908096872092713 -0.0012470850565781198 -0.00092169454159296083 0.025868624835102647 -0.0069327221252024175 -0.010687682684510947 0.02273578302229981 0.015269148039321105 -0.0041417651713408273 0.0049730230721512017 0.021010996565400137 -0.012617602583992742 -0.0068081458170826618 0.011645821247274351 0.011093617740173846 0.0082039195374818529 0.010682012194669561 0.011488703706047753 0.0013971699086033692 -0.013876508245205818 0.0018713390720453693 -0.011502364666565606 0.00026990214857333422 0.016192642620510674 -0.00075555407767540362 -0.0051943170217176281 -0.008772382885217667 0.026780070329550654 0.012648432281536934 -0.0035840641334652906 0.01669047010752062 0.0040802757622617663 -0.010785522195510567 -0.0011692867320226995 -0.0074429207326223452 0.00433349482981222 0.020263618176686579 -0.008127131400143971 0.0066700575616339165 0.0011924182298831904 -0.00067661005109752662 0.012809388216018028 0.016096099320566281 -0.0040871569492003839 -0.006574543638220221 0.0073780039102363752
leaf_weight=23 12628 20 25 22 55 21 24 22 34 31 24 35 27 29 20 25 21 36 23 27 25 25 37 24 29 28 21 23 26 38 43 32 38 22 59 24 692 23 2535 22 8361 57 21 32 39 20 24 33 40 38 24 21 20 23 87 398 1871 23 40 23 57 71
leaf_count=23 12628 20 25 22 55 21 24 22 34 31 24 35 27 29 20 25 21 36 23 27 25 25 37 24 29 28 21 23 26 38 43 32 38 22 59 24 692 23 2535 22 8361 57 21 32 39 20 24 33 40 38 24 21 20 23 87 398 1871 23 40 23 57 71
internal_value=-1.29875e-05 0.00331914 0.00521066 0.00143163 0.00847838 5.44672e-05 0.000896611 -0.00208968 0.00345777 -0.00338795 0.00462494 0.00201718 -0.00541981 -0.0095681 -0.0095283 -0.0138878 -0.007471 0.00764028 0.00610833 0.00884944 0.00646852 0.0046804 0.00795004 0.0120841 0.00464808 -0.0024141 0.0034864 0.000655938 0.00831483 0.0041489 0.00458516 -0.000503262 -0.000127758 0.00358373 0.00503453 -0.00753692 -0.000146152 0.00144114 -0.000188966 0.000355554 -0.000319538 -3.95428e-05 0.00252133 0.0058368 0.00951384 0.0156033 0.00747477 0.00464225 -0.00208798 0.000717683 0.00265255 0.00571953 0.0121043 -0.000933481 0.000287304 0.00217501 8.91362e-05 0.000610312 0.00981925 0.00436112 0.000312914 0.000463561
internal_weight=28261 941 470 471 77 394 371 206 118 84 165 144 62 60 88 66 46 82 450 220 193 168 115 90 53 53 230 145 85 64 98 55 27320 58 97 47 27223 715 26508 5127 21381 13020 392 228 171 76 44 95 164 124 103 79 41 56 5105 485 4620 2749 86 46 2663 2606
internal_count=28261 941 470 471 77 394 371 206 118 84 165 144 62 60 88 66 46 82 450 220 193 168 115 90 53 53 230 145 85 64 98 55 27320 58 97 47 27223 715 26508 5127 21381 13020 392 228 171 76 44 95 164 124 103 79 41 56 5105 485 4620 2749 86 46 2663 2606
is_linear=0
shrinkage=0.05


Tree=84
num_leaves=63
num_cat=0
split_feature=100 55 65 64 54 114 114 10 114 70 61 85 113 14 44 22 94 52 104 96 14 113 8 48 51 11 113 62 114 114 106 112 55 110 22 14 113 113 61 85 100 11 14 21 61 94 114 28 113 106 114 43 113 8 113 62 70 48 70 103 104 111
split_gain=3.90163 1.23112 1.66337 1.04744 3.46978 1.17862 1.92568 0.936501 0.794978 3.21412 1.75652 2.16072 2.44321 3.23695 3.411 1.93617 2.94919 1.8435 1.76054 2.26036 2.39156 3.12573 3.15471 2.44621 1.98972 2.123 1.44049 1.31934 1.26123 0.755332 1.60121 0.719317 0.699129 1.1165 0.897238 0.833282 1.29451 1.76872 1.33798 1.33713 1.20537 0.789577 1.73918 1.73022 1.85511 2.02692 1.67258 1.34275 1.2049 2.0983 2.17074 1.74963 1.12655 1.10073 1.04427 1.01476 1.24234 0.937435 2.75688 0.751179 0.745515 2.40626
threshold=2024.5000000000002 3.0000000000000004 2.0000000000000004 2.5000000000000004 2.0000000000000004 19.500000000000004 18.500000000000004 1.0000000180025095e-35 6.5000000000000009 2.0000000000000004 3.5000000000000004 -1.4999999999999998 3.5000000000000004 2.0000000000000004 2.0000000000000004 3.0000000000000004 4.0000000000000009 3.0000000000000004 6.5000000000000009 1.5000000000000002 4.0000000000000009 3.5000000000000004 2.0000000000000004 3.0000000000000004 2.5000000000000004 2.0000000000000004 4.5000000000000009 2.5000000000000004 12.500000000000002 11.500000000000002 1.0000000180025095e-35 1.0000000180025095e-35 3.0000000000000004 28.750000000000004 3.0000000000000004 2.0000000000000004 3.5000000000000004 2.5000000000000004 3.5000000000000004 4.0000000000000009 2025.5000000000002 1.0000000180025095e-35 4.0000000000000009 2.5000000000000004 3.5000000000000004 2.0000000000000004 13.500000000000002 2.0000000000000004 3.5000000000000004 1.0000000180025095e-35 14.500000000000002 2.0000000000000004 3.5000000000000004 2.0000000000000004 2.5000000000000004 2.5000000000000004 2.0000000000000004 3.0000000000000004 2.0000000000000004 1.0000000180025095e-35 6.5000000000000009 6.5000000000000009
decision_type=2 2 2 2 2 2 2 2 2 2 2 2 2 2 2 2 2 2 2 2 2 2 2 2 2 2 2 2 2 2 2 8 2 10 2 2 2 2 2 2 2 2 2 2 2 2 2 2 2 2 2 2 2 2 2 2 2 2 2 8 2 8
left_child=1 2 -1 5 -5 6 8 32 9 -3 18 -12 13 -13 -15 16 28 -18 -10 -20 23 24 -23 -21 -22 -26 -19 -17 -14 -24 -31 -9 33 34 -2 36 37 60 40 59 -38 -37 55 52 48 53 -47 -48 54 51 -51 -50 -44 -46 -45 56 -43 -56 -59 -39 -34 -62
right_child=7 3 -4 4 -6 -7 -8 31 10 -11 11 12 15 14 -16 27 17 26 19 20 21 22 29 -25 25 -27 -28 -29 -30 30 -32 -33 35 -35 -36 41 38 39 -40 -41 -42 42 43 44 45 46 47 -49 49 50 -52 -53 -54 -55 57 -57 -58 58 -60 -61 61 -63
leaf_value=0.0042360359321658809 0.00059119417666133787 0.0071270955754726226 0.017217212863119235 0.0055985146512587871 -0.016354034182926021 -0.0055595043899589469 0.018394168834423737 0.010147911547928264 -0.011955776251852512 -0.017545447320762006 0.019604149615458616 0.014146831560702551 0.0051613696629092811 -0.018714675274403656 0.0069150116945993871 0.022674383283142124 0.022501909612522773 0.014411550484921621 0.016214671845619495 0.0015940078496172721 -0.00099595098623207648 -0.013189251131906705 0.010032532676397001 -0.014957913888118617 0.004335590414702893 0.024980406333325489 -0.003099193870245169 0.0077011914258556706 -0.010608211942599156 0.010712105720101492 -0.0064735925953948144 0.0013273114670004887 -8.4349048898105781e-05 0.010268693754230352 0.0099000652527643576 -0.00029067211053392951 0.01951094698905945 -0.0039815715833309111 -0.0013822130716195512 -0.014093991898483149 0.0034637833564457573 0.002121909449083938 -0.0039326427656472948 -0.0027089412926751023 -0.012378899540219989 -0.0010445805326584846 0.017979911423500871 0.0037642330826761633 0.0093851561844348914 -0.022947828964916647 -0.0043020094770032007 -0.0076912992230306065 -0.017346381784781165 0.003011994980848753 0.0094926980175924578 -0.013853613721195954 -0.012386997610330581 -0.01166833241337112 0.0095180364846087565 0.0018086331026432546 0.0087929715608295652 0.00070739967581034144
leaf_weight=90 627 33 34 45 30 38 21 38 24 22 28 21 21 34 21 31 24 23 26 49 21 37 34 41 20 33 24 28 32 23 33 59 3905 34 27 18520 25 213 31 27 22 36 49 136 21 31 46 26 30 27 37 30 23 26 44 43 25 28 34 76 95 2929
leaf_count=90 627 33 34 45 30 38 21 38 24 22 28 21 21 34 21 31 24 23 26 49 21 37 34 41 20 33 24 28 32 23 33 59 3905 34 27 18520 25 213 31 27 22 36 49 136 21 31 46 26 30 27 37 30 23 26 44 43 25 28 34 76 95 2929
internal_value=-1.23382e-05 0.00315318 0.00779539 0.00244861 -0.0031825 0.00301779 0.00348077 -0.00012137 0.00302223 -0.00274192 0.00352706 0.00640945 0.004983 -0.00255263 -0.00892879 0.00811255 0.00456497 0.0112272 0.00110111 0.00208964 0.000827615 0.00386072 -0.00089879 -0.00594631 0.0120291 0.0171899 0.00546989 0.0155685 -0.00435989 0.00415396 0.000584819 0.0047828 -0.000138844 0.00143476 0.000975505 -0.000179645 0.00027419 0.000205213 0.00668113 -0.00345303 0.0119995 -0.000352632 -0.00201088 -0.000956692 5.64565e-05 0.00473946 0.00866567 0.0128465 -0.00186281 -0.00587056 -0.0121682 0.000846928 -0.00821759 -0.00386479 0.000190755 -0.00797107 -0.00382436 0.00391112 -5.00011e-05 -0.00245889 0.000372048 0.000961411
internal_weight=28261 941 124 817 75 742 704 27320 683 55 628 287 259 76 55 183 124 71 341 317 291 201 127 90 74 53 47 59 53 90 56 97 27223 688 654 26535 7323 7245 78 316 47 19212 692 588 516 150 103 72 366 124 64 60 72 47 242 104 61 106 62 289 6929 3024
internal_count=28261 941 124 817 75 742 704 27320 683 55 628 287 259 76 55 183 124 71 341 317 291 201 127 90 74 53 47 59 53 90 56 97 27223 688 654 26535 7323 7245 78 316 47 19212 692 588 516 150 103 72 366 124 64 60 72 47 242 104 61 106 62 289 6929 3024
is_linear=0
shrinkage=0.05


Tree=85
num_leaves=63
num_cat=0
split_feature=100 95 65 113 28 114 41 66 70 106 100 114 62 43 77 114 40 113 17 94 62 46 114 69 16 68 55 114 15 100 49 100 14 55 110 69 110 102 104 70 64 103 107 16 44 49 18 51 110 14 100 111 92 66 111 15 62 106 18 114 113 102
split_gain=3.27807 1.88053 2.42076 2.26557 1.76615 1.40409 1.68389 3.07337 1.8178 5.04067 8.03195 3.03513 3.49298 2.47951 4.98116 2.05733 2.2027 2.01567 1.82358 1.61183 1.59346 1.45135 2.67591 2.29551 3.31433 1.79175 1.18493 1.74592 1.00274 1.49856 1.71791 2.01827 0.929996 1.06052 1.37457 1.05624 1.27433 3.14793 2.49969 1.18513 0.894517 1.79456 2.19263 1.96757 2.87982 0.873698 1.63819 2.66662 0.802582 0.791903 1.04603 1.52676 1.21361 1.07603 2.56485 1.04651 1.2691 0.902398 0.836258 0.718928 0.936252 1.20307
threshold=2024.5000000000002 2.0000000000000004 2.0000000000000004 3.5000000000000004 2.0000000000000004 4.5000000000000009 3.5000000000000004 2.0000000000000004 2.0000000000000004 1.0000000180025095e-35 2023.5000000000002 15.500000000000002 2.5000000000000004 2.0000000000000004 2.5000000000000004 9.5000000000000018 3.5000000000000004 4.5000000000000009 3.0000000000000004 4.0000000000000009 2.5000000000000004 2.0000000000000004 15.500000000000002 3.0000000000000004 3.5000000000000004 2.0000000000000004 3.0000000000000004 16.500000000000004 3.0000000000000004 2023.5000000000002 4.0000000000000009 2022.5000000000002 2.0000000000000004 3.0000000000000004 28.750000000000004 3.0000000000000004 22.750000000000004 1.0000000180025095e-35 6.5000000000000009 2.0000000000000004 2.5000000000000004 1.0000000180025095e-35 17.500000000000004 3.5000000000000004 2.0000000000000004 4.0000000000000009 3.5000000000000004 2.5000000000000004 38.750000000000007 4.0000000000000009 2025.5000000000002 6.5000000000000009 2.0000000000000004 2.0000000000000004 6.5000000000000009 3.0000000000000004 2.5000000000000004 1.0000000180025095e-35 3.5000000000000004 7.5000000000000009 2.5000000000000004 1.0000000180025095e-35
decision_type=2 2 2 2 2 2 2 2 2 2 2 2 2 2 2 2 2 2 2 2 2 2 2 2 2 2 2 2 2 2 2 2 2 2 10 2 10 8 2 2 2 10 8 2 2 2 2 2 10 2 2 8 2 2 10 2 2 2 2 2 2 8
left_child=1 2 5 -3 -5 -1 8 -8 9 10 15 13 -13 17 -15 -7 -17 19 -18 -10 -16 23 25 -11 -25 -23 -4 28 -28 30 -30 -32 35 34 45 36 59 38 39 -38 49 42 -42 44 -43 46 47 -34 -37 50 51 58 -53 54 -54 -55 -57 -56 -35 -2 61 -61
right_child=32 3 26 4 -6 6 7 -9 11 21 -12 12 -14 14 20 16 18 -19 -20 -21 -22 22 -24 24 -26 -27 27 -29 29 -31 31 -33 33 40 -36 48 37 -39 -40 -41 41 43 -44 -45 -46 -47 -48 -49 -50 -51 -52 52 53 55 57 56 -58 -59 -60 60 -62 -63
leaf_value=-0.0087212031610823925 7.1695097407389443e-05 -0.016291413538985784 0.017385884905233979 -0.0073862632587552079 0.011812391666614491 -0.012389398789814404 0.025284324349327522 -0.00010785594797478273 0.029334371467983286 0.0067774550339795257 -0.030193358897081309 -0.017402653506508582 0.0070168587029911583 -0.013076836165661613 0.022444794618565106 0.012959953873360065 0.0051659342904503535 0.0032515414369603001 -0.014161775350246743 0.012212551478296519 0.003147538813063875 0.014531689837574961 0.024061862002734261 -0.021685539304532792 0.0032208811190417583 -0.0027035586722807862 0.013597114407457412 0.016534046497609881 -0.0061953241428868338 -0.0063268155940542263 0.0035435191420621656 0.021893412741306035 0.00064521535698856629 -0.00062073566180338973 0.01197628643844397 -0.00064826143591533054 0.012652500780920187 0.00022948289503498624 0.024569959523013007 -0.00046552907336841931 0.016785597531124949 0.025595913213436253 1.6080749295118345e-05 -0.00022001130506396293 0.00090813787565344856 0.00040984635840801676 -0.00065553853409769749 0.026155652618035676 -0.0091907925870535635 -0.00022973799988358892 -0.00073615250732291665 -0.013405143637210133 -0.017752989475819759 -0.0041661803030742786 -0.0085603825220217315 0.011638512888125011 -0.0046217548793980054 0.0029113068245351318 0.010314203053712846 0.0038766846417972486 -0.0021520366537911089 0.00087619257701589961
leaf_weight=29 3588 27 30 25 23 31 22 26 27 76 31 27 32 30 23 32 26 24 23 28 20 25 23 22 34 38 24 36 22 35 43 23 21 139 31 1525 36 192 26 33 20 27 768 40 21 522 46 20 28 13136 4799 40 41 106 30 28 21 40 20 438 184 1408
leaf_count=29 3588 27 30 25 23 31 22 26 27 76 31 27 32 30 23 32 26 24 23 28 20 25 23 22 34 38 24 36 22 35 43 23 21 139 31 1525 36 192 26 33 20 27 768 40 21 522 46 20 28 13136 4799 40 41 106 30 28 21 40 20 438 184 1408
internal_value=-1.86999e-05 0.00288934 0.00355006 -0.00470453 0.00181309 0.00203211 0.00253508 0.0115302 0.00178025 -0.000374679 -0.0076696 0.00546711 -0.00415817 0.00920324 0.00255994 -0.00143535 0.00275694 0.015342 -0.00390626 0.0206178 0.0134693 0.00441053 0.00946488 0.00111754 -0.00656378 0.00413583 0.0081752 0.00666525 0.0042484 0.00242426 0.0059048 0.00993818 -0.000118241 -0.000296582 0.0017058 0.000358005 0.000663157 0.00391292 0.0113573 0.00637866 -0.000363065 0.00119797 0.000441703 0.00797 0.014795 0.001183 0.00582193 0.0130893 -0.00080228 -0.000437384 -0.000955552 -0.00321985 -0.00528507 -0.00406401 -0.00782191 -0.00137286 0.00466983 -0.00200513 0.000754728 0.00049714 0.00124911 0.00158812
internal_weight=28311 937 862 75 48 649 620 48 572 361 143 211 59 152 73 112 81 79 49 55 43 218 86 132 56 63 213 183 147 123 88 66 27374 19916 640 7458 5905 287 95 69 19276 876 788 88 48 609 87 41 1553 18400 5264 465 306 266 111 155 49 70 159 5618 2030 1846
internal_count=28311 937 862 75 48 649 620 48 572 361 143 211 59 152 73 112 81 79 49 55 43 218 86 132 56 63 213 183 147 123 88 66 27374 19916 640 7458 5905 287 95 69 19276 876 788 88 48 609 87 41 1553 18400 5264 465 306 266 111 155 49 70 159 5618 2030 1846
is_linear=0
shrinkage=0.05


Tree=86
num_leaves=63
num_cat=0
split_feature=100 114 16 16 113 96 114 91 65 50 71 100 94 70 54 28 28 114 66 47 100 63 11 49 114 114 62 40 77 46 12 102 111 114 113 104 108 96 104 59 107 100 100 42 66 26 114 100 114 114 104 112 47 58 111 77 67 49 114 54 79 11
split_gain=2.95846 1.29158 3.56576 3.2239 2.27389 1.64051 1.80921 1.85291 1.70862 1.0954 1.29813 3.07248 2.41448 1.99264 4.10688 1.78572 1.71605 1.4333 2.31372 1.08311 2.02163 1.05211 1.55061 1.1004 1.74431 1.41739 1.07615 1.02366 1.13328 0.955812 0.907064 0.830158 1.33183 1.72734 1.99804 1.81789 1.1645 0.977934 1.46764 1.3695 1.16241 0.850568 0.81096 0.743109 2.92954 1.21717 0.952655 1.10292 0.68833 0.779275 2.18431 1.189 0.85609 0.672567 0.650627 0.642875 0.634699 0.622477 0.618882 1.51706 2.09404 3.02527
threshold=2024.5000000000002 8.5000000000000018 4.5000000000000009 2.5000000000000004 2.5000000000000004 1.5000000000000002 10.500000000000002 2.0000000000000004 2.0000000000000004 2.0000000000000004 3.0000000000000004 2021.5000000000002 4.0000000000000009 2.0000000000000004 2.0000000000000004 2.0000000000000004 2.0000000000000004 15.500000000000002 2.0000000000000004 2.0000000000000004 2022.5000000000002 2.5000000000000004 2.0000000000000004 4.0000000000000009 14.500000000000002 16.500000000000004 2.5000000000000004 3.5000000000000004 2.5000000000000004 2.0000000000000004 1.0000000180025095e-35 1.0000000180025095e-35 1.0000000180025095e-35 7.5000000000000009 2.5000000000000004 2.5000000000000004 16.500000000000004 1.5000000000000002 7.5000000000000009 -1.0000000180025095e-35 25.500000000000004 2025.5000000000002 2025.5000000000002 2.0000000000000004 2.0000000000000004 2.5000000000000004 11.500000000000002 2025.5000000000002 6.5000000000000009 1.0000000180025095e-35 7.5000000000000009 1.0000000180025095e-35 2.0000000000000004 3.0000000000000004 3.5000000000000004 1.0000000180025095e-35 2.5000000000000004 4.0000000000000009 16.500000000000004 2.0000000000000004 2.0000000000000004 2.0000000000000004
decision_type=2 2 2 2 2 2 2 2 2 2 2 2 2 2 2 2 2 2 2 2 2 2 2 2 2 2 2 2 2 2 2 8 10 2 2 2 8 2 2 2 8 2 2 2 2 2 2 2 2 2 2 10 2 2 10 2 2 2 2 2 2 2
left_child=1 2 3 -1 -5 -3 7 27 9 -8 11 -11 30 14 16 -16 -12 18 -14 20 -15 -10 26 -24 -25 -26 -23 28 -7 -29 -13 32 -2 36 35 -35 42 39 41 40 -38 -39 -34 44 45 -37 47 -45 49 -42 52 -52 -51 -40 -54 -36 -6 -20 -33 -60 61 -61
right_child=31 5 -4 4 56 6 8 -9 21 10 13 12 17 19 15 -17 -18 -19 57 -21 -22 22 23 24 25 -27 -28 29 -30 -31 -32 58 33 34 55 43 37 38 53 -41 48 -43 -44 46 -46 -47 -48 -49 -50 50 51 -53 54 -55 -56 -57 -58 -59 59 60 -62 -63
leaf_value=-0.010383573378360756 -0.00079939388744236235 0.013955536706149966 -0.0196758215032194 -0.0040955061126234276 0.0072703729748078011 0.0077602881091562194 0.0083471301244571802 0.022188241957199008 0.013730903850188731 -0.02045159935951233 0.00042188771896892126 -0.0043152881861739864 0.0091094562619486279 0.025502663254737858 -0.0016472612303204655 -0.016592324922720975 0.016470625636077697 0.01115517596175012 -0.014771538581699134 0.0023461866058642044 0.0041750802248716355 0.0051457308402115647 -0.0020497163385152818 0.022091011757341527 -0.0044401034619659186 0.013951250288466161 -0.0098798021172674805 0.017008022177550527 -0.0086847983649931855 0.0038231248900826489 -0.016959737594057198 -0.00028003292867655779 -0.013814167900099643 0.011385344047295421 -0.003502665378508114 -0.00046536391268351253 0.0098365081888106137 -0.013781268635521766 0.00056404781838258102 0.0095302358344197275 3.9051593012912568e-05 -0.0033734894010113248 -0.0024906953505706045 0.01354442886742098 0.015620056553320452 0.010103226587590245 -0.0072892951330652952 0.0012506720670264404 -0.0024647113395063844 -0.00010984559853871664 0.0060051493508660285 0.022674390105530622 0.014006014132783526 0.010935420796952465 0.0022714986983272765 0.0024899578772676297 0.018310326174832883 -0.0028278779083242018 -0.00011386910136985842 0.0014772146173681205 0.0058882691660387954 -0.018571690351448275
leaf_weight=37 1004 36 23 28 23 22 40 21 37 23 36 37 34 20 41 39 31 38 20 40 25 22 20 24 20 22 26 27 20 28 23 22576 21 95 105 112 36 23 54 50 458 134 64 21 55 36 27 139 146 180 23 20 21 22 27 78 30 24 1420 130 275 22
leaf_count=37 1004 36 23 28 23 22 40 21 37 23 36 37 34 20 41 39 31 38 20 40 25 22 20 24 20 22 26 27 20 28 23 22576 21 95 105 112 36 23 54 50 458 134 64 21 55 36 27 139 146 180 23 20 21 22 27 78 30 24 1420 130 275 22
internal_value=-1.77649e-05 0.00274488 -0.00166583 0.00184459 0.0074303 0.00352617 0.00303215 0.00872244 0.00198627 0.000432046 -0.000302532 -0.00326537 -0.00101944 0.00223887 -0.00128477 -0.00893298 0.00784742 0.0031924 -0.000686902 0.00833268 0.013654 0.00626719 0.00420632 0.0082246 0.011338 0.00519346 -0.0029931 0.00580716 -7.07054e-05 0.0102957 -0.00916233 -0.000112329 0.0006798 0.00144257 0.00350331 0.00518303 0.000366281 0.000768824 -0.00213725 0.00147342 0.00103122 -0.0048982 -0.00528826 0.00367222 0.00576699 0.00210537 0.00139821 0.00286423 0.000668947 0.00129654 0.00342174 0.0137583 0.0014723 0.00356629 0.00740535 -0.000948433 0.0135194 -0.00825681 -0.000208041 0.000671922 0.00328509 -0.0014246
internal_weight=28311 937 141 118 81 796 760 118 642 471 431 199 176 232 147 80 67 116 78 85 45 171 134 86 66 42 48 97 42 55 60 27374 2951 1947 668 485 1279 1194 233 961 911 157 85 390 203 148 187 160 875 729 271 43 228 76 48 183 53 44 24423 1847 427 152
internal_count=28311 937 141 118 81 796 760 118 642 471 431 199 176 232 147 80 67 116 78 85 45 171 134 86 66 42 48 97 42 55 60 27374 2951 1947 668 485 1279 1194 233 961 911 157 85 390 203 148 187 160 875 729 271 43 228 76 48 183 53 44 24423 1847 427 152
is_linear=0
shrinkage=0.05


Tree=87
num_leaves=63
num_cat=0
split_feature=100 52 42 18 40 69 43 21 104 72 16 57 46 95 28 91 77 66 100 28 106 68 77 54 114 106 94 40 113 94 77 106 100 102 110 114 113 111 100 19 66 40 110 111 114 59 66 96 61 110 113 110 77 69 61 99 7 110 26 113 42 97
split_gain=2.67001 1.84249 2.73643 1.83944 2.07369 2.1504 1.84169 1.52223 1.49678 1.63037 2.33505 2.33369 1.43833 1.39203 2.05401 1.5459 2.28743 1.60493 2.45396 2.23939 1.90168 1.51466 2.2218 1.96485 1.88858 1.4651 1.19372 1.29072 1.05245 0.962457 0.927988 0.895972 1.78836 0.749217 1.88476 1.08633 1.73661 1.46197 1.59439 1.07253 1.38099 1.87824 1.06572 1.00648 1.11381 1.85703 1.40442 0.802766 0.782016 0.995252 0.891509 1.03353 1.01571 0.959364 1.51981 1.68245 0.919163 0.946723 0.858524 1.04682 1.11219 1.31877
threshold=2024.5000000000002 3.0000000000000004 2.0000000000000004 3.5000000000000004 3.5000000000000004 3.0000000000000004 2.0000000000000004 2.5000000000000004 7.5000000000000009 3.5000000000000004 3.5000000000000004 4.0000000000000009 2.0000000000000004 2.0000000000000004 2.0000000000000004 2.0000000000000004 2.5000000000000004 2.0000000000000004 2022.5000000000002 2.0000000000000004 1.0000000180025095e-35 2.0000000000000004 2.5000000000000004 2.0000000000000004 11.500000000000002 1.0000000180025095e-35 2.0000000000000004 3.5000000000000004 4.5000000000000009 4.0000000000000009 2.5000000000000004 1.0000000180025095e-35 2023.5000000000002 1.0000000180025095e-35 63.250000000000007 7.5000000000000009 2.5000000000000004 3.5000000000000004 2025.5000000000002 2.0000000000000004 2.0000000000000004 3.5000000000000004 25.750000000000004 7.5000000000000009 2.5000000000000004 -1.0000000180025095e-35 2.0000000000000004 1.5000000000000002 3.5000000000000004 33.250000000000007 1.5000000000000002 50.250000000000007 1.0000000180025095e-35 3.0000000000000004 4.5000000000000009 3.0000000000000004 -1.4999999999999998 23.250000000000004 2.5000000000000004 2.5000000000000004 2.0000000000000004 1.5000000000000002
decision_type=2 2 2 2 2 2 2 2 2 2 2 2 2 2 2 2 2 2 2 2 2 2 2 2 2 2 2 2 2 2 2 2 2 8 10 2 2 8 2 2 2 2 10 10 2 2 2 2 2 10 2 10 2 2 2 2 2 8 2 2 2 2
left_child=1 8 7 4 5 -4 29 12 -1 10 31 -11 -3 15 -15 17 -17 18 -9 20 -20 25 23 -23 -24 -19 -13 -28 -26 -6 -8 -10 -33 34 35 43 37 38 -37 -40 41 -41 -39 47 -45 46 -46 -2 49 -35 -50 52 53 54 55 -52 57 -55 -54 -60 61 -61
right_child=33 2 3 -5 6 -7 30 13 9 11 -12 26 -14 14 -16 16 -18 21 19 -21 -22 22 24 -25 28 -27 27 -29 -30 -31 -32 32 -34 48 -36 36 -38 42 39 40 -42 -43 -44 44 45 -47 -48 -49 50 -51 51 -53 58 56 -56 -57 -58 -59 59 60 -62 -63
leaf_value=-0.0054993302871783577 -5.6556393005758591e-05 -0.00012699863712849289 -0.0088603482485331338 -0.0080245129810646177 0.026982434008580941 0.0083179389107592254 -0.0018210437215332475 0.0043777529041954246 0.02609579700621821 -0.012113485899753869 0.0023111291095847266 -0.0033174086192792117 -0.015618573582821316 -0.019399945118597578 0.0018115382492542268 -0.0035344012729499651 0.016651827635036576 -7.2242862855394682e-05 -0.014513921161137878 -0.022775271630380303 0.006764748676990469 0.015337317319148603 -0.015426340953757365 -0.0011073217273522647 0.0049109927593515472 0.016062879830817969 0.0030619613346502639 0.016943147904513515 -0.0082309096157550821 0.012669127628855085 0.012083301779681019 0.02433379043994302 0.005129295587539673 -0.00028973052213623532 0.01355649662603225 0.019619909326799894 -0.0014069272119971649 0.0012753435535324967 -0.0018428636621683836 0.0019858531653881074 0.00069502000796033982 0.017498731113970278 0.011672188012072674 -9.9192997375568319e-05 -0.00081269126385450372 0.02038086783140898 0.012748722549544515 -0.0027855762086498245 -7.0320268066434614e-05 -0.0027886490986272876 0.024688290860503913 0.010904280003160238 -0.0014294091600068851 -0.0019292232003949939 0.0018899917908346477 0.0070686221289049311 -0.003603791599080228 0.012471382083371282 -0.00021827585307288575 0.0066101102118627138 -0.00038247057270231866 -0.002650635529552465
leaf_weight=24 1361 29 29 20 24 49 21 43 21 20 40 22 31 21 25 23 36 24 21 25 21 34 30 39 39 34 33 34 25 23 28 22 27 18957 28 22 284 474 40 32 47 50 26 143 60 20 28 336 3582 407 20 28 358 21 67 42 57 25 440 234 139 46
leaf_count=24 1361 29 29 20 24 49 21 43 21 20 40 22 31 21 25 23 36 24 21 25 21 34 30 39 39 34 33 34 25 23 28 22 27 18957 28 22 284 474 40 32 47 50 26 143 60 20 28 336 3582 407 20 28 358 21 67 42 57 25 440 234 139 46
internal_value=-1.68767e-05 0.00260763 0.00129566 0.00633607 0.00798671 0.00193114 0.0129069 -0.000660025 0.00635459 0.00765365 0.0119481 0.00331981 -0.00813098 0.000358741 -0.00787197 0.00131969 0.00878262 5.31952e-06 -0.00494428 -0.0109271 -0.00387459 0.00242512 7.47898e-06 0.00655183 -0.00507483 0.00938628 0.00678796 0.0101061 -0.000222563 0.0199781 0.0061243 0.0174549 0.0137517 -0.000106712 0.00064581 0.000522136 0.00188461 0.00323743 0.0069585 0.00531027 0.00752829 0.0114449 0.00181598 -0.0001598 0.00279536 0.00662796 0.0035023 -0.000596893 -0.000197639 -0.000342254 0.000355894 0.00138954 0.00120568 0.00423764 0.00711068 0.0127524 0.000639366 0.00589719 0.000627694 0.00148502 0.00327368 0.0050887
internal_weight=28311 937 694 194 174 78 96 500 243 219 110 109 60 440 46 394 59 335 110 67 42 225 167 73 94 58 89 67 64 47 49 70 49 27374 2951 2923 975 691 191 169 129 82 500 1948 251 108 88 1697 24423 19364 5059 1477 1449 232 129 62 103 46 1217 859 419 280
internal_count=28311 937 694 194 174 78 96 500 243 219 110 109 60 440 46 394 59 335 110 67 42 225 167 73 94 58 89 67 64 47 49 70 49 27374 2951 2923 975 691 191 169 129 82 500 1948 251 108 88 1697 24423 19364 5059 1477 1449 232 129 62 103 46 1217 859 419 280
is_linear=0
shrinkage=0.05


Tree=88
num_leaves=63
num_cat=0
split_feature=100 52 42 65 14 54 16 48 40 100 66 76 62 77 18 40 48 11 104 72 67 100 16 11 66 17 63 8 8 22 14 55 110 48 109 112 113 49 18 94 109 14 11 110 49 94 61 103 77 10 48 110 65 100 72 111 113 96 103 111 66 26
split_gain=2.40968 1.66285 2.46962 1.79372 3.44574 2.15054 4.81898 2.83072 2.46352 4.75094 2.56124 1.78053 2.82283 2.42871 1.6601 1.8715 1.94074 1.58395 1.35084 1.4714 2.35535 2.34431 2.10738 1.23923 2.09677 1.22408 1.14491 1.06837 0.90661 0.877299 0.788518 0.941365 1.2274 0.932038 1.83748 1.72074 0.832419 0.776714 1.47 2.09167 0.766622 0.74016 1.17132 0.902494 0.751483 0.733302 0.662493 0.660082 0.762532 0.623409 0.61729 0.661574 0.581796 0.650745 0.562317 0.965699 0.98116 0.979382 0.872195 0.849349 1.14548 1.9002
threshold=2024.5000000000002 3.0000000000000004 2.0000000000000004 2.0000000000000004 4.0000000000000009 2.0000000000000004 4.5000000000000009 3.0000000000000004 3.5000000000000004 2023.5000000000002 2.0000000000000004 3.5000000000000004 2.5000000000000004 2.5000000000000004 3.5000000000000004 3.5000000000000004 3.0000000000000004 2.0000000000000004 7.5000000000000009 3.5000000000000004 2.5000000000000004 2022.5000000000002 3.5000000000000004 2.0000000000000004 2.0000000000000004 3.0000000000000004 2.5000000000000004 2.0000000000000004 2.0000000000000004 3.0000000000000004 2.0000000000000004 3.0000000000000004 28.750000000000004 3.0000000000000004 63.500000000000007 1.0000000180025095e-35 5.5000000000000009 4.0000000000000009 3.5000000000000004 2.0000000000000004 42.500000000000007 4.0000000000000009 1.0000000180025095e-35 39.750000000000007 4.0000000000000009 2.0000000000000004 3.5000000000000004 1.0000000180025095e-35 2.5000000000000004 1.0000000180025095e-35 3.0000000000000004 7.7500000000000009 2.0000000000000004 2025.5000000000002 1.0000000180025095e-35 1.5000000000000002 1.5000000000000002 3.5000000000000004 inf 2.5000000000000004 2.0000000000000004 2.5000000000000004
decision_type=2 2 2 2 2 2 2 2 2 2 2 2 2 2 2 2 2 2 2 2 2 2 2 2 2 2 2 2 2 2 2 2 10 2 10 10 2 2 2 2 10 2 2 10 2 2 2 10 2 2 2 10 2 2 2 10 2 2 8 10 2 2
left_child=1 18 3 5 -5 6 8 -8 10 -10 -3 17 45 -14 15 16 -4 -7 -1 22 26 -22 25 -17 -25 28 -21 -12 -20 -6 33 32 37 34 -2 -36 41 38 39 -32 47 42 43 -33 -44 -13 -18 -35 -49 54 -39 -52 53 -46 55 57 -57 -43 59 60 61 -58
right_child=30 2 14 4 29 11 7 -9 9 -11 27 12 13 -15 -16 23 46 -19 19 20 21 -23 -24 24 -26 -27 -28 -29 -30 -31 31 36 -34 40 35 -37 -38 50 -40 -41 -42 49 44 -45 52 -47 -48 48 -50 -51 51 -53 -54 -55 -56 56 58 -59 -60 -61 -62 -63
leaf_value=-0.005224364312986533 0.00053986237391620063 -0.0020126265537892952 -0.0084173308074743294 -0.0091157606255043971 0.012268717841112189 0.01064762807370204 -0.027945450432598593 -0.0013432073779404165 0.010291737457737328 -0.014233383674843191 0.02483958272178742 -0.027475442301947622 -0.016247689604759218 0.0035251084010957216 -0.0076232871506363153 0.019761170651763679 0.0014613401906734165 -0.0065545468591153627 0.028841974743938244 0.0052339022406018704 0.024729929482564333 0.0015515617827380388 0.002195572490527411 0.017696144576345024 -0.00086635078769177205 0.0079808802961801682 -0.0083115753395339633 0.011121754001360389 0.014487612713128329 0.0010130218756587608 0.00081275701057165856 -0.00065272976428222931 0.011326048799580143 -0.00079603358189932248 0.00071090527523595551 0.018732660546622894 0.0098670828249305485 -0.0017926068063918972 -0.00063513624886779683 0.023406290529584067 -0.0077671635730535192 -0.0008896647270324094 0.0003129260464301033 -0.006036982218487353 -0.019062744053080678 -0.014246967333284292 0.013150021240667062 -0.0031483058055693453 0.0083425702948478012 0.0043126953462771598 0.0026223881557928498 -0.0041055622599309406 -0.0025219662438916123 -0.0071632779755250175 -0.00035106995448906555 -0.00033243424450955209 0.019280973957343538 0.010000173020220939 -0.00042070105753260335 0.0021732393310101915 -0.00025969611540917431 4.1200983382406693e-05
leaf_weight=24 5852 29 29 34 70 23 20 20 40 39 22 20 25 41 20 35 22 32 22 26 20 24 40 29 32 26 39 40 22 23 20 5244 31 1451 26 27 20 199 46 21 38 1227 31 79 20 22 27 22 42 78 281 42 23 27 10413 795 33 21 309 904 31 21
leaf_count=24 5852 29 29 34 70 23 20 20 40 39 22 20 25 41 20 35 22 32 22 26 20 24 40 29 32 26 39 40 22 23 20 5244 31 1451 26 27 20 199 46 21 38 1227 31 79 20 22 27 22 42 78 281 42 23 27 10413 795 33 21 309 904 31 21
internal_value=-1.60329e-05 0.00247725 0.00123087 -0.000627024 0.00450531 -0.00237449 0.000970329 -0.0146443 0.00464437 -0.0018156 0.0102525 -0.00668377 -0.010413 -0.00396459 0.00601927 0.00758738 0.00183458 0.00063909 0.00603686 0.00727097 0.00315382 0.0120872 0.0113507 0.0122615 0.00795844 0.0165822 -0.00289338 0.0159894 0.0216648 0.00948505 -0.000101377 -0.000265593 0.00162095 0.00033715 0.0006238 0.0098918 -0.00032823 0.00112693 0.00550082 0.0123851 -0.000752783 -0.000338819 -0.00083385 -0.000732639 -0.006168 -0.0205462 0.00790204 -0.000576845 0.00439258 -0.000144701 0.000397948 0.00174755 -0.00903812 -0.0122269 -0.000169979 0.000394432 0.00105084 -0.000706422 0.00189807 0.00262254 0.00740102 0.0117988
internal_weight=28311 937 694 500 127 373 210 40 170 79 91 163 108 66 194 174 78 55 243 219 109 44 110 96 61 70 65 62 44 93 27374 19916 640 7458 5905 53 19276 609 87 41 1553 19256 5424 5323 101 42 49 1515 64 13832 522 323 70 47 13754 3341 2093 1248 1298 989 85 54
internal_count=28311 937 694 500 127 373 210 40 170 79 91 163 108 66 194 174 78 55 243 219 109 44 110 96 61 70 65 62 44 93 27374 19916 640 7458 5905 53 19276 609 87 41 1553 19256 5424 5323 101 42 49 1515 64 13832 522 323 70 47 13754 3341 2093 1248 1298 989 85 54
is_linear=0
shrinkage=0.05


Tree=89
num_leaves=63
num_cat=0
split_feature=100 64 66 44 97 114 96 16 16 114 65 71 18 114 44 14 14 63 22 44 66 28 17 28 57 16 87 14 114 48 57 73 110 64 44 107 2 110 49 100 94 113 77 21 19 110 16 62 52 103 110 102 104 70 25 15 12 87 114 47 70 21
split_gain=2.17474 1.55059 3.16335 1.46569 1.46465 1.19427 2.8488 2.39328 3.01252 2.07374 2.09815 2.92003 3.89288 3.99718 4.2593 4.0993 2.81387 1.98724 1.98468 1.83616 3.70983 5.58609 1.69294 1.38524 0.904198 0.913268 0.758718 0.711638 0.86168 0.988081 0.819764 1.06937 0.92424 0.923836 1.64212 0.892096 0.855933 0.871158 0.920995 2.45394 3.13125 0.853716 1.33257 2.09128 0.848355 1.21408 0.845489 0.799267 0.797132 1.56811 0.760756 2.94859 2.18235 1.04227 0.740683 0.948608 0.855401 1.66437 0.784759 0.701848 0.717858 0.999158
threshold=2024.5000000000002 2.5000000000000004 2.0000000000000004 2.0000000000000004 3.0000000000000004 8.5000000000000018 1.5000000000000002 2.5000000000000004 4.5000000000000009 12.500000000000002 2.0000000000000004 3.0000000000000004 1.5000000000000002 16.500000000000004 2.0000000000000004 2.0000000000000004 4.0000000000000009 2.5000000000000004 3.0000000000000004 2.0000000000000004 2.0000000000000004 2.0000000000000004 3.0000000000000004 2.0000000000000004 4.0000000000000009 3.5000000000000004 1.0000000180025095e-35 2.0000000000000004 17.500000000000004 3.0000000000000004 4.0000000000000009 2.5000000000000004 33.750000000000007 2.5000000000000004 2.0000000000000004 21.500000000000004 1.0000000180025095e-35 84.500000000000014 4.0000000000000009 2025.5000000000002 2.0000000000000004 3.5000000000000004 2.5000000000000004 2.5000000000000004 3.5000000000000004 12.250000000000002 3.5000000000000004 2.5000000000000004 3.0000000000000004 1.0000000180025095e-35 22.750000000000004 1.0000000180025095e-35 6.5000000000000009 2.0000000000000004 2.5000000000000004 3.0000000000000004 1.0000000180025095e-35 1.0000000180025095e-35 7.5000000000000009 2.0000000000000004 2.0000000000000004 2.5000000000000004
decision_type=2 2 2 2 2 2 2 2 2 2 2 2 2 2 2 2 2 2 2 2 2 2 2 2 2 2 2 2 2 2 2 2 8 2 2 10 2 8 2 2 2 2 2 2 2 8 2 2 2 10 10 8 2 2 2 2 2 2 2 2 2 2
left_child=1 4 -3 -4 5 7 -7 -1 22 24 11 12 13 14 15 -11 -15 -17 -12 20 -13 -22 -9 -24 -8 -26 -27 28 29 50 41 35 44 36 -35 -32 37 -34 39 40 -39 -29 48 -44 -33 46 -46 -42 -43 -50 54 52 53 -52 55 56 58 -58 -2 60 61 -30
right_child=27 2 3 -5 -6 6 9 8 -10 10 18 19 -14 16 -16 17 -18 -19 -20 -21 21 -23 23 -25 25 26 -28 30 59 -31 31 32 33 34 -36 -37 -38 38 -40 -41 47 42 43 -45 45 -47 -48 -49 49 -51 51 -53 -54 -55 -56 -57 57 -59 -60 -61 -62 -63
leaf_value=-0.012458631031982163 -0.00023777923809186133 -0.018620341507574686 0.0081345579979058957 -0.0085878053260967143 -0.0097419520162723289 0.019229241066301864 -0.0013177512903456336 -0.0025097856970710888 -0.01340032480974597 0.00949296412013826 0.010783158435768794 0.010457332074631353 0.01529447313398123 0.016749659078639179 -0.035121729103848337 -0.0061189795420928438 -0.0066631017415078753 -0.026723502412438396 -0.0049198168992566384 0.010642371576619694 0.004073499416311582 -0.030040563703514635 0.0056502919810424955 0.022416176985610617 0.012119304050650934 0.008479622511626924 -2.0189997569726009e-05 -0.00042680151990532819 0.00025868012598948556 -0.00090480484696024146 -6.6613940947145445e-06 0.015032218201085926 -0.0089024333320558077 0.014501665831844816 -0.00062375766176142199 -0.0094746371991932393 0.0098659388682184115 -0.0028023545940717063 -0.00038617776105704478 -0.0014230272986915434 0.02711005495861173 -0.0053759169415570802 -0.0016795004355824657 -0.022446866976943883 -0.0049461807534542119 0.0093622974436064921 0.0066674168705940246 0.012974403984844686 -0.0054070035461336379 0.013915482340824037 0.011463659867230389 -0.00064553931273149531 0.022577487849272215 -0.00083837121950857568 0.0026214609140961694 -0.008760224741979919 0.015747993224515363 0.0011635451164992549 0.0010741707673622644 0.0093426936369558622 -0.0066944119986146692 0.011446349778822786
leaf_weight=34 3301 26 38 20 22 30 27 27 22 21 89 43 20 21 20 22 33 25 26 65 30 20 28 22 92 73 41 13664 64 1495 5151 20 25 34 38 25 24 24 526 87 20 44 27 22 42 56 25 20 21 21 36 181 26 33 354 29 26 79 1741 44 20 29
leaf_count=34 3301 26 38 20 22 30 27 27 22 21 89 43 20 21 20 22 33 25 26 65 30 20 28 22 92 73 41 13664 64 1495 5151 20 25 34 38 25 24 24 526 87 20 44 27 22 42 56 25 20 21 21 36 181 26 33 354 29 26 79 1741 44 20 29
internal_value=-1.52312e-05 0.00235339 -0.00412824 0.00236823 0.00299167 0.00332878 0.00415619 -0.00101354 0.0029171 0.00347926 0.00144037 -0.000641326 -0.00535826 -0.00826709 -0.0148385 -0.00887284 0.00244186 -0.0170788 0.00723292 0.00419502 -0.000311194 -0.00957213 0.00757922 0.0130273 0.00728576 0.0084134 0.00542267 -9.6308e-05 0.000320293 0.000241481 -0.000252314 0.000229488 0.00177997 0.00111664 0.0065188 -5.23916e-05 0.000580884 0.000263446 0.00060192 0.0040439 0.0114755 -0.000465893 -0.00442252 -0.0110036 0.00548167 0.00392874 -0.000612749 0.0200422 -0.000672817 0.00425424 0.000536641 0.00309854 0.010232 0.00558008 0.000408778 0.000257447 0.000308255 0.00477493 0.000215236 0.00398529 0.00189922 0.00374731
internal_weight=28311 937 84 58 853 831 698 133 99 668 435 320 162 142 88 68 54 47 115 158 93 50 77 50 233 206 114 27374 7458 7301 19916 6117 941 798 72 5176 726 702 677 151 64 13799 135 49 143 123 67 40 86 42 5806 276 95 69 5530 5176 5147 105 5042 157 113 93
internal_count=28311 937 84 58 853 831 698 133 99 668 435 320 162 142 88 68 54 47 115 158 93 50 77 50 233 206 114 27374 7458 7301 19916 6117 941 798 72 5176 726 702 677 151 64 13799 135 49 143 123 67 40 86 42 5806 276 95 69 5530 5176 5147 105 5042 157 113 93
is_linear=0
shrinkage=0.05


Tree=90
num_leaves=63
num_cat=0
split_feature=11 97 16 94 16 8 65 22 72 66 62 67 77 57 94 22 49 28 62 104 44 63 65 20 28 88 103 0 106 110 70 11 99 68 46 94 63 16 54 65 40 79 76 46 16 24 72 46 94 46 54 66 69 104 108 102 104 84 66 103 72 14
split_gain=2.07285 1.79732 1.78098 3.21073 1.83083 1.79528 2.81429 1.66187 1.59216 1.61311 1.42342 1.27174 1.22839 1.21449 1.88247 1.5845 2.96682 1.59144 1.56536 1.43208 1.18748 1.42203 1.77165 1.13427 1.0474 1.00165 2.38447 1.18681 0.996017 1.66764 3.10024 0.981991 5.79584 3.02024 2.87482 3.85617 1.72246 1.68147 3.08915 1.41991 1.38551 0.973793 0.972609 0.905003 0.881587 0.846056 0.835054 1.40717 3.22944 0.947436 0.813214 0.808406 0.775644 0.707233 0.710678 0.637458 0.713864 0.970701 0.867666 0.628128 4.29045 2.94139
threshold=2.0000000000000004 3.0000000000000004 3.5000000000000004 2.0000000000000004 4.5000000000000009 2.0000000000000004 2.0000000000000004 3.0000000000000004 3.5000000000000004 2.0000000000000004 2.5000000000000004 2.5000000000000004 2.5000000000000004 4.0000000000000009 4.0000000000000009 3.0000000000000004 4.0000000000000009 2.0000000000000004 2.5000000000000004 7.5000000000000009 2.0000000000000004 2.5000000000000004 2.0000000000000004 2.5000000000000004 2.0000000000000004 1.0000000180025095e-35 1.0000000180025095e-35 1.0000000180025095e-35 1.0000000180025095e-35 57.250000000000007 2.0000000000000004 1.0000000180025095e-35 3.0000000000000004 2.0000000000000004 2.0000000000000004 4.0000000000000009 2.5000000000000004 3.5000000000000004 2.0000000000000004 2.0000000000000004 3.5000000000000004 2.0000000000000004 3.5000000000000004 2.0000000000000004 3.5000000000000004 2.5000000000000004 2.5000000000000004 2.0000000000000004 4.0000000000000009 2.0000000000000004 2.0000000000000004 2.0000000000000004 3.0000000000000004 7.5000000000000009 37.500000000000007 1.0000000180025095e-35 4.5000000000000009 1.0000000180025095e-35 2.0000000000000004 1.0000000180025095e-35 3.5000000000000004 4.0000000000000009
decision_type=2 2 2 2 2 2 2 2 2 2 2 2 2 2 2 2 2 2 2 2 2 2 2 2 2 2 10 2 2 10 2 2 2 2 2 2 2 2 2 2 2 2 2 2 2 2 2 2 2 2 2 2 2 2 10 8 2 2 2 10 2 2
left_child=25 2 5 11 20 23 13 10 -6 -10 -8 41 -13 19 18 16 -16 -18 -15 -7 21 -5 -23 -2 51 28 27 -27 29 53 -31 55 -33 36 37 40 -34 38 -35 -38 -36 -4 -28 -21 -3 -25 49 52 -49 -47 -39 -22 -48 -1 59 56 57 58 -30 -55 -61 -62
right_child=1 44 3 4 8 6 7 -9 9 -11 -12 12 -14 14 15 -17 17 -19 -20 43 24 22 -24 45 -26 26 42 -29 31 30 -32 32 33 34 35 -37 39 50 -40 -41 -42 -43 -44 -45 -46 46 47 48 -50 -51 -52 -53 -54 54 -56 -57 -58 -59 -60 60 61 -63
leaf_value=-0.00061005613746518625 0.0060531344509217894 -0.0014197103080472776 0.011303490705110809 0.017108104005455971 -0.010790954641997814 0.0059365364892238924 0.005674234761132135 -0.0037320793606340887 0.013900766254713138 -0.0017011302095409986 0.01793188151344657 0.0015177609376786721 -0.014249374927021564 -0.011614329391159119 0.023473432703086966 -0.0039275084982716276 -0.0022170865215187848 0.013646993756294253 0.0035843189383740538 -0.0021097245039763276 0.011938111962411893 0.0084300168280944578 -0.0060504733935626328 0.0040793543234467515 0.0072233783363896825 -0.001927599296560606 -0.0049156673252582555 0.010319979217919438 0.0041568233603329367 0.0173495381630051 -0.0035653897355694105 -0.02009895587196717 -2.7814301404547183e-05 -0.00083008746483496259 0.0061142604196599377 -0.0078977160962919388 0.013192581151088234 -0.0068121244460344317 -0.02828730646520853 0.0012660615927269382 0.022773951664566996 -0.0010509467507102367 -0.017935080765164459 -0.014371084783445388 -0.014971980414841147 -0.0077010627556592234 -0.0085028603750591479 -0.0022645283301244491 -0.025301456059618244 0.007335318726572124 0.0060731813001135984 0.024556810883805156 0.0038508894560099756 -0.00010144988159880684 0.0083218414542408515 9.5420336368224105e-05 0.0003694692176991496 0.012755516305565835 -0.0016074901815135399 0.0072304040140273116 -0.010150830111301998 0.0014910956062376499
leaf_weight=9804 30 28 22 30 20 22 45 20 30 37 50 21 30 36 26 31 43 25 32 27 22 86 28 25 28 196 26 22 231 37 34 26 47 21 24 30 128 25 20 31 26 58 32 34 21 20 24 32 29 22 24 30 27 5722 26 9647 551 25 91 201 85 150
leaf_count=9804 30 28 22 30 20 22 45 20 30 37 50 21 30 36 26 31 43 25 32 27 22 86 28 25 28 196 26 22 231 37 34 26 47 21 24 30 128 25 20 31 26 58 32 34 21 20 24 32 29 22 24 30 27 5722 26 9647 551 25 91 201 85 150
internal_value=-6.45148e-06 0.00213066 0.00257074 0.00497915 0.00774492 0.000796547 0.00279615 0.00936777 0.00158922 0.00528479 0.0121256 -0.00158692 -0.00775702 5.7983e-05 0.00223305 0.00587517 0.00910797 0.0036153 -0.00446202 -0.00499971 0.0101358 0.0074223 0.00487341 -0.00294435 0.01502 -9.1914e-05 -0.00308877 -0.000691605 -6.12863e-05 -0.00031199 0.00733394 0.000306491 0.00273191 0.00431064 -0.000622301 0.00627417 0.00838151 -0.0067525 -0.0142239 0.0108673 0.0147773 0.00234652 -0.0120988 -0.00894393 -0.00722783 -0.0044523 -0.00583731 -0.00809198 -0.0132165 0.000175137 -0.000500954 0.0192181 -0.00196264 -0.000345945 7.27727e-05 0.000214028 0.00148821 0.00326465 0.00252778 3.79439e-05 0.00186733 -0.00271981
internal_weight=28373 1091 1042 442 311 600 391 115 87 67 95 131 51 276 193 125 94 68 68 83 224 144 114 209 80 27282 276 218 27006 16059 71 10947 402 376 170 80 206 90 41 159 50 80 58 61 49 179 154 112 61 42 49 52 51 15988 6184 10545 898 347 322 6158 436 235
internal_count=28373 1091 1042 442 311 600 391 115 87 67 95 131 51 276 193 125 94 68 68 83 224 144 114 209 80 27282 276 218 27006 16059 71 10947 402 376 170 80 206 90 41 159 50 80 58 61 49 179 154 112 61 42 49 52 51 15988 6184 10545 898 347 322 6158 436 235
is_linear=0
shrinkage=0.05


Tree=91
num_leaves=63
num_cat=0
split_feature=100 95 22 48 49 100 46 66 11 67 114 94 70 100 54 66 11 8 114 61 11 16 109 94 114 114 8 8 102 114 108 105 109 111 114 53 100 66 67 102 103 8 52 73 100 48 21 109 16 100 114 46 111 48 66 19 62 100 67 68 28 84
split_gain=2.32506 2.26758 0.834451 1.58429 2.38536 3.16967 1.57794 2.05707 3.64211 2.95116 1.67973 2.61675 1.6251 1.57417 1.45479 1.41634 1.24956 1.16796 1.13205 0.780475 1.53015 3.77248 1.29259 1.02736 1.37313 2.78575 1.81262 0.970857 0.784737 1.92521 1.20482 1.21783 0.991268 0.910124 1.07864 1.20605 0.965138 2.34618 0.778411 0.741419 0.761879 1.5311 1.97344 1.35246 2.34705 1.07147 1.12512 1.00568 1.49988 0.778878 0.993964 0.79944 0.774992 0.746501 0.730726 0.721199 0.713363 0.712564 0.679333 0.621419 0.668734 0.572391
threshold=2023.5000000000002 2.0000000000000004 3.0000000000000004 3.0000000000000004 4.0000000000000009 2022.5000000000002 2.0000000000000004 2.0000000000000004 2.0000000000000004 2.5000000000000004 8.5000000000000018 4.0000000000000009 2.0000000000000004 2022.5000000000002 2.0000000000000004 2.0000000000000004 2.0000000000000004 2.0000000000000004 14.500000000000002 3.5000000000000004 2.0000000000000004 4.5000000000000009 74.500000000000014 4.0000000000000009 15.500000000000002 13.500000000000002 2.0000000000000004 2.0000000000000004 1.0000000180025095e-35 13.500000000000002 20.500000000000004 1.0000000180025095e-35 68.500000000000014 1.0000000180025095e-35 7.5000000000000009 3.0000000000000004 2025.5000000000002 2.0000000000000004 2.5000000000000004 1.0000000180025095e-35 1.0000000180025095e-35 2.0000000000000004 3.0000000000000004 2.5000000000000004 2025.5000000000002 3.0000000000000004 1.0000000180025095e-35 42.500000000000007 4.5000000000000009 2025.5000000000002 12.500000000000002 2.0000000000000004 2.5000000000000004 3.0000000000000004 2.0000000000000004 3.5000000000000004 2.5000000000000004 2025.5000000000002 2.5000000000000004 2.0000000000000004 2.0000000000000004 1.0000000180025095e-35
decision_type=2 2 2 2 2 2 2 2 2 2 2 2 2 2 2 2 2 2 2 2 2 2 10 2 2 2 2 2 8 2 8 2 10 10 2 2 2 2 2 10 10 2 2 2 2 2 2 10 2 2 2 2 10 2 2 2 2 2 2 2 2 2
left_child=1 2 6 59 -5 15 10 12 17 18 -1 14 -8 16 -12 -6 -13 -9 -10 28 22 23 39 27 25 -25 -26 -22 29 30 57 -32 -30 -33 61 -36 37 -37 -3 55 43 42 -42 47 -45 -46 -47 -41 54 50 -43 -52 -48 -44 -49 -21 -29 -2 -23 -4 -61 -35
right_child=19 38 3 4 5 -7 7 8 9 -11 11 13 -14 -15 -16 -17 -18 -19 -20 20 21 58 -24 24 26 -27 -28 56 32 -31 31 33 -34 34 35 36 -38 -39 -40 40 41 49 53 44 45 46 52 48 -50 -51 51 -53 -54 -55 -56 -57 -58 -59 -60 60 -62 -63
leaf_value=-0.0031616756170988083 -0.012155041778865068 -0.011444256979633463 0.013538574101403356 0.0098110872907219114 0.0099649168271571404 -0.022451981580040109 -0.00025170278015800501 0.01916418949133783 -0.0057020737929269674 -0.017705040948616493 0.027436884561622583 0.00077348203398287297 0.017188578545499374 -0.00292277680576912 0.011989664778146628 -0.0074563995161692478 0.016523876539705433 0.0030178423660496873 0.0090419481548926119 0.0065855434376691632 -0.0041356944279479129 -0.0017894894457780399 0.0098528725919978973 0.018050545391937099 0.02833403253578581 -0.004484293794666883 0.0097375737258086088 0.01400918243047984 -0.00028429820537966769 0.011629331699357584 0.0099499742473874789 -0.00072384835772107122 -0.00496028746491535 0.00073777914225517393 -0.005430263290671926 0.0016208214293185034 0.002945086585103179 0.021113072242587808 0.0008699028930138974 0.00043276202273622344 -0.0076275284002934179 -0.017494334429502486 0.016269269501790404 0.016527289838663171 -0.0020517472798625628 0.013503613427747042 -0.0035932636819779873 -0.0057155184447765352 0.015725326938209713 -0.0015068544074892999 -0.010139498905544836 0.00062550267252578029 0.0066331646955487406 0.0047358353060615709 0.0065603448284996882 -0.00076857705370314566 0.0023872791789472103 -0.0025072931998262283 -0.011997415746321037 -0.0025963541797616265 0.0098777669980162977 -0.0032379752099514006
leaf_weight=25 23 33 24 27 20 24 22 21 30 37 27 20 34 35 35 28 34 24 23 34 28 39 35 24 20 32 38 23 19585 39 35 887 114 956 38 38 417 26 21 2770 28 20 20 35 78 32 32 22 27 120 35 34 44 47 27 1711 31 114 28 22 21 100
leaf_count=25 23 33 24 27 20 24 22 21 30 37 27 20 34 35 35 28 34 24 23 34 28 39 35 24 20 32 38 23 19585 39 35 887 114 956 38 38 417 26 21 2770 28 20 20 35 78 32 32 22 27 120 35 34 44 47 27 1711 31 114 28 22 21 100
internal_value=-6.1289e-06 0.00310794 0.0040971 0.00115548 -0.00286292 -0.00761567 0.00542764 0.00228045 -0.00106154 -0.00686871 0.00884305 0.0108306 0.010337 0.0053369 0.0187167 -0.000197518 0.0106904 0.0105528 0.000696275 -7.19159e-05 0.000466763 0.00418678 0.000276826 0.00768797 0.0107581 0.00517349 0.0161501 0.00341972 -0.000202276 0.000601625 0.000438345 0.000688825 -0.000311359 0.000557168 0.0012786 0.00314505 0.00382252 0.00953955 -0.00665542 0.000211313 0.00064438 -0.00174318 0.00351999 0.000881034 0.00464891 0.00241373 0.0056388 0.000588448 0.00626279 -0.00413552 -0.0076798 -0.00483501 0.0023273 0.00817865 0.00104873 -0.000625288 0.00733735 -0.00412699 -0.00605549 0.00709312 0.00349566 0.000361287
internal_weight=28373 587 533 166 99 72 367 191 135 90 176 151 56 89 62 48 54 45 53 27786 5414 263 5151 196 114 56 58 82 22372 2673 2634 2497 19699 2462 1575 519 481 64 54 5116 3371 304 95 3067 221 186 108 2846 76 209 89 69 76 67 49 1745 54 137 67 67 43 1056
internal_count=28373 587 533 166 99 72 367 191 135 90 176 151 56 89 62 48 54 45 53 27786 5414 263 5151 196 114 56 58 82 22372 2673 2634 2497 19699 2462 1575 519 481 64 54 5116 3371 304 95 3067 221 186 108 2846 76 209 89 69 76 67 49 1745 54 137 67 67 43 1056
is_linear=0
shrinkage=0.05


Tree=92
num_leaves=63
num_cat=0
split_feature=100 95 113 22 77 40 100 74 14 113 66 11 67 77 87 43 114 8 114 14 92 17 63 100 11 100 114 109 43 18 85 67 87 103 25 70 65 113 63 51 114 44 109 111 24 114 56 106 114 72 51 61 113 48 109 114 100 109 70 47 103 109
split_gain=2.09836 2.04649 1.16126 0.753092 2.18028 4.45468 1.67708 1.42409 3.11339 2.70954 1.85651 3.287 2.66342 1.46786 1.40464 1.44323 1.18981 1.05408 1.02167 0.906791 0.735805 1.17579 2.63653 2.64898 3.00278 2.5127 1.78671 1.57448 1.41178 1.82538 1.49295 1.33048 1.24016 1.1817 1.16978 2.20851 1.55993 0.85761 2.12383 2.10261 3.1921 1.51161 0.837715 1.28531 0.961675 1.02547 0.887406 0.801853 1.767 0.790524 0.782737 0.753329 0.695655 0.751986 0.960403 0.698199 0.756944 0.647601 0.641581 0.640336 0.606117 0.559417
threshold=2023.5000000000002 2.0000000000000004 3.5000000000000004 3.0000000000000004 2.5000000000000004 3.5000000000000004 2022.5000000000002 2.5000000000000004 2.0000000000000004 3.5000000000000004 2.0000000000000004 2.0000000000000004 2.5000000000000004 2.5000000000000004 1.0000000180025095e-35 2.0000000000000004 12.500000000000002 2.0000000000000004 14.500000000000002 4.0000000000000009 4.0000000000000009 3.0000000000000004 2.5000000000000004 2025.5000000000002 2.0000000000000004 2025.5000000000002 18.500000000000004 1.0000000180025095e-35 2.0000000000000004 3.5000000000000004 4.0000000000000009 2.5000000000000004 1.0000000180025095e-35 1.0000000180025095e-35 2.5000000000000004 2.0000000000000004 2.0000000000000004 3.5000000000000004 2.5000000000000004 1.5000000000000002 14.500000000000002 2.0000000000000004 28.500000000000004 7.5000000000000009 2.5000000000000004 7.5000000000000009 3.0000000000000004 1.0000000180025095e-35 16.500000000000004 3.5000000000000004 1.5000000000000002 4.5000000000000009 2.5000000000000004 3.0000000000000004 93.500000000000014 12.500000000000002 2025.5000000000002 50.500000000000007 2.0000000000000004 2.0000000000000004 1.0000000180025095e-35 6.5000000000000009
decision_type=2 2 2 2 2 2 2 2 2 2 2 2 2 2 2 2 2 2 2 2 2 2 2 2 2 2 2 10 2 2 2 2 2 10 2 2 2 2 2 2 2 2 10 10 2 2 2 2 2 2 2 2 2 2 10 2 2 10 2 2 8 8
left_child=1 3 -3 7 5 -5 19 8 9 -1 13 17 18 -9 16 -16 -10 -12 -13 -6 37 42 23 24 27 26 28 -23 34 31 -31 -30 -28 -27 -24 36 -36 50 39 -39 -41 -40 59 44 58 -46 -45 48 -35 -47 52 -48 53 54 -2 60 -57 -55 -44 -22 61 -54
right_child=20 2 -4 4 6 -7 -8 10 14 -11 11 12 -14 -15 15 -17 -18 -19 -20 -21 21 22 25 -25 -26 33 32 -29 29 30 -32 -33 -34 47 35 -37 -38 38 41 40 -42 -43 43 46 45 49 51 -49 -50 -51 -52 -53 55 57 -56 56 -58 -59 -60 -61 -62 -63
leaf_value=0.0092902250841937276 0.0004002017866164523 -0.015514120579298055 -0.00047352584925564853 0.0064750845116135249 0.019430183030834255 -0.018595664379844331 -0.0020848479379262578 0.0020092976215327608 0.0025087621949967886 -0.015525179798714817 0.018205980078450271 -0.0054169700512041652 -0.016819788968643626 0.018209661543369293 0.010479147080332041 0.028590078076178378 0.014148602868511301 0.0028669501344362898 0.0085898504956908855 0.0064758338286940546 -0.00051554315938590414 -0.020239290633154189 0.0031796856197498498 0.0003239216920840407 0.003074453619774431 0.00063382315246218995 -0.011631741099567577 -0.0053844618176420531 0.0090693269886316791 0.0063820854895503118 0.020921268945802814 -0.00322143969640724 0.0043606299945774174 0.0029078435393110401 0.016405336910651793 0.02614659390279225 0.00096765613804260893 -0.0044110602472437086 -0.017029080293977109 0.023280817731505352 -0.0042876938224903176 -0.0022371032192642169 0.0061433724788648473 0.0088935508836238165 0.002993569241974641 0.022633847407996656 -0.0041966335402127911 0.0017718202928081158 0.021436096329919316 0.0085757136065512905 -0.00055338284099180186 0.0062779748723620467 0.004260496518441609 -0.00036093169102975224 0.010632090853608174 -0.012014083317480981 -0.0025007129997770858 -0.0062074987256589033 -0.0050211865349080072 0.00080826593969710123 0.0020061405225333278 -0.0023454656765649197
leaf_weight=22 8006 21 33 37 22 34 38 29 42 22 21 30 37 27 22 22 46 24 23 35 3469 44 31 411 38 825 22 30 31 76 23 76 27 31 36 28 30 77 39 21 21 31 31 21 27 20 94 50 22 20 8496 21 35 3573 23 30 69 48 22 1240 141 380
leaf_count=22 8006 21 33 37 22 34 38 29 42 22 21 30 37 27 22 22 46 24 23 35 3469 44 31 411 38 825 22 30 31 76 23 76 27 31 36 28 30 77 39 21 21 31 31 21 27 20 94 50 22 20 8496 21 35 3573 23 30 69 48 22 1240 141 380
internal_value=-5.82246e-06 0.00295254 -0.00632265 0.00389224 0.00109771 -0.00553063 0.00605152 0.00515626 0.0084009 -0.00311748 0.00216643 -0.00100846 -0.00652527 0.00982019 0.0122404 0.0195346 0.00859322 0.0100252 0.000661462 0.0114758 -6.83201e-05 0.000383867 0.00146686 -0.00153366 -0.0083503 0.0026666 0.00609127 -0.0142171 0.00741041 0.00486673 0.00975988 0.000339437 -0.00281962 0.00126426 0.0116024 0.0143801 0.00938821 -0.000214726 -0.00356762 0.000497512 0.00949656 -0.0104783 -1.55196e-05 0.00276998 0.00654163 0.0105227 -0.000557952 0.00631387 0.0105988 0.0156048 -0.000184261 -0.00228388 7.05989e-05 0.000159741 0.000429512 -0.00151491 -0.00538355 -0.000438434 0.00150903 -0.00016695 -0.000826068 -0.00178834
internal_weight=28373 587 54 533 166 71 95 367 176 44 191 135 90 56 132 44 88 45 53 57 27786 6796 1831 523 112 1308 380 74 331 206 99 107 49 928 125 94 66 20990 189 119 42 70 4965 256 120 67 136 103 53 40 20801 115 12305 11650 8029 655 99 3621 53 4709 556 415
internal_count=28373 587 54 533 166 71 95 367 176 44 191 135 90 56 132 44 88 45 53 57 27786 6796 1831 523 112 1308 380 74 331 206 99 107 49 928 125 94 66 20990 189 119 42 70 4965 256 120 67 136 103 53 40 20801 115 12305 11650 8029 655 99 3621 53 4709 556 415
is_linear=0
shrinkage=0.05


Tree=93
num_leaves=63
num_cat=0
split_feature=100 95 113 61 114 114 113 22 48 16 66 63 52 28 64 67 70 62 28 114 61 11 16 44 87 106 114 43 109 77 113 103 16 100 72 94 94 114 108 11 113 44 67 12 48 40 10 114 100 111 114 77 111 17 40 70 21 109 61 109 40 48
split_gain=1.89377 1.84696 1.04804 0.71886 3.2707 1.19945 1.12175 1.45607 2.07019 3.50104 1.71838 2.8501 2.30921 1.94831 1.79942 1.66948 1.66103 1.50755 0.87373 0.869664 0.68983 1.30317 3.37879 2.92747 1.32901 1.97184 1.23406 1.17974 1.12688 0.854967 0.67251 0.664728 1.52352 1.66336 1.43408 1.2304 0.938608 0.922121 0.793925 0.778479 0.72715 0.668116 0.626029 0.601128 1.6705 2.21827 0.545389 0.536922 0.7194 3.11645 2.13844 2.30786 2.27996 1.86819 1.58028 1.55761 1.32512 0.736648 0.989524 0.656325 0.624751 0.595307
threshold=2023.5000000000002 2.0000000000000004 3.5000000000000004 2.5000000000000004 9.5000000000000018 7.5000000000000009 5.5000000000000009 3.0000000000000004 3.0000000000000004 3.5000000000000004 2.0000000000000004 2.5000000000000004 3.0000000000000004 2.0000000000000004 2.5000000000000004 2.5000000000000004 2.0000000000000004 2.5000000000000004 2.0000000000000004 12.500000000000002 3.5000000000000004 2.0000000000000004 4.5000000000000009 2.0000000000000004 1.0000000180025095e-35 1.0000000180025095e-35 17.500000000000004 2.0000000000000004 74.500000000000014 2.5000000000000004 5.5000000000000009 1.0000000180025095e-35 4.5000000000000009 2025.5000000000002 3.5000000000000004 2.0000000000000004 4.0000000000000009 13.500000000000002 26.500000000000004 1.0000000180025095e-35 4.5000000000000009 2.0000000000000004 2.5000000000000004 1.0000000180025095e-35 3.0000000000000004 3.5000000000000004 -1.4999999999999998 8.5000000000000018 2025.5000000000002 6.5000000000000009 12.500000000000002 2.5000000000000004 1.5000000000000002 3.0000000000000004 3.5000000000000004 2.0000000000000004 2.5000000000000004 25.500000000000004 4.5000000000000009 46.500000000000007 3.5000000000000004 3.0000000000000004
decision_type=2 2 2 2 2 2 2 2 2 2 2 2 2 2 2 2 2 2 2 2 2 2 2 2 2 2 2 2 10 2 2 10 2 2 2 2 2 2 10 2 2 2 2 2 2 2 2 2 2 10 2 2 10 2 2 2 2 10 2 8 2 2
left_child=1 3 -3 4 -1 -5 7 10 -9 -10 16 13 -13 -12 15 18 17 -7 -14 -11 -2 28 23 24 25 -23 -26 29 30 -25 31 38 33 34 -33 37 -37 -34 43 -35 -36 -40 -24 47 45 -45 -46 -22 49 50 55 54 -53 59 -52 -49 -56 60 -59 61 -50 -51
right_child=20 2 -4 5 -6 6 -8 8 9 19 11 12 14 -15 -16 -17 -18 -19 -20 -21 21 22 42 27 26 -27 -28 -29 -30 -31 -32 32 35 39 40 36 -38 -39 41 -41 -42 -43 -44 44 46 -47 -48 48 57 53 51 52 -54 -55 56 -57 -58 58 -60 -61 -62 -63
leaf_value=-0.016572591357610442 -0.00018746014501679417 -0.014738414268053713 -0.00044984995867266799 0.014545639059333891 0.0086352644398087468 0.015827736054995545 -0.0041896608771710862 0.0075357023011227812 -0.020954333257395777 -0.0034682274886196659 0.002183714509010315 0.01868328118340715 0.0011205588498463233 -0.018753550387918951 0.01736960731446743 -0.0070143236133914724 0.02163719989870104 -0.00045774696976877747 0.014239181239496579 0.009363874603751236 -0.00028370327883691336 0.005932994648957482 -0.0017233340977094115 0.013261643704026937 0.017228511866668 -0.010414637194148132 0.0010209599820276102 0.0080633254858719968 0.0092074181671653477 0.027706459288795789 0.0093557621329091491 -0.017856296168311553 -0.011392624182626605 -0.0027924140366033107 -0.010338559646957688 0.016365525815635922 0.002921363331276823 0.0037905957642942671 0.00040550821549480875 0.0076750864720214976 0.0012736046489757987 0.012617507840817175 -0.011522598564624786 0.022997806345423064 0.0029058945044104396 0.001659795828163624 -0.0068773452774621548 0.0085466622263193123 -0.0015773110213502283 -0.014630985123121405 0.009089322565566927 0.020026334917003459 -0.00022757679301624499 0.0077962246062534477 0.00015269733965396883 0.02726730073336512 -0.017114387582987549 -0.00036404194359324483 0.011203899376818705 -0.00077301316401537726 0.00074577511041290252 -0.0047401825446286242
leaf_weight=22 22372 21 33 27 31 27 41 56 24 31 25 34 30 20 20 39 31 30 22 23 2763 39 39 20 23 35 24 34 35 21 20 34 20 78 28 20 37 20 21 23 26 24 28 21 29 29 28 25 388 29 21 33 24 31 25 20 20 38 36 34 1139 32
leaf_count=22 22372 21 33 27 31 27 41 56 24 31 25 34 30 20 20 39 31 30 22 23 2763 39 39 20 23 35 24 34 35 21 20 34 20 78 28 20 37 20 21 23 26 24 28 21 29 29 28 25 388 29 21 33 24 31 25 20 20 38 36 34 1139 32
internal_value=-5.53134e-06 0.00280492 -0.00600651 0.00369763 -0.00182837 0.00430779 0.00369759 0.00448249 0.000201115 -0.00506474 0.00654617 0.00387087 0.00728237 -0.00712174 0.0037902 0.000805716 0.0123224 0.00725643 0.00667075 0.0019973 -6.49041e-05 0.000441528 0.00387457 0.00718804 0.00237713 -0.00179899 0.00895232 0.0149496 0.000266243 0.0206602 0.000205074 0.000169161 -0.00217273 -0.0047871 -0.00981227 0.00292124 0.00763861 -0.00380101 0.000308409 -0.000408726 -0.00474752 0.00691857 -0.00581855 0.000245983 0.00395134 0.0106218 -0.00189991 0.000160867 0.000809071 0.00308245 0.00754063 0.00412856 0.0114984 -0.00286178 -0.00223628 0.0168669 -0.00752156 0.000391598 0.00526361 -0.00633965 0.000155495 -0.00944237
internal_weight=28373 587 54 533 53 480 453 412 134 78 278 190 145 45 111 91 88 57 52 54 27786 5414 263 196 121 74 47 75 5151 41 5116 5096 286 189 88 97 57 40 4810 101 54 45 67 4765 107 50 57 4658 1895 294 168 123 57 126 66 45 45 1601 74 95 1527 61
internal_count=28373 587 54 533 53 480 453 412 134 78 278 190 145 45 111 91 88 57 52 54 27786 5414 263 196 121 74 47 75 5151 41 5116 5096 286 189 88 97 57 40 4810 101 54 45 67 4765 107 50 57 4658 1895 294 168 123 57 126 66 45 45 1601 74 95 1527 61
is_linear=0
shrinkage=0.05


Tree=94
num_leaves=63
num_cat=0
split_feature=100 104 48 64 22 77 61 114 44 40 114 114 100 8 113 8 114 42 11 114 28 43 57 110 73 76 46 114 112 24 28 43 11 63 40 8 100 12 77 40 40 54 113 63 51 114 44 19 9 102 11 46 114 113 42 114 54 114 64 51 106 43
split_gain=1.70913 1.17225 1.5782 2.34096 1.97596 1.50737 1.72984 2.9826 1.26499 1.34898 4.51536 3.73591 1.24652 1.0384 1.28264 0.880097 1.78045 1.53518 1.40994 1.09329 1.04328 0.626881 0.626489 1.01952 0.918603 1.51372 1.1989 2.06902 1.85153 1.54684 1.81711 1.7166 2.52921 1.5636 1.41137 1.27033 2.11432 2.01128 0.985296 0.954553 0.872113 0.813108 0.784298 1.9279 1.89145 2.88626 1.33251 0.774437 0.948708 0.763978 1.59979 1.20498 1.07636 0.940505 1.19212 2.77069 1.55343 1.27775 0.805125 0.709328 0.692653 1.23148
threshold=2023.5000000000002 5.5000000000000009 3.0000000000000004 2.5000000000000004 3.0000000000000004 2.5000000000000004 4.5000000000000009 10.500000000000002 2.0000000000000004 3.5000000000000004 11.500000000000002 11.500000000000002 2022.5000000000002 2.0000000000000004 3.5000000000000004 2.0000000000000004 12.500000000000002 2.0000000000000004 2.0000000000000004 12.500000000000002 2.0000000000000004 2.0000000000000004 4.0000000000000009 51.250000000000007 2.5000000000000004 3.5000000000000004 2.0000000000000004 18.500000000000004 inf 2.5000000000000004 2.0000000000000004 2.0000000000000004 2.0000000000000004 2.5000000000000004 3.5000000000000004 2.0000000000000004 2025.5000000000002 1.0000000180025095e-35 2.5000000000000004 3.5000000000000004 3.5000000000000004 2.0000000000000004 3.5000000000000004 2.5000000000000004 1.5000000000000002 14.500000000000002 2.0000000000000004 3.5000000000000004 1.0000000180025095e-35 1.0000000180025095e-35 1.0000000180025095e-35 2.0000000000000004 10.500000000000002 2.5000000000000004 2.0000000000000004 15.500000000000002 2.0000000000000004 19.500000000000004 2.5000000000000004 1.5000000000000002 1.0000000180025095e-35 2.0000000000000004
decision_type=2 2 2 2 2 2 2 2 2 2 2 2 2 2 2 2 2 2 2 2 2 2 2 10 2 2 2 2 8 2 2 2 2 2 2 2 2 2 2 2 2 2 2 2 2 2 2 2 2 10 2 2 2 2 2 2 2 2 2 2 2 2
left_child=1 -1 3 15 8 -6 7 -7 9 10 -4 -11 -13 -10 -15 16 18 19 -3 21 -21 -17 42 24 -24 26 27 28 40 -28 31 34 33 -33 -31 -30 37 -37 -32 -40 -26 -25 59 44 -44 -46 -45 -27 49 -49 51 -51 -52 -54 57 56 -56 58 -55 -2 61 -50
right_child=22 2 4 -5 5 6 -8 -9 13 11 -12 12 -14 14 -16 17 -18 -19 -20 20 -22 -23 23 41 25 47 29 -29 35 30 38 32 -34 -35 -36 36 -38 -39 39 -41 -42 -43 43 46 45 -47 -48 48 60 50 52 -53 53 54 55 -57 -58 -59 -60 -61 -62 -63
leaf_value=-0.0081573784259186752 7.4996202227343823e-05 0.0094004563280734518 -0.020693938002044051 0.022128016714538849 -0.012300865299908854 0.019850079445168377 -0.011700083829817319 -0.0068287042562257165 -0.00098562436178326615 0.018992142309434714 0.0073583583748586534 -0.011141752981795715 0.0054616095498204236 0.021707080431016431 0.0065115160831227537 -0.00053251365552077425 0.015820125431542525 0.013918884697539564 -0.0071766357808171408 -0.014361430666494099 0.0014171682693995538 0.0097166264578700066 1.0622359160808397e-05 0.003056419046285252 0.010004274845899393 -0.0035427515562840325 -0.0071093799873432591 0.0095841443698321069 -0.0016134357700745266 -0.0070054541717493729 0.004585237939110292 -0.0049543912183832037 0.023765082125152864 0.013157165584226067 0.0070597477623128473 -0.029074189594636365 -0.0028421141547025058 -0.0091810222025270807 -0.014592284227356964 -0.00060873520202361627 -0.0019733903087167577 0.014697640459053219 -0.0041856197318267804 -0.016137807483737093 0.022112449462569895 -0.0041021202247412429 -0.002249752681311821 0.00019519238709177398 -0.001344785587025399 0.0066580794823284332 -0.005842343931241582 0.022369234433964547 -0.0041526671797037125 0.008014218345066949 0.00015294375058648915 -0.01264724164413145 0.018266341972630471 0.018497869893908499 -0.00049710217315484498 -0.00051900517515792008 -0.0021466484805996266 0.0088572073376483543
leaf_weight=24 12305 29 26 21 41 20 21 22 22 29 32 26 20 21 41 37 43 22 23 22 20 25 5477 60 21 43 42 28 45 31 28 22 28 26 42 24 37 27 23 26 55 20 77 39 21 21 31 79 64 26 24 23 25 152 29 26 20 25 34 8496 109 55
leaf_count=24 12305 29 26 21 41 20 21 22 22 29 32 26 20 21 41 37 43 22 23 22 20 25 5477 60 21 43 42 28 45 31 28 22 28 26 42 24 37 27 23 26 55 20 77 39 21 21 31 79 64 26 24 23 25 152 29 26 20 25 34 8496 109 55
internal_value=-5.25477e-06 0.00266467 0.003126 0.00617489 0.000827457 -0.00483911 1.69577e-05 0.00587548 0.00354323 0.000509352 -0.00521681 0.00493758 -0.0039229 0.00834687 0.0116584 0.00465899 0.0082928 0.00191921 0.00206828 -0.000619187 -0.00684781 0.0036002 -6.16589e-05 0.000355588 0.000288749 0.00151821 -0.000588765 -0.00317942 -0.00488937 0.00170222 0.00333978 0.00656277 0.0118225 0.00485604 0.00108685 -0.00844685 -0.0119412 -0.0185425 -0.00289692 -0.00717244 0.00133623 0.00596672 -0.000196752 -0.00340314 0.000469951 0.00900516 -0.00998738 0.00296783 0.00337297 0.00467307 0.0055943 0.0140327 0.00436002 0.00514734 0.00596028 0.000545786 0.00754617 0.00788486 0.00645839 -0.000167619 0.000732875 0.00337042
internal_weight=28373 587 563 242 321 104 63 42 217 133 58 75 46 84 62 221 95 126 52 104 42 62 27786 6796 6716 1239 505 237 209 268 226 149 76 48 73 133 88 51 77 49 76 80 20990 189 119 42 70 734 691 463 384 49 335 311 286 75 49 211 186 20801 228 119
internal_count=28373 587 563 242 321 104 63 42 217 133 58 75 46 84 62 221 95 126 52 104 42 62 27786 6796 6716 1239 505 237 209 268 226 149 76 48 73 133 88 51 77 49 76 80 20990 189 119 42 70 734 691 463 384 49 335 311 286 75 49 211 186 20801 228 119
is_linear=0
shrinkage=0.05


Tree=95
num_leaves=63
num_cat=0
split_feature=57 55 11 100 49 94 113 85 74 107 109 62 111 108 25 68 100 56 44 100 16 87 18 94 74 54 85 69 17 67 42 62 52 77 85 43 100 100 106 47 40 11 43 77 42 43 47 113 100 40 9 70 63 28 8 15 67 113 15 109 8 15
split_gain=1.11121 1.15082 1.3455 1.90159 3.74203 1.89415 2.94753 1.82128 1.05909 0.760599 0.882734 1.41645 1.65416 0.842242 0.814144 1.13409 2.62178 2.84064 2.02091 1.84582 1.79887 1.7765 1.89656 1.54634 2.52202 2.32399 3.37813 3.21096 1.3547 2.14312 2.83738 1.14935 1.13279 1.45165 2.89374 1.89124 1.85603 1.75267 1.41627 1.13031 1.12983 1.12324 1.29545 1.10504 1.96867 1.01972 0.968559 0.946826 1.36326 1.22294 0.944366 0.9336 0.882945 0.879392 0.85339 1.48976 0.796781 0.996883 0.725566 0.899893 0.715867 0.942383
threshold=4.0000000000000009 3.0000000000000004 2.0000000000000004 2022.5000000000002 4.0000000000000009 4.0000000000000009 3.5000000000000004 4.0000000000000009 2.5000000000000004 33.500000000000007 44.500000000000007 2.5000000000000004 7.5000000000000009 14.500000000000002 2.5000000000000004 2.0000000000000004 2025.5000000000002 3.0000000000000004 2.0000000000000004 2021.5000000000002 1.5000000000000002 1.0000000180025095e-35 1.5000000000000002 4.0000000000000009 2.5000000000000004 2.0000000000000004 1.0000000180025095e-35 3.0000000000000004 3.0000000000000004 2.5000000000000004 2.0000000000000004 2.5000000000000004 3.0000000000000004 2.5000000000000004 4.0000000000000009 2.0000000000000004 2023.5000000000002 2022.5000000000002 1.0000000180025095e-35 2.0000000000000004 3.5000000000000004 2.0000000000000004 2.0000000000000004 2.5000000000000004 2.0000000000000004 2.0000000000000004 2.0000000000000004 3.5000000000000004 2025.5000000000002 3.5000000000000004 2.5000000000000004 2.0000000000000004 2.5000000000000004 2.0000000000000004 2.0000000000000004 3.0000000000000004 2.5000000000000004 1.5000000000000002 3.0000000000000004 13.500000000000002 2.0000000000000004 3.0000000000000004
decision_type=2 2 2 2 2 2 2 2 2 10 10 2 10 10 2 2 2 2 2 2 2 2 2 2 2 2 2 2 2 2 2 2 2 2 2 2 2 2 2 2 2 2 2 2 2 2 2 2 2 2 2 2 2 2 2 2 2 2 2 8 2 2
left_child=-1 2 5 -4 -5 7 58 -2 -9 10 13 12 -12 14 41 16 17 -16 19 -17 -19 22 32 24 40 26 -26 -28 31 30 -30 60 -21 34 -34 36 -36 -35 53 45 -22 -3 -43 44 -33 52 54 48 -31 -49 51 -45 -23 -39 55 -25 -18 -58 59 -7 -20 -62
right_child=1 9 3 4 -6 6 -8 8 -10 -11 11 -13 -14 -15 15 18 56 20 28 21 23 39 -24 46 25 -27 27 -29 29 47 -32 43 33 37 35 -37 -38 38 -40 -41 -42 42 -44 50 -46 -47 -48 49 -50 -51 -52 -53 -54 -55 -56 -57 57 -59 -60 -61 61 -63
leaf_value=-0.00014024263815339639 0.0024290497896710898 -0.0001094811440399936 0.018986361836349327 0.021906692924953643 -0.0027260771181819767 0.006010019424897821 -0.014923527243766277 0.0069041256094351418 0.021384436086468075 -0.0078294698015919754 0.017454149444529322 -0.0018419806052137307 0.0028381682604513305 0.0065646095063399386 0.022979460453445261 -0.013405376864830032 -0.00059498850603270518 0.015232884766800063 0.003012187170983751 -0.014236300166521687 0.00089480224962565401 -0.0020740037934193689 1.0724271823011048e-06 -0.0096149921949420653 -0.026609751004725696 0.0064979722102483112 0.011839440934683967 -0.011715772082933631 0.022175427062971081 0.012610757059584827 -0.00086932520339773464 0.0041851557378487832 0.0071311575603549898 0.010504557000887064 -0.031134139820933344 -0.0046955006388135455 -0.011037936316872086 -0.0030807049484879133 -0.0096929110768954017 0.010509003560210384 0.013222344245807064 -0.014008236143197265 0.0020756861106270836 0.0047794519457966091 -0.012594872016202789 -0.0054437094239983708 0.0152387103276147 -0.0085330807771056127 0.0023432988244744524 0.004070474608115068 0.0023141317675973096 0.017287094147875905 0.0088922031886047789 0.008917129616020248 0.0098608658260976277 0.0078715810680697711 0.0011522069985115129 0.0092798008735538746 0.0087107721895266048 -0.0019252232473809272 -0.0012546601755822678 -0.0084156932413642273
leaf_weight=20972 143 3478 28 21 58 46 34 28 23 28 32 54 49 54 22 32 534 35 67 32 34 31 385 21 20 36 23 39 34 39 22 44 23 27 20 39 27 42 53 43 41 31 21 37 29 40 31 39 189 38 129 25 45 24 48 29 164 49 26 160 221 58
leaf_count=20972 143 3478 28 21 58 46 34 28 23 28 32 54 49 54 22 32 534 35 67 32 34 31 385 21 20 36 23 39 34 39 22 44 23 27 20 39 27 42 53 43 41 31 21 37 29 40 31 39 189 38 129 25 45 24 48 29 164 49 26 160 221 58
internal_value=4.44529e-05 0.000576957 0.00273997 0.00779015 0.00382187 0.00156525 -0.00117479 0.00532223 0.0134345 0.000394099 0.000428574 0.00443064 0.00861238 0.000346013 0.000294272 0.000905832 0.00215488 0.00554207 0.00013897 -0.00162158 0.0044675 -0.00116781 -0.00229233 0.00329735 0.000464577 -0.00409217 -0.0087415 -0.00297755 0.0017037 0.00413139 0.0131221 0.000266987 -0.00536884 -0.00425606 -0.00862216 -0.0128353 -0.0195895 -0.000996437 -0.00360591 0.00358487 0.00763386 -0.000218539 -0.00751281 0.00275165 -0.00248088 0.00101816 0.00753552 0.00248063 0.00409957 -0.00231314 0.00475152 0.00982286 0.00441915 0.00128214 0.0050988 0.00052722 0.000436343 0.00302194 0.000840109 -0.000153276 -0.00162883 -0.00274333
internal_weight=28246 7274 567 107 79 460 266 194 51 6707 6679 135 81 6544 6490 2960 1126 379 1834 863 357 831 672 322 193 118 82 62 971 361 56 610 287 255 109 86 47 146 119 159 75 3530 52 264 73 116 129 305 228 77 191 62 76 66 98 50 747 213 232 206 346 279
internal_count=28246 7274 567 107 79 460 266 194 51 6707 6679 135 81 6544 6490 2960 1126 379 1834 863 357 831 672 322 193 118 82 62 971 361 56 610 287 255 109 86 47 146 119 159 75 3530 52 264 73 116 129 305 228 77 191 62 76 66 98 50 747 213 232 206 346 279
is_linear=0
shrinkage=0.05


Tree=96
num_leaves=63
num_cat=0
split_feature=57 114 107 109 69 79 24 62 11 100 65 100 68 114 103 100 55 100 114 17 12 49 84 69 114 62 54 113 14 85 100 17 94 55 12 114 94 106 17 106 15 41 61 114 3 114 100 8 106 40 79 28 67 40 114 62 111 69 100 76 41 66
split_gain=1.00287 1.11397 0.972922 1.79246 1.46329 1.41944 0.941684 0.929172 0.875353 0.828027 0.716263 2.52317 1.21676 1.43092 1.65376 3.06553 1.8206 2.2071 5.97626 1.71412 1.95268 1.99122 1.76083 2.59499 4.26867 1.85096 1.66552 1.62303 1.60418 1.85639 1.56766 1.44805 1.35138 2.10655 3.17499 2.51801 1.24711 2.68776 3.04995 1.14596 3.29744 2.65993 1.29962 1.25075 1.50901 1.07377 0.954127 0.916674 1.58688 1.48043 1.45302 0.904268 0.840791 2.07782 1.83718 0.857781 1.41964 0.91007 0.826137 0.816293 0.834704 0.774209
threshold=4.0000000000000009 8.5000000000000018 33.500000000000007 36.500000000000007 3.0000000000000004 2.0000000000000004 2.5000000000000004 2.5000000000000004 2.0000000000000004 2023.5000000000002 2.0000000000000004 2022.5000000000002 2.0000000000000004 11.500000000000002 1.0000000180025095e-35 2025.5000000000002 3.0000000000000004 2022.5000000000002 13.500000000000002 3.0000000000000004 1.0000000180025095e-35 4.0000000000000009 1.0000000180025095e-35 3.0000000000000004 17.500000000000004 2.5000000000000004 2.0000000000000004 3.5000000000000004 4.0000000000000009 4.0000000000000009 2024.5000000000002 3.0000000000000004 4.0000000000000009 3.0000000000000004 1.0000000180025095e-35 14.500000000000002 2.0000000000000004 1.0000000180025095e-35 3.0000000000000004 1.0000000180025095e-35 3.0000000000000004 1.0000000180025095e-35 2.5000000000000004 13.500000000000002 1.0000000180025095e-35 15.500000000000002 2025.5000000000002 2.0000000000000004 1.0000000180025095e-35 3.5000000000000004 2.0000000000000004 2.0000000000000004 2.5000000000000004 3.5000000000000004 14.500000000000002 2.5000000000000004 3.5000000000000004 3.0000000000000004 2025.5000000000002 3.5000000000000004 3.5000000000000004 2.0000000000000004
decision_type=2 2 10 10 2 2 2 2 2 2 2 2 2 2 8 2 2 2 2 2 2 2 2 2 2 2 2 2 2 2 2 2 2 2 2 2 2 2 2 2 2 2 2 2 2 2 2 2 2 2 2 2 2 2 2 2 10 2 2 2 2 2
left_child=-1 8 3 6 -5 7 9 -6 -2 -3 12 51 32 28 15 -15 -16 18 -18 22 21 -21 -19 24 27 -25 -20 -24 -14 -30 -23 -31 36 -34 47 -36 39 -38 -39 40 61 42 -41 -44 -45 -22 -43 58 -49 -50 -51 -12 -13 -54 -55 57 -57 -56 -35 60 -17 -8
right_child=1 2 -4 4 5 -7 10 -9 -10 -11 11 52 13 14 16 59 17 19 26 20 45 30 23 25 -26 -27 -28 -29 29 31 -32 -33 33 34 35 -37 37 38 -40 41 -42 46 43 44 -46 -47 -48 48 49 50 -52 -53 53 54 55 56 -58 -59 -60 -61 -62 -63
leaf_value=-0.00013323050543304112 -1.895956900942281e-05 -0.0072532697208225723 -0.0098699717596173291 0.014707694499797764 0.003735122859477997 0.010734490592564856 -0.00062390201395222302 -0.010723913107067348 -0.0071172774816990235 6.681357042666162e-05 0.01928847642808125 0.00090965673094141146 -0.00581981415993401 0.014857235251039994 0.0053338747963519589 0.01231427911669016 -0.032218167642349728 0.0015656529606055858 0.0083770068870349362 0.0078958577476441871 0.019043870065361262 -0.017492252261250875 -0.013066696978750684 -0.010900043799941028 0.0040019309520721432 0.0042876562737721082 -0.0096113423501411749 -0.031600385131659331 -0.0020692838085514887 0.021303092182746956 -0.0019566558571832795 0.0057332705473527312 -0.012814072201405813 -0.0092532719782967548 0.001044951713360522 0.023756451403292328 -0.0014054859761853476 0.030508472427556461 0.006878263177350164 0.015316991537809372 0.018846564018796828 -0.012255961638994707 0.0086083505780268944 -0.013686809637583792 0.005736194783821702 0.003633861403124264 -0.0018219649307429791 -0.0012918608450469956 0.019009219780564308 -0.0052741690780277609 0.010475610615685582 0.0061679340918393191 -0.004743378211019768 0.013252816816205033 0.01491151727913391 -0.010608840628992767 0.0074282041471451527 8.4838713519275199e-06 -0.00098611774662023667 -0.0035837838949447269 -0.00070682715740986177 0.0057948206905680507
leaf_weight=20972 3366 40 20 42 25 35 96 20 44 1130 29 491 28 41 62 20 24 67 22 37 20 22 21 35 20 47 31 27 31 28 62 32 29 45 23 26 37 22 36 25 37 39 39 20 20 26 50 174 20 27 32 24 45 73 21 24 20 20 92 89 32 92
leaf_count=20972 3366 40 20 42 25 35 96 20 44 1130 29 491 28 41 62 20 24 67 22 37 20 22 21 35 20 47 31 27 31 28 62 32 29 45 23 26 37 22 36 25 37 39 39 20 20 26 50 174 20 27 32 24 45 73 21 24 20 20 92 89 32 92
internal_value=4.22303e-05 0.000548109 0.00112938 0.00118661 0.00715025 0.00318259 0.000991132 -0.00269112 -0.000110551 -0.000183446 0.00152963 0.00283173 0.000990759 -0.000425705 -0.00128174 0.00282339 -0.0027103 -0.00379216 -0.0115181 -0.00224295 0.00156504 -0.00176856 -0.00517353 -0.00818369 -0.0154055 -0.0021949 -0.00214448 -0.0234919 0.00464579 0.00786597 -0.0060255 0.0129992 0.00218053 0.000237588 0.00109977 0.013096 0.00395304 0.00912422 0.0158414 0.00277777 0.00520245 -4.89253e-05 0.00538114 0.00223688 -0.00397531 0.0103339 -0.00639417 -0.000407442 0.00137635 0.00725318 0.00326808 0.0133471 0.00202869 0.00473531 0.00743493 0.00243839 -0.00241018 0.00764174 -0.00370161 -0.000675813 0.00430129 0.00251718
internal_weight=28246 7274 3864 3844 122 80 3722 45 3410 1170 2552 747 1805 824 705 182 523 461 77 384 167 121 217 150 68 82 53 48 119 91 84 60 981 468 439 49 513 95 58 418 225 193 104 79 40 46 89 390 253 79 59 53 694 203 158 85 44 41 137 141 52 188
internal_count=28246 7274 3864 3844 122 80 3722 45 3410 1170 2552 747 1805 824 705 182 523 461 77 384 167 121 217 150 68 82 53 48 119 91 84 60 981 468 439 49 513 95 58 418 225 193 104 79 40 46 89 390 253 79 59 53 694 203 158 85 44 41 137 141 52 188
is_linear=0
shrinkage=0.05


Tree=97
num_leaves=63
num_cat=0
split_feature=104 102 66 113 14 113 107 54 114 72 106 47 100 43 68 14 114 106 76 22 77 44 50 76 14 113 46 16 61 110 24 102 111 43 114 17 28 49 94 106 49 97 16 106 16 40 100 14 11 50 112 54 51 61 8 56 114 43 52 49 110 51
split_gain=0.955426 1.14219 1.28333 1.54217 2.57983 1.37816 1.35329 1.3512 3.33487 6.86081 4.25784 1.87216 4.29229 3.7261 1.54858 2.5238 2.60123 2.30772 2.12389 1.61861 2.02913 1.48206 1.39973 1.48005 1.70025 1.37556 1.35578 1.33125 1.25312 1.42206 1.16532 1.40577 2.3569 1.16528 2.31445 1.52825 1.14584 1.10223 1.07144 1.04347 0.991524 2.44129 0.949288 0.962243 0.939925 0.917624 0.891607 2.86528 1.65063 1.42843 3.50801 1.27077 1.04942 1.03021 2.1462 3.30062 4.01288 2.42533 2.10935 1.94262 2.30645 2.09938
threshold=7.5000000000000009 inf 2.0000000000000004 4.5000000000000009 4.0000000000000009 2.5000000000000004 11.500000000000002 2.0000000000000004 14.500000000000002 3.5000000000000004 1.0000000180025095e-35 2.0000000000000004 2024.5000000000002 2.0000000000000004 2.0000000000000004 2.0000000000000004 13.500000000000002 1.0000000180025095e-35 2.5000000000000004 3.0000000000000004 2.5000000000000004 2.0000000000000004 1.0000000180025095e-35 3.5000000000000004 4.0000000000000009 3.5000000000000004 2.0000000000000004 2.5000000000000004 1.5000000000000002 17.750000000000004 2.5000000000000004 1.0000000180025095e-35 5.5000000000000009 2.0000000000000004 12.500000000000002 3.0000000000000004 2.0000000000000004 4.0000000000000009 4.0000000000000009 1.0000000180025095e-35 4.0000000000000009 1.5000000000000002 3.5000000000000004 1.0000000180025095e-35 3.5000000000000004 3.5000000000000004 2025.5000000000002 4.0000000000000009 1.0000000180025095e-35 2.0000000000000004 1.0000000180025095e-35 2.0000000000000004 2.5000000000000004 2.5000000000000004 2.0000000000000004 3.0000000000000004 11.500000000000002 2.0000000000000004 3.0000000000000004 4.0000000000000009 35.750000000000007 2.5000000000000004
decision_type=2 8 2 2 2 2 10 2 2 2 2 2 2 2 2 2 2 2 2 2 2 2 2 2 2 2 2 2 2 10 2 10 10 2 2 2 2 2 2 2 2 2 2 2 2 2 2 2 2 2 8 2 2 2 2 2 2 2 2 2 8 2
left_child=-1 2 3 6 -5 30 -2 11 10 21 40 14 13 -13 17 -16 18 -7 25 20 -18 -10 -19 -24 -25 -17 -22 -11 -8 -30 31 32 -4 34 -12 -35 38 -29 -20 45 -9 -42 -6 -44 -41 -39 47 49 53 50 -32 52 -51 54 55 -49 -57 -56 -55 -60 -61 -62
right_child=1 -3 5 4 42 7 28 8 9 27 33 12 -14 -15 15 16 19 22 36 -21 26 -23 23 24 -26 -27 -28 37 29 -31 46 -33 -34 35 -36 -37 -38 39 -40 44 41 -43 43 -45 -46 -47 -48 48 -50 51 -52 -53 -54 58 57 56 -58 -59 59 60 61 -63
leaf_value=-0.00023582057704593209 5.454456299722133e-05 -0.000380943989641856 -0.0032172874332620548 -0.020329833766057469 -0.0086425006900343205 0.00034360577223886706 0.00040367743155608581 0.00025198164424209888 0.017345304052169257 0.016197579149156812 -0.0019242129127423351 -0.0030228983388160885 0.001842732040324446 -0.032153529425462089 -0.013394128874642775 0.0060744923389089919 0.0019751528898874922 -0.00092615990032409801 -0.012072180388938814 0.0084312323927879344 -0.0045619974481976699 0.033507985070995665 0.016277040519576142 0.015572963656785972 -0.0010205534415466614 0.022674270174824276 -0.018706656229915099 0.0091621902605725659 0.021994671635329727 0.0044040383150180185 0.00061780211826165522 -0.00098416719643234368 0.018072359528965676 0.0091815197404714367 -0.01772747085326248 -0.0052458553637067485 0.0082611945587867767 -0.012776071934596353 0.0038998468823376155 -0.0028755129245972193 0.014811813733230034 -0.0029678453105868989 0.010049060311006464 -0.0036455948660471318 0.0093939032119296096 0.00059730741355953551 0.00079366147460535141 -0.0081070899439509968 -0.0078239037810514372 0.0043764913454651831 -0.026416159011423593 0.010201295923131209 -0.01021630878427199 0.0024453035964865553 -0.01158621520957067 -0.00074165618882097051 0.02368667552713305 0.0058472457891759026 0.02108261817600578 -0.0023031713148312909 0.021434062044765501 0.0032875776257632037
leaf_weight=14863 4413 3845 26 24 31 145 48 33 37 20 65 23 99 21 32 24 51 29 21 25 36 23 69 26 38 26 32 45 20 27 30 1108 26 31 36 45 34 23 21 27 75 26 23 29 37 29 1891 24 24 22 20 24 28 107 42 29 40 38 40 35 37 28
leaf_count=14863 4413 3845 26 24 31 145 48 33 37 20 65 23 99 21 32 24 51 29 21 25 36 23 69 26 38 26 32 45 20 27 30 1108 26 31 36 45 34 23 21 27 75 26 23 29 37 29 1891 24 24 22 20 24 28 107 42 29 40 38 40 35 37 28
internal_value=4.01188e-05 0.000346574 0.000639854 4.08357e-05 -0.00589184 0.0012014 0.000181651 0.00259507 0.00447365 0.00888846 0.00105253 0.00121611 -0.00393231 -0.0169262 0.00242501 -0.000117096 0.00145648 0.00492572 0.00670302 -0.00313425 -0.00556397 0.023541 0.00902699 0.0111972 0.00572056 0.0147064 -0.0112183 0.00403126 0.00608609 0.0118894 0.000699226 -0.000607091 0.00742754 -0.00403785 -0.00755706 0.000638995 0.00143765 0.00251992 -0.00408617 -5.6829e-05 0.0077764 0.0102349 -0.001717 0.00241166 0.00421774 -0.00531784 0.00131546 0.00305266 0.00492938 -0.00366719 -0.0101958 0.000744017 -0.00379548 0.00565814 0.00269921 0.0078644 0.0134197 -0.00330532 0.00773058 0.01177 0.00804501 0.0136171
internal_weight=28246 13383 9538 4615 107 4923 4508 1304 552 241 311 752 143 44 609 302 270 307 126 144 119 60 162 133 64 50 68 181 95 47 3619 1160 52 177 101 76 76 161 42 116 134 101 83 52 64 52 2459 568 444 124 50 74 50 420 173 93 69 80 247 140 100 65
internal_count=28246 13383 9538 4615 107 4923 4508 1304 552 241 311 752 143 44 609 302 270 307 126 144 119 60 162 133 64 50 68 181 95 47 3619 1160 52 177 101 76 76 161 42 116 134 101 83 52 64 52 2459 568 444 124 50 74 50 420 173 93 69 80 247 140 100 65
is_linear=0
shrinkage=0.05


Tree=98
num_leaves=63
num_cat=0
split_feature=92 55 11 100 49 114 87 22 114 11 68 11 106 63 22 113 16 100 77 65 85 56 18 114 100 72 17 106 114 40 52 54 100 70 26 66 16 14 17 54 72 100 40 64 114 77 77 47 112 1 19 95 113 100 56 25 16 24 79 112 87 16
split_gain=0.871992 1.03634 1.16756 1.62085 3.3935 0.933737 0.979214 1.27984 0.890815 2.02818 1.26379 1.6765 2.05723 2.04661 2.73647 1.9075 1.66946 1.19591 1.1527 1.10442 1.51004 2.81577 2.0145 2.17713 2.01181 1.97654 2.53086 2.9399 3.82781 2.0599 1.67412 2.42503 1.67095 1.61243 1.50472 1.44435 1.38522 1.34786 1.39841 1.33638 1.26007 1.2269 1.16375 1.05174 1.08188 0.994354 0.867666 0.81544 1.50967 2.36629 1.09435 0.956374 1.08548 1.06236 0.718895 0.63485 0.625107 0.593894 1.18659 1.75526 1.01004 0.568721
threshold=4.0000000000000009 3.0000000000000004 2.0000000000000004 2022.5000000000002 4.0000000000000009 19.500000000000004 1.0000000180025095e-35 3.0000000000000004 8.5000000000000018 2.0000000000000004 2.0000000000000004 1.0000000180025095e-35 1.0000000180025095e-35 2.5000000000000004 3.0000000000000004 4.5000000000000009 3.5000000000000004 2024.5000000000002 2.5000000000000004 2.0000000000000004 -1.4999999999999998 3.0000000000000004 3.5000000000000004 11.500000000000002 2025.5000000000002 3.5000000000000004 3.0000000000000004 1.0000000180025095e-35 14.500000000000002 3.5000000000000004 3.0000000000000004 2.0000000000000004 2022.5000000000002 2.0000000000000004 2.5000000000000004 2.0000000000000004 3.5000000000000004 4.0000000000000009 3.0000000000000004 2.0000000000000004 3.5000000000000004 2022.5000000000002 3.5000000000000004 2.5000000000000004 10.500000000000002 2.5000000000000004 2.5000000000000004 2.0000000000000004 1.0000000180025095e-35 1.0000000180025095e-35 3.5000000000000004 2.0000000000000004 1.5000000000000002 2025.5000000000002 3.0000000000000004 2.5000000000000004 3.5000000000000004 2.5000000000000004 2.0000000000000004 1.0000000180025095e-35 1.0000000180025095e-35 3.5000000000000004
decision_type=2 2 2 2 2 2 2 2 2 2 2 2 2 2 2 2 2 2 2 2 2 2 2 2 2 2 2 2 2 2 2 2 2 2 2 2 2 2 2 2 2 2 2 2 2 2 2 2 10 2 2 2 2 2 2 2 2 2 2 10 2 2
left_child=-1 2 5 -4 -5 6 7 -2 9 -3 11 47 16 -14 18 17 -13 -16 -15 20 24 -22 23 37 40 30 27 33 -29 39 46 -32 -31 35 -21 -27 -34 -23 -39 -28 -12 45 -42 44 -43 -36 -25 48 -10 50 -50 52 54 -54 -49 -45 -57 -46 -59 60 -60 -20
right_child=1 8 3 4 -6 -7 -8 -9 10 -11 19 12 13 14 15 -17 -18 -19 61 34 21 22 -24 25 -26 26 29 28 -30 32 31 -33 36 -35 41 -37 -38 38 -40 -41 42 43 -44 55 57 -47 -48 51 49 -51 -52 -53 53 -55 -56 56 -58 58 59 -61 -62 -63
leaf_value=-0.00012549895295727622 0.00087105468074840156 -0.0001295779502712889 0.017603617317841522 0.020825246437674479 -0.0026323618945376629 0.01128744665614289 -0.0076140986079530383 0.012337592494888949 -0.00012027266773115058 -0.011602368446675919 -0.00049981954084201286 -0.011510361413712856 -0.0028935605716524705 0.024338053651701878 0.019010376406922228 -0.0063105068136272693 0.0047503929867066053 0.0025070156132721384 0.0064062351530248477 -0.0036132878573205806 -0.019397160552442075 -0.0051655899686738858 0.0087091547604172658 0.015878907561471516 -0.00083166258797670405 -0.00022569695568603021 0.010749325262401506 -0.034762685865163803 -0.0092950528021901856 -0.01964714015346198 -0.013702717411021394 0.0078768011344515759 -0.011218915555554515 0.0047389275428873527 0.0031932306586809102 -0.016266151833244497 0.0049506708134517624 0.017542743109166623 0.0014060288571335119 -0.0034513968497049061 0.0029746795451501386 -0.0094330698057698715 0.017038356895117384 0.00010134392701413322 -0.0011185935467202851 0.018771088905632498 0.0014894441887736321 0.0073895592594871648 0.011433129336522975 0.015254114240053155 -0.0006191339151253208 -0.007397596944938415 0.013955383747816087 0.0045628197194839066 -0.00041325069574817808 0.014909994465609392 0.0044232115977340279 -0.0031678432985567128 0.0011824687370812527 0.015347323630703614 0.0113051993410095 0.018056022189557552
leaf_weight=20972 380 3143 28 21 58 23 31 26 1067 39 33 27 33 34 21 28 38 23 22 124 25 25 39 22 342 23 37 25 36 21 30 23 26 27 21 36 27 25 29 30 24 24 38 23 147 20 20 37 23 42 104 20 39 132 146 30 27 65 164 32 29 20
leaf_count=20972 380 3143 28 21 58 23 31 26 1067 39 33 27 33 34 21 28 38 23 22 124 25 25 39 22 342 23 37 25 36 21 30 23 26 27 21 36 27 25 29 30 24 24 38 23 147 20 20 37 23 42 104 20 39 132 146 30 27 65 164 32 29 20
internal_value=3.81128e-05 0.000509829 0.00256245 0.00726686 0.0036032 0.00146816 0.000951353 0.00160536 0.000336304 -0.000270194 0.000883787 0.00178156 0.00562595 0.00836602 0.0108766 0.00389146 -0.00200407 0.0103836 0.0174941 -0.000114577 -0.00121586 -0.00302053 -0.00220333 -0.00312452 0.000956355 -0.00468337 -0.00674632 -0.0113368 -0.0197326 -0.0019605 0.00157063 -0.00433802 -0.007711 -0.00538164 0.0013876 -0.0100131 -0.00298158 0.00443296 0.00887673 0.00439079 0.00739322 0.00245308 0.0115944 0.00182109 0.000902719 0.0107922 0.00902678 0.00119416 0.000575173 0.00496595 0.00156356 0.00323978 0.00384077 0.00670498 0.00116437 0.00711322 0.00994257 0.00147036 0.00278269 0.00450173 0.0027035 0.0119538
internal_weight=28246 7274 567 107 79 460 437 406 6707 3182 3525 1856 246 181 148 72 65 44 76 1669 963 526 501 462 437 383 288 147 61 141 95 53 74 86 706 59 53 79 54 67 95 582 62 541 461 41 42 1610 1236 169 127 374 354 171 183 80 57 437 290 225 193 42
internal_count=28246 7274 567 107 79 460 437 406 6707 3182 3525 1856 246 181 148 72 65 44 76 1669 963 526 501 462 437 383 288 147 61 141 95 53 74 86 706 59 53 79 54 67 95 582 62 541 461 41 42 1610 1236 169 127 374 354 171 183 80 57 437 290 225 193 42
is_linear=0
shrinkage=0.05


Tree=99
num_leaves=63
num_cat=0
split_feature=104 102 66 113 14 107 113 42 77 100 8 71 8 110 24 46 64 72 114 77 102 112 8 55 43 41 63 107 70 114 64 16 51 100 103 61 113 61 114 42 113 77 94 109 114 14 12 103 16 43 113 77 94 113 46 69 114 77 16 94 18 8
split_gain=0.828136 0.994279 1.14731 1.42382 2.29141 1.2255 1.18298 2.10102 1.74827 1.63644 1.48707 2.03511 1.15829 1.14444 1.123 1.081 1.06817 1.94219 2.90857 2.56289 1.02973 1.18261 1.22765 0.923558 1.8236 2.4495 2.18244 0.916389 0.901592 0.993505 0.847635 0.845602 0.826251 1.48947 1.55377 1.96603 3.17041 1.18505 2.05934 1.2774 2.09846 2.51685 1.7976 1.48626 1.35624 1.17951 1.1402 1.75613 2.3479 2.68366 3.20177 2.03334 2.59349 1.64794 1.43972 1.21246 1.19069 1.3562 1.06569 1.60717 1.80924 1.03759
threshold=7.5000000000000009 inf 2.0000000000000004 4.5000000000000009 4.0000000000000009 11.500000000000002 4.5000000000000009 2.0000000000000004 2.5000000000000004 2021.5000000000002 2.0000000000000004 3.0000000000000004 2.0000000000000004 15.250000000000002 2.5000000000000004 2.0000000000000004 2.5000000000000004 3.5000000000000004 8.5000000000000018 2.5000000000000004 1.0000000180025095e-35 inf 2.0000000000000004 3.0000000000000004 2.0000000000000004 2.0000000000000004 2.5000000000000004 22.500000000000004 2.0000000000000004 13.500000000000002 2.5000000000000004 3.5000000000000004 2.5000000000000004 2025.5000000000002 1.0000000180025095e-35 2.5000000000000004 2.5000000000000004 2.5000000000000004 10.500000000000002 2.0000000000000004 2.5000000000000004 2.5000000000000004 2.0000000000000004 5.5000000000000009 10.500000000000002 4.0000000000000009 1.0000000180025095e-35 1.0000000180025095e-35 4.5000000000000009 2.0000000000000004 2.5000000000000004 2.5000000000000004 2.0000000000000004 3.5000000000000004 2.0000000000000004 3.0000000000000004 14.500000000000002 2.5000000000000004 1.5000000000000002 4.0000000000000009 1.5000000000000002 2.0000000000000004
decision_type=2 8 2 2 2 10 2 2 2 2 2 2 2 10 2 2 2 2 2 2 10 8 2 2 2 2 2 10 2 2 2 2 2 2 10 2 2 2 2 2 2 2 2 10 2 2 2 10 2 2 2 2 2 2 2 2 2 2 2 2 2 2
left_child=-1 2 3 5 -5 23 9 8 10 -4 -8 -12 -10 -7 20 -9 27 -18 -19 -20 21 22 -11 24 -2 26 -26 32 29 -14 -25 -6 33 37 -35 36 45 38 -16 40 43 -42 -41 -39 -44 -36 47 -34 49 50 -49 53 -53 -52 -54 -48 -51 -58 59 60 -40 -60
right_child=1 -3 6 4 31 13 7 15 12 14 11 -13 28 -15 16 -17 17 18 19 -21 -22 -23 -24 30 25 -27 -28 -29 -30 -31 -32 -33 46 34 35 -37 -38 39 58 42 41 -43 44 -45 -46 -47 55 48 -50 56 51 52 54 -55 -56 -57 57 -59 61 -61 -62 -63
leaf_value=-0.00022069384669958395 -0.00097698477683497566 -0.00035725989659058711 0.013964072188052038 -0.019278736852963146 -0.0082735086010108077 0.013482977263629438 0.020829848256835249 0.0053848939761519431 -0.0039996846579015257 0.016288533154875041 -0.0043535362675108692 0.015968099263097561 0.010074153822691492 0.0018716409979831605 -0.0055866763051321267 -0.008976251701824367 -0.00098328192123315413 -0.0040847480814490056 0.0045024514138217895 0.023763083824171471 -0.00072137821536821128 -0.0021951427683234216 0.00029601223766803744 2.7118619610320869e-05 0.0055361995473504066 -0.0015688107151425248 0.026428493663668635 -0.0085752097656950355 0.015604290822520853 -0.0024095951250809079 -0.0038123572531199995 0.0021594968660233116 0.0011783864591080918 0.00051583543291480261 0.013112562460203966 -0.0021082814326151634 0.023187017645086013 0.017842227543837259 0.0041291829812425103 -0.0040369476926713889 -0.011703934218911898 0.011375638828785332 0.0013647454028779811 0.0036398773491382597 0.019354951865971089 -0.00046309056148553893 0.0061290774088595592 -0.018406491855545559 -0.015240608411841095 0.0057386254819787362 -0.020657962397672237 -0.0079772910103201866 -0.00076807422679848981 -0.0028812675969675187 0.016550766555592417 -0.002794904516150172 0.0064224592894315717 -0.0083530478361176271 -0.0067981681568668254 -0.004776891197543591 0.019023024964783537 0.0066089274551443481
leaf_weight=14863 102 3845 24 24 31 32 32 20 40 30 22 28 30 63 67 38 72 27 31 39 1238 34 20 4079 25 33 25 24 20 34 149 52 638 1277 24 52 31 70 44 51 21 27 22 25 20 48 142 41 36 110 22 36 20 32 30 52 25 41 31 20 38 27
leaf_count=14863 102 3845 24 24 31 32 32 20 40 30 22 28 30 63 67 38 72 27 31 39 1238 34 20 4079 25 33 25 24 20 34 149 52 638 1277 24 52 31 70 44 51 21 27 22 25 20 48 142 41 36 110 22 36 20 32 30 52 25 41 31 20 38 27
internal_value=3.62072e-05 0.000321518 0.00059515 2.87679e-05 -0.00567173 0.000164072 0.0011261 0.00438213 0.00674894 0.000941597 0.0124132 0.00702658 0.0030032 0.00578283 0.000874167 -0.00402413 0.0013658 0.00523818 0.00985617 0.0152334 -0.000357886 0.0049993 0.00989152 4.31157e-05 0.00350105 0.00900418 0.0159823 0.00115764 0.00633791 0.00344216 -0.000108189 -0.00173717 0.00123251 0.00188672 0.00108964 0.00581703 0.00981816 0.00435197 0.00177274 0.00683285 0.00979939 0.00127833 0.00227139 0.0141048 0.00993151 0.00406213 0.000220502 -0.000441202 -0.00307046 -0.00184321 -0.00611803 -0.00251926 0.00225557 -0.0101236 0.00962323 0.00373708 0.00255304 -0.00275626 0.00485449 0.00793158 0.0110312 -0.000556934
internal_weight=28246 13383 9538 4615 107 4508 4923 264 206 4659 82 50 124 95 4635 58 3313 169 97 70 1322 84 50 4413 185 83 50 3144 84 64 4228 83 3120 1895 1432 155 103 463 227 236 143 48 93 95 42 72 1225 1031 393 357 181 140 86 54 50 194 176 66 160 102 82 58
internal_count=28246 13383 9538 4615 107 4508 4923 264 206 4659 82 50 124 95 4635 58 3313 169 97 70 1322 84 50 4413 185 83 50 3144 84 64 4228 83 3120 1895 1432 155 103 463 227 236 143 48 93 95 42 72 1225 1031 393 357 181 140 86 54 50 194 176 66 160 102 82 58
is_linear=0
shrinkage=0.05


Tree=100
num_leaves=63
num_cat=0
split_feature=109 81 103 109 12 22 72 48 55 52 77 51 44 65 100 67 114 28 54 51 104 54 66 114 63 44 11 114 104 87 66 70 114 99 114 100 112 14 31 109 11 68 62 85 103 57 77 5 100 83 25 112 114 109 73 112 111 51 9 109 18 52
split_gain=0.544144 0.544864 1.70109 0.643459 0.569071 1.31117 4.91306 1.04397 0.942869 2.64395 1.23879 2.59253 2.35092 1.93292 2.0798 2.04935 1.53184 2.35651 1.11151 1.01701 0.935831 0.856814 0.827348 0.785846 0.767298 0.885163 0.683664 0.646976 0.570932 1.35837 0.815206 0.52764 0.490338 0.972592 1.05353 3.15615 1.31795 1.08208 0.83339 0.706914 0.76853 4.13117 1.08245 1.2514 0.702324 0.821677 1.17901 1.53789 1.25562 0.979721 3.1827 1.61898 1.79333 0.758637 2.17838 1.22363 1.61869 0.930566 0.916229 0.872446 0.826097 0.615046
threshold=1.0000000180025095e-35 1.0000000180025095e-35 1.0000000180025095e-35 99.500000000000014 1.0000000180025095e-35 3.0000000000000004 3.5000000000000004 3.0000000000000004 3.0000000000000004 3.0000000000000004 1.5000000000000002 2.5000000000000004 2.0000000000000004 2.0000000000000004 2022.5000000000002 2.5000000000000004 11.500000000000002 2.0000000000000004 2.0000000000000004 2.5000000000000004 7.5000000000000009 2.0000000000000004 2.0000000000000004 10.500000000000002 2.5000000000000004 2.0000000000000004 2.0000000000000004 13.500000000000002 6.5000000000000009 1.0000000180025095e-35 2.0000000000000004 2.0000000000000004 2.5000000000000004 3.0000000000000004 5.5000000000000009 2025.5000000000002 1.0000000180025095e-35 2.0000000000000004 2.5000000000000004 3.5000000000000004 1.0000000180025095e-35 2.0000000000000004 2.5000000000000004 4.0000000000000009 inf 2.0000000000000004 2.5000000000000004 3.0000000000000004 2025.5000000000002 1.0000000180025095e-35 2.5000000000000004 1.0000000180025095e-35 8.5000000000000018 35.500000000000007 2.5000000000000004 1.0000000180025095e-35 7.5000000000000009 2.5000000000000004 2.5000000000000004 49.500000000000007 1.5000000000000002 3.0000000000000004
decision_type=8 2 8 10 2 2 2 2 2 2 2 2 2 2 2 2 2 2 2 2 2 2 2 2 2 2 2 2 2 2 2 2 2 2 2 2 10 2 2 8 2 2 2 2 8 2 2 2 2 2 2 10 2 10 2 10 10 2 2 10 2 2
left_child=-1 3 -3 4 32 8 -7 31 9 -6 11 23 18 14 -12 20 -15 -18 27 -17 -16 -21 -11 28 -22 -26 -20 -13 -10 -30 -31 -8 -2 38 35 -35 -37 -38 39 -34 -41 -42 43 -43 45 46 47 61 -48 53 51 -51 -53 -47 55 57 -57 59 -59 60 -55 -36
right_child=1 2 -4 -5 5 6 7 -9 10 22 13 12 -14 16 15 19 17 -19 26 21 24 -23 -24 -25 25 -27 -28 -29 29 30 -32 -33 33 34 44 36 37 -39 -40 40 41 42 -44 -45 -46 49 48 -49 -50 50 -52 52 -54 54 -56 56 -58 58 -60 -61 -62 -63
leaf_value=-0.0031161539474441544 -0.00025970220661852557 0.0032088118685602118 -0.014588785255327821 -0.0057282042632601704 0.019972127049158402 -0.020877744648004733 0.012158430672179048 -0.0049237675895845451 0.0001144559901652846 0.0062132158818153232 -0.015498241965445534 0.013893596730194985 -0.00021740803984241519 -0.0043513799569784451 0.0011897166464023474 -0.0039646950205443083 0.019217202320578511 -0.0015089164876068632 0.012971125077941301 0.012776418596816561 -0.0028476038218840311 0.0014362760819494726 -0.0069613612426275562 -0.00272392221281062 -0.016924099175428805 -0.0047168324166839875 0.025034555809005449 0.0011757319048047066 0.013920101060842474 -0.0018973147030919792 0.0069739460800256996 0.001356132421642542 0.0029696514611226204 0.01932669607922435 -0.0020551733997529425 0.0002127351328541472 0.018270177030935884 0.0020196932323631785 -0.0050074050419659606 -0.00041296819986635951 -0.019779041068977678 -0.001486230309632036 -0.0080852186839495393 0.013549065127968787 -0.00052320602742207938 0.00049702337731411894 -0.012910852888016961 0.0088896241255624359 -0.0019664734307872625 -0.0021007708470345637 0.017622209961215655 -0.00092680497094988824 0.020247065704315902 0.0080271005434425259 -0.0093384343820313628 0.019320875095824402 0.0031545231933705511 0.013591712701224513 0.00099308387962756335 -0.0060747851498233968 -0.0039787986194309982 0.0019775733611611434
leaf_weight=142 12975 29 25 49 26 31 26 27 159 26 30 20 47 26 41 27 32 24 24 36 46 31 22 115 33 27 23 20 30 61 45 20 149 28 354 229 20 21 101 3333 32 31 21 25 1938 6916 40 43 76 109 36 20 20 38 30 30 32 31 27 39 23 129
leaf_count=142 12975 29 25 49 26 31 26 27 159 26 30 20 47 26 41 27 32 24 24 36 46 31 22 115 33 27 23 20 30 61 45 20 149 28 354 229 20 21 101 3333 32 31 21 25 1938 6916 40 43 76 109 36 20 20 38 30 30 32 31 27 39 23 129
internal_value=-2.87951e-05 -1.3179e-05 -0.00503082 -3.50906e-06 6.51955e-06 0.0011346 -0.00420106 0.00288082 0.00170608 0.00713066 0.00125857 0.00275535 0.00879306 -0.0010481 -0.00308332 -0.00153789 0.00567806 0.0103346 0.0136608 0.00422797 -0.00522491 0.00752949 0.000174868 0.000782053 -0.00770603 -0.0114308 0.0188745 0.00753466 0.00214879 0.00452716 0.00186879 0.00746178 -3.85683e-05 0.000167538 0.00041862 0.00334792 0.00169086 0.00994676 -0.000528104 -0.000402119 -0.000548079 -0.0046795 0.00159564 0.00522596 0.00033072 0.000537765 -0.00117766 -0.000171427 -0.0057404 0.000687581 0.00428011 0.00105652 0.00966013 0.000594835 0.0033007 0.00502422 0.010977 0.00268834 0.00772683 -0.000233992 0.00350029 -0.000978104
internal_weight=28216 28074 54 28020 27971 1075 104 73 971 74 897 544 134 353 271 241 82 56 87 94 147 67 48 410 106 60 47 40 295 136 106 46 26896 13921 10229 298 270 41 3692 3591 3442 109 77 56 9931 7993 642 526 116 7351 185 149 40 7166 250 220 62 158 58 100 61 483
internal_count=28216 28074 54 28020 27971 1075 104 73 971 74 897 544 134 353 271 241 82 56 87 94 147 67 48 410 106 60 47 40 295 136 106 46 26896 13921 10229 298 270 41 3692 3591 3442 109 77 56 9931 7993 642 526 116 7351 185 149 40 7166 250 220 62 158 58 100 61 483
is_linear=0
shrinkage=0.05


Tree=101
num_leaves=63
num_cat=0
split_feature=88 0 100 104 59 40 106 113 24 49 8 44 114 113 63 114 114 26 12 100 40 54 67 68 62 100 52 67 11 48 100 100 79 100 50 40 91 26 114 77 114 8 100 8 54 16 67 114 114 82 15 100 18 63 65 111 8 29 113 104 111 44
split_gain=0.665653 2.02256 2.58152 0.563399 0.49218 3.25267 0.536608 2.98966 1.18026 1.47509 2.16687 1.90557 1.01214 0.730646 1.95934 2.7721 2.01228 2.39473 2.04403 1.80951 1.96485 2.56863 2.22318 0.979687 0.910197 1.00266 2.18782 1.89859 0.93465 0.855608 3.05801 0.978529 0.750034 1.59671 2.63861 1.87642 2.93026 2.18861 2.40114 1.65396 1.56286 1.53932 1.09305 3.53945 1.07484 0.879843 2.78173 1.138 1.30912 1.46934 1.49072 2.67607 1.22279 0.826984 0.772065 0.756963 0.695656 0.561978 2.07521 0.553921 0.950261 1.087
threshold=1.0000000180025095e-35 1.0000000180025095e-35 2025.5000000000002 1.0000000180025095e-35 1.0000000180025095e-35 3.5000000000000004 1.0000000180025095e-35 4.5000000000000009 2.5000000000000004 4.0000000000000009 2.0000000000000004 2.0000000000000004 15.500000000000002 4.5000000000000009 2.5000000000000004 16.500000000000004 10.500000000000002 2.5000000000000004 1.0000000180025095e-35 2022.5000000000002 3.5000000000000004 2.0000000000000004 2.5000000000000004 2.0000000000000004 2.5000000000000004 2024.5000000000002 3.0000000000000004 2.5000000000000004 2.0000000000000004 3.0000000000000004 2025.5000000000002 2025.5000000000002 2.0000000000000004 2025.5000000000002 2.0000000000000004 3.5000000000000004 2.0000000000000004 2.5000000000000004 9.5000000000000018 2.5000000000000004 5.5000000000000009 2.0000000000000004 2024.5000000000002 2.0000000000000004 2.0000000000000004 3.5000000000000004 2.5000000000000004 17.500000000000004 14.500000000000002 2.5000000000000004 3.0000000000000004 2024.5000000000002 3.5000000000000004 2.5000000000000004 2.0000000000000004 5.5000000000000009 2.0000000000000004 3.0000000000000004 2.5000000000000004 4.5000000000000009 6.5000000000000009 2.0000000000000004
decision_type=2 2 2 2 2 2 2 2 2 2 2 2 2 2 2 2 2 2 2 2 2 2 2 2 2 2 2 2 2 2 2 2 2 2 2 2 2 2 2 2 2 2 2 2 2 2 2 2 2 2 2 2 2 2 2 10 2 2 2 2 8 2
left_child=3 2 -2 -1 6 -6 7 -5 -9 -10 -11 12 -12 19 15 -15 -16 -18 -19 20 22 -22 -8 -20 32 26 -26 -28 -27 31 -31 -30 42 34 41 36 37 -36 -39 -40 56 -34 43 -21 -41 47 53 48 49 -42 -51 -52 -50 -47 -35 -56 -37 -44 59 -59 61 -61
right_child=1 -3 -4 4 5 -7 13 8 9 10 11 -13 -14 14 16 -17 17 18 23 24 21 -23 -24 -25 25 28 27 -29 29 30 -32 -33 33 54 35 40 -38 38 39 44 45 -43 57 -45 -46 46 -48 -49 52 50 51 -53 -54 -55 55 -57 -58 58 -60 60 -62 -63
leaf_value=0.0065265716861397267 -0.016047892683289117 0.012521825218573214 -0.0016530892009942871 -0.00025314641818188066 -0.020779195143986726 0.0046324417132007729 0.0030790252099645193 0.015712125973576414 0.013010436546449601 0.012539990337972996 -0.0029431117301875797 0.0067116772034956562 -0.017783432118594646 -0.017989525368902831 0.01401239874691743 0.0037951354301818045 -0.017544201264778774 -0.0048563091072421046 -0.0012592286548831245 0.0076386944251134988 0.01177970519162376 -0.011645780391991139 0.022831274559400205 0.011819957255771976 0.0077061151200905446 -0.00023283720245184677 -0.0038790946447988975 -0.022959852775304834 0.0080609326995909215 -0.024374311257685938 3.2984538737571604e-05 -0.0072201873514462604 -0.00067481562537314199 -0.0001526073079674447 0.0081753702035972063 -0.0055005633155815305 0.016984880234425268 0.01040435020057928 9.0147540994131802e-06 -0.017773484006257997 0.013456429823256462 -0.017891763888765129 0.00015494367906697563 -0.021121597957655627 -0.0043269382465792742 0.011464305984339229 0.025893896376645128 -0.0037378736437581809 0.0087119482887478977 0.0083087767148390425 0.0082745739119127384 -0.016733166478250339 0.023454301025379789 -0.0019500751653686165 0.00033668675881872806 0.0042122280197650318 0.0052911098115146164 -0.0039359482174569907 -0.012326993048191071 0.016821780938023171 0.0022417203172570076 0.0043770072248546362
leaf_weight=33 36 21 231 16318 20 34 28 28 38 32 27 31 20 40 23 23 21 78 22 20 22 25 29 41 20 1806 32 22 20 21 33 22 37 1290 42 32 24 21 39 42 36 20 6310 23 23 27 27 23 39 40 20 23 22 20 269 237 28 22 22 28 166 47
leaf_count=33 36 21 231 16318 20 34 28 28 38 32 27 31 20 40 23 23 21 78 22 20 22 25 29 41 20 1806 32 22 20 21 33 22 37 1290 42 32 24 21 39 42 36 20 6310 23 23 27 27 23 39 40 20 23 22 20 269 237 28 22 22 28 166 47
internal_value=-2.73553e-05 -0.00241885 -0.00359396 -2.69365e-06 -1.04178e-05 -0.00477928 -1.16821e-06 -0.000183236 0.00629855 0.00451761 0.00158372 -0.00291116 -0.00925814 0.000263486 -0.00242062 -0.0100364 0.000172865 -0.00179201 0.000554065 0.00032346 0.00688778 -0.000680659 0.0131284 0.00725262 0.00026137 -0.00071054 -0.00642061 -0.0116527 -0.000488381 -0.00529581 -0.00945874 5.65365e-05 0.000474308 0.00123563 0.00350434 0.00460766 0.000648375 -0.00169939 -0.0050173 -0.00813129 0.00685164 -0.00671585 0.000201227 -0.00774472 -0.0130155 0.00843636 0.0131036 0.00673498 0.00807318 0.00502026 0.0013612 -0.00510166 0.0140289 0.00575606 0.000496661 0.00215191 -0.000464449 0.000253035 0.00242481 0.0036588 0.00435209 0.00902306
internal_weight=28216 288 267 27928 27895 54 27841 16494 176 148 110 78 47 11347 248 63 185 162 141 11099 104 47 57 63 10995 1976 74 54 1902 96 54 42 9019 2381 585 528 191 167 125 104 337 57 6638 43 65 277 74 203 180 119 83 43 61 47 1796 506 60 6595 285 263 241 75
internal_count=28216 288 267 27928 27895 54 27841 16494 176 148 110 78 47 11347 248 63 185 162 141 11099 104 47 57 63 10995 1976 74 54 1902 96 54 42 9019 2381 585 528 191 167 125 104 337 57 6638 43 65 277 74 203 180 119 83 43 61 47 1796 506 60 6595 285 263 241 75
is_linear=0
shrinkage=0.05


Tree=102
num_leaves=63
num_cat=0
split_feature=88 103 0 100 110 114 59 102 100 104 110 114 110 91 61 114 100 75 104 110 103 42 111 48 113 44 100 111 100 113 67 30 114 0 106 1 110 29 61 108 110 113 89 114 96 72 17 49 83 91 28 63 114 114 52 100 15 12 100 100 114 48
split_gain=0.600752 2.07222 1.30964 1.0743 0.564569 0.529395 0.968574 0.885884 1.53967 0.970263 1.68151 1.30815 2.39302 1.31186 1.07239 2.12676 6.4836 1.20647 1.05238 0.914076 0.843528 0.74525 0.739543 0.706324 0.671351 2.18379 1.88327 0.61614 1.31693 1.96299 1.64041 1.40588 1.1217 1.07742 1.01204 0.843942 0.803483 0.774977 1.25464 0.701105 0.909054 1.41957 1.66864 0.957345 0.814352 0.68058 1.04861 1.02776 1.46027 1.27957 1.507 1.42135 1.41978 1.0255 1.02005 1.35737 1.63954 2.22293 1.58711 1.17161 1.08274 1.27675
threshold=1.0000000180025095e-35 1.0000000180025095e-35 1.0000000180025095e-35 2025.5000000000002 0.75000000000000011 2.5000000000000004 1.0000000180025095e-35 inf 2025.5000000000002 7.5000000000000009 67.250000000000014 7.5000000000000009 26.750000000000004 2.0000000000000004 4.5000000000000009 6.5000000000000009 2025.5000000000002 2.0000000000000004 1.0000000180025095e-35 70.250000000000014 1.0000000180025095e-35 2.0000000000000004 7.5000000000000009 3.0000000000000004 3.5000000000000004 2.0000000000000004 2025.5000000000002 7.5000000000000009 2025.5000000000002 3.5000000000000004 2.5000000000000004 2.0000000000000004 15.500000000000002 2.5000000000000004 1.0000000180025095e-35 1.0000000180025095e-35 20.750000000000004 3.0000000000000004 2.5000000000000004 20.500000000000004 32.750000000000007 1.5000000000000002 -1.4999999999999998 13.500000000000002 1.5000000000000002 3.5000000000000004 3.0000000000000004 4.0000000000000009 1.0000000180025095e-35 2.0000000000000004 2.0000000000000004 2.5000000000000004 12.500000000000002 14.500000000000002 3.0000000000000004 2022.5000000000002 3.0000000000000004 1.0000000180025095e-35 2025.5000000000002 2024.5000000000002 16.500000000000004 3.0000000000000004
decision_type=2 10 2 2 8 2 2 8 2 2 10 2 10 2 2 2 2 2 2 10 10 2 10 2 2 2 2 10 2 2 2 2 2 2 2 2 8 2 2 8 8 2 2 2 2 2 2 2 2 2 2 2 2 2 2 2 2 2 2 2 2 2
left_child=4 2 -2 -3 -1 20 7 9 -9 18 11 12 13 14 15 16 -11 23 -7 24 -6 -18 -23 -17 -20 26 -26 37 29 30 31 32 33 35 -34 -29 -33 39 -39 -13 41 44 43 -43 -41 46 -42 49 54 51 53 52 -47 -51 55 -49 58 -58 -57 -59 61 -56
right_child=1 3 -4 -5 5 6 -8 8 -10 10 -12 27 -14 -15 -16 17 21 -19 19 -21 -22 22 -24 -25 25 -27 -28 28 -30 -31 -32 36 34 -35 -36 -37 -38 38 -40 40 45 42 -44 -45 -46 47 -48 48 -50 50 -52 -53 -54 -55 60 56 57 59 -60 -61 -62 -63
leaf_value=-0.003051597317692281 -0.0012266891541120779 -0.018798731397027556 0.011895733668158453 -0.0054110005303004451 -0.0001995681085999432 0.011399497261154466 -0.0083343595576783024 -0.013162656547501685 -0.00044443425289336148 0.027959358568528089 -0.011587402900611913 -0.00531699137063697 0.019710698114200075 0.014062039608446262 -0.0080008015185594559 -0.0020616882536784713 -0.0013685034563144047 -0.011410935979802162 -3.3392181399898928e-05 0.010320830611245974 -0.010475792404613458 0.0012761017902100341 0.010656481736192578 0.0067834500163312886 -0.021818269596880546 0.0015136522932227741 -0.0041630570057102226 -0.007272715233814191 0.000589534886615623 -0.013336201933905101 0.010590371690117397 0.011095867156982422 -0.0047634320754197344 -0.017167079342263088 0.0083505814828510796 0.0018234078772366047 -0.00071209158255335168 -0.014545489065349103 -0.00014337626315893666 0.0045812943189496727 0.0010307548581149038 0.01176219088408877 0.020148654235526919 0.00097241537430538575 -0.0031336914296403078 -5.9930931787345223e-05 -0.0021645859324913885 0.014429603072886283 0.014532648324966431 -0.0028031162296732266 0.020904385104127551 0.0010619389695332834 0.016149671891970294 0.013016806889354485 -0.0040698648177376487 0.016697658877819776 -0.013875369030621747 -0.0031368459229387589 0.0031651678581077324 0.012158963616405215 0.0033809724779400442 0.00069857873241393293
leaf_weight=151 201 23 21 43 13195 20 33 24 2807 29 27 40 22 24 25 83 75 27 5305 21 20 47 38 31 23 97 44 102 1958 39 26 25 31 21 28 34 34 20 62 71 1351 34 24 52 66 22 317 26 20 21 23 227 35 20 219 26 31 31 130 21 182 391
leaf_count=151 201 23 21 43 13195 20 33 24 2807 29 27 40 22 24 25 83 75 27 5305 21 20 47 38 31 23 97 44 102 1958 39 26 25 31 21 28 34 34 20 62 71 1351 34 24 52 66 22 317 26 20 21 23 227 35 20 219 26 31 31 130 21 182 391
internal_value=-2.59876e-05 -0.00229791 1.46211e-05 -0.0100764 -2.55896e-06 1.40161e-05 0.000221957 0.000241391 -0.000552254 0.000433459 0.000863154 0.000917717 0.00367901 0.00274841 0.00198354 0.00273993 0.00620691 -0.00190729 -4.91086e-05 -9.08158e-05 -0.00021512 0.00226428 0.00546968 0.000343569 -0.000130795 -0.00328153 -0.0102238 0.000725481 9.0754e-05 -0.00278164 -0.0014141 -0.00254907 -0.0044175 -0.0066263 0.00146017 -0.00499868 0.00429128 0.0011468 -0.00365609 0.00126332 0.00134213 0.00426112 0.00849134 0.00523814 0.000864586 0.00110902 0.000423487 0.00191146 0.00114817 0.00427371 0.0106605 0.00283444 0.00989333 0.00491392 0.000894911 0.00358015 0.00239988 -0.0032776 0.00542058 0.00304031 -3.55949e-06 -0.00101337
internal_weight=28216 288 222 66 27928 27777 14562 14529 2831 11698 6188 6161 401 379 355 330 189 141 5510 5490 13215 160 85 114 5469 164 67 5760 2298 340 301 275 216 157 59 136 59 3462 82 3380 3340 247 110 86 137 3093 1668 1425 1077 348 64 284 57 41 1057 265 239 83 156 52 792 610
internal_count=28216 288 222 66 27928 27777 14562 14529 2831 11698 6188 6161 401 379 355 330 189 141 5510 5490 13215 160 85 114 5469 164 67 5760 2298 340 301 275 216 157 59 136 59 3462 82 3380 3340 247 110 86 137 3093 1668 1425 1077 348 64 284 57 41 1057 265 239 83 156 52 792 610
is_linear=0
shrinkage=0.05


Tree=103
num_leaves=63
num_cat=0
split_feature=88 0 100 110 114 59 99 31 114 100 112 14 57 100 84 40 110 1 109 100 105 113 100 109 109 104 26 70 94 85 15 17 63 73 43 48 100 12 61 42 109 109 104 110 114 108 100 113 114 100 21 114 114 100 19 44 113 104 113 106 49 108
split_gain=0.542178 1.64739 2.15522 0.509524 0.477779 0.874138 0.837153 0.870016 0.799566 3.10084 1.07656 0.909867 0.695365 0.829236 1.46805 1.82487 2.42627 1.74664 0.681991 1.50729 0.625143 1.52239 0.597462 0.539631 0.690685 0.951837 0.934011 1.17552 0.525039 1.39718 1.28713 2.08639 1.14462 1.10909 1.2638 0.66391 0.520844 0.514429 1.14102 1.14268 0.493827 0.960987 0.52905 0.840721 0.995066 0.675539 2.95485 0.617562 1.88655 1.08636 0.609239 0.990027 0.914922 1.13014 0.835311 0.87145 0.661688 0.661554 0.587334 1.07299 0.718691 0.55262
threshold=1.0000000180025095e-35 1.0000000180025095e-35 2025.5000000000002 0.75000000000000011 2.5000000000000004 1.0000000180025095e-35 3.0000000000000004 2.5000000000000004 5.5000000000000009 2025.5000000000002 1.0000000180025095e-35 2.0000000000000004 2.0000000000000004 2025.5000000000002 1.0000000180025095e-35 3.5000000000000004 9.2500000000000018 1.0000000180025095e-35 4.5000000000000009 2025.5000000000002 1.0000000180025095e-35 1.5000000000000002 2024.5000000000002 22.500000000000004 17.500000000000004 6.5000000000000009 2.5000000000000004 2.0000000000000004 2.0000000000000004 1.0000000180025095e-35 3.0000000000000004 3.0000000000000004 2.5000000000000004 2.5000000000000004 2.0000000000000004 3.0000000000000004 2025.5000000000002 1.0000000180025095e-35 3.5000000000000004 2.0000000000000004 95.500000000000014 82.500000000000014 7.5000000000000009 40.750000000000007 13.500000000000002 4.5000000000000009 2025.5000000000002 3.5000000000000004 14.500000000000002 2024.5000000000002 1.0000000180025095e-35 7.5000000000000009 10.500000000000002 2025.5000000000002 2.0000000000000004 2.0000000000000004 1.5000000000000002 4.5000000000000009 1.5000000000000002 1.0000000180025095e-35 4.0000000000000009 16.500000000000004
decision_type=2 2 2 8 2 2 2 2 2 2 10 2 2 2 2 2 10 2 8 2 2 2 2 10 10 2 2 2 2 2 2 2 2 2 2 2 2 2 2 2 10 10 2 10 2 10 2 2 2 2 2 2 2 2 2 2 2 2 2 2 2 8
left_child=3 2 -2 -1 22 6 7 18 9 -8 -11 -12 13 14 15 -10 17 -17 19 -6 21 -14 -5 24 37 -26 27 -27 29 -20 -30 -32 33 -31 -35 -34 -9 -24 -39 -40 41 42 43 45 -45 47 -47 49 -49 -22 51 -51 53 -53 55 -55 -52 58 -56 60 -60 -44
right_child=1 -3 -4 4 5 -7 8 36 12 10 11 -13 20 -15 -16 16 -18 -19 28 -21 40 -23 23 -25 25 26 -28 -29 30 32 31 -33 35 34 -36 -37 -38 38 39 -41 -42 -43 61 44 -46 46 -48 48 -50 50 56 52 -54 54 57 -57 -58 -59 59 -61 -62 -63
leaf_value=-0.0028990174695157096 -0.014622834379163882 0.01130094722445522 -0.0014701553760499602 -0.0067283843702171005 0.014613287652964178 -0.0079176415556117506 0.01823981780714045 -0.0098045918573108001 0.0092573079782036632 -2.7715683192246524e-05 0.016027199734179747 0.0014768874823031103 -0.0026571423397399488 -0.00033016576754813561 -0.016449769861488182 -0.019757186726576861 0.0066187115404038478 -0.0017905366218959292 -0.00043868455236090219 0.00098448134660937417 0.010140259260795294 0.012331443018693891 -0.00021038754748199328 -0.0015358929116084199 -0.0017478641545124079 0.015306305266740556 0.0012313933046057058 0.0023262379987334663 -0.0010517288882230256 -0.00034253044337358168 -0.0015205947408343063 -0.02156530815575804 0.005345598878017787 0.020101055629285321 0.0046343120709061627 -0.0048845443852977566 -0.0023280489928738184 0.00059644510705644891 0.017437392560003158 0.00092420048778876676 -0.0065512115061283115 0.01143385523930192 -0.0019996344720104326 0.012126836685403701 -0.0011369009144031085 0.017903158221659915 -3.5318567489202206e-06 -0.0009119528043282848 -0.016871019194579936 -0.001771079704924499 -8.9435032373245333e-05 0.010280182692739699 0.00012981527608082558 0.016351620638743042 -0.0023867581660548848 0.001768228385065283 -0.0020392270161894272 -0.00042878288841927153 0.011230942112438027 0.011664360018912703 0.0013548770068834226 0.00089000654555616236
leaf_weight=151 36 21 231 35 23 33 30 36 26 233 21 22 32 713 22 31 26 24 2846 172 26 36 11982 702 81 37 78 33 431 23 34 21 29 28 25 35 66 225 22 20 25 20 171 31 26 28 130 117 22 373 1333 45 919 20 39 21 646 239 21 40 150 5102
leaf_count=151 36 21 231 35 23 33 30 36 26 233 21 22 32 713 22 31 26 24 2846 172 26 36 11982 702 81 37 78 33 431 23 34 21 29 28 25 35 66 225 22 20 25 20 171 31 26 28 130 117 22 373 1333 45 919 20 39 21 646 239 21 40 150 5102
internal_value=-2.46882e-05 -0.00218301 -0.00324355 -2.43101e-06 1.33153e-05 0.000210859 0.000229322 -0.000411958 0.000453949 0.0029732 0.00131379 0.00858285 0.000380207 -0.000997592 -0.00468654 -0.00226794 -0.0059674 -0.0119172 -0.000285262 0.00259198 0.000500901 0.00527799 -0.000204364 -0.00018704 -0.000111155 0.00260948 0.00499424 0.00918713 -0.000446858 -0.000198802 -0.00197092 -0.00917403 0.00467766 0.00882644 0.0128054 -0.000249011 -0.00496683 -0.000162018 0.00200864 0.00957397 0.000466865 0.000485296 0.000462244 4.54293e-05 0.00607671 -3.70325e-05 0.00316981 -0.000163355 -0.00343785 -4.5805e-05 -0.000114666 0.000533237 0.00110855 0.00267281 0.0020269 0.00888208 -0.000725901 0.00145213 0.00325029 0.00429221 0.00256773 0.000796297
internal_weight=28216 288 267 27928 27777 14562 14529 3769 10760 306 276 43 10454 842 129 107 81 55 3667 195 9612 68 13215 13180 12478 229 148 70 3472 2986 486 55 140 76 53 64 102 12249 267 42 9544 9519 9499 4226 57 4169 158 4011 139 3872 3846 1867 1494 575 530 41 1979 489 250 211 171 5273
internal_count=28216 288 267 27928 27777 14562 14529 3769 10760 306 276 43 10454 842 129 107 81 55 3667 195 9612 68 13215 13180 12478 229 148 70 3472 2986 486 55 140 76 53 64 102 12249 267 42 9544 9519 9499 4226 57 4169 158 4011 139 3872 3846 1867 1494 575 530 41 1979 489 250 211 171 5273
is_linear=0
shrinkage=0.05


Tree=104
num_leaves=63
num_cat=0
split_feature=88 103 0 101 104 106 113 59 24 49 8 65 114 109 63 10 109 113 63 114 114 114 101 66 40 76 14 54 16 62 101 52 114 66 54 52 103 47 49 101 113 114 101 18 109 109 63 43 114 101 101 109 101 48 20 70 101 40 103 113 18 51
split_gain=0.489316 1.7735 1.05632 0.871883 0.427648 0.400325 2.56231 1.51476 1.07511 1.33368 1.84548 0.994203 1.74694 0.909046 0.924571 0.948611 0.851905 0.816231 2.33984 1.77572 2.28621 1.7037 1.50598 1.80155 1.56587 1.02382 1.49089 1.18033 1.14695 0.698353 0.965922 1.98108 0.798119 1.30096 2.07665 1.80183 1.23395 1.33236 1.20719 4.2916 1.04761 1.02744 3.18658 0.89801 0.868886 0.851678 0.795391 1.04365 0.769344 1.33504 0.752188 0.7145 0.908483 2.62603 2.63727 0.91587 0.701874 1.84133 0.74834 1.09862 0.713066 1.28416
threshold=1.0000000180025095e-35 1.0000000180025095e-35 1.0000000180025095e-35 1.0000000180025095e-35 1.0000000180025095e-35 1.0000000180025095e-35 4.5000000000000009 1.0000000180025095e-35 2.5000000000000004 4.0000000000000009 2.0000000000000004 2.0000000000000004 15.500000000000002 51.500000000000007 2.5000000000000004 -1.4999999999999998 93.500000000000014 4.5000000000000009 2.5000000000000004 10.500000000000002 12.500000000000002 16.500000000000004 3.5000000000000004 2.0000000000000004 3.5000000000000004 3.5000000000000004 2.0000000000000004 2.0000000000000004 3.5000000000000004 2.5000000000000004 1.5000000000000002 3.0000000000000004 13.500000000000002 2.0000000000000004 2.0000000000000004 3.0000000000000004 1.0000000180025095e-35 2.0000000000000004 4.0000000000000009 1.0000000180025095e-35 3.5000000000000004 17.500000000000004 1.0000000180025095e-35 1.5000000000000002 7.5000000000000009 35.500000000000007 2.5000000000000004 2.0000000000000004 15.500000000000002 1.0000000180025095e-35 1.0000000180025095e-35 17.500000000000004 1.0000000180025095e-35 3.0000000000000004 2.5000000000000004 2.0000000000000004 2.5000000000000004 3.5000000000000004 1.0000000180025095e-35 3.5000000000000004 1.5000000000000002 2.5000000000000004
decision_type=2 10 2 2 2 2 2 2 2 2 2 2 2 10 2 2 10 2 2 2 2 2 2 2 2 2 2 2 2 2 2 2 2 2 2 2 10 2 2 2 2 2 2 2 8 10 2 2 2 2 2 10 2 2 2 2 2 2 10 2 2 2
left_child=4 2 -2 -3 -1 6 16 13 -8 -10 -11 12 -12 17 -15 -16 -6 22 21 -20 -21 -19 29 -24 -25 26 -22 -28 -27 32 -31 -32 56 41 38 -36 37 -37 39 -35 43 45 -43 48 -45 51 -38 -48 49 -40 -50 52 -34 54 -54 -55 58 -58 -7 60 61 -60
right_child=1 3 -4 -5 5 7 8 -9 9 10 11 -13 -14 14 15 -17 -18 18 19 20 25 -23 23 24 -26 28 27 -29 -30 30 31 -33 33 34 35 36 46 -39 40 -41 -42 42 -44 44 -46 -47 47 -49 50 -51 -52 -53 53 55 -56 -57 57 -59 59 -61 -62 -63
leaf_value=0.0056862113080128583 -0.0010493133864004978 -0.0050669426791543183 0.010735899617984183 -0.01712765286717078 -0.00024531283467967734 0.00028856203012330898 0.014806701632083528 -0.013196901937148401 0.012213046649029773 0.011272215033232263 0.00088646735463823604 0.006779948994517327 -0.016852347269330336 -0.00089781870285525066 -0.0038121778858252447 -0.017205640827305618 0.0088125240559188221 -0.0170915884457645 0.013284730146962987 -0.015800826869963203 -0.012868404775857926 0.00023130523887547581 0.015798729718388881 0.0090374465452946941 -0.0059251279693425581 0.014337205312525234 0.0092663819522217482 -0.0056595138041302569 6.105629624524976e-05 -0.00032691031135018801 0.0072909597260877495 -0.011130523779946897 0.00030140237783202688 -0.00050408104189524528 0.00048014426914354166 -0.00021641409229032879 0.020116790352123125 0.015036344813944941 -0.00094158774954848927 0.020452996889232761 -0.0074561826872492319 -8.9198658129245785e-05 -0.016516804692542388 0.012494486809262764 0.0023355979416772891 0.010222786663022515 0.0026588466990253201 0.018075871210367907 -0.00013382441964215384 -0.012660320264597734 0.0085302033207633292 -0.0052522260618085665 0.00064146260006560222 -0.0076458206719585827 0.021572491778608632 0.0050357600518812738 -0.0039546743301408635 0.013359947065713213 -0.0077946482906265865 -0.0099896531729471126 0.0027059844562884522 0.0054127568952166121
leaf_weight=33 201 43 21 23 16324 6620 28 21 38 33 35 20 23 141 39 20 26 40 23 24 25 22 34 36 34 24 27 26 34 1863 20 54 655 76 69 41 35 22 128 36 38 164 36 23 248 24 23 21 104 30 33 48 27 35 34 24 28 34 63 42 74 26
leaf_count=33 201 43 21 23 16324 6620 28 21 38 33 35 20 23 141 39 20 26 40 23 24 25 22 34 36 34 24 27 26 34 1863 20 54 655 76 69 41 35 22 128 36 38 164 36 23 248 24 23 21 104 30 33 48 27 35 34 24 28 34 63 42 74 26
internal_value=-2.34538e-05 -0.00207386 6.55041e-05 -0.00926992 -2.30946e-06 -9.03903e-06 -0.000166133 0.000219346 0.00581745 0.00412819 0.0013604 -0.00283306 -0.00614789 0.000244176 -0.0030969 -0.00835233 -0.000230909 0.000304122 -0.00254997 0.000294167 -0.00157323 -0.0109448 0.000368262 0.00635626 0.00176991 0.000937527 -0.0028034 0.00194424 0.00596843 0.000310589 -0.000549439 -0.00615174 0.000498589 0.00138494 0.00274908 0.00710849 0.0103293 0.00510995 0.0014644 0.00623212 0.000580319 0.000177138 -0.00304617 0.00111987 0.00319779 0.000938249 0.0144916 0.010017 -0.000788996 -0.00316666 0.00195313 0.000667497 0.00103414 0.00503366 0.0123079 -0.00248721 0.000244538 0.00554044 0.000196429 -0.0027788 -0.000920787 -0.00393631
internal_weight=28216 288 222 66 27928 27895 16527 11368 177 149 111 78 58 11347 200 59 16350 11147 245 183 160 62 10902 104 70 136 78 53 58 10798 1937 74 8861 1974 927 211 142 63 716 112 604 1047 200 566 271 847 79 44 295 158 137 823 775 120 61 59 6887 62 6825 205 163 89
internal_count=28216 288 222 66 27928 27895 16527 11368 177 149 111 78 58 11347 200 59 16350 11147 245 183 160 62 10902 104 70 136 78 53 58 10798 1937 74 8861 1974 927 211 142 63 716 112 604 1047 200 566 271 847 79 44 295 158 137 823 775 120 61 59 6887 62 6825 205 163 89
is_linear=0
shrinkage=0.05


Tree=105
num_leaves=63
num_cat=0
split_feature=100 61 22 14 104 12 11 28 61 77 114 52 62 42 79 8 22 61 110 110 66 71 107 110 108 109 111 97 102 104 114 102 113 109 100 112 104 57 107 107 109 104 109 114 104 40 114 26 44 66 24 104 114 104 111 70 70 109 110 44 100 113
split_gain=0.997262 1.74163 2.95336 2.62863 2.0918 1.26386 0.803939 1.9658 1.28649 1.2563 1.94716 1.1088 1.51362 0.935715 0.835583 1.35562 1.35543 1.02566 0.667194 0.665418 0.607352 0.579631 0.843751 0.706314 0.619308 0.552692 1.05935 0.909782 0.937665 0.852504 0.7615 1.24584 1.86948 1.3318 1.00319 0.853528 1.41439 0.735857 0.61689 1.70865 1.09321 1.0895 0.652306 0.600538 0.529765 0.652046 1.30634 0.503441 0.94616 0.709183 0.481413 0.478205 1.27134 0.682568 1.07926 1.11293 0.534264 0.466584 0.428936 0.422692 1.37659 0.742555
threshold=2023.5000000000002 4.5000000000000009 3.0000000000000004 4.0000000000000009 6.5000000000000009 1.0000000180025095e-35 2.0000000000000004 2.0000000000000004 3.5000000000000004 2.5000000000000004 11.500000000000002 3.0000000000000004 2.5000000000000004 2.0000000000000004 2.0000000000000004 2.0000000000000004 3.0000000000000004 3.5000000000000004 91.500000000000014 81.500000000000014 2.0000000000000004 1.0000000180025095e-35 3.5000000000000004 1.7500000000000002 50.500000000000007 7.5000000000000009 1.0000000180025095e-35 3.0000000000000004 1.0000000180025095e-35 7.5000000000000009 8.5000000000000018 1.0000000180025095e-35 2.5000000000000004 5.5000000000000009 2025.5000000000002 1.0000000180025095e-35 4.5000000000000009 4.0000000000000009 28.500000000000004 21.500000000000004 15.500000000000002 6.5000000000000009 63.500000000000007 7.5000000000000009 2.5000000000000004 3.5000000000000004 9.5000000000000018 2.5000000000000004 2.0000000000000004 2.0000000000000004 2.5000000000000004 2.5000000000000004 7.5000000000000009 6.5000000000000009 6.5000000000000009 2.0000000000000004 2.0000000000000004 54.500000000000007 11.750000000000002 2.0000000000000004 2025.5000000000002 1.5000000000000002
decision_type=2 2 2 2 2 2 2 2 2 2 2 2 2 2 2 2 2 2 10 10 2 2 8 10 10 10 10 2 8 2 2 8 2 10 2 10 2 2 8 10 10 2 10 2 2 2 2 2 2 2 2 2 2 2 10 2 2 10 10 2 2 2
left_child=1 4 5 -4 -1 -3 7 9 -9 -6 -11 12 -8 14 -13 -16 17 -17 19 21 -15 22 -2 -23 25 26 -24 30 47 -30 51 32 34 -33 -32 44 -37 -34 39 40 41 50 57 -31 -36 -46 -47 48 -29 -50 -27 52 -28 -53 55 -55 -54 58 -40 61 -61 -56
right_child=18 2 3 -5 6 -7 11 8 -10 10 -12 13 -14 20 15 16 -18 -19 -20 -21 -22 23 24 -25 -26 38 27 28 29 43 31 33 37 -35 35 36 -38 -39 42 -41 -42 -43 -44 -45 45 46 -48 -49 49 -51 -52 53 56 54 59 -57 -58 -59 -60 60 -62 -63
leaf_value=-0.011848170070775918 -0.0037142982897681318 -0.0037313331203955797 -0.025961816257664135 -0.0027338396468809967 -0.0046024828785448339 0.010132262170580882 0.0026623161055911813 0.0061674307098901655 0.019103059589397162 0.014832918081083335 -0.005054684337228537 -0.0090335555241576257 0.019312253011213171 0.012642062439724967 0.0093657797086052607 0.0081664681357021141 -0.011496089545383665 -0.0051395168241080164 0.0064565386995673185 -0.008327569497729807 0.0013836531401611866 -0.00030688692995301398 -5.222201196014326e-05 0.00043996264433133364 0.0087860935981470076 0.0045997927464278684 0.0010354545357787682 0.00034171903262967651 -0.0006298364055427638 0.0010984775167889895 0.014851327330938408 0.0002834565292227693 -0.0045575515168612126 0.012079504549503328 0.0087219902559330584 0.021162629482291997 0.0043565691959473393 0.0052332366683653427 -0.0032852184011984923 0.013283074645525111 -0.0045207618190416772 0.01086732204721281 0.0051581152687216868 0.012829772511031479 -0.0027173063655694329 0.015298820038636527 -0.0001690742679131337 0.00032154830172657971 0.0087396946755495478 0.019981154128909114 -0.004141763773643308 -0.00060150388080879675 0.015106649512502677 0.016118975511441629 -0.00052315831058179945 0.0018754254866507837 0.0040415885602124038 -0.0087252721190452572 -0.00066482901794534923 -0.012567692287709743 0.00050976015453485784 0.0051409973463575759
leaf_weight=21 126 31 21 29 40 35 39 37 40 32 20 28 21 23 32 30 29 28 40 24 25 15135 3672 4003 22 28 334 23 121 20 35 558 61 25 38 21 31 28 211 28 76 33 38 24 45 21 39 20 47 20 36 1204 24 24 107 32 20 22 601 21 482 126
leaf_count=21 126 31 21 29 40 35 39 37 40 32 20 28 21 23 32 30 29 28 40 24 25 15135 3672 4003 22 28 334 23 121 20 35 558 61 25 38 21 31 28 211 28 76 33 38 24 45 21 39 20 47 20 36 1204 24 24 107 32 20 22 601 21 482 126
internal_value=4.60379e-05 0.00213308 -0.00332346 -0.0124896 0.00355546 0.00362057 0.00431837 0.00699277 0.0128872 0.00205935 0.00718384 0.00254593 0.00848979 0.000717052 -0.00126213 0.000566436 -0.0026701 0.00174289 3.68714e-06 -5.66279e-06 0.00677831 1.57837e-06 0.000346648 -0.000150672 0.000408163 0.000385946 0.000543242 0.001159 0.00392128 0.00153742 0.000927119 0.00216384 0.00467594 0.00078929 0.00705697 0.00565798 0.0111436 -0.0014773 -0.000672908 0.00182418 -3.04368e-05 0.00348776 -0.0012485 0.00749737 0.0036632 0.00183241 0.00524469 0.00749708 0.00909165 0.0120954 -0.000317333 0.000457229 0.00208792 0.000148411 0.00128843 0.0079798 0.0100771 -0.00154041 -0.00134574 0.000779308 -3.6217e-05 0.00253986
internal_weight=28207 561 116 50 445 66 424 169 77 92 52 255 60 195 147 119 87 58 27646 27606 48 27582 8444 19138 8318 8296 7223 3551 275 165 3276 902 319 583 230 195 52 89 1073 201 173 97 872 44 143 105 60 110 90 67 64 2374 378 1996 792 56 44 834 812 736 503 233
internal_count=28207 561 116 50 445 66 424 169 77 92 52 255 60 195 147 119 87 58 27646 27606 48 27582 8444 19138 8318 8296 7223 3551 275 165 3276 902 319 583 230 195 52 89 1073 201 173 97 872 44 143 105 60 110 90 67 64 2374 378 1996 792 56 44 834 812 736 503 233
is_linear=0
shrinkage=0.05


Tree=106
num_leaves=63
num_cat=0
split_feature=100 16 22 106 68 16 22 77 8 100 106 22 72 46 77 110 18 110 106 113 11 16 21 111 113 99 46 65 62 66 100 53 43 77 16 63 94 114 111 52 42 113 114 114 66 40 70 91 19 100 110 66 94 94 68 18 52 51 72 110 49 114
split_gain=0.900029 1.57182 2.6654 2.87487 2.13623 0.64316 1.1373 3.28537 1.83951 2.30654 1.07045 2.50157 0.909029 1.0892 0.868676 0.602143 1.00672 0.60054 0.594957 1.78432 0.686355 2.01421 1.03825 0.977949 1.0174 0.917579 1.49299 2.0561 2.20617 1.49469 0.902201 1.88012 1.40617 2.32642 2.4626 2.2613 2.74456 2.4312 2.52366 2.19609 1.9549 1.91455 1.89396 1.57742 1.53999 1.33537 1.70776 1.29501 1.23926 1.22399 1.17906 1.11846 4.37191 1.88958 1.84242 1.72352 1.28187 1.08659 1.07371 0.976705 1.11316 0.947952
threshold=2023.5000000000002 4.5000000000000009 3.0000000000000004 1.0000000180025095e-35 2.0000000000000004 3.5000000000000004 3.0000000000000004 2.5000000000000004 2.0000000000000004 2022.5000000000002 1.0000000180025095e-35 3.0000000000000004 3.5000000000000004 2.0000000000000004 1.5000000000000002 91.500000000000014 1.0000000180025095e-35 81.500000000000014 1.0000000180025095e-35 5.5000000000000009 2.0000000000000004 4.5000000000000009 2.5000000000000004 7.5000000000000009 3.5000000000000004 3.0000000000000004 2.0000000000000004 2.0000000000000004 2.5000000000000004 2.0000000000000004 2025.5000000000002 3.0000000000000004 2.0000000000000004 1.0000000180025095e-35 1.5000000000000002 2.5000000000000004 2.0000000000000004 11.500000000000002 6.5000000000000009 3.0000000000000004 2.0000000000000004 2.5000000000000004 10.500000000000002 14.500000000000002 2.0000000000000004 3.5000000000000004 2.0000000000000004 2.0000000000000004 3.5000000000000004 2024.5000000000002 15.750000000000002 2.0000000000000004 2.0000000000000004 4.0000000000000009 2.0000000000000004 3.5000000000000004 3.0000000000000004 2.5000000000000004 2.5000000000000004 34.250000000000007 4.0000000000000009 12.500000000000002
decision_type=2 2 2 2 2 2 2 2 2 2 2 2 2 2 2 10 2 10 2 2 2 2 2 10 2 2 2 2 2 2 2 2 2 2 2 2 2 2 8 2 2 2 2 2 2 2 2 2 2 2 10 2 2 2 2 2 2 2 2 8 2 2
left_child=1 5 3 -3 -4 6 8 -8 9 -1 11 14 -10 -14 -7 17 -17 18 19 -2 30 22 -22 25 -25 -24 -27 28 29 -28 31 -20 35 39 42 37 59 41 58 -34 -40 47 -35 45 -44 -38 -47 -33 -46 -45 51 53 -53 56 55 -54 -36 -55 -39 -37 -61 -62
right_child=15 2 4 -5 -6 10 7 -9 12 -11 -12 -13 13 -15 -16 16 -18 -19 20 -21 21 -23 23 24 -26 26 27 -29 -30 -31 -32 32 33 34 50 36 43 38 40 -41 -42 -43 44 49 48 46 -48 -49 -50 -51 -52 52 54 57 -56 -57 -58 -59 -60 60 61 -63
leaf_value=-0.012839098959680526 -0.00020852565794520113 -0.008717273380274752 -0.02262207661600163 0.012397199927976258 -0.0019356025526156792 -0.01103752173616418 -0.015774527498550954 0.0070644321248437341 0.0155126316472888 0.0078073281561955813 0.0083635257339225184 0.013493450400086919 -0.0010996672194223942 0.0099973722719975452 0.0010217365634161979 0.014065916202962398 -0.0017984927631914617 -0.0079111910580346983 0.013969832683602971 0.014040508222850887 -0.0079951463267207146 -0.012123212105195437 0.011589298799464649 -0.00012626862951687406 -0.013847939767451448 -0.0038309189102922882 0.017452831892296673 0.015871125937749943 -0.010125550913864807 0.001183714436289544 0.00018918666442018376 0.0017082707073723714 0.0020017805926758666 0.021640712926455308 0.012532884085720238 0.00057486870015660931 -0.0035536534356651831 0.0015836508111342004 0.012274104510045921 -0.014154614817181771 0.00096042465717930878 -0.015877036324569157 -0.0014455059362996009 0.0038181508251000197 0.021927130488412723 0.0035412886179983618 0.022166229244321586 -0.0082278473302721984 0.00545120706781745 -0.0097435179507223569 0.0097236513711360037 -0.004278081994975147 0.029897068946156652 -0.019311672841431576 0.0032889784430153671 0.010023127930859726 -0.0037262024978796642 -0.0033764789366851687 -0.012729050889611244 -0.01939537494822785 -0.014175566881895066 -0.0035724751721575576
leaf_weight=31 16432 28 24 38 26 28 31 32 26 24 124 28 41 48 32 20 20 24 30 22 41 42 22 35 22 96 20 30 31 48 9452 182 58 32 22 24 24 38 120 33 56 21 31 28 21 32 20 40 25 41 49 81 20 20 32 24 27 23 20 27 35 53
leaf_count=31 16432 28 24 38 26 28 31 32 26 24 124 28 41 48 32 20 20 24 30 22 41 42 22 35 22 96 20 30 31 48 9452 182 58 32 22 24 24 38 120 33 56 21 31 28 21 32 20 40 25 41 49 81 20 20 32 24 27 23 20 27 35 53
internal_value=4.3736e-05 0.00202642 -0.00315729 0.00343954 -0.0118651 0.00337769 0.00156451 -0.00417379 0.00369106 -0.00382975 0.00537047 0.00115297 0.00728796 0.00488525 -0.00460592 3.50278e-06 0.00613371 -5.37965e-06 1.49945e-06 -0.000189474 0.000283875 -0.00178485 -0.000526267 0.000481049 -0.00542235 0.00184337 0.000890437 0.004404 0.00092912 0.00596875 0.000358411 0.00159931 0.00130454 0.00337017 0.0049861 -4.72201e-05 -0.00357951 0.00205587 0.00569348 -0.00385713 0.0086743 -0.00144702 0.0114169 0.00123298 0.00716804 0.00620208 0.0107047 -8.20208e-05 0.0129728 -0.00424023 0.0026339 0.00123873 0.00380394 -0.00313887 0.0124177 0.0190567 0.0035738 -0.0107882 -0.00335176 -0.00859974 -0.0105144 -0.00778961
internal_weight=28207 561 116 66 50 445 233 63 170 55 212 88 115 89 60 27646 40 27606 27582 16454 11128 387 345 304 57 247 225 129 99 68 10741 1289 1259 498 407 761 284 477 234 91 176 243 109 145 77 76 52 222 46 69 298 249 157 92 76 44 49 43 58 139 115 88
internal_count=28207 561 116 66 50 445 233 63 170 55 212 88 115 89 60 27646 40 27606 27582 16454 11128 387 345 304 57 247 225 129 99 68 10741 1289 1259 498 407 761 284 477 234 91 176 243 109 145 77 76 52 222 46 69 298 249 157 92 76 44 49 43 58 139 115 88
is_linear=0
shrinkage=0.05


Tree=107
num_leaves=63
num_cat=0
split_feature=100 61 22 106 14 104 49 94 25 8 61 106 66 14 79 67 74 114 113 62 106 113 109 99 70 72 22 68 66 70 62 77 94 100 114 66 100 114 62 18 114 61 22 100 102 41 111 52 114 26 114 114 113 0 99 104 107 9 1 104 53 100
split_gain=0.812276 1.41857 2.40553 2.59457 2.31932 1.88885 0.678581 1.58621 1.23595 1.01147 0.950674 1.63456 1.49073 1.2381 1.16044 1.10738 1.06616 1.01558 0.650763 0.614658 0.494529 1.60815 1.02853 1.45714 0.93185 1.78582 0.608361 1.5634 2.35823 1.24188 1.72402 1.18801 0.55644 1.24167 3.19602 1.36176 0.844856 1.3211 0.829522 1.9663 1.6053 1.0298 1.23353 0.865074 1.15684 0.889694 1.47893 2.41889 1.45193 1.32539 1.17083 0.971788 0.590019 0.672716 0.836844 0.535567 0.688502 1.54892 1.29952 0.711904 0.672934 1.02697
threshold=2023.5000000000002 4.5000000000000009 3.0000000000000004 1.0000000180025095e-35 4.0000000000000009 6.5000000000000009 4.0000000000000009 2.0000000000000004 2.5000000000000004 2.0000000000000004 3.5000000000000004 1.0000000180025095e-35 2.0000000000000004 2.0000000000000004 2.0000000000000004 2.5000000000000004 2.5000000000000004 10.500000000000002 4.5000000000000009 2.5000000000000004 1.0000000180025095e-35 5.5000000000000009 55.500000000000007 3.0000000000000004 2.0000000000000004 1.0000000180025095e-35 3.0000000000000004 2.0000000000000004 2.0000000000000004 2.0000000000000004 2.5000000000000004 2.5000000000000004 2.0000000000000004 2024.5000000000002 12.500000000000002 2.0000000000000004 2024.5000000000002 12.500000000000002 2.5000000000000004 1.0000000180025095e-35 16.500000000000004 2.5000000000000004 3.0000000000000004 2025.5000000000002 1.0000000180025095e-35 2.0000000000000004 1.0000000180025095e-35 3.0000000000000004 16.500000000000004 2.5000000000000004 14.500000000000002 10.500000000000002 1.5000000000000002 2.5000000000000004 3.0000000000000004 2.5000000000000004 3.5000000000000004 2.5000000000000004 3.0000000000000004 7.5000000000000009 3.0000000000000004 2025.5000000000002
decision_type=2 2 2 2 2 2 2 2 2 2 2 2 2 2 2 2 2 2 2 2 2 2 10 2 2 2 2 2 2 2 2 2 2 2 2 2 2 2 2 2 2 2 2 2 10 2 10 2 2 2 2 2 2 2 2 2 10 2 2 2 2 2
left_child=1 5 3 -3 -4 -1 7 -7 -8 -9 14 12 -12 -13 -10 17 -17 -16 -15 -19 21 22 32 -24 25 -25 -22 29 -29 30 -28 -30 36 34 -34 -36 37 -2 43 40 41 -40 -43 44 -35 46 47 -46 50 51 -47 -48 53 54 -51 60 59 58 -58 -57 -38 -62
right_child=20 2 4 -5 -6 6 8 9 10 -11 11 13 -14 18 15 16 -18 19 -20 -21 26 -23 23 24 -26 -27 27 28 31 -31 -32 -33 33 38 35 -37 55 -39 39 -41 -42 42 -44 -45 45 48 49 -49 -50 52 -52 -53 -54 -55 -56 56 57 -59 -60 -61 61 -63
leaf_value=-0.011428515661862634 -0.0015391746089638524 -0.0082814095108135789 -0.023926650413445064 0.011777340125684675 -0.0021080375962152053 -0.0048337230087435318 0.01422990577464754 0.017697199716443016 -0.009617272100100915 0.0062867542961612347 0.0066121827362588164 0.00057846402813648359 -0.0097139407398885713 0.0093399629737131104 -0.0036235222304683359 -0.011303268956880157 0.0027576217818672637 0.0036607451170035036 0.020257258372259373 0.014986666707322002 0.00030743055825355864 0.013338482396846469 -0.0049538711514989188 0.022619866670685867 0.0014379816966538783 0.0048980026001862083 0.015265099034045958 -0.020580380945466461 0.0044897411018609999 -0.0070595752261579034 -0.0017237253003713705 -0.0084779020251804279 0.008961113347184092 -0.013963959171720173 -0.0044609197997488087 -0.021543227402227267 -0.0027736639331287899 0.015230243074019318 0.012169688036665322 -7.9675928225364639e-05 0.015341973010249236 -0.0072688843036303298 0.0085602516122162339 -0.00068690655511195872 -0.0046796131841838366 -0.0045120623362951045 0.009935247901206215 0.016378943112989267 0.0047565919347107412 -0.0083402090260516048 -0.014572826393046662 -0.0042934481613337997 -0.011379594920623688 -0.010189918371347282 0.0035245896095321295 -0.00060804612989229896 0.00019735239208481896 0.014574009184118199 0.012307139573385939 0.0002842252970490983 0.0065906162877731461 0.00087050831719688408
leaf_weight=21 24 28 21 38 29 21 22 31 30 52 27 29 29 39 21 26 28 23 21 25 10988 22 35 21 48 44 28 24 33 25 32 38 21 23 20 28 111 23 20 1488 37 32 20 3253 25 121 30 30 32 23 38 20 31 26 42 5650 288 23 24 3699 85 1021
leaf_count=21 24 28 21 38 29 21 22 31 30 52 27 29 29 39 21 26 28 23 21 25 10988 22 35 21 48 44 28 24 33 25 32 38 21 23 20 28 111 23 20 1488 37 32 20 3253 25 121 30 30 32 23 38 20 31 26 42 5650 288 23 24 3699 85 1021
internal_value=4.15492e-05 0.0019251 -0.00299942 0.00326757 -0.0112719 0.0032088 0.00393376 0.00744246 0.00279343 0.0105485 0.00194913 0.00485008 -0.00184242 0.00906108 -0.00080013 0.00135039 -0.00401244 0.00554739 0.013161 0.00955966 3.32764e-06 -0.000170767 -0.000188827 0.00396059 0.0067217 0.0106235 0.000260198 -0.00262308 -0.00703082 0.00230323 0.00620439 -0.00245069 -0.000226485 -0.000643896 -0.0073079 -0.0144256 -2.21255e-05 0.00666714 -0.00055699 0.000395172 0.0068775 0.0025277 -0.00118076 -0.000968632 -0.00304675 -0.00244605 -0.000330092 0.00680687 -0.00496082 -0.00261226 -0.00691652 0.00424377 -0.00542211 -0.00339264 -0.000673724 -5.09665e-05 -0.000175207 0.00205197 0.00112887 -0.000255012 0.000937646 0.00131012
internal_weight=28207 561 116 66 50 445 424 104 320 83 298 145 56 89 153 123 54 69 60 48 27646 16478 16456 148 113 65 11168 180 95 85 60 71 16308 5360 69 48 10948 47 5291 1597 109 72 52 3694 441 418 227 55 191 172 159 50 122 91 65 10901 9684 335 312 9349 1217 1106
internal_count=28207 561 116 66 50 445 424 104 320 83 298 145 56 89 153 123 54 69 60 48 27646 16478 16456 148 113 65 11168 180 95 85 60 71 16308 5360 69 48 10948 47 5291 1597 109 72 52 3694 441 418 227 55 191 172 159 50 122 91 65 10901 9684 335 312 9349 1217 1106
is_linear=0
shrinkage=0.05


Tree=108
num_leaves=63
num_cat=0
split_feature=101 16 104 106 54 40 47 87 94 46 28 8 40 11 28 70 77 110 18 110 110 106 11 11 49 101 103 16 94 62 96 16 67 58 101 77 62 55 79 61 63 16 11 44 54 48 48 46 112 94 57 73 17 49 54 104 26 104 110 101 104 102
split_gain=0.733079 1.28026 1.70468 1.52234 2.90896 2.17006 0.911816 1.08207 1.07924 2.65215 1.49128 0.949407 0.812525 0.748563 2.42352 1.73486 1.06069 0.523251 0.892471 0.553787 0.52839 0.483539 0.673742 1.35642 3.21333 1.32982 1.72489 1.2664 2.60076 1.48333 0.990586 0.753179 0.714904 1.29692 0.701345 1.56351 0.67258 0.853984 1.53618 0.954305 0.919984 1.26211 0.802786 1.16896 2.34405 0.955467 0.698398 0.611676 0.567173 0.566422 0.788679 1.04127 1.11996 1.36259 1.00243 1.49371 0.561762 0.560869 0.651617 1.63817 2.34241 3.61734
threshold=2.5000000000000004 4.5000000000000009 6.5000000000000009 1.0000000180025095e-35 2.0000000000000004 3.5000000000000004 2.0000000000000004 1.0000000180025095e-35 2.0000000000000004 2.0000000000000004 2.0000000000000004 2.0000000000000004 3.5000000000000004 2.0000000000000004 2.0000000000000004 2.0000000000000004 2.5000000000000004 91.500000000000014 1.0000000180025095e-35 81.500000000000014 71.500000000000014 1.0000000180025095e-35 2.0000000000000004 1.0000000180025095e-35 4.0000000000000009 1.5000000000000002 1.0000000180025095e-35 3.5000000000000004 2.0000000000000004 2.5000000000000004 1.5000000000000002 3.5000000000000004 2.5000000000000004 3.0000000000000004 1.5000000000000002 1.5000000000000002 2.5000000000000004 3.0000000000000004 2.0000000000000004 1.5000000000000002 2.5000000000000004 3.5000000000000004 2.0000000000000004 2.0000000000000004 2.0000000000000004 3.0000000000000004 3.0000000000000004 2.0000000000000004 1.0000000180025095e-35 4.0000000000000009 4.0000000000000009 2.5000000000000004 3.0000000000000004 4.0000000000000009 2.0000000000000004 7.5000000000000009 2.5000000000000004 2.5000000000000004 2.7500000000000004 1.0000000180025095e-35 1.5000000000000002 1.0000000180025095e-35
decision_type=2 2 2 2 2 2 2 2 2 2 2 2 2 2 2 2 2 10 2 10 10 2 2 2 2 2 10 2 2 2 2 2 2 2 2 2 2 2 2 2 2 2 2 2 2 2 2 2 8 2 2 2 2 2 2 2 2 2 10 2 2 10
left_child=17 2 -2 4 -3 -5 7 13 -9 10 -10 -11 -8 14 16 -15 -4 19 -19 20 21 22 23 34 -25 26 48 29 -29 30 -28 -27 33 -31 49 -36 37 38 -23 -40 -41 -42 47 44 46 -45 -44 -38 -24 50 57 56 53 -53 -55 -56 -52 58 59 -1 -61 -62
right_child=1 3 6 5 -6 -7 12 8 9 11 -12 -13 -14 15 -16 -17 -18 18 -20 -21 -22 36 25 24 -26 31 27 28 -30 32 -32 -33 -34 -35 35 -37 42 -39 39 40 41 -43 43 45 -46 -47 -48 -49 -50 -51 51 52 -54 54 55 -57 -58 -59 -60 60 61 -63
leaf_value=0.00065021557536674665 -0.010857090008045946 -0.018660805463878206 -0.010031161231121848 -0.0087994476314634095 0.0041023021675646301 0.010721095614135265 -0.0063539149313184776 0.016927476607439717 -0.0099857071817565993 0.022487991489470005 0.0061356776015600197 0.0081080138372878249 0.0036271574187346483 -0.002670848189788585 0.014989246406646379 0.01254474529642207 0.0055111706013912746 0.013186256736516952 -0.001750868484377861 -0.0075969559140503413 0.0069927051745320642 -0.00074462636506983219 0.0029042671958450228 -0.02397429595817812 -0.0014799682441615052 -0.011355893514477291 0.0065936972187565909 -0.0016414871566336265 0.020179367340945952 0.0027425241434857958 -0.0048580659135919191 0.0010653940434365171 0.00081014832016080619 0.019309963451491465 0.014463194542062971 -0.0016276220480600995 -0.0011410260590493952 0.00035807353931195061 0.017315092478834448 0.01064054349892188 -0.0085057041873889318 0.0084482962184626136 0.0050070428289473064 -0.0060871689612495491 -0.021066169321537018 0.0062668872216497286 -0.0076440300171573957 0.00066076721829713735 -0.006928191375548275 -0.00064517190790081566 -0.00064343423965856829 -0.0090768589150337954 0.012665202958243235 0.00055480374883000666 0.0023344498601121206 0.019069772538690209 0.0013965586634899594 -0.00032539681839182386 -0.003649685070229074 -0.0021069597949584327 0.031497013983316717 0.00178499369039422
leaf_weight=1000 21 32 21 24 25 35 38 29 26 22 32 24 44 101 41 23 23 20 20 24 27 105 22 20 77 26 28 22 36 21 58 23 20 27 26 36 1023 8872 21 43 21 23 20 29 25 34 24 873 44 5061 565 21 35 65 30 24 838 8171 75 30 20 21
leaf_count=1000 21 32 21 24 25 35 38 29 26 22 32 24 44 101 41 23 23 20 20 24 27 105 22 20 77 26 28 22 36 21 58 23 20 27 26 36 1023 8872 21 43 21 23 20 29 25 34 24 873 44 5061 565 21 35 65 30 24 838 8171 75 30 20 21
internal_value=3.94718e-05 0.00182885 0.00304836 -0.00284945 -0.00867699 0.00278054 0.00373707 0.00487244 0.00839803 0.00601963 -0.00109115 0.0149854 -0.000998218 0.00262888 0.00624308 0.000151399 -0.00190676 3.16126e-06 0.00571769 -5.11887e-06 1.48703e-06 -5.36337e-06 -0.00017756 -0.000223153 -0.00611797 0.00206933 0.00340798 0.0056055 0.0119025 0.0032339 -0.00112958 -0.00552549 0.00875243 0.0120617 -0.000187456 0.00512014 0.000249406 0.000433186 0.00356181 0.00774862 0.00543948 0.000356614 -0.000573887 -0.00434412 -0.00884015 0.000580099 -0.00189354 -0.000311403 -0.00365071 -0.000208079 -5.0388e-06 0.00102865 0.00466536 0.0026654 0.00473757 0.00977237 0.000575036 -0.000180113 0.000855764 0.00117127 0.00851009 0.0162787
internal_weight=28207 561 445 116 57 59 424 342 133 104 58 46 82 209 85 124 44 27646 40 27606 27582 27555 16442 16115 97 327 278 212 58 154 86 49 68 48 16018 62 11113 9085 213 108 87 44 2028 132 69 63 44 1896 66 15956 10895 1578 175 140 119 54 1403 9317 1146 1071 71 41
internal_count=28207 561 445 116 57 59 424 342 133 104 58 46 82 209 85 124 44 27646 40 27606 27582 27555 16442 16115 97 327 278 212 58 154 86 49 68 48 16018 62 11113 9085 213 108 87 44 2028 132 69 63 44 1896 66 15956 10895 1578 175 140 119 54 1403 9317 1146 1071 71 41
is_linear=0
shrinkage=0.05


Tree=109
num_leaves=63
num_cat=0
split_feature=100 16 22 106 11 47 79 87 94 74 28 77 40 28 91 114 8 54 94 40 114 110 18 110 110 110 106 113 62 114 11 74 55 79 61 63 16 113 99 110 109 100 47 65 113 94 94 85 66 114 15 8 47 42 52 16 49 107 16 57 25 8
split_gain=0.661604 1.15543 2.0902 2.25225 1.75067 0.56177 1.87591 0.945132 1.20237 1.61131 1.34588 0.913739 1.84341 2.60627 1.45345 1.3192 0.749872 0.657786 0.62312 0.896867 0.572231 0.472234 0.805455 0.499793 0.476872 0.446558 0.435674 1.42136 0.61854 1.34761 2.06059 1.2661 0.782104 1.36055 0.86126 0.830285 1.13906 0.680451 0.650258 0.599323 0.559175 1.06699 1.0434 1.03652 0.545236 1.27273 2.68321 2.12811 1.43107 2.10461 1.53024 1.55402 1.17514 1.63867 1.01357 0.989131 0.876883 0.849641 0.830798 1.28408 0.798268 0.781518
threshold=2023.5000000000002 4.5000000000000009 3.0000000000000004 1.0000000180025095e-35 2.0000000000000004 2.0000000000000004 2.0000000000000004 1.0000000180025095e-35 2.0000000000000004 2.5000000000000004 2.0000000000000004 1.5000000000000002 3.5000000000000004 2.0000000000000004 2.0000000000000004 10.500000000000002 2.0000000000000004 2.0000000000000004 2.0000000000000004 3.5000000000000004 10.500000000000002 91.500000000000014 1.0000000180025095e-35 81.500000000000014 71.500000000000014 0.75000000000000011 1.0000000180025095e-35 5.5000000000000009 2.5000000000000004 15.500000000000002 2.0000000000000004 2.5000000000000004 3.0000000000000004 2.0000000000000004 1.5000000000000002 2.5000000000000004 3.5000000000000004 1.5000000000000002 3.0000000000000004 19.750000000000004 18.500000000000004 2025.5000000000002 2.0000000000000004 2.0000000000000004 1.5000000000000002 2.0000000000000004 4.0000000000000009 1.0000000180025095e-35 2.0000000000000004 15.500000000000002 3.0000000000000004 2.0000000000000004 2.0000000000000004 2.0000000000000004 3.0000000000000004 3.5000000000000004 4.0000000000000009 15.500000000000002 3.5000000000000004 2.0000000000000004 2.5000000000000004 2.0000000000000004
decision_type=2 2 2 2 2 2 2 2 2 2 2 2 2 2 2 2 2 2 2 2 2 10 2 10 10 8 2 2 2 2 2 2 2 2 2 2 2 2 2 10 8 2 2 2 2 2 2 2 2 2 2 2 2 2 2 2 2 10 2 2 2 2
left_child=1 5 3 -3 -4 7 -7 11 -9 10 -10 12 15 -14 16 -1 -13 -11 -18 -20 -8 23 -23 24 25 -2 27 -27 32 40 37 -32 33 -28 -35 -36 -37 39 -39 -31 41 -30 -43 -44 -34 47 -47 56 50 -50 -48 -52 53 54 -51 -56 -46 61 59 -49 -61 -58
right_child=21 2 4 -5 -6 6 20 8 9 17 -12 14 13 -15 -16 -17 18 -19 19 -21 -22 22 -24 -25 -26 26 28 -29 29 30 31 -33 44 34 35 36 -38 38 -40 -41 -42 42 43 -45 45 46 48 58 49 52 51 -53 -54 -55 55 -57 57 -59 -60 60 -62 -63
leaf_value=-0.0026057861814344375 -0.0026306648212915248 -0.0076253217437104994 -0.019053321580092111 0.011063376752855748 -0.00028127964343065804 -0.013725668156430835 0.010022431163286622 0.016081102881259447 -0.0094864218191315353 0.016727217630698132 0.0058288936590543024 -0.0048791980187940813 0.0022837223385327628 -0.019927317591384053 0.015763227618299427 0.013333727665245532 -0.002225916398068269 0.0051191507474235868 0.00098735161591321239 0.015108335497991546 0.00010802477684824965 0.012526943944394589 -0.0016633250843733551 -0.0072171079974699143 0.0066430697916075587 -0.00017081882206153458 -0.00065127990584677232 0.0125467266718095 0.012115040851756931 -0.00081488370626734991 -0.005142610450275243 -0.021559211449778598 8.5054940577736129e-05 0.016449337798569882 0.010108516125690713 -0.0080804189600582645 0.0080258814294053155 0.003709843809483573 -0.0061196312284149791 0.0084824691014364368 -0.00032175240809426277 -0.00095117891785399681 0.00050555248550760259 0.015530739885500886 -0.0021602443234601683 0.015163554268933477 0.0010632964064406154 -0.014648595718681462 0.00091173777741809878 0.0029375187532209301 0.00036286678884855727 -0.018034704231346645 0.018971009342931212 -0.0058037210876742996 0.0088505379217011584 0.022789459908381104 0.0017349867165142451 0.011049045482650399 -0.010077966391626333 0.003115939612634424 -0.0036813224585726858 -0.00075286410453217535
leaf_weight=27 161 28 27 38 23 21 22 29 26 26 32 28 28 25 24 25 21 23 22 23 43 20 20 24 27 16316 104 22 25 130 24 23 5963 21 43 21 23 20 106 20 1479 145 24 22 206 42 167 20 208 34 22 24 24 21 35 20 1372 22 45 66 125 410
leaf_count=27 161 28 27 38 23 21 22 29 26 26 32 28 28 25 24 25 21 23 22 23 43 20 20 24 27 16316 104 22 25 130 24 23 5963 21 43 21 23 20 106 20 1479 145 24 22 206 42 167 20 208 34 22 24 24 21 35 20 1372 22 45 66 125 410
internal_value=3.74982e-05 0.00173741 -0.00270698 0.00313484 -0.0104182 0.00289594 -0.000733727 0.00376545 0.00705057 0.00460304 -0.00103659 0.00176196 -0.00163097 -0.00819318 0.00478109 0.00505744 0.00197715 0.0112785 0.0048859 0.00820474 0.00346367 3.0032e-06 0.00543181 -4.86293e-06 1.41268e-06 -5.0952e-06 1.03358e-05 -0.000153694 0.000252731 -0.000538732 -0.00349862 -0.0131763 0.000429448 0.00343055 0.00736119 0.0051675 0.000338784 -0.00185061 -0.0045594 0.000424763 2.53055e-05 0.00240169 0.00113031 0.00769151 0.000357362 0.000924518 0.00297838 0.000383408 0.00205626 0.00405995 -0.00116094 -0.00923587 0.00894671 0.0067596 0.00972397 0.0139192 0.000930247 0.00128315 -0.00391013 -0.00259472 -0.00133253 0.00116259
internal_weight=28207 561 116 66 50 445 86 359 136 107 58 223 105 53 118 52 94 49 66 45 65 27646 40 27606 27582 27555 27394 16338 11056 2018 323 47 9038 212 108 87 44 276 126 150 1695 216 191 46 8826 2863 597 2266 555 342 213 46 134 110 89 55 2010 1804 256 211 191 1782
internal_count=28207 561 116 66 50 445 86 359 136 107 58 223 105 53 118 52 94 49 66 45 65 27646 40 27606 27582 27555 27394 16338 11056 2018 323 47 9038 212 108 87 44 276 126 150 1695 216 191 46 8826 2863 597 2266 555 342 213 46 134 110 89 55 2010 1804 256 211 191 1782
is_linear=0
shrinkage=0.05


Tree=110
num_leaves=63
num_cat=0
split_feature=88 101 112 101 9 58 43 97 114 28 46 18 70 61 94 101 25 101 99 113 67 112 2 40 40 70 56 106 91 24 71 43 46 87 66 114 114 28 102 110 5 63 114 40 26 106 43 41 58 114 72 114 94 70 40 67 48 46 51 77 22 40
split_gain=1.18965 1.9394 1.47679 0.772527 2.56204 2.42808 2.58657 1.83643 1.50733 1.47236 1.88917 1.86609 1.78554 1.34946 1.46462 1.62273 1.77808 2.79003 1.98549 2.20737 1.60748 1.50645 1.43457 1.34943 1.26991 1.20675 1.20144 1.11613 1.10234 1.12342 2.1959 1.31488 1.09087 1.07787 1.9144 1.72869 1.28887 1.56129 1.0017 0.954545 2.40276 1.6723 2.18332 2.62642 1.83462 1.43823 1.37491 1.03609 1.76049 1.11809 2.56389 3.90317 1.55923 1.33864 2.17467 3.99316 1.95472 1.00868 1.36759 0.96284 3.15717 0.929155
threshold=1.0000000180025095e-35 1.0000000180025095e-35 inf 1.0000000180025095e-35 2.5000000000000004 3.0000000000000004 2.0000000000000004 3.0000000000000004 12.500000000000002 2.0000000000000004 2.0000000000000004 3.5000000000000004 2.0000000000000004 3.5000000000000004 4.0000000000000009 4.5000000000000009 2.5000000000000004 1.5000000000000002 3.0000000000000004 3.5000000000000004 2.5000000000000004 inf 3.0000000000000004 3.5000000000000004 2.5000000000000004 2.0000000000000004 3.0000000000000004 1.0000000180025095e-35 2.0000000000000004 2.5000000000000004 3.0000000000000004 2.0000000000000004 2.0000000000000004 1.0000000180025095e-35 2.0000000000000004 14.500000000000002 16.500000000000004 2.0000000000000004 1.0000000180025095e-35 39.250000000000007 3.0000000000000004 2.5000000000000004 13.500000000000002 3.5000000000000004 2.5000000000000004 1.0000000180025095e-35 2.0000000000000004 3.5000000000000004 3.0000000000000004 14.500000000000002 3.5000000000000004 17.500000000000004 4.0000000000000009 2.0000000000000004 3.5000000000000004 2.5000000000000004 3.0000000000000004 2.0000000000000004 1.5000000000000002 1.5000000000000002 3.0000000000000004 3.5000000000000004
decision_type=2 2 8 2 2 2 2 2 2 2 2 2 2 2 2 2 2 2 2 2 2 8 2 2 2 2 2 2 2 2 2 2 2 2 2 2 2 2 10 8 2 2 2 2 2 2 2 2 2 2 2 2 2 2 2 2 2 2 2 2 2 2
left_child=3 -2 -3 -1 7 6 -6 13 -8 10 11 -7 -12 14 22 16 17 21 -18 20 23 28 24 -20 -5 -11 -9 -22 -16 30 -30 32 -31 35 -35 -21 37 -36 -28 40 -15 42 44 -44 45 46 -41 49 -49 52 51 -51 59 54 55 -52 -56 61 -59 60 -43 -46
right_child=1 2 -4 4 5 9 8 26 -10 25 12 -13 -14 39 15 -17 18 -19 19 33 27 -23 -24 -25 -26 -27 38 -29 29 31 -32 -33 -34 34 36 -37 -38 -39 -40 41 -42 47 43 -45 57 -47 -48 48 -50 50 53 -53 -54 -55 56 -57 -58 58 -60 -61 -62 -63
leaf_value=-4.5853530507386714e-05 -0.0014170185922894769 -0.0029925097667035604 -0.021148511175609508 -0.0093190209407891557 0.0044741639204449579 -0.017395127621980814 0.02857442696392536 0.0039625922342141472 0.010158420111984015 0.00069590842520648793 0.016233835301088972 -0.00010198108756389374 -0.00076781363880380673 -0.0056532411899228221 -0.0042755794919916053 -0.01589185788296163 -0.009979154568356581 -0.019824819517536806 0.012141704571343238 -0.019189442558192903 0.0051686146147549156 -0.0094483768971686533 -0.0045257513289952761 0.00058966193426346044 0.0014322425240940601 0.016607078365408458 0.0024708737195892772 0.019830043310368504 -0.0040070378434155949 -0.0032056485061292294 0.016383504122495653 -0.010336874784635646 0.012200991772115231 -0.011735579855740072 -0.0079200716673171728 -0.00086314045944281168 0.014418501186777245 0.0087879361653769462 -0.0093030267657878089 0.0058176788867318205 0.00529895461065395 -0.016160976028803623 0.0047935579637331631 0.021223709195159202 -0.0048587467521429067 -0.0012486138120293619 0.022126551996916533 -0.00017623162961431912 0.018724649272520433 -0.027793678065592593 0.012868520014342808 0.0016647781812302446 0.0071498558410957209 0.0066299474363016794 0.0015270229186052863 -0.013427045585756954 -0.017461227831628286 -0.016854295711964368 0.00014115120765977894 0.0025927361637606461 0.0047316592087736356 0.0080781524415527075
leaf_weight=24113 255 21 24 28 59 26 25 30 20 22 23 39 47 118 134 20 39 26 31 22 25 68 117 137 1440 26 22 27 23 27 31 28 20 25 29 31 22 27 101 28 87 33 56 43 23 25 24 28 22 22 42 23 116 61 23 22 33 20 29 118 40 35
leaf_count=24113 255 21 24 28 59 26 25 30 20 22 23 39 47 118 134 20 39 26 31 22 25 68 117 137 1440 26 22 27 23 27 31 28 20 25 29 31 22 27 101 28 87 33 56 43 23 25 24 28 22 22 42 23 116 61 23 22 33 20 29 118 40 35
internal_value=2.60494e-05 -0.00310582 -0.0126757 5.9604e-05 0.000713642 0.00526007 0.0113606 0.000351291 0.0203895 0.00179308 -0.000881182 -0.00701924 0.00481844 0.000589144 -7.48228e-05 -0.0018306 -0.00146632 -0.0040535 0.000759279 0.00187311 0.0050991 -0.00281467 0.000802513 0.00272129 0.00122718 0.00931446 -0.00500895 0.0127813 -0.00109949 0.0021997 0.00769864 -0.00175954 0.00335037 -0.00267638 0.000304949 -0.00847028 0.00416409 0.000135575 -0.00719713 0.00206277 -0.00100524 0.00278902 0.00594264 0.0119299 0.00272124 0.00860671 0.0133449 0.0012582 0.00814016 0.000612608 -0.00205646 -0.0127371 0.00257746 0.000598954 -0.0024668 0.00382942 -0.00966248 -0.0015141 -0.00679577 -0.000199492 -0.00471296 0.002948
internal_weight=28301 300 45 28001 3888 287 104 3601 45 183 135 65 70 3448 2377 792 772 357 415 376 220 331 1585 168 1468 48 153 52 263 129 54 75 47 156 103 53 78 56 123 1071 205 866 283 99 184 77 52 583 50 533 226 45 307 181 120 64 56 107 49 191 73 58
internal_count=28301 300 45 28001 3888 287 104 3601 45 183 135 65 70 3448 2377 792 772 357 415 376 220 331 1585 168 1468 48 153 52 263 129 54 75 47 156 103 53 78 56 123 1071 205 866 283 99 184 77 52 583 50 533 226 45 307 181 120 64 56 107 49 191 73 58
is_linear=0
shrinkage=0.05


Tree=111
num_leaves=63
num_cat=0
split_feature=88 100 77 100 9 93 43 65 104 97 70 113 65 114 92 102 111 111 104 61 11 111 65 62 87 70 94 43 108 107 112 94 47 25 52 17 113 49 43 61 82 92 66 79 20 40 14 52 44 114 14 107 77 100 25 44 77 111 109 74 114 8
split_gain=1.07365 1.75031 1.38745 0.697206 2.31224 2.19134 2.33438 1.72119 1.66951 1.6693 1.40057 2.87791 1.3839 1.36037 1.2789 2.15431 1.58883 1.49255 1.33169 1.2569 2.21369 2.28866 1.53032 1.88832 1.45074 2.4007 1.75198 1.52416 1.33926 1.82839 1.51584 2.13242 2.98498 2.70101 1.90569 2.20532 2.63672 2.25949 2.56729 2.17595 2.26393 2.27138 1.68957 2.50812 2.03892 1.36989 1.86678 1.55788 1.624 1.36174 1.31676 1.31478 1.31127 2.57712 1.20671 1.16519 1.16017 2.67307 1.39333 1.36985 1.15642 1.12598
threshold=1.0000000180025095e-35 2025.5000000000002 2.5000000000000004 2025.5000000000002 2.5000000000000004 3.0000000000000004 2.0000000000000004 2.0000000000000004 4.5000000000000009 1.5000000000000002 2.0000000000000004 1.5000000000000002 2.0000000000000004 12.500000000000002 4.0000000000000009 1.0000000180025095e-35 1.0000000180025095e-35 1.0000000180025095e-35 2.5000000000000004 3.5000000000000004 2.0000000000000004 6.5000000000000009 2.0000000000000004 2.5000000000000004 1.0000000180025095e-35 2.0000000000000004 2.0000000000000004 2.0000000000000004 48.500000000000007 61.500000000000007 1.0000000180025095e-35 4.0000000000000009 2.0000000000000004 2.5000000000000004 3.0000000000000004 3.0000000000000004 3.5000000000000004 4.0000000000000009 2.0000000000000004 2.5000000000000004 2.5000000000000004 2.0000000000000004 2.0000000000000004 2.0000000000000004 2.5000000000000004 3.5000000000000004 4.0000000000000009 3.0000000000000004 2.0000000000000004 6.5000000000000009 4.0000000000000009 19.500000000000004 2.5000000000000004 2023.5000000000002 2.5000000000000004 2.0000000000000004 1.0000000180025095e-35 6.5000000000000009 35.500000000000007 2.5000000000000004 12.500000000000002 2.0000000000000004
decision_type=2 2 2 2 2 2 2 2 2 2 2 2 2 2 2 8 10 10 2 2 2 10 2 2 2 2 2 2 8 8 8 2 2 2 2 2 2 2 2 2 2 2 2 2 2 2 2 2 2 2 2 8 2 2 2 2 2 8 8 2 2 2
left_child=3 2 -2 4 8 6 12 10 14 19 11 -7 -6 -8 15 18 -16 -17 -1 20 28 22 24 -24 25 27 -27 -22 51 -30 -31 32 34 -33 39 37 -37 38 -36 40 41 -32 43 -39 -44 -35 -47 -48 -49 -43 -46 -10 -26 -54 61 -42 57 -21 -58 -59 -12 -19
right_child=1 -3 -4 -5 5 7 13 -9 9 -11 60 -13 -14 -15 16 17 -18 54 -20 56 21 -23 23 -25 52 26 -28 -29 29 30 31 33 -34 45 35 36 -38 42 -40 -41 55 49 44 -45 50 46 47 48 -50 -51 -52 -53 53 -55 -56 -57 58 59 -60 -61 -62 -63
leaf_value=0.0077549823742432931 -0.020254430753023675 -0.0013461676485894715 -0.0026562043011099813 -4.3560853570326477e-05 0.012039034685184217 0.012009832605719568 0.027145705807954074 -0.003225801754742861 0.0010820299697419009 -0.002757014312147157 0.0043956688943911689 -0.012785838976163755 -0.0032785039519270262 0.0096504991315305242 0.013753587816841901 -0.013201174695765781 -0.001791031413207141 -0.0091575429755814224 -0.0025347723864109781 0.021500840389098115 -0.020038805502865995 -0.019438653900509792 -0.0038131416140293538 0.01119723099982366 0.0083555503748357299 0.011891082120127976 -0.0076337016239348384 -0.0055543634283822035 0.012149663728017075 -0.00073786573377138706 0.00086957942004557004 -0.0077243707820095807 -0.002591168227528523 -0.0029299116912963139 -0.014804855575008938 -0.012809867697069422 0.0062832447389761618 -0.0081390129816201005 0.0078729117217545327 0.018947433713280285 0.0067373767676876806 0.028207059345864267 0.027663619745345341 0.012273105474955895 0.017711927066091451 -0.0033571546871422071 0.021329699808974631 -0.0038423307395229738 0.0138824024054754 0.01204755224462133 0.0020533974571474668 -0.011584243141114711 -0.015008371295752349 0.0080454047515311038 0.0053324373871354129 -0.0053349068722663784 -0.0029508240418970461 -0.0019951882334996243 0.0028514440428626699 0.012387977831065655 0.020266156581540906 -0.00016574013840269159
leaf_weight=51 24 255 21 24113 29 25 25 90 42 308 22 22 30 20 25 62 48 98 82 26 42 21 44 40 32 20 27 32 39 607 27 99 127 70 24 40 33 27 26 48 41 22 21 34 25 36 23 24 28 32 29 40 27 22 28 39 121 49 714 25 24 54
leaf_count=51 24 255 21 24113 29 25 25 90 42 308 22 22 30 20 25 62 48 98 82 26 42 21 44 40 32 20 27 32 39 607 27 99 127 70 24 40 33 27 26 48 41 22 21 34 25 36 23 24 28 32 29 40 27 22 28 39 121 49 714 25 24 54
internal_value=2.4747e-05 -0.00295053 -0.0120419 5.66238e-05 0.000677959 0.00499706 0.0107926 0.00170343 0.000333726 0.000739543 0.00647365 0.000403348 0.00425046 0.0193701 -0.00252239 -0.00370107 0.00353247 -0.00651055 0.00141092 0.00111808 0.000382776 -0.00350687 -0.00233705 0.00333465 -0.00469558 -0.00816246 0.000674717 -0.0137753 0.0011277 0.00146327 0.00118205 0.00251392 0.00420718 -0.00108425 0.00605203 0.00318589 -0.00417873 0.00607631 -0.00301242 0.00960384 0.00681818 0.0127106 0.00941776 0.00323823 0.0144438 0.00254764 0.00600195 0.0104943 0.00570176 0.0186311 0.00930272 -0.00509664 0.000483339 -0.0046577 -0.00420601 0.000852138 0.00262015 0.00770957 0.00201064 0.00286399 0.0126759 -0.00596309
internal_weight=28301 300 45 28001 3888 287 104 183 3601 3153 93 47 59 45 448 375 73 242 133 2845 1910 307 286 84 202 121 47 74 1603 1521 1482 875 595 280 468 259 73 186 50 209 161 81 136 61 75 181 111 75 52 54 54 82 81 49 180 80 935 100 835 74 46 152
internal_count=28301 300 45 28001 3888 287 104 183 3601 3153 93 47 59 45 448 375 73 242 133 2845 1910 307 286 84 202 121 47 74 1603 1521 1482 875 595 280 468 259 73 186 50 209 161 81 136 61 75 181 111 75 52 54 54 82 81 49 180 80 935 100 835 74 46 152
is_linear=0
shrinkage=0.05


Tree=112
num_leaves=63
num_cat=0
split_feature=108 104 113 103 110 114 65 24 68 100 43 107 107 100 43 12 16 22 77 40 64 42 100 113 112 113 109 113 43 94 112 28 16 40 100 114 69 107 11 72 16 51 114 43 112 100 11 70 14 114 103 77 100 16 40 113 109 100 114 16 111 114
split_gain=0.589603 0.471355 1.86309 0.695395 0.681454 0.701104 0.997978 1.59418 1.5611 1.52743 2.25198 1.39321 2.14362 1.29003 1.24729 1.39129 1.66856 1.21913 2.13832 1.24409 1.42551 2.15643 1.70663 2.20669 2.45493 2.21163 2.0199 1.55158 1.50773 1.48774 1.10509 1.05411 1.80342 1.04844 1.1626 1.02424 1.96373 0.973668 0.958303 0.905265 1.92403 1.32379 1.11899 0.901921 0.901507 1.04154 6.25936 4.01481 1.20934 1.19619 1.02797 0.994187 0.868629 2.06289 1.73505 0.867374 0.968867 1.94518 0.838232 1.51443 1.6543 1.19676
threshold=54.500000000000007 7.5000000000000009 4.5000000000000009 inf 0.75000000000000011 2.5000000000000004 2.0000000000000004 2.5000000000000004 2.0000000000000004 2021.5000000000002 2.0000000000000004 12.500000000000002 18.500000000000004 2021.5000000000002 2.0000000000000004 1.0000000180025095e-35 2.5000000000000004 3.0000000000000004 2.5000000000000004 3.5000000000000004 2.5000000000000004 2.0000000000000004 2025.5000000000002 4.5000000000000009 1.0000000180025095e-35 1.5000000000000002 7.5000000000000009 3.5000000000000004 2.0000000000000004 4.0000000000000009 1.0000000180025095e-35 2.0000000000000004 3.5000000000000004 2.5000000000000004 2025.5000000000002 10.500000000000002 3.0000000000000004 7.5000000000000009 2.0000000000000004 3.5000000000000004 3.5000000000000004 2.5000000000000004 16.500000000000004 2.0000000000000004 1.0000000180025095e-35 2024.5000000000002 2.0000000000000004 2.0000000000000004 4.0000000000000009 13.500000000000002 1.0000000180025095e-35 2.5000000000000004 2025.5000000000002 2.5000000000000004 3.5000000000000004 1.5000000000000002 10.500000000000002 2025.5000000000002 14.500000000000002 2.5000000000000004 6.5000000000000009 18.500000000000004
decision_type=10 2 2 8 8 2 2 2 2 2 2 10 10 2 2 2 2 2 2 2 2 2 2 2 8 2 10 2 2 2 10 2 2 2 2 2 2 8 2 2 2 2 2 2 10 2 2 2 2 2 10 2 2 2 2 2 8 2 2 2 10 2
left_child=1 2 -1 4 -3 -6 8 30 11 10 -10 33 -13 -9 15 44 -17 19 -19 39 22 -22 23 24 -21 -26 -24 -27 29 -28 -8 -18 -33 34 -7 36 -16 -35 -20 40 41 -15 -41 -32 45 46 -11 51 49 -47 -51 -48 53 -50 -55 56 57 -39 -37 60 -60 -61
right_child=-2 3 -4 -5 5 6 7 13 9 14 -12 12 -14 17 35 16 31 18 38 20 21 -23 26 -25 25 27 28 -29 -30 -31 43 32 -34 37 -36 58 -38 55 -40 42 -42 -43 -44 -45 -46 48 47 -49 52 50 -52 -53 -54 54 -56 -57 -58 -59 59 61 -62 -63
leaf_value=-0.00015789836463322881 0.0057422180794593361 -0.0046430994129668069 -0.014719118891199204 -0.00033625246947966266 -0.00011340567344959228 -0.012986173650382885 -0.001786643289754876 0.01512280645864931 0.0026118720415979624 0.0088380294448870706 -0.019704781565815212 0.021366511888447265 0.0020871667889878153 0.004514947877233398 0.017925445601344108 -0.010783713452872776 0.0086043534362140826 -0.011260906882816927 -0.0021066249204942816 -0.0025091014026353761 0.0042046639587610003 0.024956146609925092 0.0001073298715182132 -0.0058906457022480339 0.027721593715250493 0.0050540032768622047 0.0056871459144970469 0.019591409372615404 0.00055424345708969568 0.021845323791993516 0.00092646325273173201 0.0079132325714454058 -0.010562722839415074 -0.0037361367649556896 -0.00050797611474990851 -0.0018251469175934857 -0.00065252970565449111 0.018240961376577616 0.012072321150282568 -0.0056544343926194507 0.017724659163504838 -0.0094476463583608467 0.0046301540281427538 0.012447727835164048 -0.0088169231248850181 0.0015981409477160103 -0.033505240746308118 -0.00015499579813331367 -0.0038703691447153688 -0.0046706628112588083 -0.018202366694808007 -0.01826262747484219 -0.0015859026448381257 0.0031204126637291024 0.022283051411310831 0.0019178645529739644 -0.00013529509878257645 0.0019321194373316049 0.017880721120484944 0.0025404292505551529 0.00051179976704028942 -0.0066724362099503587
leaf_weight=14841 45 65 22 3864 3163 28 339 22 20 40 26 21 46 58 25 21 68 40 26 27 31 21 293 23 24 50 29 29 36 28 49 28 25 106 56 233 33 20 22 87 20 24 38 26 66 31 20 25 40 32 25 23 173 27 21 1735 1489 213 29 141 26 47
leaf_count=14841 45 65 22 3864 3163 28 339 22 20 40 26 21 46 58 25 21 68 40 26 27 31 21 293 23 24 50 29 29 36 28 49 28 25 106 56 233 33 20 22 87 20 24 38 26 66 31 20 25 40 32 25 23 173 27 21 1735 1489 213 29 141 26 47
internal_value=2.35096e-05 1.44021e-05 -0.000179452 0.000229533 0.000458959 0.000494 0.000798908 0.00200852 0.000471564 -0.00106067 -0.0100019 0.000985196 0.00812995 0.00315956 -0.000717637 -0.00216276 0.00222634 0.00286906 -0.00272293 0.00347064 0.00467912 0.0125851 0.00391639 0.00838522 0.010911 0.0144288 0.00214507 0.0103905 0.00856504 0.0136245 -0.000571581 0.00448428 -0.000801841 0.000853938 -0.00466738 0.001082 0.00735522 0.000984106 0.00439206 0.000324347 0.00381977 0.000428335 -0.00252792 0.0049205 -0.00335444 -0.00256555 -0.00685647 -0.0160885 -0.0012377 -0.00630657 -0.0106056 -0.0253522 0.000471338 0.00451569 0.0115041 0.00112884 0.00033386 0.00333202 0.000317614 0.0023722 0.00966996 0.000237213
internal_weight=28301 28256 14863 13393 9529 9464 6301 1342 4959 1245 46 3714 67 928 1199 665 142 906 88 818 591 52 539 153 130 103 386 79 93 57 414 121 53 3647 84 534 58 3563 48 227 102 82 125 75 523 457 108 68 349 88 57 43 261 88 48 3457 1722 233 476 243 55 188
internal_count=28301 28256 14863 13393 9529 9464 6301 1342 4959 1245 46 3714 67 928 1199 665 142 906 88 818 591 52 539 153 130 103 386 79 93 57 414 121 53 3647 84 534 58 3563 48 227 102 82 125 75 523 457 108 68 349 88 57 43 261 88 48 3457 1722 233 476 243 55 188
is_linear=0
shrinkage=0.05


Tree=113
num_leaves=63
num_cat=0
split_feature=108 52 104 113 111 114 103 55 14 68 100 100 16 24 96 52 57 8 113 113 68 100 41 113 63 12 100 100 52 106 57 114 114 114 110 67 113 24 95 47 114 100 66 106 57 52 77 40 65 28 47 110 42 10 9 113 48 100 114 114 40 107
split_gain=0.532116 0.465514 0.425398 1.68144 0.662459 0.942078 0.527208 0.642495 1.25201 1.8663 1.03157 0.838583 0.667322 2.11138 1.35026 0.887931 0.747537 1.1776 0.89213 0.725626 0.639266 2.01068 1.13499 2.77892 1.65329 1.62266 1.25999 1.0152 1.70072 1.69749 1.46454 1.04489 1.00832 0.96646 0.996152 1.21939 1.57332 1.46284 1.30186 1.09152 1.55633 1.28817 1.04737 4.07907 1.27894 1.83033 1.31191 1.11513 1.23119 1.56662 0.963682 1.07339 0.930901 0.896667 0.877861 0.864786 0.807344 0.79516 0.787757 0.892527 0.77572 0.767128
threshold=54.500000000000007 3.0000000000000004 7.5000000000000009 4.5000000000000009 6.5000000000000009 16.500000000000004 inf 3.0000000000000004 2.0000000000000004 2.0000000000000004 2024.5000000000002 2022.5000000000002 1.5000000000000002 2.5000000000000004 1.5000000000000002 3.0000000000000004 4.0000000000000009 2.0000000000000004 3.5000000000000004 3.5000000000000004 2.0000000000000004 2023.5000000000002 2.0000000000000004 3.5000000000000004 2.5000000000000004 1.0000000180025095e-35 2021.5000000000002 2025.5000000000002 3.0000000000000004 1.0000000180025095e-35 4.0000000000000009 10.500000000000002 16.500000000000004 7.5000000000000009 6.2500000000000009 2.5000000000000004 2.5000000000000004 2.5000000000000004 2.0000000000000004 2.0000000000000004 10.500000000000002 2023.5000000000002 2.0000000000000004 1.0000000180025095e-35 4.0000000000000009 3.0000000000000004 2.5000000000000004 3.5000000000000004 2.0000000000000004 2.0000000000000004 2.0000000000000004 33.250000000000007 2.0000000000000004 1.0000000180025095e-35 1.0000000180025095e-35 1.5000000000000002 3.0000000000000004 2025.5000000000002 2.5000000000000004 4.5000000000000009 3.5000000000000004 7.5000000000000009
decision_type=10 2 2 2 8 2 8 2 2 2 2 2 2 2 2 2 2 2 2 2 2 2 2 2 2 2 2 2 2 2 2 2 2 2 8 2 2 2 2 2 2 2 2 2 2 2 2 2 2 2 2 8 2 2 2 2 2 2 2 2 2 8
left_child=2 -2 3 -1 5 -4 7 8 9 10 -6 -10 13 -13 -15 -14 -17 19 -19 -18 21 52 24 27 25 50 32 28 31 55 -31 -24 -26 54 -35 36 57 -37 42 40 -39 -42 43 -38 -44 46 -46 56 49 -49 51 -22 -9 58 -28 -30 -47 -36 -23 -60 -41 -61
right_child=1 -3 4 -5 6 -7 -8 20 11 -11 -12 12 15 14 -16 16 17 18 -20 -21 22 53 23 -25 26 -27 33 -29 29 30 -32 -33 -34 34 35 37 38 39 -40 60 41 -43 44 -45 45 47 -48 48 -50 -51 -52 -53 -54 -55 -56 -57 -58 -59 59 61 -62 -63
leaf_value=-0.00015000345073040396 0.00090653662569820884 0.011140819806605577 0.0017328284264218352 -0.013983163160314276 -0.018390419613569974 0.011935943424701691 -0.00032360724466031702 0.0049464943469502039 0.010310361759128193 0.0075817685574293137 -0.0031554779922589662 -0.0036858999454376195 0.0087910602348191397 0.005695907988895973 0.023286630064249039 -0.0050275545495633896 0.0021644698223099112 0.0019158389314674262 -0.0074122525754824493 0.014336098706349732 0.0066172752698714088 -0.00035410150708582136 0.0045124577501645452 0.015303470319016807 -0.0183612818789223 0.0067440966901491694 -0.016641995937309483 -0.00041378392988538487 0.0075410533039008869 -0.0064165079280630588 0.0077489207976975966 -0.0083009300798904603 -0.0032074363148283398 -0.012634068080002354 -0.012953485924236733 -0.016172456244627636 0.0045570984834598172 0.0075166394667966034 0.011688778268430254 0.009584930039942265 -0.015060412425648524 -0.0040950864030182667 0.011359397213285168 -0.020025545965742183 0.017764870652362055 -0.0030981046585913971 0.0013714564462693839 -0.020661329457779293 0.0017207660551728874 -0.0022067871349661246 0.0052787345462656093 -0.0055093530130302798 0.016725288101006302 0.010493439122695816 -0.0023498952743552983 0.018607411415454141 0.0076456876917897418 -0.0023363377402226128 0.0094004631663362204 -0.0031107873213477434 -0.0032883797729895874 0.00086997381561187146
leaf_weight=14841 25 20 238 22 20 25 3850 104 39 23 25 29 35 24 20 52 24 89 36 25 22 2302 26 31 23 99 22 1175 51 36 37 41 21 21 29 24 45 21 29 25 37 97 33 27 23 34 26 23 29 23 42 107 20 22 21 27 36 45 30 125 22 3806
leaf_count=14841 25 20 238 22 20 25 3850 104 39 23 25 29 35 24 20 52 24 89 36 25 22 2302 26 31 23 99 22 1175 51 36 37 41 21 21 29 24 45 21 29 25 37 97 33 27 23 34 26 23 29 23 42 107 20 22 21 27 36 45 30 125 22 3806
internal_value=2.23341e-05 0.00545511 1.3682e-05 -0.000170479 0.000218056 0.00270271 0.000168288 0.000372361 0.00223493 -0.00400463 -0.00992656 0.00337244 0.00256232 0.00678826 0.0136917 0.00138035 0.000232679 0.0018047 -0.000770651 0.00837448 0.000279432 0.000541261 -0.000411128 0.000497126 -0.00169677 0.00164982 -0.00292446 0.000167623 0.00330135 0.00624311 0.00076323 -0.00332857 -0.0111288 -0.00240279 -0.00192182 -0.00156361 8.83649e-05 -0.00450208 0.00157411 -0.0031155 -0.00513941 -0.00712283 0.000593092 -0.00466139 0.00225971 0.000711828 0.00906632 -0.00211142 -0.00634753 -0.0114341 -0.0012995 -0.00344125 0.0068463 0.000416866 -0.00966213 0.0113717 0.00242727 -0.00649711 0.00038147 0.000808959 0.00355913 0.000743391
internal_weight=28301 45 28256 14863 13393 263 13130 9280 441 68 45 373 334 73 44 261 226 174 125 49 8839 6409 2430 1424 1006 270 736 1393 218 151 73 67 44 692 649 628 402 226 328 202 155 134 299 72 227 194 49 145 75 46 171 129 124 6285 43 78 70 74 6263 3961 47 3931
internal_count=28301 45 28256 14863 13393 263 13130 9280 441 68 45 373 334 73 44 261 226 174 125 49 8839 6409 2430 1424 1006 270 736 1393 218 151 73 67 44 692 649 628 402 226 328 202 155 134 299 72 227 194 49 145 75 46 171 129 124 6285 43 78 70 74 6263 3961 47 3931
is_linear=0
shrinkage=0.05


Tree=114
num_leaves=63
num_cat=0
split_feature=88 100 111 100 9 109 65 61 58 97 114 104 92 113 102 104 114 111 114 56 85 110 84 8 102 97 110 95 98 19 76 104 69 56 26 51 111 63 114 102 10 62 106 58 44 67 43 28 61 67 114 77 46 77 44 114 43 114 46 28 46 106
split_gain=0.963405 1.5759 1.39568 0.537191 1.95425 2.16815 2.86541 2.00686 1.84587 1.52269 1.38817 1.28166 1.21733 1.88009 2.04134 1.94738 1.51382 1.42034 1.12504 1.06412 0.919637 1.59868 1.48626 1.8021 1.53611 1.31289 1.14069 1.23452 1.11928 1.20792 1.22817 2.18292 1.10163 1.05381 0.991065 0.946133 0.941457 0.910245 1.24455 0.896424 0.893218 1.69733 2.15999 1.73188 2.44139 1.86904 1.5492 1.06979 1.70343 2.06886 2.44713 2.82269 3.18753 1.66022 1.26429 1.80062 1.21695 1.17483 1.02817 1.02037 0.95804 0.876541
threshold=1.0000000180025095e-35 2025.5000000000002 2.5000000000000004 2025.5000000000002 2.5000000000000004 8.5000000000000018 2.0000000000000004 2.5000000000000004 3.0000000000000004 3.0000000000000004 12.500000000000002 4.5000000000000009 4.0000000000000009 2.5000000000000004 1.0000000180025095e-35 2.5000000000000004 5.5000000000000009 1.0000000180025095e-35 13.500000000000002 3.0000000000000004 -1.4999999999999998 46.250000000000007 1.0000000180025095e-35 2.0000000000000004 1.0000000180025095e-35 1.5000000000000002 15.750000000000002 2.0000000000000004 1.0000000180025095e-35 3.5000000000000004 3.5000000000000004 7.5000000000000009 3.0000000000000004 3.0000000000000004 2.5000000000000004 1.5000000000000002 7.5000000000000009 2.5000000000000004 12.500000000000002 1.0000000180025095e-35 -1.4999999999999998 2.5000000000000004 1.0000000180025095e-35 3.0000000000000004 2.0000000000000004 2.5000000000000004 2.0000000000000004 2.0000000000000004 2.5000000000000004 2.5000000000000004 10.500000000000002 2.5000000000000004 2.0000000000000004 2.5000000000000004 2.0000000000000004 14.500000000000002 2.0000000000000004 16.500000000000004 2.0000000000000004 2.0000000000000004 2.0000000000000004 1.0000000180025095e-35
decision_type=2 2 10 2 2 8 2 2 2 2 2 2 2 2 8 2 2 10 2 2 2 10 2 2 10 2 10 2 2 2 2 2 2 2 2 2 8 2 2 10 2 2 2 2 2 2 2 2 2 2 2 2 2 2 2 2 2 2 2 2 2 2
left_child=3 2 -2 4 9 -6 7 18 -9 11 -10 12 13 14 15 16 -1 -14 -7 -11 22 40 24 -24 35 26 27 28 29 30 31 -26 -25 -31 -33 -13 -27 -28 -39 -21 41 43 -43 44 46 59 -22 -42 53 54 -51 60 -53 -49 55 -50 58 -57 -56 -45 -52 -17
right_child=1 -3 -4 -5 5 6 -8 8 10 19 -12 20 17 -15 -16 61 -18 -19 -20 39 21 -23 23 32 25 36 37 -29 -30 33 -32 34 -34 -35 -36 -37 -38 38 -40 -41 47 42 -44 45 -46 -47 -48 48 49 50 51 52 -54 -55 56 57 -58 -59 -60 -61 -62 -63
leaf_value=0.0022335886245682126 -0.019299648335087113 -0.0012748295364572722 -0.0015788079064805061 -3.6526429757589984e-05 0.018336657950511346 0.0066297399309405598 -0.002483000243082643 0.024695073797003086 0.00095186297866431142 0.003842705513040225 0.015245909414121085 -0.016708922137816749 0.013788016575078169 -0.016508134931325913 -0.0051133121229534929 -0.006159892745993354 0.021218668687201681 -0.0012168231572065018 -0.0084797363389622089 0.0024859212169593033 0.022323066162733506 0.015278078686623349 -0.019197738521986391 -0.0099510351195931449 0.0010311605726800314 0.0033243036844809964 -0.0072510759022248825 0.011188042502511632 -0.00643416581760076 0.0052592463681592795 -0.00048750695435607688 0.02363216307759285 0.0058884363135565882 -1.9525156511054361e-05 0.0092505471699911631 -0.0015134813822805882 -0.0087674729382464043 -0.005231803447446403 0.009146895038860816 -0.0086520822349898888 0.001743589857284478 0.019843492495334326 0.0002521361573599279 -0.0019034835288212412 -0.0026413914607837799 0.0071838790240387126 0.0040640776710850852 -0.001322258940826242 0.0052212523257670305 0.0070210960803224753 -0.0064252977538853881 -0.0017991111061915204 -0.02426790726312902 -0.019763902368266945 -0.0041098184440107573 -0.013775400544649789 0.018961715511977673 0.00058338444936892081 0.010128378306399101 -0.016853730775415899 0.0085376518292595519 0.0057190729926029846
leaf_weight=21 25 255 20 24113 26 28 120 23 33 30 35 21 24 25 215 44 21 46 22 22 26 21 22 21 41 22 69 33 44 114 47 25 23 554 23 20 60 34 27 101 1193 34 24 21 40 24 21 26 78 34 20 27 38 23 21 28 20 29 32 25 23 24
leaf_count=21 25 255 20 24113 26 28 120 23 33 30 35 21 24 25 215 44 21 46 22 22 26 21 22 21 41 22 69 33 44 114 47 25 23 554 23 20 60 34 27 101 1193 34 24 21 40 24 21 26 78 34 20 27 38 23 21 28 20 29 32 25 23 24
internal_value=2.12174e-05 -0.00279716 -0.0114237 5.14133e-05 0.000596807 0.00456751 0.00319588 0.00802896 0.0124506 0.000280341 0.00830909 0.000496925 -0.00209145 -0.00329527 -0.0022789 0.00326109 0.0117261 0.00392769 -1.84296e-05 -0.00460058 0.000855946 0.00156194 -0.000219523 -0.00751345 0.000204992 0.000561407 0.00105493 0.00170008 0.00133086 0.00175581 0.00605097 0.00950387 -0.00167131 0.000881343 0.016741 -0.00929651 -0.00552334 -0.00331723 0.00113254 -0.00665992 0.00140254 0.00442752 0.0117367 0.0017273 0.00643781 -0.00412719 0.0141648 0.000994018 -0.00124719 -2.47952e-05 -0.00467732 -0.00836015 -0.0149347 -0.00997854 0.00315145 0.000284923 0.00845255 -0.00647005 0.00448683 -0.0100286 0.00157814 -0.00196732
internal_weight=28301 300 45 28001 3888 287 261 141 91 3601 68 3448 420 350 325 110 42 70 50 153 3028 1828 1200 66 1134 1093 1011 881 848 804 136 89 44 668 48 41 82 130 61 123 1807 215 58 157 87 70 47 1592 399 350 142 108 65 49 208 135 73 57 53 46 43 68
internal_count=28301 300 45 28001 3888 287 261 141 91 3601 68 3448 420 350 325 110 42 70 50 153 3028 1828 1200 66 1134 1093 1011 881 848 804 136 89 44 668 48 41 82 130 61 123 1807 215 58 157 87 70 47 1592 399 350 142 108 65 49 208 135 73 57 53 46 43 68
is_linear=0
shrinkage=0.05


Tree=115
num_leaves=63
num_cat=0
split_feature=55 100 40 12 49 42 44 21 110 59 103 48 100 12 18 109 110 16 109 110 114 100 82 42 112 61 50 22 11 65 114 70 14 100 114 12 46 100 49 114 64 44 114 62 22 110 110 95 114 73 97 49 114 110 22 16 73 14 61 8 79 85
split_gain=0.758936 0.79618 1.74653 2.24709 1.94735 1.04425 0.824058 0.796162 0.519586 0.551513 0.733748 0.504794 0.798359 0.807956 1.29138 1.3865 0.904555 0.956645 0.836047 1.41856 1.94919 4.41325 1.49812 0.800503 0.712245 0.708138 2.49214 1.64355 1.04524 1.32252 0.904057 0.765685 0.650067 0.626969 0.612374 0.975367 0.88345 0.867789 1.24529 1.64356 1.59773 1.48554 3.59561 1.15898 0.948973 0.63502 0.748849 0.71254 0.579554 0.557227 0.467361 0.444263 0.441709 0.440641 0.463533 0.559255 1.04596 0.66366 0.649829 0.611884 0.632729 1.10473
threshold=3.0000000000000004 2025.5000000000002 3.5000000000000004 1.0000000180025095e-35 4.0000000000000009 2.0000000000000004 2.0000000000000004 2.5000000000000004 89.250000000000014 1.0000000180025095e-35 1.0000000180025095e-35 3.0000000000000004 2021.5000000000002 1.0000000180025095e-35 1.0000000180025095e-35 9.5000000000000018 4.7500000000000009 4.5000000000000009 6.5000000000000009 2.7500000000000004 10.500000000000002 2025.5000000000002 2.5000000000000004 2.0000000000000004 1.0000000180025095e-35 2.5000000000000004 2.0000000000000004 3.0000000000000004 2.0000000000000004 2.0000000000000004 14.500000000000002 2.0000000000000004 2.0000000000000004 2025.5000000000002 16.500000000000004 1.0000000180025095e-35 2.0000000000000004 2023.5000000000002 4.0000000000000009 7.5000000000000009 2.5000000000000004 2.0000000000000004 12.500000000000002 2.5000000000000004 3.0000000000000004 14.750000000000002 20.750000000000004 2.0000000000000004 12.500000000000002 2.5000000000000004 3.0000000000000004 4.0000000000000009 6.5000000000000009 9.2500000000000018 3.0000000000000004 2.5000000000000004 2.5000000000000004 4.0000000000000009 1.5000000000000002 2.0000000000000004 2.0000000000000004 4.0000000000000009
decision_type=2 2 2 2 2 2 2 2 10 2 8 2 2 2 2 10 10 2 8 10 2 2 2 2 10 2 2 2 2 2 2 2 2 2 2 2 2 2 2 2 2 2 2 2 2 10 10 2 2 2 2 2 2 10 2 2 2 2 2 2 2 2
left_child=1 2 4 5 -1 6 -4 -6 9 11 -11 12 -2 18 16 33 17 25 19 50 24 -22 23 32 -21 51 49 28 30 31 -28 -30 -23 -16 37 45 -37 38 44 -40 41 42 43 -41 -13 47 -47 53 -43 -27 -14 -15 -53 54 55 56 58 -57 -36 -59 -61 -62
right_child=8 -3 3 -5 7 -7 -8 -9 -10 10 -12 34 13 14 15 -17 -18 -19 -20 20 21 22 -24 -25 -26 26 27 -29 29 -31 -32 -33 -34 -35 35 36 -38 -39 39 40 -42 48 -44 -45 -46 46 -48 -49 -50 -51 -52 52 -54 -55 -56 57 -58 59 -60 60 61 -63
leaf_value=-0.014062743531983524 -0.0073849454894661911 0.00059330821777456896 -0.0067428556829690935 0.020018679307653539 0.010907061414226243 0.011927091328051085 0.0066924699803902997 -0.00023269656527225141 -0.0057560929073952145 0.00037914669930772942 -0.012715651840553619 -0.0024056040472351017 -0.00087742676416407766 0.0091189151587472723 -0.010057218244764955 0.010160651624901221 -0.0043807574780657891 -0.00382080269423691 -9.7417373935388881e-06 -0.00049607389286903899 0.026142581165940676 0.01131202884611081 -0.0021190706913455809 0.013823124119458166 0.0046761970625239166 0.01169061026768759 -0.0060159662701189526 -0.0060937051689534481 0.00083897683035695199 0.020008150903184131 0.0078814964572137044 0.012439622536301613 0.00051208124250957845 -0.0019964429119848932 0.001340614795126163 0.0010168503836861678 0.013577061278712272 -0.00031570771386120407 -0.017235051496670799 0.010641986558861706 -0.015625210666178686 5.8508774132600853e-05 -0.020537805292182243 -0.0047663690808873909 0.0098646109493879183 0.0119596613869071 0.0015521820584711221 0.0070456762759325406 0.011547180087022159 0.023352076849412352 0.0056762937213502953 -0.00068153600635317466 0.0044206954030271027 -0.0048949839871214786 -0.0067203010742863016 -0.002608521207789513 -0.0096290983943617906 -0.00069546896013786502 -0.0028702231382389796 0.00048277767053172914 0.0034541732937869458 0.013331470417937167
leaf_weight=21 35 609 25 31 23 26 21 53 40 23 20 40 439 22 32 20 36 37 12898 228 27 22 58 37 94 20 25 33 33 23 22 25 38 98 246 28 28 11538 26 23 23 21 26 26 26 25 56 36 23 21 29 96 76 46 24 74 32 97 146 81 111 38
leaf_count=21 35 609 25 31 23 26 21 53 40 23 20 40 439 22 32 20 36 37 12898 228 27 22 58 37 94 20 25 33 33 23 22 25 38 98 246 28 28 11538 26 23 23 21 26 26 26 25 56 36 23 21 29 96 76 46 24 74 32 97 146 81 111 38
internal_value=-1.71509e-05 0.0014922 0.00422933 0.00876363 -0.000585445 0.00391771 -0.000609337 0.00313855 -6.16391e-05 -5.33281e-05 -0.00571146 -4.44369e-05 0.000157482 0.000175702 0.00194311 -0.00209513 0.00323466 0.00386781 9.68244e-05 0.00151091 0.00335155 0.00748749 0.00423789 0.00803896 0.00101384 0.00458619 0.00665828 0.00385569 0.00642077 0.00986252 0.000489229 0.00583926 0.00447206 -0.00398063 -0.000272838 0.00087356 0.00729696 -0.000376843 -0.0033913 -0.0056775 -0.00356133 -0.00122966 -0.00550857 0.00246612 0.00242812 0.000518115 0.00476437 0.000148677 0.00606395 0.0176636 -0.00047132 0.00242867 0.00157294 -0.000128744 0.000129497 0.000328764 -0.000937246 0.00166739 -0.000227707 0.00263503 0.00403963 0.00597322
internal_weight=28256 809 200 103 97 72 46 76 27447 27407 43 27364 14524 14489 619 150 469 433 13870 972 504 182 155 97 322 396 202 161 128 81 47 58 60 130 12840 1068 56 11772 234 168 142 119 75 49 66 1012 81 931 44 41 468 194 172 895 849 825 424 401 392 327 230 149
internal_count=28256 809 200 103 97 72 46 76 27447 27407 43 27364 14524 14489 619 150 469 433 13870 972 504 182 155 97 322 396 202 161 128 81 47 58 60 130 12840 1068 56 11772 234 168 142 119 75 49 66 1012 81 931 44 41 468 194 172 895 849 825 424 401 392 327 230 149
is_linear=0
shrinkage=0.05


Tree=116
num_leaves=63
num_cat=0
split_feature=55 83 68 12 46 14 70 46 91 114 111 97 107 8 48 59 100 12 18 109 19 21 114 50 114 8 28 82 109 110 114 100 82 70 112 54 114 58 12 14 100 62 14 61 110 64 100 17 100 106 94 70 100 11 61 114 46 94 28 62 18 106
split_gain=0.68494 0.740405 0.703117 1.47525 2.1813 1.18943 1.24883 0.901707 0.876525 0.732351 1.23428 0.694046 0.536424 0.752922 0.438205 0.935396 0.722548 0.771985 1.11137 1.36 0.996951 1.02889 1.7542 1.55631 2.27154 1.02405 2.16529 0.849219 0.746002 1.28025 1.75915 3.98296 1.35206 0.740019 0.642801 0.621075 1.29167 1.59371 1.37716 1.09916 1.91635 0.987133 1.41 1.9011 0.807804 0.69775 3.15615 0.757179 0.710637 2.39194 1.2499 1.77785 1.06408 0.680937 1.86005 1.39038 1.34863 1.0331 0.86407 0.826529 0.645751 0.641602
threshold=3.0000000000000004 1.0000000180025095e-35 2.0000000000000004 1.0000000180025095e-35 2.0000000000000004 2.0000000000000004 2.0000000000000004 2.0000000000000004 2.0000000000000004 12.500000000000002 1.5000000000000002 1.5000000000000002 31.500000000000004 2.0000000000000004 3.0000000000000004 1.0000000180025095e-35 2021.5000000000002 1.0000000180025095e-35 1.0000000180025095e-35 8.5000000000000018 2.0000000000000004 2.5000000000000004 14.500000000000002 2.0000000000000004 10.500000000000002 2.0000000000000004 2.0000000000000004 2.5000000000000004 6.5000000000000009 2.7500000000000004 10.500000000000002 2025.5000000000002 2.5000000000000004 2.0000000000000004 1.0000000180025095e-35 2.0000000000000004 16.500000000000004 3.0000000000000004 1.0000000180025095e-35 2.0000000000000004 2024.5000000000002 2.5000000000000004 4.0000000000000009 3.5000000000000004 81.500000000000014 2.5000000000000004 2024.5000000000002 3.0000000000000004 2024.5000000000002 1.0000000180025095e-35 4.0000000000000009 2.0000000000000004 2023.5000000000002 2.0000000000000004 4.5000000000000009 14.500000000000002 2.0000000000000004 2.0000000000000004 2.0000000000000004 2.5000000000000004 1.0000000180025095e-35 1.0000000180025095e-35
decision_type=2 2 2 2 2 2 2 2 2 2 10 2 10 2 2 2 2 2 2 10 2 2 2 2 2 2 2 2 8 10 2 2 2 2 10 2 2 2 2 2 2 2 2 2 10 2 2 2 2 2 2 2 2 2 2 2 2 2 2 2 2 2
left_child=1 2 5 7 -5 6 -1 -4 -9 10 -10 -7 14 -14 15 16 -2 28 20 -20 -19 22 27 -23 -25 26 -26 -22 29 -18 34 -32 33 -33 -31 44 39 60 41 40 -37 -39 -43 -44 53 48 -47 -48 49 50 -41 -52 -51 -16 55 56 61 -58 59 -57 -38 -55
right_child=12 -3 3 4 -6 11 -8 8 9 -11 -12 -13 13 -15 35 -17 17 18 19 -21 21 23 -24 24 25 -27 -28 -29 -30 30 31 32 -34 -35 -36 36 37 38 -40 45 -42 42 43 -45 -46 46 47 -49 -50 52 51 -53 -54 54 -56 58 57 -59 -60 -61 -62 -63
leaf_value=-0.00050561274260734065 -0.0070156979560852054 0.0097184794954955581 -0.0019175646924561572 0.020458695251080725 0.0016584099684324529 0.0018219849183703726 -0.015320871885865929 0.00041689906081065852 0.0041903080981379997 0.0019814803349700841 0.021008638739585878 -0.0039117475753300823 -0.0067458672368197027 0.0025770134689082624 -0.00035509150288465593 -0.0095202612078282983 -0.00044775412142581235 0.013745529169128055 -0.0037930876265818373 0.0099352304136291862 0.00073440321311764008 0.018427855838090184 -0.010943875592201949 -0.0073494280864660816 0.019903960637748241 0.0030122826790523437 0.0013062346935400675 0.010087916436272541 -1.2145434561469154e-06 -0.00047127023878458301 0.024835452547779791 0.0042075146307858332 -0.0020131171873674311 0.01319836447820873 0.0044423872287920182 -0.014928048598812894 -0.0078665540686675486 -4.156166988034403e-05 0.017444194570183754 0.018107244731592281 -0.0011809059747945152 -0.0033121248427778489 0.020788520352253995 0.0035450528996686138 -0.010478579206392169 -0.020979628649850687 -0.002842671084146934 0.0057664812849953966 0.00032406034753260527 -0.012384503391449867 -0.0055582965046844703 0.014119640518523133 0.0033848219178617004 -0.0049619958092294199 -0.015949882678687573 -0.00032392368607577827 -0.0022676011225065359 -0.015202165778579288 -0.0032352274470031266 0.012442001805175096 0.0011952705757170353 0.0044924851133194025
leaf_weight=33 35 26 126 27 36 301 25 94 24 33 20 64 67 32 9817 25 468 21 128 21 182 20 30 37 34 89 29 28 12860 228 27 60 58 37 94 32 28 62 25 28 122 20 31 33 20 21 74 39 2086 23 22 24 20 34 25 21 26 38 30 32 66 38
leaf_count=33 35 26 126 27 36 301 25 94 24 33 20 64 67 32 9817 25 468 21 128 21 182 20 30 37 34 89 29 28 12860 228 27 60 58 37 94 32 28 62 25 28 122 20 31 33 20 21 74 39 2086 23 22 24 20 34 25 21 26 38 30 32 66 38
internal_value=-1.62934e-05 0.00141759 0.00114195 0.00276609 0.00971568 -0.000240287 -0.0068915 0.00129193 0.00365683 0.00761207 0.011835 0.000816618 -5.85571e-05 -0.00373241 -4.52577e-05 0.00014299 0.000159666 0.000177045 0.00190456 -0.00185822 0.00309745 0.00259943 0.000365862 0.00516429 0.00376074 0.00646519 0.0113431 0.00198154 9.97364e-05 0.00143536 0.00318397 0.00711311 0.004026 0.00763701 0.000963152 -0.000258053 0.000407101 0.00372581 0.00660068 5.40463e-05 -0.00403746 0.00474391 0.00827605 0.0118974 -0.000439897 0.000323662 -0.00317938 0.000128629 0.000536738 0.00432859 0.00977827 0.00470845 -0.00504993 -0.000419941 -0.00302908 -0.0015541 -0.00466642 -0.0099475 0.0035456 0.0073838 -0.001504 2.78691e-05
internal_weight=28256 809 783 360 63 423 58 297 171 77 44 365 27447 99 27348 14511 14486 14451 619 149 470 449 240 209 189 152 63 210 13832 972 504 182 155 97 322 12837 2756 265 171 2491 154 146 84 64 10081 2337 134 113 2203 117 74 46 43 10061 244 219 136 64 83 53 94 72
internal_count=28256 809 783 360 63 423 58 297 171 77 44 365 27447 99 27348 14511 14486 14451 619 149 470 449 240 209 189 152 63 210 13832 972 504 182 155 97 322 12837 2756 265 171 2491 154 146 84 64 10081 2337 134 113 2203 117 74 46 43 10061 244 219 136 64 83 53 94 72
is_linear=0
shrinkage=0.05


Tree=117
num_leaves=63
num_cat=0
split_feature=104 55 83 113 114 100 47 16 30 52 91 110 79 113 100 18 100 114 27 72 66 114 46 62 62 43 28 46 113 49 114 67 102 110 106 100 110 111 113 63 110 27 8 114 66 111 71 8 9 11 40 100 100 43 113 114 67 12 46 114 47 48
split_gain=0.65381 0.83609 0.788643 0.770395 0.764057 1.38113 4.84754 1.55622 1.07757 1.64433 1.96676 0.858549 0.731996 0.723502 1.55433 1.07925 0.848159 1.35161 2.49007 1.90444 0.944191 1.31743 0.826533 3.16378 0.844547 1.46196 0.763709 1.24802 0.957024 0.723456 0.684583 0.603879 0.60148 1.45902 3.30388 0.944961 1.47636 0.965181 0.735344 1.58864 0.637526 0.66485 0.917607 0.859352 0.96303 0.599563 1.06814 0.591538 0.569334 0.556297 0.547549 2.52943 0.924174 2.78844 0.541616 0.906609 0.790568 0.524985 0.90549 0.826726 1.46004 0.483803
threshold=7.5000000000000009 3.0000000000000004 1.0000000180025095e-35 4.5000000000000009 13.500000000000002 2022.5000000000002 2.0000000000000004 2.5000000000000004 2.0000000000000004 3.0000000000000004 2.0000000000000004 54.500000000000007 2.0000000000000004 3.5000000000000004 2023.5000000000002 1.5000000000000002 2022.5000000000002 17.500000000000004 2.0000000000000004 3.5000000000000004 2.0000000000000004 14.500000000000002 2.0000000000000004 2.5000000000000004 2.5000000000000004 2.0000000000000004 2.0000000000000004 2.0000000000000004 4.5000000000000009 4.0000000000000009 15.500000000000002 2.5000000000000004 1.0000000180025095e-35 21.750000000000004 1.0000000180025095e-35 2025.5000000000002 13.250000000000002 5.5000000000000009 4.5000000000000009 2.5000000000000004 8.7500000000000018 2.0000000000000004 2.0000000000000004 5.5000000000000009 2.0000000000000004 6.5000000000000009 1.0000000180025095e-35 2.0000000000000004 1.0000000180025095e-35 2.0000000000000004 3.5000000000000004 2022.5000000000002 2023.5000000000002 2.0000000000000004 3.5000000000000004 10.500000000000002 2.5000000000000004 1.0000000180025095e-35 2.0000000000000004 14.500000000000002 2.0000000000000004 3.0000000000000004
decision_type=2 2 2 2 2 2 2 2 2 2 2 10 2 2 2 2 2 2 2 2 2 2 2 2 2 2 2 2 2 2 2 2 8 10 2 2 8 10 2 2 10 2 2 2 2 8 2 2 2 2 2 2 2 2 2 2 2 2 2 2 2 2
left_child=3 2 50 -1 5 6 7 -3 11 12 -11 13 -10 14 -6 16 29 20 -19 -20 21 -18 23 30 25 -24 28 -28 -21 -15 -22 -31 33 35 -35 36 -7 -37 45 -40 41 42 61 -43 -45 46 -34 -48 -49 -41 52 -52 53 -2 55 -9 -56 58 -53 -60 -61 -39
right_child=1 4 -4 -5 8 32 -8 54 9 10 -12 -13 -14 15 -16 -17 17 18 19 26 22 -23 24 -25 -26 -27 27 -29 -30 31 -32 -33 38 34 -36 37 -38 40 39 49 -42 43 -44 44 -46 -47 47 48 -50 -51 51 57 -54 -55 56 -57 -58 -59 59 60 -62 -63
leaf_value=-0.00022963242109785115 -0.019917106849329902 0.011259678999582927 0.011410480780019001 -0.0091950937251870837 -0.011138066890396595 -0.015470825796100228 -0.027170255575661679 -0.00095171782498558368 -0.0048235501910588062 0.0034152682353225023 0.023554835925725374 -0.0087847684975713488 0.0072988979052752258 0.013130217228228084 0.00049866257333405968 0.010165291874692207 0.0038359743487292337 -0.011884125880897045 0.018619991077243218 0.013527852669358255 -0.018386322282173712 -0.010535433588442035 0.0011689696605694858 0.0072683448486618304 -0.0015250176001264126 0.017221661572061158 0.0077109574421268439 -0.0084276704574003814 0.00015654425268344906 0.0074506541665055256 -0.0058999616652727132 -0.0021299238798433338 0.010477970537936523 0.022260853037238123 -0.005003997683525086 -0.0012459505779914698 0.001581974271684885 0.0029066411723547123 -0.0071447698341216897 0.0040439647940334195 -0.0017027167761224813 0.0021419836638065484 -0.0043550626188516616 0.0050519921506444613 0.019216431475554907 -0.00022217395718254919 -0.002997571539558601 0.0092794372167970453 -0.00080355836045263064 0.01262850016646553 0.019638619013130666 -0.0013739658380495158 0.0015613098179751992 0.0061695240531116731 -0.0062346622017212215 -0.015003840869758278 0.0066101068023430272 0.00909554408458264 0.0014830636928844102 0.016576012012002799 8.7528057396411903e-05 0.010350630546991643
leaf_weight=14818 21 21 22 24 29 22 21 24 33 27 22 24 20 26 2737 41 23 20 28 32 23 52 37 38 49 23 23 25 23 38 21 29 36 25 20 212 30 136 24 46 59 39 40 24 24 8369 57 28 28 32 21 164 114 20 25 22 23 23 119 29 25 26
leaf_count=14818 21 21 22 24 29 22 21 24 33 27 22 24 20 26 2737 41 23 20 28 32 23 52 37 38 49 23 23 25 23 38 21 29 36 25 20 212 30 136 24 46 59 39 40 24 24 8369 57 28 28 32 21 164 114 20 25 22 23 23 119 29 25 26
internal_value=-1.54787e-05 0.000237514 0.00213227 -0.00024413 0.000155274 -7.78486e-05 -0.00508001 -0.00104614 0.00079262 0.00585509 0.0124575 0.000638064 -0.000249041 0.000706242 0.000376658 0.00236075 0.00173332 0.000770386 0.00454854 0.00705734 -0.00137435 -0.0061282 0.000492339 -0.00329985 0.00334518 0.0073225 0.0039141 -0.000694578 0.00793621 0.006051 -0.0124269 0.00330384 -4.51727e-06 0.00145379 0.0101431 0.000814863 -0.00563267 0.00141356 -0.000115666 0.00410451 0.00303373 0.00400068 0.00242682 0.00765494 0.0121342 -0.000166201 0.00297765 0.000588168 0.00423794 0.00756583 0.00175145 0.00277075 -0.000754061 -0.00719192 -0.00379532 -0.0076723 -7.98771e-05 0.00178679 0.00128797 0.00381143 0.00894245 0.00410136
internal_weight=28256 13414 558 14842 12856 9413 136 115 3443 102 49 3341 53 3317 2766 551 510 417 151 131 266 75 191 82 109 60 103 48 55 93 44 67 9277 657 45 612 52 560 8620 102 348 289 202 87 48 8518 149 113 56 78 536 381 155 41 94 46 48 360 337 173 54 162
internal_count=28256 13414 558 14842 12856 9413 136 115 3443 102 49 3341 53 3317 2766 551 510 417 151 131 266 75 191 82 109 60 103 48 55 93 44 67 9277 657 45 612 52 560 8620 102 348 289 202 87 48 8518 149 113 56 78 536 381 155 41 94 46 48 360 337 173 54 162
is_linear=0
shrinkage=0.05


Tree=118
num_leaves=63
num_cat=0
split_feature=104 55 88 114 100 47 16 30 109 110 100 103 96 51 61 113 94 54 114 12 79 42 48 44 64 21 28 114 77 54 77 54 47 68 64 113 76 114 28 40 44 100 113 109 61 113 68 113 52 113 61 114 109 8 113 12 114 8 40 111 24 61
split_gain=0.590064 0.754571 0.695361 0.742682 1.26254 4.3749 1.40449 0.797517 1.46345 0.788735 0.739832 0.730531 0.992334 0.926199 1.4724 1.57022 2.90608 1.60426 1.60881 1.46234 1.66117 1.35847 1.42262 1.12024 4.52997 1.72439 1.89317 2.69212 1.20642 1.7385 1.1357 1.55743 1.05995 1.24729 0.993233 1.45189 1.50392 0.972381 1.72589 0.774224 0.732817 0.719674 0.695282 0.686052 1.93235 0.566459 0.547425 1.29878 1.26547 1.18245 1.28438 0.932585 0.799139 0.545733 1.41061 0.92977 0.611913 0.521633 1.65888 0.495055 0.657381 0.812415
threshold=7.5000000000000009 3.0000000000000004 1.0000000180025095e-35 13.500000000000002 2022.5000000000002 2.0000000000000004 2.5000000000000004 2.0000000000000004 18.500000000000004 54.500000000000007 2025.5000000000002 1.0000000180025095e-35 3.5000000000000004 2.5000000000000004 1.5000000000000002 3.5000000000000004 4.0000000000000009 2.0000000000000004 14.500000000000002 1.0000000180025095e-35 2.0000000000000004 2.0000000000000004 3.0000000000000004 2.0000000000000004 2.5000000000000004 2.5000000000000004 2.0000000000000004 16.500000000000004 2.5000000000000004 2.0000000000000004 2.5000000000000004 2.0000000000000004 2.0000000000000004 2.0000000000000004 2.5000000000000004 2.5000000000000004 3.5000000000000004 16.500000000000004 2.0000000000000004 3.5000000000000004 2.0000000000000004 2024.5000000000002 4.5000000000000009 36.500000000000007 3.5000000000000004 5.5000000000000009 2.0000000000000004 4.5000000000000009 3.0000000000000004 1.5000000000000002 4.5000000000000009 14.500000000000002 19.500000000000004 2.0000000000000004 1.5000000000000002 1.0000000180025095e-35 11.500000000000002 2.0000000000000004 3.5000000000000004 6.5000000000000009 2.5000000000000004 3.5000000000000004
decision_type=2 2 2 2 2 2 2 2 8 10 2 10 2 2 2 2 2 2 2 2 2 2 2 2 2 2 2 2 2 2 2 2 2 2 2 2 2 2 2 2 2 2 2 8 2 2 2 2 2 2 2 2 10 2 2 2 2 2 2 8 2 2
left_child=42 46 3 4 5 6 -3 9 -9 11 -4 -5 13 14 37 17 -17 18 -16 23 -21 22 32 24 25 -15 28 41 -27 -30 31 -25 33 -22 35 -32 -37 38 -13 -33 -20 -28 -1 -10 -45 59 47 49 -48 -2 51 -51 53 55 -55 -50 -56 -8 -59 60 -6 -62
right_child=1 2 10 7 45 -7 57 8 43 -11 -12 12 -14 19 15 16 -18 -19 40 20 21 -23 -24 30 -26 26 27 -29 29 -31 34 39 -34 -35 -36 36 -38 -39 -40 -41 -42 -43 -44 44 -46 -47 48 -49 52 50 -52 -53 -54 54 56 -57 -58 58 -60 -61 61 -63
leaf_value=-0.0002181508028793488 -0.0019226994201744674 0.010696694928975334 -0.010421051793121573 0.00026917078437281621 -0.0013015716787046334 -0.025811742592070787 0.0021129400739612592 0.013835830681703307 -0.0067769515048712496 -0.0083455300113807127 -0.0015147990783543337 0.021367854322306812 -0.0079245009869337076 0.0041091336472891277 -0.015474691197276118 0.019250833106537663 -0.0046742311932823875 0.0080565379192943081 0.0057510240900295754 -0.0040796843064992237 0.013339546788483859 -0.0015904622142746423 0.019596187342648154 0.0048256701005524715 0.016882285880498015 0.0041836511833887348 -0.028035039026290176 -0.0016519707278348505 -0.017197073253337296 0.0004003847599960864 -0.0023718322161585094 -0.015323476485260154 0.016327213555235753 -0.00039945515926997617 -0.0051036022603511812 0.00088139461184819708 0.014909488160628826 0.0032914102880749851 0.0046747515785197421 -0.0018723548296838998 -0.0049647967354991499 -0.015419228896140481 -0.0087353391359404967 -0.0042334630370273124 0.01611538470722735 0.0080405715540771121 0.01205596915005069 -0.011219420706567524 0.00067199629517523821 -0.0017226146238114117 0.014350603959922279 0.0084030346013605605 0.011580288747236843 0.0051799144597478317 -0.011880234396085144 0.013651899984953079 -0.0020231590354563419 0.0021393226052168757 -0.013721838132957654 -4.1089268454590201e-05 0.0027173135643573229 0.013303769104337941
leaf_weight=14818 128 21 29 2310 61 21 28 33 20 24 119 32 25 40 25 30 22 34 27 43 24 36 27 38 26 38 20 30 25 32 32 23 22 53 21 29 56 40 30 20 39 26 24 28 20 22 38 22 37 59 28 37 21 72 20 22 74 32 34 8991 74 24
leaf_count=14818 128 21 29 2310 61 21 28 33 20 24 119 32 25 40 25 30 22 34 27 43 24 36 27 38 26 38 20 30 25 32 32 23 22 53 21 29 56 40 30 20 39 26 24 28 20 22 38 22 37 59 28 37 21 72 20 22 74 32 34 8991 74 24
internal_value=-1.47048e-05 0.000225638 0.00014751 0.000187194 -4.38229e-05 -0.00482601 -0.000993837 0.000819637 0.00519618 0.000685648 -0.00325994 0.000751831 0.00190721 0.0021687 0.00458447 0.0018271 0.00912869 -0.00121036 -0.00467271 0.00114903 0.00465654 0.00697541 0.00942281 -0.000427818 -0.00281009 -0.00523664 -0.00742278 -0.0133047 -0.00271722 -0.0073178 0.00215026 -0.00254953 0.00664825 0.00388283 0.00490882 0.00670592 0.0101234 0.00936932 0.0132905 -0.00906714 -0.000581052 -0.0209044 -0.000231923 0.00100341 0.00424522 2.70862e-05 0.00202566 0.000431249 0.00356392 0.00144837 0.00492818 0.00217998 0.00225214 0.00138152 -8.65338e-05 0.00551196 -0.00412041 -0.00360555 -0.00603158 7.81882e-06 0.00277343 0.00530991
internal_weight=28256 13414 12856 12708 9308 136 115 3400 101 3299 148 3275 965 940 279 177 52 125 91 661 205 162 126 456 237 211 171 76 95 57 219 81 99 77 138 117 85 102 62 43 66 46 14842 68 48 9172 558 274 284 252 124 96 246 225 166 59 94 94 66 9150 159 98
internal_count=28256 13414 12856 12708 9308 136 115 3400 101 3299 148 3275 965 940 279 177 52 125 91 661 205 162 126 456 237 211 171 76 95 57 219 81 99 77 138 117 85 102 62 43 66 46 14842 68 48 9172 558 274 284 252 124 96 246 225 166 59 94 94 66 9150 159 98
is_linear=0
shrinkage=0.05


Tree=119
num_leaves=63
num_cat=0
split_feature=107 112 55 100 40 94 67 12 94 42 44 107 48 59 100 12 18 109 16 110 109 110 114 100 82 113 61 50 22 113 114 63 113 63 114 114 43 44 54 11 114 44 87 64 100 67 65 51 40 51 62 46 16 43 22 52 54 100 112 14 64 113
split_gain=0.534023 0.637991 0.508048 0.60162 1.40982 2.29975 1.88676 1.71941 1.21132 0.924766 0.731303 0.427832 0.404102 0.823322 0.670234 0.673439 1.01844 1.21434 0.741874 0.864366 0.65397 1.16502 1.56519 3.53676 1.2205 0.982712 0.63844 2.14749 1.38853 0.97513 1.25352 0.85163 0.62599 1.55728 0.873595 2.39992 1.43482 1.00157 1.27017 0.70205 1.52887 1.24905 2.05242 1.59684 1.32547 1.40909 1.23539 0.999672 0.981676 0.917253 0.764654 1.9835 1.1259 0.851313 0.824258 0.989446 0.918458 0.589817 0.572721 0.571403 0.569417 1.75095
threshold=31.500000000000004 1.0000000180025095e-35 3.0000000000000004 2025.5000000000002 3.5000000000000004 4.0000000000000009 2.5000000000000004 1.0000000180025095e-35 2.0000000000000004 2.0000000000000004 2.0000000000000004 50.500000000000007 3.0000000000000004 1.0000000180025095e-35 2021.5000000000002 1.0000000180025095e-35 1.0000000180025095e-35 8.5000000000000018 4.5000000000000009 4.7500000000000009 6.5000000000000009 2.7500000000000004 10.500000000000002 2025.5000000000002 2.5000000000000004 1.5000000000000002 2.5000000000000004 2.0000000000000004 3.0000000000000004 4.5000000000000009 11.500000000000002 2.5000000000000004 4.5000000000000009 2.5000000000000004 14.500000000000002 13.500000000000002 2.0000000000000004 2.0000000000000004 2.0000000000000004 1.0000000180025095e-35 7.5000000000000009 2.0000000000000004 1.0000000180025095e-35 2.5000000000000004 2024.5000000000002 2.5000000000000004 2.0000000000000004 2.5000000000000004 3.5000000000000004 2.5000000000000004 2.5000000000000004 2.0000000000000004 2.5000000000000004 2.0000000000000004 3.0000000000000004 3.0000000000000004 2.0000000000000004 2025.5000000000002 1.0000000180025095e-35 2.0000000000000004 2.5000000000000004 2.5000000000000004
decision_type=10 10 2 2 2 2 2 2 2 2 2 10 2 2 2 2 2 10 2 10 8 10 2 2 2 2 2 2 2 2 2 2 2 2 2 2 2 2 2 2 2 2 2 2 2 2 2 2 2 2 2 2 2 2 2 2 2 2 10 2 2 2
left_child=2 11 3 4 5 8 -7 9 -1 10 -6 -2 13 14 -4 20 18 57 19 26 21 -16 58 -24 25 59 -17 -28 29 30 -29 -32 39 -34 35 36 -35 38 -36 -14 -41 50 43 44 45 -43 48 -48 -46 -50 52 60 -42 -53 55 -54 -57 -18 -23 -25 61 -52
right_child=1 -3 12 -5 7 6 -8 -9 -10 -11 -12 -13 32 -15 15 16 17 -19 -20 -21 -22 22 23 24 -26 -27 27 28 -30 -31 31 -33 33 34 37 -37 -38 -39 -40 40 41 42 -44 -45 46 -47 47 -49 49 -51 51 53 54 -55 -56 56 -58 -59 -60 -61 -62 -63
leaf_value=2.3223544386300173e-06 -0.0043193585289854506 -0.0086511939567012284 -0.0067516576884580522 0.0004515668257791242 -0.0065891016870737078 -0.015290552272927017 0.0034840466454625131 0.017533281030914477 0.017004220495000482 0.010986331255676655 0.0060675202935401885 0.0039474644914975964 -0.00020147280467525052 -0.0089224662538617862 -0.00044223721905036346 0.0021461654334453887 -0.0095197859714971859 0.0093312806228087065 -0.0038644012578171552 -0.0037964779380205518 9.0831929004280318e-06 -0.00042660349771674532 0.023428581406672797 0.0092321282811462877 -0.0019184503029903461 0.015150464066703404 0.016378224345787271 -0.0021092333111234689 -0.0055843438812051768 -0.0018013783576597852 0.018174249937372475 0.0072334715489136142 -0.006963392221242995 -0.00021167800580037803 -0.0063751537413653837 -0.013633591161024841 0.015181507963764794 0.012781667864405889 0.0096793201136668883 -0.012730317737065977 -0.0061135350544329579 0.0049037017384381577 -0.012957636113076107 -0.0095284806797280922 -0.0089284710760693994 0.020704715911831179 0.015573301222985206 0.0011293688267469406 -0.0042214045442189232 0.0074804757173885326 -0.014922179225022378 -0.0073168980511459153 -0.0043268956201659011 -0.018651091698557137 -0.0044594676632966311 0.0021685138449914032 0.014661488307007989 -0.0016814638403351029 0.0042114770386685084 5.3600864246105537e-05 0.0058056939223950568 0.0014215093498167238
leaf_weight=22 34 39 35 606 25 32 23 31 20 26 21 29 11973 25 468 194 32 21 37 37 12860 228 27 30 58 28 41 22 33 31 29 46 37 41 22 22 24 47 28 31 69 43 23 24 32 21 23 25 33 34 23 37 22 30 35 31 28 96 94 39 22 57
leaf_count=22 34 39 35 606 25 32 23 31 20 26 21 29 11973 25 468 194 32 21 37 37 12860 228 27 30 58 28 41 22 33 31 29 46 37 41 22 22 24 47 28 31 69 43 23 24 32 21 23 25 33 34 23 37 22 30 35 31 28 96 94 39 22 57
internal_value=-1.39695e-05 -0.00362528 -8.86022e-07 0.00123634 0.00361419 -0.00071164 -0.00743936 0.00768803 0.00809846 0.0034491 -0.000811079 -0.000513996 -3.73494e-05 0.000143425 0.00015907 0.000175808 0.0017893 -0.00181273 0.00293122 0.00351191 0.000103602 0.00135413 0.00302219 0.0067284 0.00381934 0.00725018 0.00419477 0.00616223 0.00356064 0.00591834 0.00838546 0.0114639 -0.000241697 0.00239637 0.0042785 0.000640671 0.00547196 0.0075413 0.00261535 -0.000287909 -0.0018974 -0.00134868 0.00129724 0.0026924 0.00408245 0.0100884 0.00146761 0.00805042 -0.00172405 0.00171686 -0.00327706 -0.00570838 -0.00105601 -0.0123919 0.00195235 0.00472289 0.00809738 -0.00364104 0.00092737 0.00404426 -0.00131822 -0.0032773
internal_weight=28256 102 28154 806 200 97 55 103 42 72 46 63 27348 14511 14486 14451 619 149 470 433 13832 972 504 182 155 97 396 202 161 128 97 75 12837 221 184 87 65 97 50 12616 643 612 258 235 211 64 147 48 99 67 354 169 185 67 116 81 59 128 322 69 102 80
internal_count=28256 102 28154 806 200 97 55 103 42 72 46 63 27348 14511 14486 14451 619 149 470 433 13832 972 504 182 155 97 396 202 161 128 97 75 12837 221 184 87 65 97 50 12616 643 612 258 235 211 64 147 48 99 67 354 169 185 67 116 81 59 128 322 69 102 80
is_linear=0
shrinkage=0.05


Tree=120
num_leaves=63
num_cat=0
split_feature=99 110 107 11 94 104 24 21 102 100 43 16 25 44 54 49 8 8 16 62 16 16 65 54 44 70 40 40 54 28 17 62 100 62 94 100 47 22 16 70 61 22 41 44 22 77 55 0 22 65 24 43 16 94 84 111 9 110 107 44 102 56
split_gain=0.643093 0.69915 0.623158 0.550475 2.5356 2.01527 0.973112 0.970769 0.880485 1.00046 1.33353 1.24516 1.45241 1.37828 1.75466 1.19839 1.41036 1.0919 1.00191 0.916579 0.82545 1.0342 1.49997 2.64856 2.93915 0.986169 0.889491 0.811406 0.867794 0.853647 0.798745 0.945066 0.692669 0.659976 0.518994 1.7 2.67648 1.18058 1.47527 0.950851 1.92192 2.25203 1.99611 1.7812 1.21417 1.07743 0.599257 1.22986 0.744412 0.711785 1.20475 0.725328 0.589149 0.524401 1.4306 0.540746 0.741511 2.08786 0.853103 0.942297 1.15531 1.18978
threshold=3.0000000000000004 91.500000000000014 42.500000000000007 2.0000000000000004 2.0000000000000004 5.5000000000000009 2.5000000000000004 2.5000000000000004 1.0000000180025095e-35 2024.5000000000002 2.0000000000000004 3.5000000000000004 2.5000000000000004 2.0000000000000004 2.0000000000000004 4.0000000000000009 2.0000000000000004 2.0000000000000004 4.5000000000000009 2.5000000000000004 2.5000000000000004 4.5000000000000009 2.0000000000000004 2.0000000000000004 2.0000000000000004 2.0000000000000004 3.5000000000000004 3.5000000000000004 2.0000000000000004 2.0000000000000004 3.0000000000000004 2.5000000000000004 2025.5000000000002 2.5000000000000004 4.0000000000000009 2024.5000000000002 2.0000000000000004 3.0000000000000004 3.5000000000000004 2.0000000000000004 4.5000000000000009 3.0000000000000004 3.5000000000000004 2.0000000000000004 3.0000000000000004 2.5000000000000004 3.0000000000000004 1.0000000180025095e-35 3.0000000000000004 2.0000000000000004 2.5000000000000004 2.0000000000000004 3.5000000000000004 2.0000000000000004 1.0000000180025095e-35 4.5000000000000009 2.5000000000000004 12.250000000000002 14.500000000000002 2.0000000000000004 1.0000000180025095e-35 3.0000000000000004
decision_type=2 10 10 2 2 2 2 2 10 2 2 2 2 2 2 2 2 2 2 2 2 2 2 2 2 2 2 2 2 2 2 2 2 2 2 2 2 2 2 2 2 2 2 2 2 2 2 2 2 2 2 2 2 2 2 8 2 8 8 2 8 2
left_child=-1 2 3 34 6 -6 -5 -7 -9 10 18 12 -11 19 -15 -12 -17 -13 27 -14 25 22 23 26 -25 -8 -22 28 -10 33 -18 -32 -19 -29 35 36 39 -36 -39 40 41 42 43 -2 -41 -43 47 49 53 -37 -51 -52 -50 55 -55 56 58 -58 -48 -60 61 -61
right_child=1 -3 -4 4 5 7 20 8 9 11 15 17 13 14 -16 16 30 32 -20 -21 21 -23 -24 24 -26 -27 -28 29 -30 -31 31 -33 -34 -35 37 46 -38 38 -40 44 -42 45 -44 -45 -46 -47 48 -49 52 50 51 -53 -54 54 -56 -57 57 -59 59 60 -62 -63
leaf_value=-0.00039923878052847053 -0.007811177720404453 0.0080368718531514931 -0.0061836955055463109 0.0049275513750648035 -0.0088023936786853219 -0.0042697077824009793 -0.012616073510498213 -0.0037437260348462697 0.012781138836782283 -0.0077792541631920772 0.013544907923731045 0.018729207580062478 0.0058611037976601553 0.0028360600747606335 0.018784454401050296 -0.0063429254728058979 0.01500106538137929 0.011447296638719061 -0.0087248169877245253 -0.0067505377642810343 0.012640146849056087 -0.0093821142670801952 0.0083212384273065251 -0.0014351484919520648 -0.024512961168180816 -0.0009637366918226084 -0.0014505273485112759 0.0093542240205265227 0.00048324661329388622 -0.0073294061500377749 0.011359969838522374 -0.0033566049765795473 0.0010250539643457159 -0.0031812119940739306 -0.00021202984044967478 -0.00062385795242300473 -0.0089553500853071458 -0.00014090956122215308 -0.017231129336616267 0.021800395535926026 -0.0068360472804513475 0.0091234065025396962 0.015684481227601115 0.0097510941908694818 0.0051715257739567248 0.024787925290209907 -0.0034402059951512995 0.012437553969877106 0.00040226403313378499 -0.0018319507003635974 0.015627486348428109 0.0035444374560661945 -0.0098934763153506952 -0.0021155967747538604 0.01094947838690132 5.5816840861685099e-06 0.019439148830715569 0.0018768594255247576 -0.00062475187025602815 -0.0021306960747159761 0.00070872448465662471 0.005772848454605144
leaf_weight=7478 42 28 39 38 34 36 46 33 26 22 41 33 34 34 35 27 22 44 29 25 24 36 40 37 22 30 21 21 32 37 20 24 25 21 6702 158 32 28 23 21 29 23 22 22 23 21 118 28 24 37 27 23 33 44 40 10603 20 110 582 58 656 266
leaf_count=7478 42 28 39 38 34 36 46 33 26 22 41 33 34 34 35 27 22 44 29 25 24 36 40 37 22 30 21 21 32 37 20 24 25 21 6702 158 32 28 23 21 29 23 22 22 23 21 118 28 24 37 27 23 33 44 40 10603 20 110 582 58 656 266
internal_value=-1.49181e-06 0.000141293 0.000130666 0.000142526 0.00131891 0.00305044 -0.00253876 0.00369938 0.00418979 0.00466407 0.00271315 0.0069866 0.00408835 0.00612809 0.0109258 0.00642348 0.00328393 0.0112487 -0.000281934 0.000517188 -0.00364704 -0.00180217 9.28219e-05 -0.00307195 -0.0100404 -0.00801647 0.0060645 0.00150525 0.00599609 -0.00179183 0.00722219 0.00333275 0.00767112 0.00308651 8.61855e-05 0.000270177 0.0044844 -0.0002697 -0.00784826 0.00660299 0.00480285 0.00739922 0.00269201 -0.00177415 0.013108 0.0165997 0.000192969 0.00251049 0.000142572 0.00137597 0.00500784 0.0100693 -0.00555843 0.000168575 0.00410587 0.000141931 0.000940668 0.00457875 0.000659149 0.000968832 0.00191523 0.00435802
internal_weight=28309 20831 20803 20764 949 655 294 621 585 552 300 252 150 128 69 134 93 102 166 59 256 180 144 104 59 76 45 137 58 79 66 44 69 42 19815 13062 235 6753 51 203 159 130 86 64 44 44 12827 273 12554 245 87 50 57 12497 84 12413 1810 130 1680 1562 980 324
internal_count=28309 20831 20803 20764 949 655 294 621 585 552 300 252 150 128 69 134 93 102 166 59 256 180 144 104 59 76 45 137 58 79 66 44 69 42 19815 13062 235 6753 51 203 159 130 86 64 44 44 12827 273 12554 245 87 50 57 12497 84 12413 1810 130 1680 1562 980 324
is_linear=0
shrinkage=0.05


Tree=121
num_leaves=63
num_cat=0
split_feature=99 113 59 107 100 102 91 18 49 95 26 48 17 106 14 84 112 54 96 16 104 17 100 70 24 15 106 100 57 21 84 62 3 1 70 107 48 107 100 107 100 52 110 100 15 107 107 70 113 50 112 96 66 70 28 17 65 110 52 11 21 50
split_gain=0.580391 0.784695 1.31314 1.20012 1.81455 0.823634 0.776283 1.68886 1.28704 1.62725 1.47331 1.32417 1.28289 1.17042 1.53028 1.51166 1.41154 1.25831 0.846619 1.77859 0.811449 0.714403 0.729359 1.67804 0.746165 0.690309 1.20997 1.06459 0.650112 0.687106 0.622824 0.613027 0.592481 0.74 0.584895 0.584289 0.766687 0.577657 1.33587 0.541163 1.52616 0.537377 0.510404 0.517429 0.472775 0.458093 0.845469 0.489613 1.22939 0.533734 0.455731 1.2274 1.06062 2.10426 0.921558 0.870551 1.22836 1.21711 0.753315 0.702683 2.55495 0.856242
threshold=3.0000000000000004 1.5000000000000002 1.0000000180025095e-35 11.500000000000002 2025.5000000000002 inf 2.0000000000000004 1.0000000180025095e-35 4.0000000000000009 2.0000000000000004 2.5000000000000004 3.0000000000000004 3.0000000000000004 1.0000000180025095e-35 4.0000000000000009 1.0000000180025095e-35 1.0000000180025095e-35 2.0000000000000004 3.5000000000000004 1.5000000000000002 6.5000000000000009 3.0000000000000004 2025.5000000000002 2.0000000000000004 2.5000000000000004 3.0000000000000004 1.0000000180025095e-35 2025.5000000000002 4.0000000000000009 2.5000000000000004 1.0000000180025095e-35 2.5000000000000004 3.0000000000000004 3.0000000000000004 2.0000000000000004 27.500000000000004 3.0000000000000004 11.500000000000002 2025.5000000000002 3.5000000000000004 2025.5000000000002 3.0000000000000004 44.250000000000007 2023.5000000000002 1.0000000180025095e-35 16.500000000000004 12.500000000000002 2.0000000000000004 1.5000000000000002 2.0000000000000004 1.0000000180025095e-35 1.5000000000000002 2.0000000000000004 2.0000000000000004 2.0000000000000004 3.0000000000000004 2.0000000000000004 4.7500000000000009 3.0000000000000004 2.0000000000000004 2.5000000000000004 2.0000000000000004
decision_type=2 2 2 8 2 8 2 2 2 2 2 2 2 2 2 2 10 2 2 2 2 2 2 2 2 2 2 2 2 2 2 2 2 2 2 8 2 10 2 10 2 2 10 2 2 8 10 2 2 2 10 2 2 2 2 2 2 10 2 2 2 2
left_child=42 37 3 4 -3 6 18 8 10 13 -8 -12 -13 14 -10 34 30 -17 32 20 -20 22 23 -9 -24 26 -23 -28 29 -26 41 -29 33 35 -15 36 -5 39 -39 -2 -41 -16 43 -1 -35 46 47 49 -49 -45 59 52 -52 58 55 57 -57 -53 -54 -37 -61 -62
right_child=1 2 -4 5 -6 -7 7 21 9 -11 11 12 -14 15 16 17 -18 -19 19 -21 -22 25 24 -25 28 -27 27 31 -30 -31 -32 -33 -34 44 -36 50 -38 38 -40 40 -42 -43 -44 45 -46 -47 -48 48 -50 -51 51 54 53 -55 -56 56 -58 -59 -60 60 61 -63
leaf_value=-0.0069965678813128642 -0.00011045607077374173 -0.01273762148190051 -0.01091468108817935 0.011317308194314441 -0.0010192932254910745 -0.00026352507067603433 -0.0011627602546165387 -0.010898420494049788 -0.0078439120767694534 -0.0067621233257169309 0.024087700506206604 0.0012875669877286311 0.016562705221752235 0.0069657661919963771 0.00012648272461124828 0.022749163908883929 0.015447244485435281 0.0077960169348550747 -0.0039283391898093023 -0.011758292604964681 0.0095033813775940376 -0.00076722296135079478 -0.002630445689185342 0.0061592399364426027 0.011835235891242822 0.01151317447423935 0.014440593998357332 0.0076972586901060168 1.1100441119388532e-05 0.0015895262645143602 -0.0026511226690870346 -0.0029647958608200915 0.0081663722517313787 -0.00033200588567476526 -0.0037111992907264964 0.00025775771306633027 -0.00067243108060210943 -0.010967642093601172 -0.00065425060504460588 0.011481894729168792 0.00055110285844421018 0.0085152122962643354 -0.0039095918955696319 -0.0025363568310876189 -0.0083279537140495252 -0.00038928828637372492 0.009119815255204838 -0.00099838208722796717 0.0094266376562139147 0.0041154327587439466 0.0017344789925917256 0.0022509803092389397 0.0090710159645161839 0.0013090226318567032 -0.007357766159260884 -0.00086740421330822363 0.01407958057674545 -0.0057947124922265343 0.02001841261982918 -0.0091048934273809824 0.010239445941673744 0.0024022336934594931
leaf_weight=29 12497 39 25 30 216 1788 24 46 33 37 20 27 28 29 35 24 23 34 23 41 22 155 134 21 30 20 29 28 114 36 46 26 27 38 23 3264 24 40 146 38 200 42 101 133 36 7025 33 71 47 39 164 132 33 62 39 28 27 73 30 48 37 600
leaf_count=29 12497 39 25 30 216 1788 24 46 33 37 20 27 28 29 35 24 23 34 23 41 22 155 134 21 30 20 29 28 114 36 46 26 27 38 23 3264 24 40 146 38 200 42 101 133 36 7025 33 71 47 39 164 132 33 62 39 28 27 73 30 48 37 600
internal_value=-1.41722e-06 0.000134228 0.000526444 0.000562719 -0.00281151 0.000675488 0.000962883 0.00218426 0.00462686 0.00311057 0.00961988 0.0130703 0.009064 0.00437455 0.00188018 0.00843358 0.00407809 0.0139835 0.000690896 -0.0042252 0.00263828 0.00055969 -0.000816057 -0.00555199 0.000194477 0.00259132 0.00184158 0.00671344 0.00229747 0.00624667 0.00195215 0.00256368 0.000781004 0.000738259 0.00224326 0.00081821 0.00598854 -0.000105879 -0.00287218 -6.5476e-05 0.00229636 0.00470215 -0.000379277 -0.000330943 -0.00422193 -0.000304636 0.00153649 0.000673563 0.00315396 -0.0010281 0.000756672 0.00205533 0.00437893 0.00784844 -0.000190556 0.000884526 0.00647021 -0.000614071 0.0142841 0.000563304 0.00201922 0.00285746
internal_weight=28309 20831 7910 7885 255 7630 5842 1064 425 326 99 75 55 289 179 110 146 58 4778 86 45 639 381 67 314 258 238 83 180 66 123 54 4692 4665 52 4591 54 12921 186 12735 238 77 7478 7377 74 7348 323 290 118 172 4537 588 289 125 299 260 55 205 63 3949 685 637
internal_count=28309 20831 7910 7885 255 7630 5842 1064 425 326 99 75 55 289 179 110 146 58 4778 86 45 639 381 67 314 258 238 83 180 66 123 54 4692 4665 52 4591 54 12921 186 12735 238 77 7478 7377 74 7348 323 290 118 172 4537 588 289 125 299 260 55 205 63 3949 685 637
is_linear=0
shrinkage=0.05


Tree=122
num_leaves=63
num_cat=0
split_feature=99 114 59 102 111 56 44 114 100 110 109 48 110 111 5 52 114 54 113 61 106 54 57 41 44 8 104 43 72 71 100 111 71 43 49 114 85 71 91 17 48 8 100 8 49 62 114 77 94 21 114 17 71 8 72 28 72 40 41 113 62 97
split_gain=0.523803 0.85034 1.30945 1.16571 2.22884 1.52901 1.06744 1.02417 0.76819 1.85581 3.19632 3.47222 1.94453 1.50633 1.46821 1.55729 1.31279 1.75272 1.67746 2.65104 2.10757 2.40814 2.1136 1.99509 4.74926 2.61538 1.95706 2.00556 1.91091 1.87476 2.05536 1.84873 3.21329 1.8085 3.46462 1.76848 1.6826 2.27759 1.51875 1.50514 1.48803 1.27036 1.18503 1.16205 1.93106 1.15845 1.16116 1.14205 1.87854 3.54493 1.97256 1.74613 1.37376 2.82474 1.78376 1.35131 1.23816 2.47394 1.08869 1.76651 2.4134 1.49866
threshold=3.0000000000000004 8.5000000000000018 1.0000000180025095e-35 1.0000000180025095e-35 6.5000000000000009 3.0000000000000004 2.0000000000000004 11.500000000000002 2025.5000000000002 3.7500000000000004 7.5000000000000009 3.0000000000000004 8.2500000000000018 6.5000000000000009 3.0000000000000004 3.0000000000000004 14.500000000000002 2.0000000000000004 2.5000000000000004 2.5000000000000004 1.0000000180025095e-35 2.0000000000000004 4.0000000000000009 2.0000000000000004 2.0000000000000004 2.0000000000000004 5.5000000000000009 2.0000000000000004 3.5000000000000004 3.0000000000000004 2023.5000000000002 4.5000000000000009 3.0000000000000004 2.0000000000000004 4.0000000000000009 12.500000000000002 -1.4999999999999998 3.0000000000000004 2.0000000000000004 3.0000000000000004 3.0000000000000004 2.0000000000000004 2024.5000000000002 2.0000000000000004 4.0000000000000009 2.5000000000000004 11.500000000000002 2.5000000000000004 4.0000000000000009 2.5000000000000004 16.500000000000004 3.0000000000000004 3.0000000000000004 2.0000000000000004 3.5000000000000004 2.0000000000000004 3.5000000000000004 3.5000000000000004 3.5000000000000004 3.5000000000000004 2.5000000000000004 1.5000000000000002
decision_type=2 2 2 8 8 2 2 2 2 8 8 2 8 10 2 2 2 2 2 2 2 2 2 2 2 2 2 2 2 2 2 10 2 2 2 2 2 2 2 2 2 2 2 2 2 2 2 2 2 2 2 2 2 2 2 2 2 2 2 2 2 2
left_child=-1 -2 3 4 5 -3 7 -7 9 -5 11 -11 -12 16 15 -15 18 47 19 36 23 22 -22 25 -25 29 35 31 42 -20 -31 32 -28 40 -35 -21 38 -38 -14 -29 -24 -36 -23 -17 -45 -27 -47 52 50 -50 55 -51 53 54 -18 -49 -54 -58 59 60 -19 -60
right_child=1 2 -4 8 -6 6 -8 -9 -10 10 12 -13 13 14 -16 43 17 58 20 26 21 28 33 24 -26 45 27 39 -30 30 -32 -33 -34 34 41 -37 37 -39 -40 -41 -42 -43 -44 44 -46 46 -48 48 49 51 -52 -53 56 -55 -56 -57 57 -59 61 -61 -62 -63
leaf_value=-0.0003603130069469561 -0.00015968220175274292 -0.0050080056147029008 -0.012297187740914525 -0.009190056029529799 -0.00031791521990992902 0.00021069103644953837 0.011756482138072403 0.012809831179354504 0.00012464503203885328 0.028738791973922741 -0.012219761794915907 0.002765962056395027 -0.0080835096662243214 -0.0072370124149488116 0.004951390494225604 -0.0047455555655890047 -0.0041092621451564908 0.0031361105683673594 0.0060107086912136185 0.013305991868996484 -0.010320544346339174 -0.0074840352629069939 0.015603754650603267 0.027430744788476399 -0.0044706566951936109 0.013143251317998636 0.033999373185737383 -0.00095913964323699483 -0.0019473230285990623 -0.00082707359455525876 -0.023495099507272243 0.0041016025096178056 0.012022395741242246 0.016034372076392172 -0.017209513989560631 -0.0045072335161660849 -0.002038978261407465 0.017137470133990671 0.0055459287738607779 0.016235423858743162 0.0027326870319801713 -0.00076532329743107157 -0.023541850727051498 0.017781911361962558 -0.00023524710900503501 -0.0055104895691888839 0.0071722444093596759 0.012961946816786247 -0.021498901634994481 0.0031408461428238266 -0.0077927792555825826 -0.011017964260750697 0.011219208400048641 -0.013493582826012221 0.014318433116811018 -0.00093773979590170906 0.012611112871166806 -0.0088873166492703607 0.014342083607605378 0.0042377340184133602 -0.016436287570832066 -0.0022248663567006589
leaf_weight=7478 11520 24 20 42 232 54 103 23 6733 22 27 31 60 133 66 63 29 36 22 22 27 27 47 28 20 46 29 35 93 20 20 20 39 20 23 38 32 30 31 20 43 24 20 20 58 26 59 34 36 51 43 38 46 39 24 36 23 32 43 181 28 20
leaf_count=7478 11520 24 20 42 232 54 103 23 6733 22 27 31 60 133 66 63 29 36 22 22 27 27 47 28 20 46 29 35 93 20 20 20 39 20 23 38 32 30 31 20 43 24 20 20 58 26 59 34 36 51 43 38 46 39 24 36 23 32 43 181 28 20
internal_value=-1.34636e-06 0.000127517 0.000482853 0.000510364 0.00303434 0.00684671 0.00842734 0.00397407 0.000386089 0.00121564 0.00142575 0.0135471 0.00110881 0.00128875 -0.00174326 -0.00335583 0.00190976 0.000340045 0.00316929 0.00585751 0.00147547 -0.00115827 0.00260178 0.00501626 0.0141385 0.00274752 0.00960336 0.0127834 -0.00610005 -0.00571303 -0.0121611 0.0174646 0.0213949 0.00482409 -0.00139551 0.00202428 0.000887516 0.00723995 -0.00344051 0.00529343 0.00945424 -0.00881248 -0.0143171 0.000305134 0.00438454 0.00675175 0.00329282 -0.00171841 -0.00403614 -0.00825968 0.000635912 -0.00290449 0.00113974 -0.00328017 0.00423535 0.00581354 0.00516579 0.000102936 0.00322054 0.00171312 -0.00542681 0.00908273
internal_weight=28309 20831 9311 9291 436 204 180 77 8855 2122 2080 53 2027 2000 340 274 1660 739 921 356 565 324 184 241 48 193 203 143 140 62 40 88 68 157 67 60 153 62 91 55 90 47 47 141 78 131 85 431 238 125 113 89 193 92 53 70 101 55 308 245 64 63
internal_count=28309 20831 9311 9291 436 204 180 77 8855 2122 2080 53 2027 2000 340 274 1660 739 921 356 565 324 184 241 48 193 203 143 140 62 40 88 68 157 67 60 153 62 91 55 90 47 47 141 78 131 85 431 238 125 113 89 193 92 53 70 101 55 308 245 64 63
is_linear=0
shrinkage=0.05


Tree=123
num_leaves=63
num_cat=0
split_feature=99 114 81 102 111 110 114 44 113 100 110 108 83 111 16 50 70 77 5 5 46 110 51 2 113 67 110 113 113 104 114 106 41 14 16 44 8 54 16 49 113 76 26 82 51 113 21 114 77 46 77 28 28 54 21 8 66 48 8 42 44 15
split_gain=0.472732 0.767432 1.18178 1.05205 2.01153 1.11061 1.50475 1.05992 0.715609 0.693291 1.67487 1.43 1.17543 1.13279 3.18084 2.73316 2.70484 2.57056 1.76636 1.51782 1.17244 2.07634 1.10416 1.09848 1.08875 1.03074 1.28393 1.22167 2.5858 0.947624 1.07713 1.87993 4.50622 2.96578 2.22139 3.34262 1.86434 1.73421 2.53767 1.90507 1.6323 1.37461 3.75434 1.26856 1.49018 3.27314 2.59106 1.48624 2.15246 1.21502 1.1011 1.08505 1.08115 1.07261 2.00957 1.32183 2.50101 1.15864 1.04396 0.934412 0.914686 2.13114
threshold=3.0000000000000004 8.5000000000000018 1.0000000180025095e-35 1.0000000180025095e-35 6.5000000000000009 56.500000000000007 12.500000000000002 2.0000000000000004 4.5000000000000009 2025.5000000000002 3.7500000000000004 7.5000000000000009 1.0000000180025095e-35 1.0000000180025095e-35 1.0000000180025095e-35 2.0000000000000004 2.0000000000000004 2.5000000000000004 3.0000000000000004 3.0000000000000004 2.0000000000000004 22.250000000000004 2.5000000000000004 3.0000000000000004 1.5000000000000002 2.5000000000000004 6.7500000000000009 3.5000000000000004 2.5000000000000004 4.5000000000000009 14.500000000000002 1.0000000180025095e-35 3.5000000000000004 4.0000000000000009 2.5000000000000004 2.0000000000000004 2.0000000000000004 2.0000000000000004 1.5000000000000002 4.0000000000000009 3.5000000000000004 3.5000000000000004 2.5000000000000004 2.5000000000000004 2.5000000000000004 3.5000000000000004 2.5000000000000004 16.500000000000004 2.5000000000000004 2.0000000000000004 2.5000000000000004 2.0000000000000004 2.0000000000000004 2.0000000000000004 2.5000000000000004 2.0000000000000004 2.0000000000000004 3.0000000000000004 2.0000000000000004 2.0000000000000004 2.0000000000000004 3.0000000000000004
decision_type=2 2 2 8 8 8 2 2 2 2 8 8 2 10 2 2 2 2 2 2 2 8 2 2 2 2 10 2 2 2 2 2 2 2 2 2 2 2 2 2 2 2 2 2 2 2 2 2 2 2 2 2 2 2 2 2 2 2 2 2 2 2
left_child=-1 8 3 4 5 -3 7 -7 -2 10 -5 -12 -11 14 16 17 -13 18 20 25 -15 -22 -14 -20 -21 27 -27 28 59 -16 31 32 33 49 35 -34 51 41 -39 -40 -41 42 -33 -32 60 46 -46 48 -48 -31 -42 -35 -49 54 -47 -56 -57 -58 -55 -17 61 -45
right_child=1 2 -4 9 -6 6 -8 -9 -10 12 11 13 22 15 29 19 -18 -19 23 24 21 -23 -24 -25 -26 26 -28 -29 -30 30 43 37 34 36 -36 -37 -38 38 39 40 50 -43 -44 44 45 53 47 52 -50 -51 -52 -53 -54 58 55 56 57 -59 -60 -61 -62 -63
leaf_value=-0.00034229736035733835 -0.00017115003484566836 -0.00043032155268722108 -0.011682328335009515 -0.0087305532502276566 -0.00030201945999829938 0.00061024596604208154 0.021290197335183621 0.0097929803787597594 0.007831935004131603 3.9379841794688158e-05 0.014335979395989507 0.028712490904144947 0.0021560261359632907 -0.0096321613838275272 0.0095766350161284215 0.0012239092885418495 0.0046374474685373047 -0.018278601809945557 0.012672838270664217 0.014393277345476924 0.011887287467040798 -0.0069255054759030992 0.013979147036609772 -0.0018722197799770921 0.0026301855975318523 0.013248795098479605 -0.00091502158320508906 -0.010227352512940284 0.015896212107812367 -0.0012338696811348201 -0.01020454002544284 -0.0079127944525211099 0.020555823683738709 0.0034397084779780487 0.023126936043331096 -0.0053000011639669541 0.0081490252153735947 -0.019816649811608453 -0.012134009485523548 0.008950935397297145 0.0033543816211843687 -0.00076628793195813105 0.012414297686122797 0.02242502820762721 0.0041861245551934609 -0.015051322601820259 -0.02820833397563547 -0.010759080031270823 -0.0085179664434066847 -0.01682243064045906 -0.0098676578782033175 -0.010932668046249698 0.0037339042237197815 -0.0020218643421928088 0.0070796787746969549 -0.016435095485940111 -0.0056511217281222346 0.008360512920707051 0.0067558426664883868 -0.0054210031961743864 0.0012826850327352683 0.0004170959280930798
leaf_weight=7478 11492 45 20 42 232 48 20 91 28 6638 21 20 67 81 36 135 28 31 25 37 22 44 28 27 42 32 32 31 24 25 30 31 25 29 43 25 123 21 31 47 31 113 85 22 39 22 23 31 35 25 32 24 22 45 57 24 25 36 137 87 45 22
leaf_count=7478 11492 45 20 42 232 48 20 91 28 6638 21 20 67 81 36 135 28 31 25 37 22 44 28 27 42 32 32 31 24 25 30 31 25 29 43 25 123 21 31 47 31 113 85 22 39 22 23 31 35 25 32 24 22 45 57 24 25 36 137 87 45 22
internal_value=-1.27904e-06 0.000121141 0.00045871 0.000484846 0.00288262 0.00650437 0.00846702 0.00662196 -0.000151698 0.000366784 0.00115486 0.00135446 0.000118413 0.00122206 0.00201862 -0.000504633 0.0146687 -0.00488597 -0.00279968 0.00189467 -0.00560141 -0.000654574 0.00564074 0.0051206 0.00813948 0.000447925 0.00616689 -0.000873424 0.000305323 0.00157248 0.00135501 0.00268181 0.00553023 0.0017181 0.0147941 0.00762791 0.00477101 0.0003579 -0.00360117 -0.0011861 0.00189922 0.00315864 0.00698206 -0.000176746 0.0003375 -0.000731472 -0.00690031 -0.0107956 -0.0163262 -0.00902815 -0.00336157 -0.00306854 -0.00474312 0.00194288 -0.000989813 0.00118873 -0.00276167 0.00261804 0.00458553 -0.00138018 0.00629492 0.0114211
internal_weight=28309 20831 9311 9291 436 204 159 139 11520 8855 2122 2080 6733 2059 1409 650 48 230 199 420 147 66 95 52 79 341 64 277 246 1361 1325 710 319 226 93 50 176 391 162 141 110 229 116 615 585 496 150 111 58 50 63 53 53 346 164 142 85 61 182 222 89 44
internal_count=28309 20831 9311 9291 436 204 159 139 11520 8855 2122 2080 6733 2059 1409 650 48 230 199 420 147 66 95 52 79 341 64 277 246 1361 1325 710 319 226 93 50 176 391 162 141 110 229 116 615 585 496 150 111 58 50 63 53 53 346 164 142 85 61 182 222 89 44
is_linear=0
shrinkage=0.05


Tree=124
num_leaves=63
num_cat=0
split_feature=99 113 59 108 100 112 113 110 110 100 16 109 27 52 70 46 77 14 48 111 43 88 76 73 85 85 100 56 41 40 72 77 91 113 49 79 51 44 97 68 70 17 100 113 77 19 70 50 68 16 43 51 27 8 27 43 17 55 46 44 22 17
split_gain=0.426641 0.612497 1.05322 0.593181 0.910002 0.593594 1.25737 1.42037 1.13323 1.1103 1.00982 1.21618 2.00589 1.00716 1.91523 1.36251 0.767051 0.660632 1.03996 0.653362 0.861737 0.618617 0.94819 0.941659 0.926355 0.902155 0.844328 0.796992 2.0295 2.3207 2.97885 1.61834 1.32838 1.22593 1.22309 2.05036 1.35571 1.17863 1.12749 1.06503 1.5558 1.05938 1.05829 0.800704 0.900916 0.857586 1.66082 0.712536 0.674663 0.672406 1.4659 0.638961 0.894094 0.914112 0.881997 2.74458 1.34137 1.10175 1.52665 1.40163 0.825638 1.56748
threshold=3.0000000000000004 1.5000000000000002 1.0000000180025095e-35 11.500000000000002 2025.5000000000002 1.0000000180025095e-35 3.5000000000000004 50.250000000000007 32.250000000000007 2025.5000000000002 1.5000000000000002 6.5000000000000009 2.0000000000000004 3.0000000000000004 2.0000000000000004 2.0000000000000004 2.5000000000000004 2.0000000000000004 3.0000000000000004 6.5000000000000009 2.0000000000000004 1.0000000180025095e-35 3.5000000000000004 2.5000000000000004 1.0000000180025095e-35 4.0000000000000009 2025.5000000000002 3.0000000000000004 3.5000000000000004 3.5000000000000004 3.5000000000000004 1.5000000000000002 2.0000000000000004 2.5000000000000004 4.0000000000000009 2.0000000000000004 2.5000000000000004 2.0000000000000004 3.0000000000000004 2.0000000000000004 2.0000000000000004 3.0000000000000004 2023.5000000000002 2.5000000000000004 1.5000000000000002 3.5000000000000004 2.0000000000000004 2.0000000000000004 2.0000000000000004 1.5000000000000002 2.0000000000000004 2.5000000000000004 2.0000000000000004 2.0000000000000004 2.0000000000000004 2.0000000000000004 3.0000000000000004 3.0000000000000004 2.0000000000000004 2.0000000000000004 3.0000000000000004 3.0000000000000004
decision_type=2 2 2 8 2 10 2 10 8 2 2 8 2 2 2 2 2 2 2 10 2 2 2 2 2 2 2 2 2 2 2 2 2 2 2 2 2 2 2 2 2 2 2 2 2 2 2 2 2 2 2 2 2 2 2 2 2 2 2 2 2 2
left_child=-1 -2 3 4 -3 21 7 10 -8 -10 11 12 -7 19 15 16 17 -15 -19 20 -13 23 -23 24 -5 -24 -26 39 32 41 31 -31 38 -33 37 36 -36 -34 43 -25 -41 -30 -37 44 47 46 -45 -29 -32 -46 -51 52 -47 -54 55 56 -53 58 -56 -60 61 -59
right_child=1 2 -4 5 -6 6 8 -9 9 -11 -12 13 -14 14 -16 -17 -18 18 -20 -21 -22 22 25 27 26 -27 -28 28 29 30 48 33 34 -35 35 42 -38 -39 -40 40 -42 -43 -44 45 49 51 -48 -49 -50 50 -52 54 53 -55 57 -57 -58 60 59 -61 -62 -63
leaf_value=-0.00032518249349114311 -9.7048391646149549e-05 -0.0099091977361240435 -0.0097848369982093588 0.00021382389725297407 -0.00072656874440009389 0.00055987277733428136 0.0036922113832962866 0.011488787923008205 -0.015829006500542166 -0.0023307194766134789 -0.00086000436704938984 0.00028778715448944632 0.017369862565667266 0.0025387362892469092 0.00040535248789982584 0.017127074761425748 -0.0016557010235609831 0.019458397413077561 0.0042525730095803738 -0.0029262674112732596 0.010554673580452801 0.0024676482173215069 -0.0018098126830479418 -0.0076387130638101586 -0.011474089835149547 -0.015253031899919734 -0.0018274515270761224 -0.0025735986255070505 0.0029951741118566136 0.0054420241122392736 0.0052121772657847034 0.025506487829173266 0.017887911289581098 0.012333534344246513 0.0011911146423349587 0.0035590740670967433 0.016672979011350581 0.0033431808665717166 -0.0080453581627041703 -0.0037352871302013787 0.013417131397291088 -0.011674049040302635 -0.0080004573683254421 -0.01469709724339697 -0.00079443901726335749 0.0072198858442292973 0.0050038490700535475 0.005697665229925643 -0.0073443311995462241 -0.0016986627372559803 -0.018220206478610636 -0.020316661676458486 -0.012625023398710335 -0.0010721583833306363 0.016139036925077174 0.0078877693070380974 -0.002445634819256763 0.0041157952159251599 0.0095138102366278572 -0.0073285128211691272 0.0046396726553202781 -0.0023316276556780112
leaf_weight=7478 12921 32 25 4826 172 35 34 40 25 39 246 112 36 31 161 34 27 23 22 117 25 35 26 54 30 24 93 60 32 36 20 33 30 38 26 36 31 26 38 39 20 20 44 23 40 22 20 46 23 29 25 21 23 67 35 33 21 176 30 21 199 203
leaf_count=7478 12921 32 25 4826 172 35 34 40 25 39 246 112 36 31 161 34 27 23 22 117 25 35 26 54 30 24 93 60 32 36 20 33 30 38 26 36 31 26 38 39 20 20 44 23 40 22 20 46 23 29 25 21 23 67 35 33 21 176 30 21 199 203
internal_value=-1.21509e-06 0.000115084 0.000461603 0.00049409 -0.00216698 0.000564766 0.00169634 0.00227646 -0.00368457 -0.00760349 0.00185242 0.00292346 0.00908325 0.00213117 0.00410295 0.0084483 0.00558346 0.00815527 0.0120244 -0.000182182 0.00216131 0.000394029 -0.00384424 0.000448703 0.000104615 -0.00826256 -0.00418029 0.00148705 0.0017869 0.00645539 0.00961083 0.0140776 0.00107517 0.0184562 0.00490932 0.00236451 0.00961108 0.011135 0.000421471 -0.00256481 0.00207909 -0.00264683 -0.00279867 0.000715565 -0.00214434 0.00135536 -0.00553387 0.00101582 -0.00150409 -0.00570791 -0.00934753 0.00170347 -0.00181583 -0.00402456 0.00223684 -0.00290282 -0.0113811 0.00281737 0.00809746 0.00257874 0.00203176 0.000662426
internal_weight=28309 20831 7910 7885 204 7681 1007 909 98 64 869 623 71 552 298 137 103 76 45 254 137 6674 85 6589 4949 50 123 1640 1527 202 150 107 1325 71 193 137 57 56 1132 113 59 52 80 1094 200 894 43 106 43 94 54 851 112 90 739 75 42 664 86 51 578 379
internal_count=28309 20831 7910 7885 204 7681 1007 909 98 64 869 623 71 552 298 137 103 76 45 254 137 6674 85 6589 4949 50 123 1640 1527 202 150 107 1325 71 193 137 57 56 1132 113 59 52 80 1094 200 894 43 106 43 94 54 851 112 90 739 75 42 664 86 51 578 379
is_linear=0
shrinkage=0.05


Tree=125
num_leaves=63
num_cat=0
split_feature=10 112 55 113 65 8 52 100 94 8 67 72 25 83 59 57 88 57 95 100 64 48 100 100 65 46 18 102 64 28 106 85 48 63 113 8 79 93 8 16 103 113 16 112 100 62 77 16 70 72 22 100 113 94 113 62 100 104 85 67 48 103
split_gain=0.589622 0.644419 0.534778 0.654632 1.19761 1.26785 0.856267 1.61665 1.54361 0.531483 0.684638 0.406315 0.544704 0.913526 0.714688 0.622519 0.492522 0.770885 0.503014 2.92442 0.86021 0.930564 0.739973 0.542534 0.534776 0.847118 1.30207 1.16423 0.97038 1.72623 2.09853 1.46799 0.82342 0.821401 2.4725 1.25108 1.74501 0.718681 0.831224 1.33936 1.45175 1.20099 2.19985 1.05707 1.15898 1.46543 3.49083 1.13991 0.946291 1.28432 1.06037 1.91449 1.60881 1.38276 1.88314 1.12984 0.963523 1.80738 1.13532 3.03141 0.938282 0.846447
threshold=1.0000000180025095e-35 1.0000000180025095e-35 3.0000000000000004 2.5000000000000004 2.0000000000000004 2.0000000000000004 3.0000000000000004 2023.5000000000002 4.0000000000000009 2.0000000000000004 2.5000000000000004 1.0000000180025095e-35 2.5000000000000004 1.0000000180025095e-35 1.0000000180025095e-35 4.0000000000000009 1.0000000180025095e-35 4.0000000000000009 2.0000000000000004 2022.5000000000002 2.5000000000000004 3.0000000000000004 2025.5000000000002 2024.5000000000002 2.0000000000000004 2.0000000000000004 3.5000000000000004 1.0000000180025095e-35 2.5000000000000004 2.0000000000000004 1.0000000180025095e-35 4.0000000000000009 3.0000000000000004 2.5000000000000004 3.5000000000000004 2.0000000000000004 2.0000000000000004 3.0000000000000004 2.0000000000000004 1.5000000000000002 1.0000000180025095e-35 1.5000000000000002 1.5000000000000002 inf 2025.5000000000002 2.5000000000000004 2.5000000000000004 2.5000000000000004 2.0000000000000004 3.5000000000000004 3.0000000000000004 2023.5000000000002 3.5000000000000004 2.0000000000000004 2.5000000000000004 2.5000000000000004 2025.5000000000002 7.5000000000000009 4.0000000000000009 2.5000000000000004 3.0000000000000004 1.0000000180025095e-35
decision_type=2 8 2 2 2 2 2 2 2 2 2 2 2 2 2 2 2 2 2 2 2 2 2 2 2 2 2 10 2 2 2 2 2 2 2 2 2 2 2 2 10 2 2 8 2 2 2 2 2 2 2 2 2 2 2 2 2 2 2 2 2 10
left_child=2 -2 3 -1 6 -6 -5 8 -8 -9 -11 -4 -13 14 16 -15 18 -18 24 -20 21 22 -21 -23 33 -26 27 -27 29 30 32 -32 -29 34 -14 -36 -37 -35 41 40 -40 -39 -43 -44 45 47 -47 -45 49 61 51 -51 -52 54 -53 -55 57 -50 59 -59 -49 -41
right_child=1 -3 11 4 5 -7 7 9 -10 10 -12 12 13 15 -16 -17 17 -19 19 20 -22 23 -24 -25 25 26 -28 28 -30 -31 31 -33 -34 37 35 36 -38 38 39 48 -42 42 43 44 -46 46 -48 60 56 50 52 53 -54 55 -56 -57 -58 58 -60 -61 -62 -63
leaf_value=0.00032514209685132682 0.0087367384228855382 0.00045784033606188345 0.00015303573361482897 0.010175559602920776 0.01719468082592357 0.0033223687577992678 0.0009495448386904015 0.0075789511669427162 -0.01757594754665413 0.004054562123378784 -0.0070472720345216141 -0.00050228488264144515 -0.00051854660246630996 0.0014921421798555039 -0.0085807249677600349 0.010901679242670071 -0.00089423061491403829 -0.011259770067893745 -0.020265045792912134 -0.012242600470781326 -0.0080695113382535065 0.009544563632119786 -0.0016206637463355847 0.0012550654619578458 -7.4392904910535775e-05 -0.00083795465325996101 0.00049376752371933167 0.0074625681118609816 0.013841906084769196 -0.0012765306539917261 0.0072389919842992508 0.020333856496175653 -0.00092266492907013475 -0.00044183676272254596 -0.015454906845698134 -0.016650053430348637 0.00098361228889924418 -0.00090066805431852123 -0.00046229428959938156 -9.9976640832546634e-05 -0.013356931612693837 0.018859188203350641 -0.0050701025798315967 -0.003182463639456293 0.015160767060782142 -0.017690967842160413 0.0064296715985983606 0.0054756764400129519 0.020098946699872614 -0.012110645228996873 -0.0062247469400366151 -0.0014859962453677631 0.010228639578398986 -0.0021886321188577889 -0.017189555349094526 0.0061635512291737232 0.00086933413243264843 -0.0026055416180973965 0.00045130939746022597 0.024593869056552649 0.015872138170936311 0.0076237730027270932
leaf_weight=597 40 57 11599 23 28 40 23 42 22 41 21 8671 1175 39 24 32 71 24 20 20 35 22 91 192 1283 96 709 52 31 89 49 38 67 1401 40 20 47 125 58 73 35 26 31 23 24 24 40 60 20 50 24 60 39 98 28 69 217 21 81 20 34 69
leaf_count=597 40 57 11599 23 28 40 23 42 22 41 21 8671 1175 39 24 32 71 24 20 20 35 22 91 192 1283 96 709 52 31 89 49 38 67 1401 40 20 47 125 58 73 35 26 31 23 24 24 40 60 20 50 24 60 39 98 28 69 217 21 81 20 34 69
internal_value=-1.97381e-05 0.00387182 -3.31606e-05 0.00121174 0.00341714 0.0090345 0.00119632 -0.000189738 -0.00810736 0.00323616 0.000294263 -7.13479e-05 -0.000237258 9.02867e-05 3.25996e-05 0.00573306 6.24681e-05 -0.00351289 0.000112228 -0.00165556 -0.000621701 0.000180371 -0.00353453 0.00210726 0.000216441 0.000805017 0.00180261 0.0040016 0.00542675 0.00454244 0.00705647 0.0129586 0.00274147 -0.000135945 -0.00118117 -0.00845764 -0.00428017 0.000351319 0.00117505 0.000387838 -0.00531511 0.00313189 0.00505582 0.00353511 0.00483638 0.0034674 -0.00261557 0.00679484 0.000998166 -0.000386148 -0.00194478 -0.00316459 0.00396068 -0.00141046 -0.00648258 0.00126227 0.00296474 0.00616687 0.00388293 0.0106625 0.0092361 0.00365311
internal_weight=28220 97 28123 837 240 68 172 149 45 104 62 27286 15687 7016 6945 71 6921 95 6826 380 360 325 111 214 6446 2414 1131 422 326 295 206 87 119 4032 1282 107 67 2750 1349 962 93 387 262 236 205 181 64 117 869 510 368 305 63 255 88 167 359 142 122 41 94 142
internal_count=28220 97 28123 837 240 68 172 149 45 104 62 27286 15687 7016 6945 71 6921 95 6826 380 360 325 111 214 6446 2414 1131 422 326 295 206 87 119 4032 1282 107 67 2750 1349 962 93 387 262 236 205 181 64 117 869 510 368 305 63 255 88 167 359 142 122 41 94 142
is_linear=0
shrinkage=0.05


Tree=126
num_leaves=63
num_cat=0
split_feature=109 10 112 109 72 25 83 100 44 87 114 16 114 100 64 82 112 68 48 114 114 66 70 51 104 94 114 113 46 16 54 87 41 114 64 79 77 17 57 52 49 114 42 48 72 8 114 52 114 8 63 28 62 114 113 49 22 68 17 17 100 77
split_gain=0.840406 0.53443 0.581588 0.456294 0.292755 0.519108 1.35925 1.18206 0.978007 1.08145 1.72821 2.43306 2.27908 1.03569 1.72601 1.67052 1.82962 1.64409 3.01998 2.3156 2.22645 1.72511 2.90575 2.07704 1.72454 1.96711 1.49363 1.33448 1.24191 1.29759 1.22978 0.828355 1.26722 0.999177 1.42754 1.66077 1.71518 1.22504 1.79909 1.70851 1.5991 1.81504 1.68587 1.41259 1.17297 1.03892 1.21108 0.974114 1.81128 1.58362 1.50898 5.88534 1.21314 1.58512 0.904504 0.869643 1.09272 0.86483 0.792823 0.735473 0.728323 0.717498
threshold=115.50000000000001 1.0000000180025095e-35 1.0000000180025095e-35 87.500000000000014 1.0000000180025095e-35 2.5000000000000004 1.0000000180025095e-35 2025.5000000000002 2.0000000000000004 1.0000000180025095e-35 19.500000000000004 3.5000000000000004 12.500000000000002 2025.5000000000002 2.5000000000000004 2.5000000000000004 1.0000000180025095e-35 2.0000000000000004 3.0000000000000004 14.500000000000002 10.500000000000002 2.0000000000000004 2.0000000000000004 2.5000000000000004 6.5000000000000009 2.0000000000000004 12.500000000000002 2.5000000000000004 2.0000000000000004 3.5000000000000004 2.0000000000000004 1.0000000180025095e-35 2.0000000000000004 10.500000000000002 2.5000000000000004 2.0000000000000004 2.5000000000000004 3.0000000000000004 4.0000000000000009 3.0000000000000004 4.0000000000000009 16.500000000000004 2.0000000000000004 3.0000000000000004 3.5000000000000004 2.0000000000000004 15.500000000000002 3.0000000000000004 19.500000000000004 2.0000000000000004 2.5000000000000004 2.0000000000000004 2.5000000000000004 11.500000000000002 3.5000000000000004 4.0000000000000009 3.0000000000000004 2.0000000000000004 3.0000000000000004 3.0000000000000004 2025.5000000000002 2.5000000000000004
decision_type=10 2 8 10 2 2 2 2 2 2 2 2 2 2 2 2 8 2 2 2 2 2 2 2 2 2 2 2 2 2 2 2 2 2 2 2 2 2 2 2 2 2 2 2 2 2 2 2 2 2 2 2 2 2 2 2 2 2 2 2 2 2
left_child=1 3 -3 4 -1 -6 8 -8 31 13 11 -11 -13 14 15 16 -10 18 19 20 -17 22 -20 -23 -19 -26 -25 -22 59 -30 -16 32 33 55 35 36 -35 38 -37 -39 -41 42 -42 -40 -38 -45 54 48 50 57 51 -33 53 -51 -47 -7 -57 -49 -59 -27 -46 -52
right_child=-2 2 -4 -5 5 6 7 -9 9 10 -12 12 -14 -15 30 17 -18 24 21 -21 27 23 -24 26 25 28 -28 -29 29 -31 -32 47 -34 34 -36 37 44 39 43 40 41 -43 -44 45 60 46 -48 49 -50 52 61 -53 -54 -55 -56 56 -58 58 -60 -61 -62 -63
leaf_value=0.00016006423429712621 0.0093336713577931128 0.0082999016204848893 0.00043494844964394973 -0.0047646227110104238 -0.0004241060283950644 -0.0059868849197433835 0.015310472808778286 0.0025141070601559972 0.0036445328667759898 -0.00076257736608712444 0.0088305796281649522 -0.0012286850339954809 -0.022562148703089466 0.00041883967282392473 0.00076405867484622986 0.0023633634840900253 -0.016125981983813372 -0.0038294542289804669 0.015667219384124988 -0.0029518954598137903 0.027555074636863238 -0.016013409292791041 -0.0061640623850481857 -0.010011469638266136 0.0028441406438475128 -0.00027636870217975231 0.0069869594332495968 0.010700999303093262 0.010726899773284209 0.023026570846402163 -0.014717793901977333 0.018522110305797392 -0.00023985270539984632 -0.0060566043814498129 0.0042532984421853274 -0.0029617203998813322 -0.0030358171979473396 -0.015041526670878134 -0.020797597494508539 0.0081260803896982814 -0.013502458920900493 0.0082562792884266888 0.0023650161823472724 -0.017475526633292989 0.01810415696236305 -0.0084224303157746112 -0.014600101029142165 0.012204560073506503 -0.0077770149335265161 -0.010238079207920237 0.015645577120253953 -0.015896639154568591 -0.013152575984613264 0.0037118883076410775 0.0056133701077972853 0.00011637910003151238 0.010767740458104528 0.0072163562173955149 -0.0059243893785275179 0.011753223819175254 0.004772038214529554 0.0065491871437584259
leaf_weight=11698 24 40 57 51 8938 41 26 59 25 107 26 21 31 3081 29 33 22 32 27 36 24 40 35 24 91 24 28 23 51 37 23 23 2340 51 51 88 22 24 35 38 47 23 26 27 20 22 26 27 25 32 41 27 29 56 24 122 30 24 22 27 21 46
leaf_count=11698 24 40 57 51 8938 41 26 59 25 107 26 21 31 3081 29 33 22 32 27 36 24 40 35 24 91 24 28 23 51 37 23 23 2340 51 51 88 22 24 35 38 47 23 26 27 20 22 26 27 25 32 41 27 29 56 24 122 30 24 22 27 21 46
internal_value=-1.87512e-05 -2.67119e-05 0.00367823 -3.95016e-05 -3.09099e-05 -0.000167547 0.000141833 0.00642829 6.89045e-05 0.000610855 -0.00312016 -0.00507437 -0.0139467 0.000796803 0.00264229 0.00342597 -0.00560975 0.00422424 0.00148616 0.00757903 0.0123179 -0.00310327 0.00334311 -0.00744757 0.00704593 0.00855903 -0.000858469 0.0193073 0.0123004 0.0158984 -0.00608368 -0.000546834 -0.000809599 -0.00261611 -0.00371093 -0.00453315 0.000759835 -0.00612105 -0.00851604 -0.00275593 -0.00055552 -0.00399199 -0.00785103 -0.0121637 0.0062779 -0.00911126 -0.00597466 0.00175087 0.00459941 -0.000677886 0.00685789 -6.40144e-05 -0.00428357 -0.00136083 -0.0010994 0.000475483 0.00221862 0.00510108 0.000931652 0.00609224 0.0112755 0.010836
internal_weight=28220 28196 97 28099 28048 16350 7412 85 7327 3897 185 159 52 3712 631 579 47 532 270 116 80 154 62 92 262 230 52 47 139 88 52 3430 3078 738 545 494 114 380 222 158 134 96 73 134 63 99 72 352 162 190 137 50 117 88 46 193 152 73 46 51 41 87
internal_count=28220 28196 97 28099 28048 16350 7412 85 7327 3897 185 159 52 3712 631 579 47 532 270 116 80 154 62 92 262 230 52 47 139 88 52 3430 3078 738 545 494 114 380 222 158 134 96 73 134 63 99 72 352 162 190 137 50 117 88 46 193 152 73 46 51 41 87
is_linear=0
shrinkage=0.05


Tree=127
num_leaves=63
num_cat=0
split_feature=109 10 19 103 46 110 55 14 68 94 97 100 100 11 28 94 0 100 15 44 72 25 83 44 44 113 94 41 12 28 46 67 79 77 113 63 8 54 52 11 104 64 40 65 17 67 113 67 100 76 59 62 11 48 28 113 113 48 113 40 100 113
split_gain=0.758466 0.482323 0.527864 0.519693 0.611022 0.466926 0.378856 0.513148 1.16464 1.01062 0.82868 0.793239 0.770773 0.657524 0.669544 0.600335 0.831627 0.718198 0.382018 0.340032 0.337928 0.452376 0.736187 1.47959 0.876395 0.796261 1.51762 0.9335 1.42142 1.1364 1.65986 1.36135 1.04372 1.37193 1.0468 1.01336 1.43397 0.971653 0.965191 1.30471 0.832615 1.79344 1.05104 1.17994 1.1175 2.39009 1.12763 0.884071 1.0788 1.29814 0.79383 0.987274 1.63737 2.35258 1.58816 1.24876 1.00807 3.67188 1.7249 1.00449 0.905874 1.10574
threshold=115.50000000000001 1.0000000180025095e-35 3.5000000000000004 1.0000000180025095e-35 2.0000000000000004 87.500000000000014 3.0000000000000004 2.0000000000000004 2.0000000000000004 4.0000000000000009 1.5000000000000002 2022.5000000000002 2023.5000000000002 2.0000000000000004 2.0000000000000004 4.0000000000000009 1.0000000180025095e-35 2025.5000000000002 3.0000000000000004 2.0000000000000004 1.0000000180025095e-35 2.5000000000000004 1.0000000180025095e-35 2.0000000000000004 2.0000000000000004 5.5000000000000009 4.0000000000000009 2.0000000000000004 1.0000000180025095e-35 2.0000000000000004 2.0000000000000004 2.5000000000000004 2.0000000000000004 1.5000000000000002 2.5000000000000004 2.5000000000000004 2.0000000000000004 2.0000000000000004 3.0000000000000004 2.0000000000000004 7.5000000000000009 2.5000000000000004 3.5000000000000004 2.0000000000000004 3.0000000000000004 2.5000000000000004 2.5000000000000004 2.5000000000000004 2023.5000000000002 3.5000000000000004 1.0000000180025095e-35 2.5000000000000004 2.0000000000000004 3.0000000000000004 2.0000000000000004 3.5000000000000004 3.5000000000000004 3.0000000000000004 4.5000000000000009 3.5000000000000004 2025.5000000000002 2.5000000000000004
decision_type=10 2 2 8 2 10 2 2 2 2 2 2 2 2 2 2 2 2 2 2 2 2 2 2 2 2 2 2 2 2 2 2 2 2 2 2 2 2 2 2 2 2 2 2 2 2 2 2 2 2 2 2 2 2 2 2 2 2 2 2 2 2
left_child=1 5 -3 4 -4 6 7 8 9 -1 11 -9 -13 14 15 16 -14 -17 -12 -15 -8 -22 24 -24 25 27 -27 28 32 30 31 -30 33 -23 -35 -31 -37 -36 -32 -40 -34 42 44 47 46 -46 -42 48 -44 -50 51 56 55 -54 59 60 -26 -58 -59 -55 61 -53
right_child=-2 2 3 -5 -6 -7 20 10 -10 -11 18 12 13 19 -16 17 -18 -19 -20 -21 21 22 23 -25 50 26 -28 -29 29 35 38 -33 40 34 37 36 -38 -39 39 -41 41 -43 43 -45 45 -47 -48 -49 49 -51 -52 52 53 54 -56 -57 57 58 -60 -61 -62 -63
leaf_value=-0.00091299207601696253 0.0088669879439597331 -0.0035225338967783113 0.0020255390311712802 -0.0008432202648533427 0.012857619673013687 -0.0066096137935312957 0.00014146481149177016 0.0089299919128063183 0.0065821914700791243 -0.012521161019491654 -0.00073837634840014359 -0.0066021518495220409 0.0016812767145312089 0.010722267394885422 0.0072015470078137401 -0.0091792450802724648 0.011131390929222107 0.00015282790017449977 -0.0074893431379817995 0.0027520093742920007 -0.00045653031998548832 -0.0050881961326960899 0.012894938637812934 -0.0015768334061201468 0.00023252479821021986 0.01385401524603367 -0.0027599183709493707 -0.00014094664104756586 0.0047653596245628947 -0.0091733066818198636 0.017418950151365537 -0.010787989256399063 -0.0006447395500849822 -0.0013371813894223631 0.00086051953723654162 0.006939573687585918 -0.0063199743824569809 0.015290050108784013 0.014243592849816196 -0.0036005225387357532 -0.001765415736913888 0.0053140353678506527 -0.00062653950343911468 -0.0020988867181586102 0.014948079247205032 -0.0050942846539649457 -0.012675415903795513 -0.018209447530217662 -0.023220870941877365 -0.0076195603521773602 -0.0089114358410535555 0.0072388988404002569 -0.0052147640572751276 0.022112604837726663 0.0030822917959600123 -0.0070462581073946276 0.0027565245465489062 -0.020442516548145148 -0.0031375342630781235 0.0098618148423900657 0.00087292786859405119 -0.0050221624445508824
leaf_weight=50 24 21 23 23 30 27 11583 42 28 30 108 26 169 32 48 23 27 199 26 23 8654 71 33 38 2089 27 28 2298 34 37 26 24 109 45 20 44 38 28 20 21 45 34 26 40 21 51 50 39 20 40 22 112 34 27 53 46 82 36 24 44 1106 22
leaf_count=50 24 21 23 23 30 27 11583 42 28 30 108 26 169 32 48 23 27 199 26 23 8654 71 33 38 2089 27 28 2298 34 37 26 24 109 45 20 44 38 28 20 21 45 34 26 40 21 51 50 39 20 40 22 112 34 27 53 46 82 36 24 44 1106 22
internal_value=-1.78137e-05 -2.53763e-05 0.00349432 0.00543318 0.00815691 -3.75265e-05 -3.12054e-05 0.00102047 -0.00219429 -0.00526606 0.00150068 0.00230808 0.00179964 0.00221892 0.00160869 0.000966444 0.00298308 -0.000814008 -0.00204827 0.00738925 -6.32873e-05 -0.000214753 8.39832e-05 0.00514948 3.2108e-05 -0.000568761 0.00539601 -0.000671893 -0.00205368 0.00119276 0.00452211 -0.00167051 -0.00329332 0.000145712 0.00414149 -0.00230445 0.000794905 0.00927775 0.00988289 0.00510392 -0.00448069 -0.00562309 -0.00674315 -0.00957342 -0.00394679 0.000751405 -0.00750752 -0.0119653 -0.0091336 -0.01282 0.000558051 0.000614739 0.00163339 0.00643683 0.00963163 0.00104323 -4.45774e-05 -0.0041211 -0.0135205 0.0145206 0.00134333 0.00522589
internal_weight=28220 28196 97 76 53 28099 28072 831 108 80 723 589 547 521 466 418 196 222 134 55 27241 15658 7004 71 6933 3236 55 3181 883 244 125 58 639 164 93 119 82 48 67 41 475 366 332 165 167 72 95 125 86 60 3697 3675 1444 158 124 1286 2231 142 60 71 1240 134
internal_count=28220 28196 97 76 53 28099 28072 831 108 80 723 589 547 521 466 418 196 222 134 55 27241 15658 7004 71 6933 3236 55 3181 883 244 125 58 639 164 93 119 82 48 67 41 475 366 332 165 167 72 95 125 86 60 3697 3675 1444 158 124 1286 2231 142 60 71 1240 134
is_linear=0
shrinkage=0.05


Tree=128
num_leaves=63
num_cat=0
split_feature=109 10 112 110 55 24 102 65 14 111 8 97 113 103 70 111 21 61 14 110 9 46 72 25 83 44 44 113 113 70 100 62 113 67 61 100 46 100 109 48 82 9 113 46 62 91 61 103 91 68 63 113 100 41 61 28 100 70 28 8 22 100
split_gain=0.684516 0.435296 0.512344 0.421401 0.341917 0.484568 0.531628 0.54988 1.1239 0.86812 0.929349 0.807577 0.783602 1.26037 0.673215 0.547946 0.452339 0.746608 0.332574 0.332775 0.99887 0.331135 0.30498 0.40827 0.664408 1.33533 0.790946 0.727335 2.38755 2.23776 1.61714 1.58434 1.31396 1.84136 1.1207 0.816836 1.37553 0.776024 1.62062 1.45226 1.24709 0.968244 2.08453 1.13118 1.00019 1.18113 1.21441 0.930285 1.08782 1.07522 0.772429 0.718626 1.23216 0.842483 0.870729 0.879554 1.80049 0.872732 1.13681 1.63521 1.56404 1.29247
threshold=115.50000000000001 1.0000000180025095e-35 1.0000000180025095e-35 87.500000000000014 3.0000000000000004 2.5000000000000004 inf 2.0000000000000004 2.0000000000000004 3.5000000000000004 2.0000000000000004 1.5000000000000002 1.5000000000000002 1.0000000180025095e-35 2.0000000000000004 6.5000000000000009 2.5000000000000004 3.5000000000000004 2.0000000000000004 7.7500000000000009 1.0000000180025095e-35 2.0000000000000004 1.0000000180025095e-35 2.5000000000000004 1.0000000180025095e-35 2.0000000000000004 2.0000000000000004 3.5000000000000004 4.5000000000000009 2.0000000000000004 2022.5000000000002 2.5000000000000004 5.5000000000000009 2.5000000000000004 3.5000000000000004 2024.5000000000002 2.0000000000000004 2025.5000000000002 16.500000000000004 3.0000000000000004 2.5000000000000004 1.0000000180025095e-35 2.5000000000000004 2.0000000000000004 2.5000000000000004 2.0000000000000004 2.5000000000000004 1.0000000180025095e-35 2.0000000000000004 2.0000000000000004 2.5000000000000004 5.5000000000000009 2023.5000000000002 2.0000000000000004 2.5000000000000004 2.0000000000000004 2025.5000000000002 2.0000000000000004 2.0000000000000004 2.0000000000000004 3.0000000000000004 2025.5000000000002
decision_type=10 2 8 10 2 2 8 2 2 10 2 2 2 10 2 10 2 2 2 10 2 2 2 2 2 2 2 2 2 2 2 2 2 2 2 2 2 2 8 2 2 2 2 2 2 2 2 10 2 2 2 2 2 2 2 2 2 2 2 2 2 2
left_child=1 3 -3 4 5 18 7 8 -7 10 -9 12 -10 15 -11 -14 -15 -18 -1 -20 -21 -19 -6 -24 26 -26 51 30 29 35 -28 -31 33 34 -30 -29 -37 38 39 -32 -40 43 44 -42 47 46 -46 48 50 -50 -43 53 -53 54 55 -25 -57 -56 60 -60 61 -59
right_child=-2 2 -4 -5 22 6 -8 9 11 14 -12 -13 13 16 -16 -17 17 21 19 20 -22 -23 23 24 25 -27 27 28 32 31 37 -33 -34 -35 -36 36 -38 -39 40 -41 41 42 -44 -45 45 -47 -48 -49 49 -51 -52 52 -54 -55 57 56 -58 58 59 -61 -62 -63
leaf_value=-0.0049926495056991519 0.0084236385300755501 0.0076574310008436439 0.00027550947811585247 -0.0062791331386607557 0.00013439157007055734 -0.0067634925821847798 -0.0011162140505874287 0.017668907741165678 -0.0010163978878724373 -0.003759747080039233 0.0049965042922383131 -0.0043337484342711313 0.018958536293357614 0.009575655264779926 0.0062075006982518569 0.0078550259917974478 -0.0043961525256080288 0.0095321817708874899 -0.00081966218058036888 0.011297025697548754 -0.003141109712421894 0.0014353558088519745 -0.00043370381257066263 -0.0023353709091797552 0.012250191687295835 -0.0014979918816702834 0.013670082633931694 -0.0065753257212539514 0.0056491587295507397 -0.022981962040066722 0.0207652515985749 -0.0061828468809835618 -0.0063522443291731184 -0.0031168807297945024 0.019831939501902804 -0.0049093875661492354 0.0083746876347025757 0.00035676573765984791 -0.00703902306329263 0.0031511856019496918 0.002253115940839052 -0.0032446436071768407 -0.0078369294777512546 0.018206622591242196 -0.0036843979997294289 0.017111724651961899 0.010286045596003532 -0.0090753863961435862 -0.010863929893821478 0.0046899820584803825 0.0078143489708503086 0.014291944303973157 -0.00098427615311899867 -0.0001338993137079505 -0.0022963147997622285 -0.018310525050506957 -0.0027203626363505309 0.011514456709846854 -0.011403504108517048 0.0028090357319451868 -0.0069850434888697535 9.1228004221193275e-05
leaf_weight=38 24 40 57 27 11583 36 115 23 59 32 39 35 20 20 36 25 35 23 219 23 25 28 8654 139 33 38 24 51 30 25 22 32 24 30 26 40 38 2950 38 25 25 20 50 20 28 24 35 20 25 20 75 22 33 2298 454 31 46 65 34 50 24 40
leaf_count=38 24 40 57 27 11583 36 115 23 59 32 39 35 20 20 36 25 35 23 219 23 25 28 8654 139 33 38 24 51 30 25 22 32 24 30 26 40 38 2950 38 25 25 20 50 20 28 24 35 20 25 20 75 22 33 2298 454 31 46 65 34 50 24 40
internal_value=-1.6923e-05 -2.41075e-05 0.0033196 -3.56502e-05 -2.96452e-05 0.000969445 0.00188884 0.00272968 0.00148573 0.00541851 0.00969756 0.00269786 0.00386979 0.00577897 0.00151703 0.0127899 0.00280262 0.0012275 -0.00061614 6.73345e-06 0.00377716 0.00508687 -6.01229e-05 -0.000204015 7.9784e-05 0.00489201 3.05026e-05 0.000530149 -0.00184708 -0.00530043 0.000737046 -0.0135509 0.00399223 0.00687906 0.012234 -0.00165488 0.00156234 0.000645132 0.00263736 0.0113961 0.00155405 0.00250883 0.00147327 0.00934356 0.00335792 0.00767276 0.00407696 0.00101173 0.00245275 -0.00395108 0.00548614 -0.000540323 0.00512621 -0.000638298 -0.00195099 -0.00471009 -0.00899692 -0.00105749 0.00158301 -0.00294366 0.0045306 0.00716275
internal_weight=28220 28196 97 28099 28072 831 526 411 281 130 62 245 210 151 68 45 106 86 305 267 48 51 27241 15658 7004 71 6933 3697 296 186 3401 57 110 86 56 129 78 3377 427 47 380 342 297 45 247 87 63 160 140 45 95 3236 55 3181 883 216 77 667 213 84 129 105
internal_count=28220 28196 97 28099 28072 831 526 411 281 130 62 245 210 151 68 45 106 86 305 267 48 51 27241 15658 7004 71 6933 3697 296 186 3401 57 110 86 56 129 78 3377 427 47 380 342 297 45 247 87 63 160 140 45 95 3236 55 3181 883 216 77 667 213 84 129 105
is_linear=0
shrinkage=0.05


Tree=129
num_leaves=63
num_cat=0
split_feature=109 110 110 88 0 101 107 108 61 81 113 8 72 110 94 67 113 62 17 11 110 70 113 48 114 61 48 77 85 113 79 101 101 44 46 114 22 112 102 68 114 46 65 43 84 46 43 109 114 46 12 106 44 101 66 79 43 101 94 110 32 108
split_gain=0.617775 0.38172 0.263599 0.253009 1.16415 1.56483 0.355416 0.454446 0.322164 0.956848 0.93127 1.33867 2.47169 2.05254 1.38212 3.02197 1.37385 2.24302 1.11952 1.0266 1.01448 0.890081 1.04898 0.845618 0.754676 1.33297 1.09158 0.849935 1.12821 0.816259 1.62568 1.29403 1.14677 0.871422 0.846669 0.79121 1.16874 0.776748 0.633403 0.736964 1.11236 0.826715 0.810615 1.22992 0.714339 0.65067 0.690449 0.59903 0.523019 0.474487 0.766747 3.51062 0.574718 1.26066 1.30098 1.95841 1.81905 0.99896 0.981542 0.844948 1.01066 0.654864
threshold=115.50000000000001 87.500000000000014 0.75000000000000011 1.0000000180025095e-35 1.0000000180025095e-35 1.0000000180025095e-35 56.500000000000007 54.500000000000007 3.5000000000000004 1.0000000180025095e-35 2.5000000000000004 2.0000000000000004 3.5000000000000004 11.250000000000002 2.0000000000000004 2.5000000000000004 4.5000000000000009 2.5000000000000004 3.0000000000000004 2.0000000000000004 23.250000000000004 2.0000000000000004 3.5000000000000004 3.0000000000000004 6.5000000000000009 4.5000000000000009 3.0000000000000004 2.5000000000000004 1.0000000180025095e-35 3.5000000000000004 2.0000000000000004 1.0000000180025095e-35 1.0000000180025095e-35 2.0000000000000004 2.0000000000000004 11.500000000000002 3.0000000000000004 inf inf 2.0000000000000004 14.500000000000002 2.0000000000000004 2.0000000000000004 2.0000000000000004 1.0000000180025095e-35 2.0000000000000004 2.0000000000000004 74.500000000000014 9.5000000000000018 2.0000000000000004 1.0000000180025095e-35 1.0000000180025095e-35 2.0000000000000004 1.0000000180025095e-35 2.0000000000000004 2.0000000000000004 2.0000000000000004 1.0000000180025095e-35 2.0000000000000004 22.250000000000004 3.0000000000000004 16.500000000000004
decision_type=10 10 8 2 2 2 10 10 2 2 2 2 2 8 2 2 2 2 2 2 10 2 2 2 2 2 2 2 2 2 2 2 2 2 2 2 2 8 8 2 2 2 2 2 2 2 2 10 2 2 2 2 2 2 2 2 2 2 2 8 2 10
left_child=1 2 -1 6 5 -5 7 8 47 10 19 12 13 -12 15 -14 17 -16 -18 49 24 23 -23 -15 25 -13 29 28 37 32 31 -31 -26 34 -32 -30 -37 -28 39 41 42 44 43 -41 -29 -42 -47 -4 -49 -10 52 -52 57 61 55 -55 58 -51 -56 -59 -61 -54
right_child=-2 -3 3 4 -6 -7 -8 -9 9 -11 11 20 14 21 16 -17 18 -19 -20 -21 -22 22 -24 -25 26 -27 27 38 35 30 33 -33 -34 -35 -36 36 -38 -39 -40 40 45 -43 -44 -45 -46 46 -48 48 -50 50 51 -53 53 54 56 -57 -58 59 -60 60 -62 -63
leaf_value=-0.0020801697442286902 0.0080024566811819874 -0.005965176619658316 -6.5908264331581342e-05 -0.0010122578526635254 0.0089916452144583065 -0.012859785209184339 -0.00572482098596757 0.0068918882442327847 -0.00033516867348501233 -0.010569124853354879 0.01282500685615973 0.0013782861356862429 0.0092460891996056609 0.0055345653471621601 0.021770612996719455 -0.014659189764061012 -0.0041944803961087018 0.0063971681235244077 0.0099981083619323646 -0.0085874983465627722 0.0104168407007528 -0.0020368000438723429 -0.016695660457986854 -0.0063969035184493778 -0.001287282973589754 -0.01272051321497808 0.0084779919079709352 0.007858340276612176 -0.012680163535035469 -0.00017678644282803421 0.001201466273403529 -0.0160325566645373 -0.012345311355248497 -0.0025219854626006314 0.012083342691095404 -0.0069048872793485462 0.0075761934297836637 -0.0024437208004571775 -0.0026529427445105593 0.011131194604095071 0.0018045779035398453 0.0025397026663025223 -0.00969031456519257 -0.006000764862718908 0.020325694389175628 0.017299109880696051 0.004462976193754002 -0.00032850826042704287 -0.011626365867310338 9.706290668757303e-05 -0.0049267256224993618 0.021763777233321558 0.00043888089718920081 0.0094228708275383519 -0.0054911064635962256 -0.0078346507623791705 0.017521794720624501 -0.012289456035866734 0.0096542556648669051 -0.0070908182194190372 0.0069989623129367825 0.0095654409541748465
leaf_weight=154 24 27 22061 216 24 32 27 24 2436 20 22 38 39 33 46 20 24 49 33 34 25 26 23 27 64 30 41 27 22 31 33 22 37 35 39 38 22 27 30 20 33 30 22 22 20 22 20 20 21 564 28 22 1140 31 20 35 39 31 23 35 20 20
leaf_count=154 24 27 22061 216 24 32 27 24 2436 20 22 38 39 33 46 20 24 49 33 34 25 26 23 27 64 30 41 27 22 31 33 22 37 35 39 38 22 27 30 20 33 30 22 22 20 22 20 20 21 564 28 22 1140 31 20 35 39 31 23 35 20 20
internal_value=-1.60768e-05 -2.29021e-05 -1.72064e-05 -5.8662e-06 -0.00152339 -0.00254097 9.01199e-06 1.45977e-05 8.63732e-06 0.000347748 0.000386947 0.00169616 0.00428863 -0.00110597 0.00763788 0.0011426 0.0101591 0.0138412 0.00402228 6.76831e-05 0.000513997 -0.00391773 -0.00891749 0.000165404 0.00017252 -0.00484177 0.000691503 0.00234608 -0.000620372 -0.00181889 0.000402704 -0.00675843 -0.00533824 0.00394981 0.00709582 -0.00456918 -0.00159516 0.00414143 0.00415489 0.00510042 0.0029267 0.00902442 -0.00191531 0.00215731 0.0131636 0.00705855 0.0111867 -7.71299e-05 -0.00611522 0.000133902 0.000702954 0.0068171 0.000546821 0.00115069 0.00549643 0.000271155 0.00970214 -0.000668352 0.0026099 -0.00568805 -0.00196726 0.000596235
internal_weight=28220 28196 28169 28015 272 248 27743 27716 27692 5590 5570 1092 342 131 211 59 152 95 57 4478 750 109 49 60 725 68 657 396 150 261 160 53 101 107 72 82 60 68 246 216 139 77 64 42 47 75 42 22102 41 4444 2008 50 1958 1308 148 66 82 650 43 86 55 1160
internal_count=28220 28196 28169 28015 272 248 27743 27716 27692 5590 5570 1092 342 131 211 59 152 95 57 4478 750 109 49 60 725 68 657 396 150 261 160 53 101 107 72 82 60 68 246 216 139 77 64 42 47 75 42 22102 41 4444 2008 50 1958 1308 148 66 82 650 43 86 55 1160
is_linear=0
shrinkage=0.05


Tree=130
num_leaves=63
num_cat=0
split_feature=107 108 109 114 111 52 114 114 66 42 10 19 79 9 57 106 41 59 100 72 113 14 79 44 49 77 67 70 24 100 109 44 48 111 74 102 94 87 100 63 54 111 70 114 93 103 111 106 93 114 114 48 62 94 57 66 108 55 16 114 63 42
split_gain=0.416815 0.639977 0.634559 1.56066 0.463227 0.664923 1.32229 1.62981 0.452963 0.639642 0.369376 0.609919 0.51747 0.730095 0.353173 0.319514 0.310336 0.641383 0.499191 1.47604 2.53577 1.31486 1.99592 1.36789 1.75675 1.19933 0.866734 0.58905 0.496485 0.676338 1.14534 1.40429 1.57257 0.826556 1.16355 0.452727 0.478557 1.05028 1.37374 1.96589 1.26375 1.34885 1.24969 0.939186 0.92745 0.913128 1.73492 2.57432 3.26629 2.4592 2.08384 2.39593 1.33605 1.10492 0.748089 1.18898 0.635494 0.622545 0.59174 0.508012 0.470154 0.439412
threshold=56.500000000000007 54.500000000000007 92.500000000000014 6.5000000000000009 1.5000000000000002 3.0000000000000004 7.5000000000000009 11.500000000000002 2.0000000000000004 2.0000000000000004 1.0000000180025095e-35 3.5000000000000004 2.0000000000000004 2.5000000000000004 2.0000000000000004 1.0000000180025095e-35 3.5000000000000004 1.0000000180025095e-35 2022.5000000000002 3.5000000000000004 4.5000000000000009 4.0000000000000009 2.0000000000000004 2.0000000000000004 4.0000000000000009 2.5000000000000004 2.5000000000000004 2.0000000000000004 2.5000000000000004 2025.5000000000002 20.500000000000004 2.0000000000000004 3.0000000000000004 4.5000000000000009 2.5000000000000004 1.0000000180025095e-35 4.0000000000000009 1.0000000180025095e-35 2025.5000000000002 2.5000000000000004 2.0000000000000004 1.5000000000000002 2.0000000000000004 13.500000000000002 3.0000000000000004 1.0000000180025095e-35 1.5000000000000002 1.0000000180025095e-35 3.0000000000000004 12.500000000000002 14.500000000000002 3.0000000000000004 2.5000000000000004 2.0000000000000004 4.0000000000000009 2.0000000000000004 16.500000000000004 3.0000000000000004 2.5000000000000004 13.500000000000002 2.5000000000000004 2.0000000000000004
decision_type=10 10 10 2 8 2 2 2 2 2 2 2 2 2 2 2 2 2 2 2 2 2 2 2 2 2 2 2 2 2 10 2 2 8 2 8 2 2 2 2 2 10 2 2 2 10 10 2 2 2 2 2 2 2 2 2 10 2 2 2 2 2
left_child=1 2 4 -4 5 6 8 -8 9 14 16 -12 -13 -14 -1 -7 17 18 19 20 -6 22 -21 24 -23 -26 -27 -25 29 30 31 33 -33 -18 -35 -30 45 38 39 54 41 42 43 -41 -44 53 47 49 50 -47 51 -49 58 56 55 -38 57 60 -51 -50 -37 -42
right_child=-2 -3 3 -5 10 15 7 -9 -10 -11 11 12 13 -15 -16 -17 28 -19 -20 21 -22 23 -24 27 25 26 -28 -29 35 -31 -32 32 -34 34 -36 36 37 -39 -40 40 61 -43 44 -45 -46 46 -48 48 59 52 -52 -53 -54 -55 -56 -57 -58 -59 -60 -61 -62 -63
leaf_value=0.011606094626371157 -0.0056381294461475178 0.0079807941354811188 -0.0036715487877909954 0.013065165864924592 0.0022128432307664944 -0.0023151434502812519 0.016391340153593875 0.00023491072847887321 -0.0031367541713754037 -0.0018548067679350626 -0.0046726925554685297 0.011596470978111029 0.0096469841187908547 -0.0024275643180214591 0.0025409069522062226 0.0044999592715785621 0.003186308825388551 -0.0070232163125183433 2.8288049633023993e-05 -0.0028920668261972343 -0.019503310037689518 -0.013202690034477899 0.015294852041279228 0.003475111384729022 -0.0069545830866055832 0.0010050219937080616 0.013475565409118479 0.013357333794236185 -0.0071715718727897518 -0.00061210435894989773 -0.013220667204371206 0.012822473269921761 -0.002959379830128072 -0.013035059177006285 -0.00048258512436101834 0.010962097310799767 -0.014894071146845817 0.0080351406129609265 -0.00019897245553852127 0.0073513123579323301 -0.003986774802207947 -0.0043486702506925212 0.0036142336099874231 -0.0073194104169184973 0.018491170589219442 0.025088662584312263 -0.0033134909763629008 -0.0097594227089926044 -0.0022853198425414468 0.0065615327842533586 0.016545923905422182 0.010771212615072728 0.01598238920291456 0.011539143091067672 -0.015938480379003469 -0.00061733700468071873 0.0070350333997339478 -0.00014877081661212967 -0.0043818138007606774 -0.011308191229517643 0.0011152973088125388 -0.013930001601111144
leaf_weight=22 33 25 26 30 41 95 37 27 47 36 20 22 21 31 21 21 20 32 18513 22 20 26 48 38 28 38 22 25 22 3208 27 27 38 48 30 22 25 35 1860 20 25 64 20 24 22 24 86 27 26 30 35 30 26 21 33 35 32 2791 21 39 27 20
leaf_count=22 33 25 26 30 41 95 37 27 47 36 20 22 21 31 21 21 20 32 18513 22 20 26 48 38 28 38 22 25 22 3208 27 27 38 48 30 22 25 35 1860 20 25 64 20 24 22 24 86 27 26 30 35 30 26 21 33 35 32 2791 21 39 27 20
internal_value=-2.20871e-05 -1.5509e-05 -2.26108e-05 0.00529455 -3.32099e-05 0.00190155 0.00372271 0.00957535 0.000749942 0.00306228 -5.45162e-05 0.00307448 0.0051683 0.0024487 0.00717891 -0.00108137 -6.51371e-05 4.94767e-05 6.15019e-05 0.00205789 -0.00490721 0.00377802 0.00957896 0.00148386 -0.00178373 0.00159006 0.00557755 0.00739663 -0.000309573 -0.000783777 -0.00368233 -0.00210236 0.00359616 -0.00588198 -0.00820718 -1.34791e-05 1.55759e-05 -0.000556537 -0.000696532 -0.00390994 -0.00105709 0.00114757 0.0052378 -0.0006509 0.0114069 0.000401403 0.00283674 0.00488682 0.000880901 0.0111138 0.00694282 0.00104617 0.00675805 0.000111823 -0.0098917 -0.00656598 2.82663e-05 -5.06832e-05 0.00205545 -0.00769904 0.00553631 -0.00840599
internal_weight=28207 28174 28149 56 28093 306 190 64 126 79 27787 94 74 52 43 116 27693 18853 18821 308 61 247 70 177 114 88 60 63 8840 3398 190 163 65 98 78 5442 5420 2183 2148 288 195 150 86 44 42 3237 344 258 157 101 92 57 77 2893 93 60 2872 2840 51 65 49 45
internal_count=28207 28174 28149 56 28093 306 190 64 126 79 27787 94 74 52 43 116 27693 18853 18821 308 61 247 70 177 114 88 60 63 8840 3398 190 163 65 98 78 5442 5420 2183 2148 288 195 150 86 44 42 3237 344 258 157 101 92 57 77 2893 93 60 2872 2840 51 65 49 45
is_linear=0
shrinkage=0.05


Tree=131
num_leaves=63
num_cat=0
split_feature=107 108 109 114 111 65 107 66 106 102 14 10 19 114 111 41 59 100 72 113 54 114 16 106 77 43 14 103 24 100 17 111 94 111 111 28 102 106 40 113 15 100 113 57 68 66 40 21 109 114 103 102 109 107 107 32 109 46 35 91 61 63
split_gain=0.37775 0.620921 0.57269 1.40849 0.418062 0.761084 1.05123 0.933183 1.07374 0.382594 2.32676 0.333362 0.550452 0.493278 0.326939 0.280078 0.578848 0.45052 1.33213 2.28853 1.26722 1.26213 2.47403 1.18212 1.58258 1.01941 0.952086 0.448169 0.568349 0.785304 1.31589 1.18177 0.79459 0.709392 0.56107 0.56063 1.7894 1.53396 1.48108 2.03583 0.944636 1.44571 0.540988 1.49214 0.676176 0.812758 0.671907 0.508473 0.429169 1.30216 0.404926 0.754695 0.57271 0.859381 0.64412 1.6802 0.776422 0.593423 0.824375 1.17321 0.890048 0.882244
threshold=55.500000000000007 54.500000000000007 92.500000000000014 6.5000000000000009 1.5000000000000002 2.0000000000000004 19.500000000000004 2.0000000000000004 1.0000000180025095e-35 1.0000000180025095e-35 2.0000000000000004 1.0000000180025095e-35 3.5000000000000004 13.500000000000002 5.5000000000000009 3.5000000000000004 1.0000000180025095e-35 2022.5000000000002 3.5000000000000004 4.5000000000000009 2.0000000000000004 12.500000000000002 3.5000000000000004 1.0000000180025095e-35 2.5000000000000004 2.0000000000000004 4.0000000000000009 1.0000000180025095e-35 2.5000000000000004 2025.5000000000002 3.0000000000000004 5.5000000000000009 4.0000000000000009 5.5000000000000009 7.5000000000000009 2.0000000000000004 1.0000000180025095e-35 1.0000000180025095e-35 3.5000000000000004 2.5000000000000004 3.0000000000000004 2025.5000000000002 2.5000000000000004 4.0000000000000009 2.0000000000000004 2.0000000000000004 3.5000000000000004 2.5000000000000004 38.500000000000007 12.500000000000002 1.0000000180025095e-35 1.0000000180025095e-35 10.500000000000002 3.5000000000000004 9.5000000000000018 3.0000000000000004 17.500000000000004 2.0000000000000004 2.0000000000000004 2.0000000000000004 4.5000000000000009 2.5000000000000004
decision_type=10 10 10 2 8 2 8 2 2 10 2 2 2 2 10 2 2 2 2 2 2 2 2 2 2 2 2 8 2 2 2 8 2 10 10 2 10 2 2 2 2 2 2 2 2 2 2 2 10 2 8 8 8 8 8 2 10 2 2 2 2 2
left_child=1 2 4 -4 5 6 -1 8 9 -8 -11 15 -13 14 -14 16 17 18 19 -6 23 25 -23 24 -20 -22 -25 28 29 30 31 -17 33 -33 35 42 -37 38 -38 -40 47 -42 -29 44 45 -44 -45 -39 -30 -50 52 -52 53 -19 55 56 -54 -55 59 -59 61 -61
right_child=-2 -3 3 -5 11 -7 7 -9 -10 10 -12 12 13 -15 -16 27 -18 50 20 -21 21 22 -24 26 -26 -27 -28 34 48 -31 -32 32 -34 -35 -36 36 37 40 39 -41 41 -43 43 46 -46 -47 -48 -49 49 -51 51 -53 54 57 -56 -57 -58 58 -60 60 -62 -63
leaf_value=-0.0081300972798999289 -0.0052880727685987953 0.0080242904776241641 -0.0034879713784903288 0.012411907787124317 0.00210220092544105 0.01016652429685928 0.000539235600182211 -0.0020780043825321961 0.013032412079387698 0.018966166209429505 -0.003718034851436432 -0.0044390578457387166 -0.0015430134854146414 0.010625042639672757 0.0067100056580134812 0.0011876573041081429 -0.0066720552071274147 -0.0020370696536838053 0.011358481330367235 -0.018528145044110718 0.00039361135661602023 -0.012589259710736002 0.004212331360206008 0.019614148030702314 -0.0054954098413387935 0.015538449510931968 0.0066400244381398929 0.00024112444378628463 -0.00027726639997440936 -0.0009709746781847424 0.0038769206340315155 -0.020909432541917673 -0.0038488011636460826 -0.0092460685875266797 -0.0014203691597333913 -0.00017077561231645843 0.0012200183909514854 0.01323077715933323 0.005135920875805563 0.02359720548411133 -0.0069157646800530092 0.0077781015935425579 -0.0027701217727735643 -0.0036321487165987495 -0.0064821856556986669 0.0081765565298831996 -0.014909665572590061 0.0022278255428231897 -0.0013998771402319629 0.011121335061210574 0.0092048781613508872 -0.00028727307034331564 0.0066445122007280592 0.00056827605696367959 3.5249137915586999e-05 0.016646017817159495 -0.0035433487676911888 0.0018020368868673451 -0.0061843167766928676 0.0055190666820271878 -0.0018725643400102855 0.014333694422781595
leaf_weight=28 34 24 26 30 41 25 90 88 29 20 26 20 28 25 21 30 32 187 26 20 25 39 50 26 30 20 31 2307 3196 1849 34 22 30 32 496 406 29 21 28 32 47 26 30 25 23 39 28 21 56 33 21 7361 32 679 9549 21 45 445 25 80 24 44
leaf_count=28 34 24 26 30 41 25 90 88 29 20 26 20 28 25 21 30 32 187 26 20 25 39 50 26 30 20 31 2307 3196 1849 34 22 30 32 496 406 29 21 28 32 47 26 30 25 23 39 28 21 56 33 21 7361 32 679 9549 21 45 445 25 80 24 44
internal_value=-2.09827e-05 -1.46262e-05 -2.14803e-05 0.00502982 -3.15494e-05 0.00180648 0.0010627 0.00208008 0.00429773 0.00243519 0.00614466 -5.17904e-05 0.00292075 0.00490989 0.00199399 -6.18803e-05 4.70029e-05 5.84268e-05 0.001955 -0.00466185 0.00358912 0.000300334 -0.00315016 0.00748909 0.00232961 0.00712465 0.012558 -0.000294094 -0.000586287 -0.00125149 -0.00475609 -0.00733084 -0.0103732 -0.0139978 0.000139677 0.000392382 0.00174882 0.0055692 0.0104977 0.0149819 0.00175496 -0.00168233 5.49313e-05 -0.00290747 0.000942302 0.00341713 -0.00959008 0.0077293 -0.000181897 0.00324282 2.68736e-05 -0.00026027 0.000217305 0.00113173 7.66388e-05 0.00410959 0.000690567 0.00158861 0.00270965 0.00308461 0.00694099 0.00864684
internal_weight=28207 28173 28149 56 28093 306 281 253 165 136 46 27787 94 74 49 27693 18853 18821 308 61 247 134 89 113 56 45 57 8840 5282 1997 148 114 84 54 3558 3062 610 204 89 60 115 73 2452 145 92 69 53 42 3285 89 18513 7382 11131 1484 9647 98 77 1297 618 593 148 124
internal_count=28207 28173 28149 56 28093 306 281 253 165 136 46 27787 94 74 49 27693 18853 18821 308 61 247 134 89 113 56 45 57 8840 5282 1997 148 114 84 54 3558 3062 610 204 89 60 115 73 2452 145 92 69 53 42 3285 89 18513 7382 11131 1484 9647 98 77 1297 618 593 148 124
is_linear=0
shrinkage=0.05


Tree=132
num_leaves=63
num_cat=0
split_feature=107 108 109 114 111 65 107 66 106 48 10 19 79 9 14 41 59 100 42 49 54 77 114 114 22 114 114 64 109 49 65 109 100 79 48 100 52 77 109 6 30 57 62 63 11 109 100 109 68 52 114 15 2 109 58 113 100 114 106 85 19 46
split_gain=0.340919 0.560381 0.516852 1.27116 0.377301 0.686879 0.948738 0.842197 0.969046 0.514244 0.300859 0.496783 0.459606 0.657311 0.258049 0.252771 0.52241 0.406594 0.883426 1.20372 1.76242 1.54864 1.53482 2.21612 1.2635 1.47383 0.651119 0.377472 0.576285 0.550931 1.17518 0.41938 1.1338 0.490542 0.666068 0.385506 3.00758 2.5304 0.354641 0.520447 0.515022 0.765529 0.49727 0.873133 0.79588 0.567219 1.12182 0.480099 0.7079 0.457447 0.56558 0.443667 0.356532 0.365321 0.348716 1.5258 1.60814 2.43056 3.67873 0.934616 0.832625 0.82558
threshold=55.500000000000007 54.500000000000007 92.500000000000014 6.5000000000000009 1.5000000000000002 2.0000000000000004 19.500000000000004 2.0000000000000004 1.0000000180025095e-35 3.0000000000000004 1.0000000180025095e-35 3.5000000000000004 2.0000000000000004 2.5000000000000004 2.0000000000000004 3.5000000000000004 1.0000000180025095e-35 2022.5000000000002 2.0000000000000004 4.0000000000000009 2.0000000000000004 2.5000000000000004 12.500000000000002 16.500000000000004 3.0000000000000004 12.500000000000002 16.500000000000004 2.5000000000000004 26.500000000000004 4.0000000000000009 2.0000000000000004 18.500000000000004 2025.5000000000002 2.0000000000000004 3.0000000000000004 2024.5000000000002 3.0000000000000004 1.5000000000000002 51.500000000000007 2.0000000000000004 2.0000000000000004 4.0000000000000009 2.5000000000000004 2.5000000000000004 2.0000000000000004 43.500000000000007 2025.5000000000002 28.500000000000004 2.0000000000000004 3.0000000000000004 11.500000000000002 1.0000000180025095e-35 3.0000000000000004 72.500000000000014 3.0000000000000004 2.5000000000000004 2025.5000000000002 13.500000000000002 1.0000000180025095e-35 1.0000000180025095e-35 2.0000000000000004 2.0000000000000004
decision_type=10 10 10 2 8 2 8 2 2 2 2 2 2 2 2 2 2 2 2 2 2 2 2 2 2 2 2 2 10 2 2 10 2 2 2 2 2 2 8 2 2 2 2 2 2 10 2 10 2 2 2 2 2 10 2 2 2 2 2 2 2 2
left_child=1 2 4 -4 5 6 -1 8 9 -8 15 -12 -13 -14 -9 16 17 18 19 21 24 -6 -22 -24 25 -21 -20 31 29 30 -29 35 33 -33 -35 36 -17 -38 39 42 49 -42 45 -44 47 -19 -47 -45 -49 50 51 -41 53 54 55 -40 57 58 -57 -59 -56 -62
right_child=-2 -3 3 -5 10 -7 7 14 -10 -11 11 12 13 -15 -16 27 -18 38 26 20 22 -23 23 -25 -26 -27 -28 28 -30 -31 -32 32 -34 34 -36 -37 37 -39 52 40 41 -43 43 44 -46 46 -48 48 -50 -51 -52 -53 -54 -55 60 56 -58 59 -60 -61 61 -63
leaf_value=-0.0077235925244167449 -0.0050236691145555063 0.0076230763308558387 -0.0033135730110538694 0.011791312023997308 0.0046650994901678393 0.0096581987636163835 0.0042279673134432913 0.000733468437101692 0.012380791461930194 -0.002624064328081563 -0.0042171049753960688 0.010722505656832998 0.0089314129292255347 -0.0025254702856463774 -0.0046816769233290955 0.01502428783896903 -0.0063384522545675281 -2.1833849155331282e-05 0.0092188815749658839 -0.0061385042111699786 0.0051184948999434716 -0.012509853833221963 -0.017208287058847731 0.0031056739185005428 0.015485841644112952 0.011208146207034588 -0.0012667165603488684 -0.0010531342473522937 0.0092907389379251991 7.9061800054462087e-05 0.012263610915591319 -0.012679253021876016 -0.00073714276603351883 0.0013375716140637032 -0.0097761762993676324 -0.00030976502838363733 0.0080600852058047342 -0.015275417141114864 5.6421258778113427e-06 0.0055812808605842298 0.0028022738354694515 0.014363580572396695 -0.0030247827033306682 0.001270119115351732 0.0098856480339438568 0.014397426545619966 0.0011411489482961309 0.012147518840652925 0.00089708895197716267 -0.0018049857186685715 0.008678919341250816 -0.0032492291663815693 -0.0011421304777427825 -0.0046882240988668951 -0.0097337344195693731 -0.0033425631240392344 -0.0012697126036728525 -0.0080808817747641693 -0.026216495598782787 0.0049328057246433724 -0.00030067844162707434 0.0013045420321619585
leaf_weight=28 34 24 26 30 21 25 98 44 29 38 20 22 21 31 44 32 32 3300 57 24 40 35 29 25 32 25 20 37 20 496 30 27 438 26 28 7659 21 26 9680 25 45 21 77 294 36 20 79 27 29 70 34 33 764 42 20 39 583 22 32 37 1606 1598
leaf_count=28 34 24 26 30 21 25 98 44 29 38 20 22 21 31 44 32 32 3300 57 24 40 35 29 25 32 25 20 37 20 496 30 27 438 26 28 7659 21 26 9680 25 45 21 77 294 36 20 79 27 29 70 34 33 764 42 20 39 583 22 32 37 1606 1598
internal_value=-1.99336e-05 -1.38949e-05 -2.04062e-05 0.00477833 -2.99719e-05 0.00171615 0.00100956 0.00197608 0.00408284 0.00231343 -4.92009e-05 0.00277471 0.00466439 0.00210135 -0.0019741 -5.87862e-05 4.46527e-05 5.55055e-05 0.00185725 0.000311212 0.00235296 -0.00606925 -0.00230488 -0.00780368 0.00775835 0.00271183 0.00649535 -0.00027939 0.000950209 0.00065392 0.00490959 -0.000366208 -0.00174213 -0.00717649 -0.00442511 -0.000273922 0.00320099 -0.00484892 2.553e-05 0.000436483 0.0027578 0.00648087 0.00029944 0.00183669 0.00280647 9.00405e-05 0.00381918 0.00207832 0.0063214 0.001241 0.00355859 0.000557025 -9.1006e-05 -3.22126e-05 -1.78517e-05 -0.000158778 -0.00239102 -0.00741964 -0.0136519 8.02443e-05 0.000436444 0.000499928
internal_weight=28207 28173 28149 56 28093 306 281 253 165 136 27787 94 74 52 88 27693 18853 18821 308 231 175 56 94 54 81 49 77 8840 583 563 67 8257 519 81 54 7738 79 47 18513 4090 228 66 3862 463 386 3399 99 350 56 162 92 58 14423 13659 13617 10393 713 130 71 59 3224 3204
internal_count=28207 28173 28149 56 28093 306 281 253 165 136 27787 94 74 52 88 27693 18853 18821 308 231 175 56 94 54 81 49 77 8840 583 563 67 8257 519 81 54 7738 79 47 18513 4090 228 66 3862 463 386 3399 99 350 56 162 92 58 14423 13659 13617 10393 713 130 71 59 3224 3204
is_linear=0
shrinkage=0.05


Tree=133
num_leaves=63
num_cat=0
split_feature=110 107 111 107 66 106 48 102 110 109 97 42 111 114 9 19 110 51 0 67 53 109 112 48 109 100 103 107 42 114 66 0 91 114 14 66 100 100 84 109 93 114 5 77 59 94 100 94 14 94 62 114 66 40 46 54 11 42 100 111 114 82
split_gain=0.486852 0.306706 0.337337 0.67438 0.679277 0.898439 0.39675 0.817533 0.272751 0.287501 0.700816 0.853255 1.15464 0.799012 0.806513 0.547883 0.514797 0.504587 1.30577 0.868471 0.598386 0.488068 0.483576 0.908002 0.766824 0.873619 0.730244 0.895387 0.795527 2.04167 0.697361 0.511824 0.731099 0.4482 0.418672 0.397602 1.13154 0.952406 0.51171 0.396301 0.393167 0.372023 0.365228 0.32804 0.319435 0.679805 0.421267 0.84184 1.6557 1.69564 0.962904 1.02315 0.941433 0.916086 0.84509 0.701794 0.851542 0.307346 0.79402 1.86246 1.75651 1.66764
threshold=93.500000000000014 55.500000000000007 1.5000000000000002 4.5000000000000009 2.0000000000000004 1.0000000180025095e-35 3.0000000000000004 1.0000000180025095e-35 0.75000000000000011 10.500000000000002 1.5000000000000002 2.0000000000000004 6.5000000000000009 9.5000000000000018 1.0000000180025095e-35 2.0000000000000004 6.7500000000000009 2.5000000000000004 1.0000000180025095e-35 2.5000000000000004 3.0000000000000004 4.5000000000000009 1.0000000180025095e-35 3.0000000000000004 5.5000000000000009 2025.5000000000002 1.0000000180025095e-35 1.0000000180025095e-35 2.0000000000000004 8.5000000000000018 2.0000000000000004 2.5000000000000004 2.0000000000000004 16.500000000000004 2.0000000000000004 2.0000000000000004 2025.5000000000002 2025.5000000000002 1.0000000180025095e-35 8.5000000000000018 3.0000000000000004 9.5000000000000018 3.0000000000000004 1.5000000000000002 1.0000000180025095e-35 4.0000000000000009 2022.5000000000002 4.0000000000000009 4.0000000000000009 2.0000000000000004 2.5000000000000004 13.500000000000002 2.0000000000000004 3.5000000000000004 2.0000000000000004 2.0000000000000004 2.0000000000000004 2.0000000000000004 2025.5000000000002 6.5000000000000009 3.5000000000000004 2.5000000000000004
decision_type=10 10 8 10 2 2 2 10 8 8 2 2 10 2 2 2 10 2 2 2 2 10 10 2 10 2 8 10 2 2 2 2 2 2 2 2 2 2 2 10 2 2 2 2 2 2 2 2 2 2 2 2 2 2 2 2 2 2 2 8 2 2
left_child=1 2 3 4 5 6 7 -1 -4 10 15 39 -13 21 -15 -10 22 20 19 43 -18 -14 24 26 31 30 27 28 41 -30 -26 -17 -33 35 -25 37 -37 -22 -38 40 -12 -24 -34 -19 46 -46 47 48 49 -11 55 -52 -50 -54 -53 -49 -57 -48 59 60 -59 -61
right_child=-2 -3 8 -5 -6 -7 -8 -9 9 44 11 12 13 14 -16 16 17 18 -20 -21 33 -23 23 34 25 -27 -28 -29 29 -31 -32 32 42 -35 -36 36 38 -39 -40 -41 -42 -43 -44 -45 45 -47 57 50 52 -51 51 54 53 -55 -56 56 -58 58 -60 61 -62 -63
leaf_value=0.00038891111402527282 0.0057127495396982987 -0.0047724855926764365 -0.0020973388008860639 0.010277519794180991 -0.0020406018343367446 0.011156921228393913 -0.0027219278119792719 0.010517584939521773 -0.0030536732155024005 0.0041986762066230634 0.002848258871452737 -0.00039720856993732072 0.00031020040187286214 0.020185758059167051 0.0064867549575865274 -0.00036026992636210191 0.0069761884770034371 0.0040720138483895706 0.015079817788310999 0.0087233015415923935 -0.009198460727930069 0.0089765245197199733 0.0075823951202134299 0.004401010382571258 -0.013804609775543215 -0.0015433708941175912 -0.00096971995281902232 -0.0016086345658667626 0.005174390042788888 0.024910884965211155 -0.0022325126535218697 0.0091019387754689273 -0.0045209026938537135 -0.0052431881099062813 -0.0018083477172969359 0.011462790221939315 -0.00054494313433440069 0.00057294771306076427 0.0065687573221962781 -0.005707418233156205 -0.0026393570990573306 -0.0013164580030285795 0.0031829660768562459 -0.0026518743935351574 -0.011145401950925589 0.0013361266862678654 6.3470568939393319e-05 -0.010089216104031287 0.0084195156243227903 0.0221191504673863 0.011897928488906473 0.0063947145827114582 0.0020085990978166079 -0.01010785979899363 -0.0062892464776362848 0.0073265423462726175 -0.0058252407136023983 -0.0030194965810958476 -0.0001457719699964494 -0.0053342563393539164 0.0051964524833823158 -0.00091154224825599659
leaf_weight=76 37 34 160 21 112 28 42 27 126 33 102 61 32 22 21 938 36 26 23 35 29 33 24 32 30 195 55 31 38 20 23 36 25 34 179 29 137 178 31 25 48 23 40 60 20 24 13516 33 26 22 24 24 39 26 29 20 32 105 9851 348 171 550
leaf_count=76 37 34 160 21 112 28 42 27 126 33 102 61 32 22 21 938 36 26 23 35 29 33 24 32 30 195 55 31 38 20 23 36 25 34 179 29 137 178 31 25 48 23 40 60 20 24 13516 33 26 22 24 24 39 26 29 20 32 105 9851 348 171 550
internal_value=-1.89369e-05 -2.64652e-05 -2.073e-05 0.00163034 0.000993184 0.00295725 0.00137387 0.003044 -3.88841e-05 -2.69812e-05 0.000455561 0.00256796 0.00510196 0.00820797 0.0134955 0.000156891 0.00033224 0.00156701 0.00415911 0.00208327 0.000779534 0.00471003 -0.000119557 0.00139423 -0.000592394 -0.0030905 0.00389184 0.00585791 0.00806232 0.0119801 -0.00878276 3.88131e-06 0.0033858 0.000270219 -0.000866644 0.000734219 0.00234211 -0.000795994 0.000767704 0.000120845 0.00109222 0.00322764 0.00021994 -0.000619071 -8.08125e-05 -0.0043373 -7.32756e-05 0.00176438 0.00451792 0.0113669 -0.000717196 0.00333293 0.000378444 -0.00283798 -0.000545566 -0.00438613 -0.000766863 -9.6339e-05 -0.000292256 -0.0015214 0.00207082 -0.00262547
internal_weight=28207 28170 28136 306 285 173 145 103 27830 27670 2777 344 169 108 43 2433 2307 618 144 121 474 65 1689 402 1287 248 191 136 105 58 53 1039 101 438 211 404 197 207 168 175 150 47 65 86 24893 44 24849 308 146 55 162 77 91 65 53 85 52 24541 11025 1174 276 898
internal_count=28207 28170 28136 306 285 173 145 103 27830 27670 2777 344 169 108 43 2433 2307 618 144 121 474 65 1689 402 1287 248 191 136 105 58 53 1039 101 438 211 404 197 207 168 175 150 47 65 86 24893 44 24849 308 146 55 162 77 91 65 53 85 52 24541 11025 1174 276 898
is_linear=0
shrinkage=0.05


Tree=134
num_leaves=63
num_cat=0
split_feature=110 107 112 8 110 0 107 103 90 109 97 9 107 96 112 70 110 108 110 63 114 16 110 112 3 16 59 10 2 112 61 49 100 61 100 114 114 57 24 18 79 57 18 97 100 72 8 54 49 114 16 16 114 66 104 100 72 100 8 97 104 26
split_gain=0.439384 0.276866 0.724507 0.404248 0.290818 0.628384 1.3575 1.03006 0.770188 0.613177 0.845843 0.884355 1.83269 0.764428 1.4542 1.94181 0.692579 0.603547 1.35419 0.556668 0.999297 1.30719 0.440627 0.421332 0.482443 0.491824 0.395268 0.907714 0.394352 0.588558 0.461115 0.391854 1.07125 0.417621 1.1491 0.580643 0.701071 0.894785 1.36825 0.570453 0.508707 0.37217 0.372063 0.562625 0.369126 1.1423 1.39104 0.992476 1.28372 1.01819 2.17959 0.689622 0.544402 0.801314 0.365764 0.817239 0.419088 0.373537 0.641675 0.360823 0.360075 0.340027
threshold=93.500000000000014 33.500000000000007 1.0000000180025095e-35 2.0000000000000004 2.7500000000000004 1.0000000180025095e-35 15.500000000000002 1.0000000180025095e-35 1.0000000180025095e-35 6.5000000000000009 1.5000000000000002 2.5000000000000004 3.5000000000000004 1.5000000000000002 1.0000000180025095e-35 2.0000000000000004 5.2500000000000009 32.500000000000007 35.750000000000007 2.5000000000000004 13.500000000000002 3.5000000000000004 4.2500000000000009 1.0000000180025095e-35 3.0000000000000004 3.5000000000000004 1.0000000180025095e-35 -1.4999999999999998 3.0000000000000004 1.0000000180025095e-35 4.5000000000000009 4.0000000000000009 2025.5000000000002 4.5000000000000009 2025.5000000000002 14.500000000000002 9.5000000000000018 2.0000000000000004 2.5000000000000004 3.5000000000000004 2.0000000000000004 2.0000000000000004 3.5000000000000004 3.0000000000000004 2022.5000000000002 3.5000000000000004 2.0000000000000004 2.0000000000000004 4.0000000000000009 12.500000000000002 3.5000000000000004 3.5000000000000004 14.500000000000002 2.0000000000000004 4.5000000000000009 2025.5000000000002 2.5000000000000004 2025.5000000000002 2.0000000000000004 3.0000000000000004 7.5000000000000009 2.5000000000000004
decision_type=10 10 10 2 10 2 10 10 2 10 2 2 10 2 10 2 10 10 10 2 2 2 10 10 2 2 2 2 2 10 2 2 2 2 2 2 2 2 2 2 2 2 2 2 2 2 2 2 2 2 2 2 2 2 2 2 2 2 2 2 2 2
left_child=1 4 3 -3 26 9 7 8 19 10 11 13 -13 14 22 -16 42 59 -19 31 23 -22 41 24 25 -21 28 -28 44 30 54 32 -7 35 -35 36 40 -38 -39 -37 -33 -6 43 -12 45 46 -1 48 -47 51 -51 -49 53 -50 55 -30 57 58 -56 -11 -32 -17
right_child=-2 2 -4 -5 5 6 -8 -9 -10 17 16 12 -14 -15 15 61 -18 18 -20 20 21 -23 -24 -25 -26 -27 27 -29 29 -31 60 33 -34 34 -36 39 37 38 -40 -41 -42 -43 -44 -45 -46 47 -48 49 52 50 -52 -53 -54 -55 56 -57 -58 -59 -60 -61 -62 -63
leaf_value=-0.011179593673852437 0.0054271119848095083 -0.0026687902448055169 -0.0084218866843730218 0.0060295664737085725 0.0063876381357981559 0.012999130937863479 0.012181811312470458 -0.0097552082811792687 0.0093229163841654864 -0.00018092975553550062 0.010874310502997385 0.0016789542344207648 0.01858016387093812 -0.0017423339458986665 -0.00052877515554428101 0.010246604923158884 0.013108895289833132 0.01331092691034428 -0.0019468982930751129 -0.0021993539080401624 0.015872949516520865 -0.00052271771710366011 -0.002773859306544182 -0.0042743914036287205 0.0073536609274876697 0.0048798550995776341 0.0022636239439071644 -0.01262010673119221 -0.011302426400092934 -0.0051441590945483246 0.0062596648919861766 0.00061425698157291516 -0.00020108982331722101 -0.013590033352375032 0.0029695022025738251 -0.007051759766801162 0.010871694821819095 -0.0055853535251289207 0.0078369183227037769 0.0027036248663948343 -0.0052359564950165806 0.00024734711551592373 -0.0024472626632944285 0.0012767230890489915 -6.6948761097531336e-05 -0.0020266958302067174 0.004021785011584008 0.012737132608890533 0.019631030946038665 -0.011679915592629606 0.0040902256192639477 0.000354683188640553 0.004102868455703612 0.007461709136823042 -0.00029783831401304769 -0.0016040422060899747 -0.0013764754207868002 0.00021367997401128001 0.011921307231698718 -0.0022306735205032675 -0.0013896579666834441 0.019254538095132872
leaf_weight=34 37 34 35 22 31 22 29 21 30 3043 26 81 20 321 39 20 23 26 33 59 31 20 100 27 38 42 21 20 26 83 40 239 51 20 22 47 36 37 39 22 44 121 21 37 21821 31 27 22 24 39 50 23 27 31 22 132 373 116 21 231 25 22
leaf_count=34 37 34 35 22 31 22 29 21 30 3043 26 81 20 321 39 20 23 26 33 59 31 20 100 27 38 42 21 20 26 83 40 239 51 20 22 47 36 37 39 22 44 121 21 37 21821 31 27 22 24 39 50 23 27 31 22 132 373 116 21 231 25 22
internal_value=-1.799e-05 -2.51419e-05 -0.00277862 0.000748421 -1.62183e-05 0.000326536 0.00154454 0.00118034 0.00145836 7.21915e-05 0.00126086 0.00067123 0.00502573 -1.25327e-06 0.00167709 0.00750506 0.00542134 -0.000235229 0.00477689 0.00116196 0.0033218 0.00944328 -0.000196191 0.0014411 0.0025513 0.000744476 -9.17618e-05 -0.00499673 -8.30056e-05 -0.00114769 -0.000708338 0.000352485 0.00377706 -0.000141574 -0.00491599 0.000290593 0.00102984 0.00437824 0.00130239 -0.00394135 -0.000295317 0.00149964 0.00331641 0.00523763 -4.26874e-05 0.00167616 -0.00445111 0.00318938 0.00664078 0.000278875 -0.00282029 0.00640833 0.0099175 0.012772 -0.00108759 -0.00319998 -0.000460232 0.00168919 0.00566965 -0.000325551 0.00331762 0.014965
internal_weight=28207 28170 91 56 28079 5071 876 847 826 4195 862 755 101 654 333 81 107 3333 59 796 217 51 252 166 139 101 23008 41 22967 838 755 579 73 506 42 464 395 112 76 69 283 152 84 63 22129 308 61 247 113 134 89 45 82 55 690 158 532 159 43 3274 65 42
internal_count=28207 28170 91 56 28079 5071 876 847 826 4195 862 755 101 654 333 81 107 3333 59 796 217 51 252 166 139 101 23008 41 22967 838 755 579 73 506 42 464 395 112 76 69 283 152 84 63 22129 308 61 247 113 134 89 45 82 55 690 158 532 159 43 3274 65 42
is_linear=0
shrinkage=0.05


Tree=135
num_leaves=63
num_cat=0
split_feature=2 100 29 107 57 114 31 91 100 110 24 114 114 61 110 91 76 109 8 63 94 20 109 44 63 47 114 14 100 91 109 109 100 48 110 24 48 42 103 64 100 66 54 62 65 51 19 41 12 87 22 100 114 114 114 43 67 66 43 70 43 11
split_gain=0.458705 0.764516 0.612991 0.994489 0.896372 0.911884 1.20529 1.10851 1.28745 0.767484 0.608449 0.584384 0.913166 0.583242 0.733599 0.636917 0.819103 0.63129 0.568124 0.547867 0.54003 0.731703 0.438224 0.428236 0.400336 0.384861 0.61091 0.861142 0.737597 0.467963 0.378392 0.397386 0.926512 1.19796 0.434837 0.391842 0.5275 1.38911 1.83221 1.24981 2.03505 1.81132 2.28519 1.13233 1.65017 1.51258 1.62644 1.09501 1.00539 1.02176 0.968001 1.0527 1.23336 0.964668 2.46786 2.39995 0.822515 1.16344 0.813164 0.788293 0.868262 1.13505
threshold=3.0000000000000004 2025.5000000000002 3.0000000000000004 19.500000000000004 2.0000000000000004 11.500000000000002 2.5000000000000004 2.0000000000000004 2025.5000000000002 10.750000000000002 2.5000000000000004 13.500000000000002 15.500000000000002 3.5000000000000004 6.2500000000000009 2.0000000000000004 3.5000000000000004 4.5000000000000009 2.0000000000000004 2.5000000000000004 2.0000000000000004 2.5000000000000004 105.50000000000001 2.0000000000000004 2.5000000000000004 2.0000000000000004 4.5000000000000009 4.0000000000000009 2025.5000000000002 2.0000000000000004 93.500000000000014 44.500000000000007 2025.5000000000002 3.0000000000000004 42.250000000000007 2.5000000000000004 3.0000000000000004 2.0000000000000004 1.0000000180025095e-35 2.5000000000000004 2021.5000000000002 2.0000000000000004 2.0000000000000004 2.5000000000000004 2.0000000000000004 2.5000000000000004 3.5000000000000004 3.5000000000000004 1.0000000180025095e-35 1.0000000180025095e-35 3.0000000000000004 2024.5000000000002 11.500000000000002 11.500000000000002 12.500000000000002 2.0000000000000004 2.5000000000000004 2.0000000000000004 2.0000000000000004 2.0000000000000004 2.0000000000000004 2.0000000000000004
decision_type=2 2 2 8 2 2 2 2 2 10 2 2 2 2 8 2 2 10 2 2 2 2 10 2 2 2 2 2 2 2 10 10 2 2 10 2 2 2 10 2 2 2 2 2 2 2 2 2 2 2 2 2 2 2 2 2 2 2 2 2 2 2
left_child=2 13 22 -4 5 7 -7 8 -5 11 -11 25 18 15 -15 23 19 24 -13 -17 21 -16 30 -2 -18 26 27 -6 -28 -29 31 34 33 -33 35 -1 37 39 -39 40 -37 -41 47 45 -45 46 -40 -43 50 -50 51 52 -42 55 -55 -51 57 -47 -52 60 -56 -62
right_child=1 -3 3 4 9 6 -8 -9 -10 10 -12 12 -14 14 20 16 17 -19 -20 -21 -22 -23 -24 -25 -26 -27 28 29 -30 -31 -32 32 -34 -35 -36 36 -38 38 43 41 48 42 -44 44 -46 56 -48 -49 49 53 58 -53 -54 54 59 -57 -58 -59 -60 -61 61 -63
leaf_value=-0.00026693783619143101 -0.0051648692989891233 -0.00022780494293978598 0.0090980953936585663 0.015429231879257023 0.0086811161981895559 0.017339815464443888 0.0018013415586513777 -0.0057601795454199113 -0.0010776280692813022 -0.011567249387502671 -0.00016607312400909987 0.0036288430194624448 -0.0035962570979747744 -0.0092780587449669844 0.010926245568164935 -0.01200038076124408 0.00082899399567395451 0.0072340818291360687 0.015272514913231134 -0.0019477304557095404 -0.0034292132092209968 -0.00016983601336295791 -0.0053898607650281569 -0.014922458273561104 -0.0078191850820313324 0.003387796287917846 -0.01277980571207793 0.0024952245085028395 -0.0012533553297232305 -0.0047199006295572457 0.006858223979361356 -0.0018377269715677169 -0.0005045803688570981 -0.015601606875658036 0.0053471896253636502 -0.0128412251326221 -0.00016387059624310013 -1.5047168177605319e-05 0.0016068172318717607 -0.001221517547701468 0.0015141589655762629 0.022769819879904393 -0.0026925594397735867 -0.016349801418893948 -0.0004308358659424509 -0.0096730297717910543 -0.014456814762670548 0.0082690140875258857 0.011511084051906234 -0.0069848631623326178 0.0012051619465152424 0.00070998393832792184 -0.015426450047049334 0.020063140275685686 0.0033849348467433964 0.0086161937952662516 0.0082569347581738835 0.004207316545459131 0.012846782744551699 0.0077909205771552834 0.0028221356682479382 -0.014023107253015041
leaf_weight=9229 22 805 42 21 25 26 24 33 27 25 22 22 21 20 24 33 32 22 20 23 39 39 38 23 23 49 23 38 35 55 20 43 340 25 38 27 7741 3973 26 53 21 30 22 41 27 26 40 23 36 67 30 4209 22 23 82 39 32 36 30 52 20 20
leaf_count=9229 22 805 42 21 25 26 24 33 27 25 22 22 21 20 24 33 32 22 20 23 39 39 38 23 23 49 23 38 35 55 20 43 340 25 38 27 7741 3973 26 53 21 30 22 41 27 26 40 23 36 67 30 4209 22 23 82 39 32 36 30 52 20 20
internal_value=-3.21874e-05 -0.00103067 8.69329e-06 0.00172913 0.00106498 0.00457175 0.00988135 0.00129422 0.00614412 -0.00030633 -0.00623053 0.000660467 0.00491688 -0.00318504 -0.000522084 -0.00501021 -0.00327048 7.57968e-05 0.00917345 -0.00787161 0.00119477 0.00405724 -2.43109e-05 -0.0101521 -0.00278752 -0.000531329 -0.00162245 0.000442813 -0.00582419 -0.00177178 -1.66003e-05 -2.18039e-05 -0.00157015 -0.00689798 2.47912e-06 -5.33929e-06 0.000138815 0.000398956 -0.000265191 0.000979496 0.000846121 0.00585395 0.0108539 -0.00462405 -0.010029 -0.00232693 -0.00812872 0.016477 0.000925579 0.0035474 0.000719456 0.000630465 -0.00715313 0.00260122 0.00467069 -0.00124485 0.00174667 -0.00161347 0.00702597 0.00263605 0.000438895 -0.00560049
internal_weight=28094 1105 26989 508 466 131 50 81 48 335 47 288 63 300 122 178 133 77 42 56 102 63 26481 45 55 225 176 118 58 93 26443 26423 408 68 26015 25977 16748 9007 4201 4806 4678 128 75 228 68 160 66 53 4651 339 4312 4252 43 303 197 106 94 62 60 174 122 40
internal_count=28094 1105 26989 508 466 131 50 81 48 335 47 288 63 300 122 178 133 77 42 56 102 63 26481 45 55 225 176 118 58 93 26443 26423 408 68 26015 25977 16748 9007 4201 4806 4678 128 75 228 68 160 66 53 4651 339 4312 4252 43 303 197 106 94 62 60 174 122 40
is_linear=0
shrinkage=0.05


Tree=136
num_leaves=63
num_cat=0
split_feature=2 101 72 61 111 40 111 18 3 29 107 57 111 101 91 99 61 66 42 101 74 111 57 111 30 43 113 106 109 88 103 17 24 113 74 109 101 65 101 101 70 95 113 64 114 63 16 70 55 67 63 8 108 101 61 114 109 42 103 69 99 18
split_gain=0.413981 0.689975 0.755233 0.555244 0.859562 0.656871 0.906585 0.894129 0.553961 0.553225 0.910139 0.790035 0.944385 0.931843 1.34914 0.757259 0.516662 0.506007 0.476567 0.890608 0.446931 1.53139 0.454208 0.891896 0.655137 0.434885 0.433554 0.42377 0.395497 0.371092 0.715352 1.14779 0.375158 2.02252 1.02408 0.576095 0.559875 0.558103 2.19875 0.717214 3.86575 0.680557 1.138 0.821098 2.42909 1.71103 1.51461 1.62323 1.02113 0.692471 1.24086 0.639723 1.0766 0.892889 1.8932 2.32743 1.80941 2.19858 2.4857 3.50384 1.54055 1.83073
threshold=3.0000000000000004 1.0000000180025095e-35 3.5000000000000004 3.5000000000000004 7.5000000000000009 3.5000000000000004 6.5000000000000009 3.5000000000000004 3.0000000000000004 3.0000000000000004 3.5000000000000004 2.0000000000000004 4.5000000000000009 1.0000000180025095e-35 2.0000000000000004 3.0000000000000004 1.5000000000000002 2.0000000000000004 2.0000000000000004 1.0000000180025095e-35 2.5000000000000004 7.5000000000000009 4.0000000000000009 6.5000000000000009 2.0000000000000004 2.0000000000000004 1.5000000000000002 1.0000000180025095e-35 105.50000000000001 1.0000000180025095e-35 1.0000000180025095e-35 3.0000000000000004 2.5000000000000004 4.5000000000000009 2.5000000000000004 73.500000000000014 3.5000000000000004 2.0000000000000004 4.5000000000000009 4.5000000000000009 2.0000000000000004 2.0000000000000004 3.5000000000000004 2.5000000000000004 4.5000000000000009 2.5000000000000004 2.5000000000000004 2.0000000000000004 3.0000000000000004 2.5000000000000004 2.5000000000000004 2.0000000000000004 42.500000000000007 1.0000000180025095e-35 1.5000000000000002 12.500000000000002 53.500000000000007 2.0000000000000004 1.0000000180025095e-35 3.0000000000000004 3.0000000000000004 1.5000000000000002
decision_type=2 2 2 2 10 2 10 2 2 2 10 2 10 2 2 2 2 2 2 2 2 8 2 8 2 2 2 2 10 2 10 2 2 2 2 10 2 2 2 2 2 2 2 2 2 2 2 2 2 2 2 2 10 2 2 2 8 2 8 2 2 2
left_child=9 -2 3 4 8 6 -5 -7 -3 28 11 12 -11 27 -15 18 -10 -18 19 -13 22 -22 23 -17 25 -24 -4 -14 29 32 -31 -32 33 35 -35 36 -1 39 41 51 -41 43 -43 48 -45 -46 -47 -48 49 50 -39 52 53 -34 55 -55 -56 -58 -59 -60 -57 -62
right_child=1 2 26 5 -6 7 -8 -9 16 10 -12 15 13 14 -16 20 17 -19 -20 -21 21 -23 24 -25 -26 -27 -28 -29 -30 30 31 -33 37 34 -36 -37 -38 38 -40 40 -42 42 -44 44 45 46 47 -49 -50 -51 -52 -53 -54 54 56 60 57 58 59 -61 61 -63
leaf_value=-0.00030386959853844549 -0.00021641469270383915 -0.010584282130002976 -0.0047631507483767536 0.0047285832198602816 0.0043477281100220153 -0.00047561897484299086 -0.0094968401826918125 0.013586388789117339 0.0033247446133331821 -0.0031608472076186445 0.0099444372279028741 -0.0018743418985151597 -0.0026779392823227683 0.019460260839416432 0.0030206770325700446 0.0028435135577720675 0.00014581501483917238 -0.010267156431551225 0.00065363020015259587 -0.015210305083365667 -0.0013836212979867924 0.010653706082505071 -0.0049351218414436706 -0.0080845370133364094 0.0096388203358011588 0.0040636843554675587 -0.012912660650908948 0.0062782654829788955 -0.0051203678349817268 -0.00044176274689924889 -0.013165141711942852 0.00044808787138511744 0.00013493998054549188 0.015882146075279612 0.0011752719338983298 0.0081709991069510574 -0.0077965100258588788 0.010373106311239742 0.016485680123283105 0.0045598236892960579 -0.0210723432872328 -0.00073187481261608876 -0.012025397325543544 -0.0011705875634141613 0.021667733389352049 -0.0063349110668059448 0.0035391997831056318 0.018464059450117681 0.00034515205008066904 0.010879365929535458 -0.0014793222378348075 -0.00043055301867958102 -0.0090164772462054728 0.0018022002799936187 -0.0077314790862966602 0.019823988899588585 0.0032340823642957139 0.0014313495913306359 -0.024426881747384527 -0.0010735716334440641 0.011275023407587369 -0.0029467291932440166
leaf_weight=9198 805 37 51 21 27 26 24 20 22 32 31 31 25 26 24 33 20 28 30 21 64 45 29 43 21 25 24 28 38 203 32 30 7667 29 20 20 25 34 22 38 24 157 26 130 21 20 49 29 2663 35 63 4879 31 328 71 29 313 87 29 36 72 33
leaf_count=9198 805 37 51 21 27 26 24 20 22 32 31 31 25 26 24 33 20 28 30 21 64 45 29 43 21 25 24 28 38 203 32 30 7667 29 20 20 25 34 22 38 24 157 26 130 21 20 49 29 2663 35 63 4879 31 328 71 29 313 87 29 36 72 33
internal_value=-3.0578e-05 -0.00097914 -0.00302579 -0.00157739 -0.00362425 0.00143668 -0.00285831 0.0056383 -0.00563587 8.25863e-06 0.00164268 0.00110315 0.00434192 0.00667287 0.0115693 -0.000175314 -0.00302028 -0.00592842 -0.00436478 -0.00726002 0.00114598 0.00358592 -0.0006153 -0.00333946 0.00214518 -0.000769008 -0.00737099 0.00205364 -2.30953e-05 -1.57703e-05 -0.00187743 -0.0065781 3.07537e-06 -0.000252088 0.00987934 -0.000305797 -0.000324179 0.000143486 0.000732395 3.17899e-06 -0.00536231 0.000624998 -0.00233642 0.000803033 0.00355432 0.00871599 0.00594062 0.00908819 0.000557927 0.0048505 0.00267514 2.76843e-05 0.000284784 0.00031806 0.00172486 0.00407051 -0.000296955 0.000838209 -0.0040954 -0.0114927 0.0096228 0.00680533
internal_weight=28094 1105 300 225 134 91 45 46 107 26989 508 477 135 103 50 342 70 48 82 52 260 109 151 76 75 54 75 53 26481 26443 265 62 26178 9292 49 9243 9223 16886 3249 13637 62 3227 183 3044 249 119 98 78 2795 132 97 13575 8696 8665 998 462 536 465 152 65 134 105
internal_count=28094 1105 300 225 134 91 45 46 107 26989 508 477 135 103 50 342 70 48 82 52 260 109 151 76 75 54 75 53 26481 26443 265 62 26178 9292 49 9243 9223 16886 3249 13637 62 3227 183 3044 249 119 98 78 2795 132 97 13575 8696 8665 998 462 536 465 152 65 134 105
is_linear=0
shrinkage=0.05


Tree=137
num_leaves=63
num_cat=0
split_feature=60 100 79 70 72 61 8 58 70 71 109 52 104 57 70 47 6 109 96 109 66 100 63 100 96 103 44 46 109 48 24 113 5 100 8 100 17 100 15 113 49 100 71 42 48 100 100 107 44 94 63 8 106 18 106 94 114 46 100 52 100 56
split_gain=0.373618 0.622703 0.955047 1.24214 1.31852 1.36564 0.58498 1.60306 0.787616 0.496336 0.375011 0.487334 0.837137 0.685475 0.883876 0.662156 0.362695 0.597059 1.08065 0.962542 0.459507 0.755372 0.895882 0.545949 0.37981 1.19687 1.14882 0.394183 0.463195 0.428642 0.348775 1.89551 0.608477 1.61635 1.39596 0.528857 0.433935 0.424941 0.492066 0.901541 0.600361 0.597715 0.584777 0.424134 0.986084 1.0534 1.22271 2.28363 1.51075 1.61173 1.7033 2.24553 1.67264 1.46299 2.56428 1.36956 2.49615 2.35877 2.31846 1.99258 1.64041 1.32624
threshold=3.0000000000000004 2025.5000000000002 2.0000000000000004 2.0000000000000004 3.5000000000000004 3.5000000000000004 2.0000000000000004 3.0000000000000004 2.0000000000000004 3.0000000000000004 51.500000000000007 3.0000000000000004 4.5000000000000009 4.0000000000000009 2.0000000000000004 2.0000000000000004 2.0000000000000004 9.5000000000000018 3.5000000000000004 26.500000000000004 2.0000000000000004 2025.5000000000002 2.5000000000000004 2025.5000000000002 3.5000000000000004 1.0000000180025095e-35 2.0000000000000004 2.0000000000000004 1.5000000000000002 3.0000000000000004 2.5000000000000004 4.5000000000000009 3.0000000000000004 2025.5000000000002 2.0000000000000004 2023.5000000000002 3.0000000000000004 2024.5000000000002 3.0000000000000004 3.5000000000000004 4.0000000000000009 2025.5000000000002 3.0000000000000004 2.0000000000000004 3.0000000000000004 2021.5000000000002 2025.5000000000002 11.500000000000002 2.0000000000000004 4.0000000000000009 2.5000000000000004 2.0000000000000004 1.0000000180025095e-35 1.5000000000000002 1.0000000180025095e-35 2.0000000000000004 11.500000000000002 2.0000000000000004 2023.5000000000002 3.0000000000000004 2024.5000000000002 3.0000000000000004
decision_type=2 2 2 2 2 2 2 2 2 2 10 2 2 2 2 2 2 10 2 10 2 2 2 2 2 10 2 2 10 2 2 2 2 2 2 2 2 2 2 2 2 2 2 2 2 2 2 8 2 2 2 2 2 2 2 2 2 2 2 2 2 2
left_child=10 2 3 4 5 9 7 -4 -8 -2 16 12 -12 15 -15 -13 24 18 20 -19 21 22 -18 -22 30 27 -27 28 -26 -30 31 32 35 34 -34 -1 -33 -37 -39 40 42 -42 -40 44 45 -32 47 -47 53 50 61 -52 -51 55 -55 56 -49 -57 -58 -60 -59 -50
right_child=1 -3 6 -5 -6 -7 8 -9 -10 -11 11 13 -14 14 -16 -17 17 19 -20 -21 23 -23 -24 -25 25 26 -28 -29 29 -31 43 36 33 -35 -36 37 -38 38 39 -41 41 -43 -44 -45 -46 46 -48 48 49 52 51 -53 -54 54 -56 57 58 60 59 -61 -62 -63
leaf_value=-0.0056087780535775929 -0.010184754230655157 -0.00020559396478200608 0.0034086843260696959 -0.013114784143399448 -0.012733211423511859 0.0071412036881635076 -0.00011144718663258985 -0.013168708562850955 0.011082416069058871 -0.00088416540529578924 0.0040265120215190109 -0.0046607201452561527 -0.0051831500795075222 0.0090461469595678728 -0.0029973725164309144 0.0036007073488352557 -0.0014533242210745811 0.010392660369342638 0.011685793479860184 -0.0023320485270865586 0.0072984399114336285 0.00045486633805957551 -0.014918447605201177 0.00035894801145063595 -0.00017302971029948823 -0.015934583215186229 -0.00076449526823125786 -0.0017976746460552845 0.0013897913528188807 0.010904634720645845 -0.0084460133562485381 0.0050976171740330757 0.003430761122389844 -0.0014590001465559148 0.019257055019790477 0.0068132236422527408 0.014708460713534252 -0.00023682001951691301 -0.0015683462834675558 -0.012536351913586258 -0.010455953160470183 -0.0018049317281414309 0.0092810201073956228 -0.00010260339065159516 -0.00016065523136656428 0.019422635138034824 0.00059324554534127653 0.0012394403387862509 0.014817738598988703 -0.0064485829025506987 0.022579170052415214 0.004335913278402821 0.0056753455068577425 -0.0011419439280871302 0.013970345117151737 -0.0034938504705585693 0.0037149199331179259 0.0032376540140830914 -0.0065573539850967274 -0.025257183731120115 0.017747759399935604 0.001648750918065297
leaf_weight=47 26 805 35 40 27 38 55 25 22 32 30 79 139 39 25 35 30 42 21 23 35 102 21 149 192 26 24 292 29 20 30 24 38 86 22 21 23 8523 27 20 22 216 23 7628 4131 20 3959 93 24 50 37 31 66 64 50 98 20 64 28 29 28 94
leaf_count=47 26 805 35 40 27 38 55 25 22 32 30 79 139 39 25 35 30 42 21 23 35 102 21 149 192 26 24 292 29 20 30 24 38 86 22 21 23 8523 27 20 22 216 23 7628 4131 20 3959 93 24 50 37 31 66 64 50 98 20 64 28 29 28 94
internal_value=-2.90491e-05 -0.000930183 -0.0028745 -0.00546085 -0.00297177 -0.000226366 0.000202699 -0.00349856 0.0030868 -0.00505339 7.8457e-06 -0.00162527 -0.0035483 0.000200524 0.00434165 -0.00212432 2.91163e-05 0.00148155 0.000681116 0.00589007 -4.63534e-06 -0.00202935 -0.00699779 0.00167896 5.68377e-06 -0.00125625 -0.00865294 -0.000562375 0.000934336 0.0052734 3.4382e-05 -0.000214394 -0.000266435 0.00293527 0.00923374 -0.000318964 0.0098008 -0.000290877 -0.000307771 -0.00227112 -0.00155826 -0.00260461 0.00342236 0.0001711 0.000405265 0.000893837 0.000952764 0.00274087 0.00231093 0.00507482 0.00795941 0.0142624 0.000449514 0.000549968 0.00548625 -0.00101319 -0.00427352 0.00190395 -0.010932 -0.0160713 0.00765377 0.00432719
internal_weight=28094 1105 300 163 123 96 137 60 77 58 26989 347 169 178 64 114 26642 423 358 65 337 153 51 184 26219 583 50 533 241 49 25636 9092 9045 146 60 8899 47 8852 8831 308 288 238 50 16544 8916 4785 4755 796 776 302 186 68 116 474 114 360 170 190 77 57 92 118
internal_count=28094 1105 300 163 123 96 137 60 77 58 26989 347 169 178 64 114 26642 423 358 65 337 153 51 184 26219 583 50 533 241 49 25636 9092 9045 146 60 8899 47 8852 8831 308 288 238 50 16544 8916 4785 4755 796 776 302 186 68 116 474 114 360 170 190 77 57 92 118
is_linear=0
shrinkage=0.05


Tree=138
num_leaves=63
num_cat=0
split_feature=109 109 107 7 114 88 100 77 49 62 8 41 108 108 2 100 113 70 79 31 24 43 26 109 109 67 100 114 26 48 109 29 57 114 31 91 100 57 109 74 106 111 100 8 24 113 74 102 30 109 4 8 113 100 42 113 19 77 113 109 77 44
split_gain=0.363481 0.453354 0.355389 1.25037 1.89785 0.548599 0.979889 2.20605 0.49121 0.487578 0.543551 0.818101 0.793992 0.620008 0.437225 0.721361 0.74444 0.734618 0.687664 0.562436 0.856981 0.940694 0.66359 0.716666 0.45286 0.844115 1.03348 0.946829 0.670393 0.365397 0.807303 0.319841 0.656413 0.8058 0.912149 0.888924 1.32788 0.763994 0.833786 0.562327 1.25552 0.749651 0.492808 0.558084 0.350908 1.65676 0.935784 0.517132 0.745482 0.717883 0.667955 0.582886 1.2992 0.773319 1.59396 1.80396 1.14125 0.910607 0.502663 1.14738 0.824492 0.957583
threshold=105.50000000000001 90.500000000000014 12.500000000000002 -1.4999999999999998 11.500000000000002 1.0000000180025095e-35 2025.5000000000002 2.5000000000000004 4.0000000000000009 2.5000000000000004 2.0000000000000004 3.5000000000000004 22.500000000000004 28.500000000000004 3.0000000000000004 2025.5000000000002 2.5000000000000004 2.0000000000000004 2.0000000000000004 2.5000000000000004 2.5000000000000004 2.0000000000000004 2.5000000000000004 4.5000000000000009 46.500000000000007 2.5000000000000004 2025.5000000000002 10.500000000000002 2.5000000000000004 3.0000000000000004 21.500000000000004 3.0000000000000004 2.0000000000000004 11.500000000000002 2.5000000000000004 2.0000000000000004 2025.5000000000002 4.0000000000000009 15.500000000000002 2.5000000000000004 1.0000000180025095e-35 6.5000000000000009 2025.5000000000002 2.0000000000000004 2.5000000000000004 4.5000000000000009 2.5000000000000004 1.0000000180025095e-35 2.0000000000000004 18.500000000000004 3.0000000000000004 2.0000000000000004 3.5000000000000004 2025.5000000000002 2.0000000000000004 1.5000000000000002 3.5000000000000004 2.5000000000000004 2.5000000000000004 23.500000000000004 2.5000000000000004 2.0000000000000004
decision_type=10 10 10 2 2 2 2 2 2 2 2 2 8 10 2 2 2 2 2 2 2 2 2 10 10 2 2 2 2 2 10 2 2 2 2 2 2 2 10 2 2 8 2 2 2 2 2 10 2 8 2 2 2 2 2 2 2 2 2 8 2 2
left_child=1 2 5 4 -4 14 7 -7 -5 10 13 12 -12 29 24 16 17 19 -19 20 -16 -22 23 -21 31 26 28 -27 -26 30 -10 44 33 35 -35 36 -33 38 39 41 -41 -34 43 -39 45 47 -47 -1 50 -50 51 53 58 54 56 -56 -49 -58 -53 -60 -61 -62
right_child=-2 -3 3 8 -6 6 -8 -9 9 -11 11 -13 -14 -15 15 -17 -18 18 -20 22 21 -23 -24 -25 25 27 -28 -29 -30 -31 -32 32 37 34 -36 -37 -38 42 -40 40 -42 -43 -44 -45 -46 46 -48 48 49 -51 -52 52 -54 -55 55 -57 57 -59 59 60 61 -63
leaf_value=0.00010936040853246549 -0.0048512613359026806 0.0063381676146361454 0.001688135209444322 -0.0053184335306286816 0.020716798137873412 -0.020799769106365384 -0.00098207583541648383 0.0018566416911198758 -0.00023968477131954083 -0.0039507669006842517 0.0031095695301579934 -0.0024700125461095015 0.015174613582668826 -0.0048152461223718197 -0.0037270658100262664 -0.00023593407543538391 -0.01247266560792923 -0.011542834686367093 -0.0016151219747509019 -0.0039344040631521041 0.012358922790735961 -0.0008487219707323956 -0.0083747400470623162 0.00761039674282074 -0.0043587060259847807 -0.0019070845142078515 -0.0014417572435238915 0.012563399486243727 -0.015933396374748554 -0.0020500076255081474 0.0098304453257964386 0.015580465756356715 0.0015255971244484074 0.016039234820753336 0.0026630808079901799 -0.0047032990095127996 -0.0010521059688956788 0.012389094114303591 -0.010883447208272463 -0.0026871196886461873 0.0093625216354691499 -0.0068417417021148638 0.00092992680485706877 0.0013325585584555355 0.00015079150132434906 0.014670575166056896 0.00061198463663458824 -0.011854912205666736 0.010979244140908123 0.0011622499062182152 0.0062418679378050219 -0.0002667018955217956 -0.010048475353555247 -0.0010365371417935855 -0.0043896685764193534 0.010813350259559229 0.0016488937536875408 -0.0089396259457980472 -0.0051807943421105541 0.00028751662422744732 0.015101384467655613 0.0032597903909749892
leaf_weight=4308 39 28 38 35 20 21 229 22 48 43 30 24 25 45 39 789 20 37 33 41 28 26 41 20 29 26 217 20 22 37 34 20 49 25 26 36 30 25 22 52 37 59 86 21 16434 29 20 69 25 73 34 1997 33 2156 50 32 45 37 36 53 31 38
leaf_count=4308 39 28 38 35 20 21 229 22 48 43 30 24 25 45 39 789 20 37 33 41 28 26 41 20 29 26 217 20 22 37 34 20 49 25 26 36 30 25 22 52 37 59 86 21 16434 29 20 69 25 73 34 1997 33 2156 50 32 45 37 36 53 31 38
internal_value=-2.75966e-05 -2.08911e-05 -2.72441e-05 0.00149346 0.00824974 -4.809e-05 -0.00228252 -0.00920812 0.000272704 0.000956934 0.00182537 0.00523256 0.00859368 0.000184109 -2.58894e-05 -0.00101474 -0.0031708 -0.00246877 -0.00686263 -0.000891484 0.00192073 0.00599969 -0.00345556 -0.000149223 1.44887e-05 -0.00187298 -0.00294701 0.00438443 -0.00935171 0.00207462 0.00393574 3.7294e-05 0.00130527 0.0042405 0.00922002 0.00128753 0.00560092 0.000159611 -0.00165142 -0.000620434 0.00232228 -0.00304545 0.00316428 0.00734155 1.30284e-05 -0.000236696 0.00893237 -0.000286522 -0.000648693 0.00366659 -0.000740408 -0.000792275 -0.000202678 -0.00133227 -0.00406872 0.00154322 -0.00711626 -0.00312885 -5.19067e-05 0.00266294 0.00497749 0.00857993
internal_weight=28094 28055 28027 379 58 27648 272 43 321 286 243 79 55 164 27376 1074 285 265 70 195 93 54 102 61 26302 314 268 46 51 119 82 25988 488 137 51 86 50 351 219 197 89 108 132 46 25500 9066 49 9017 4709 98 4611 4577 2188 2389 233 82 151 82 2155 158 122 69
internal_count=28094 28055 28027 379 58 27648 272 43 321 286 243 79 55 164 27376 1074 285 265 70 195 93 54 102 61 26302 314 268 46 51 119 82 25988 488 137 51 86 50 351 219 197 89 108 132 46 25500 9066 49 9017 4709 98 4611 4577 2188 2389 233 82 151 82 2155 158 122 69
is_linear=0
shrinkage=0.05


Tree=139
num_leaves=63
num_cat=0
split_feature=110 100 77 24 107 100 51 65 100 68 100 8 114 106 100 95 66 100 114 100 17 9 80 42 114 100 43 8 15 58 55 22 14 77 64 114 63 61 42 107 14 100 61 85 100 54 46 114 76 8 110 110 111 100 43 100 61 110 110 111 48 71
split_gain=0.37223 0.466477 0.380449 0.268757 0.645463 1.04325 2.08868 0.553068 1.85076 0.721202 1.11573 1.97946 0.721061 1.21265 1.07911 1.04463 0.856851 1.52703 1.80721 0.789211 0.745549 1.23825 0.882888 1.27674 0.881239 0.694307 1.26686 0.825375 1.49148 0.67257 0.632624 0.838211 2.14607 1.15981 0.933148 1.77563 1.65531 1.05481 1.54145 0.69593 0.673015 0.611717 0.588477 0.581696 0.920879 0.565964 0.669205 0.58161 0.586038 0.981306 0.550247 0.973779 0.998832 3.29907 0.89899 0.879494 0.810422 0.655658 0.684624 0.976165 0.607264 0.53817
threshold=1.7500000000000002 2025.5000000000002 1.5000000000000002 2.5000000000000004 6.5000000000000009 2025.5000000000002 1.5000000000000002 2.0000000000000004 2021.5000000000002 2.0000000000000004 2021.5000000000002 2.0000000000000004 11.500000000000002 1.0000000180025095e-35 2022.5000000000002 2.0000000000000004 2.0000000000000004 2025.5000000000002 14.500000000000002 2022.5000000000002 3.0000000000000004 1.0000000180025095e-35 3.5000000000000004 2.0000000000000004 17.500000000000004 2024.5000000000002 2.0000000000000004 2.0000000000000004 3.0000000000000004 3.0000000000000004 3.0000000000000004 3.0000000000000004 4.0000000000000009 2.5000000000000004 2.5000000000000004 4.5000000000000009 2.5000000000000004 2.5000000000000004 2.0000000000000004 4.5000000000000009 2.0000000000000004 2025.5000000000002 1.5000000000000002 1.0000000180025095e-35 2025.5000000000002 2.0000000000000004 2.0000000000000004 13.500000000000002 3.5000000000000004 2.0000000000000004 11.250000000000002 5.2500000000000009 7.5000000000000009 2025.5000000000002 2.0000000000000004 2025.5000000000002 2.5000000000000004 15.750000000000002 35.750000000000007 7.5000000000000009 3.0000000000000004 3.0000000000000004
decision_type=8 2 2 2 10 2 2 2 2 2 2 2 2 2 2 2 2 2 2 2 2 2 2 2 2 2 2 2 2 2 2 2 2 2 2 2 2 2 2 10 2 2 2 2 2 2 2 2 2 2 10 10 10 2 2 2 2 10 10 10 2 2
left_child=1 2 -1 4 50 6 -6 9 -9 -5 11 -11 14 16 -12 19 17 18 -14 -15 21 29 -22 24 -24 26 -18 28 -27 42 40 34 -33 -34 39 -36 -37 -38 41 -32 -10 -39 -21 -29 -45 47 -47 -23 49 -49 51 -2 61 -54 -55 57 -56 -52 59 60 -59 -53
right_child=3 -3 -4 7 5 -7 -8 8 30 10 12 -13 13 15 -16 -17 25 -19 -20 20 22 45 23 -25 -26 27 -28 43 -30 -31 31 32 33 -35 35 36 37 38 -40 -41 -42 -43 -44 44 -46 46 -48 48 -50 -51 55 52 53 54 56 -57 -58 58 -60 -61 -62 -63
leaf_value=-0.0024474995888092302 -0.00028225215359675438 -0.00082774173799985437 -0.011186956949532032 0.0001399572906213932 0.020646269366677322 0.00084257828472319117 -0.0016540682031994777 0.01484133620624957 0.012098206118458793 -0.020341257371474061 0.0081751557606522269 0.00076275369897484786 -0.0015509833581745626 -0.011338575791567565 -8.3655784238284743e-05 -0.012095185684701129 -0.012044174528705914 5.6014213699503069e-05 0.01721210869974598 0.0044220127048902212 -0.004952638888137479 -0.0082225825877465086 0.0091672912718624711 -0.0039383419677615173 -0.0022675981745123863 -0.00083114872417914187 0.0025257908627390863 -0.00011891308326674232 0.013835716021891971 -0.0092573506998359367 0.00047279593458071536 -0.016090782342103517 -0.0056190674949903041 0.0083152378859397552 -0.00056725535114652247 0.020530405600688289 -0.0040538631600308388 -0.0040327799035003407 0.017370282966710098 -0.0039058847148516311 0.0024299923979145075 0.0070490428415889098 -0.0062232483076907043 -0.011760593688284811 -0.0002721137820264778 -0.002262154978234321 0.0093160745884793318 0.010404098402553548 -0.0050188356244593472 -0.0040486899973905602 0.0020167645480897692 0.0018266153970831216 0.01940897732274607 -0.0004921517605544068 0.00062399040818071139 -0.0007428978124503666 0.012594026137864398 -0.011142223700881006 -0.00047487259249795574 -0.01623335856323441 -0.00068939725557963061 -0.0029651541630863502
leaf_weight=33 8343 535 20 12098 21 204 21 23 21 20 41 25 21 25 1120 31 37 144 33 20 58 33 63 50 23 52 25 142 26 103 2620 27 32 28 133 21 24 20 28 94 126 33 37 33 37 24 26 24 38 23 27 148 32 120 26 654 31 24 33 30 33 97
leaf_count=33 8343 535 20 12098 21 204 21 23 21 20 41 25 21 25 1120 31 37 144 33 20 58 33 63 50 23 52 25 142 26 103 2620 27 32 28 133 21 24 20 28 94 126 33 37 33 37 24 26 24 38 23 27 148 32 120 26 654 31 24 33 30 33 97
internal_value=-2.62168e-05 -0.001271 -0.00574541 3.93133e-07 -0.000208956 0.00232001 0.0094961 0.000117075 0.000708502 -1.52917e-05 -0.000820005 -0.00861681 -0.000666726 -0.00156704 0.000207999 -0.00316624 0.000113565 0.00274492 0.00991535 -0.00266021 -0.00224458 -0.00369782 0.000212446 0.0024152 0.00610912 -0.00136657 -0.00616919 -0.000339809 0.00405781 -0.00684579 0.000607144 0.000453225 -0.00438431 0.000883608 0.000594788 0.00346228 0.00771569 0.00515274 0.00788063 0.000321139 0.00381117 0.00286722 -0.00248807 -0.0019578 -0.00568811 -0.00069974 0.00375852 -0.00258883 -0.000401615 0.00333146 -0.000273774 -0.000159537 0.00209557 0.00463477 0.00196373 -0.00152839 0.00713401 -0.00502301 -0.00660696 -0.00893292 -0.00509059 -7.05342e-05
internal_weight=28094 588 53 27506 9844 246 42 17662 3230 14432 2334 45 2289 1128 1161 578 550 198 54 547 522 328 194 136 86 352 62 290 78 160 3207 3060 87 60 2973 259 126 105 81 2714 147 53 57 212 70 168 50 118 85 47 9598 8797 454 209 177 801 57 147 120 87 57 245
internal_count=28094 588 53 27506 9844 246 42 17662 3230 14432 2334 45 2289 1128 1161 578 550 198 54 547 522 328 194 136 86 352 62 290 78 160 3207 3060 87 60 2973 259 126 105 81 2714 147 53 57 212 70 168 50 118 85 47 9598 8797 454 209 177 801 57 147 120 87 57 245
is_linear=0
shrinkage=0.05


Tree=140
num_leaves=63
num_cat=0
split_feature=110 102 70 111 106 114 114 110 110 101 114 107 113 76 40 114 16 27 110 94 94 97 101 95 85 114 44 113 46 40 113 70 16 22 40 49 17 114 44 11 56 17 25 79 66 48 70 40 114 114 54 106 77 76 28 16 113 63 40 101 111 107
split_gain=0.419583 1.03927 1.59724 1.3978 1.11975 1.07287 0.573396 0.855524 1.45335 0.89266 0.586811 0.879421 0.77201 0.484291 0.599961 0.904425 0.429697 0.389024 0.483161 0.315552 1.42755 1.18154 1.01995 1.16722 1.07013 0.9751 1.14237 1.62876 1.02673 0.785293 0.77941 3.00349 0.778996 0.648398 1.27562 2.04149 1.67578 1.13394 1.00984 0.620815 1.19404 0.90542 1.02431 1.00012 1.22145 1.45796 0.875611 0.860525 0.855758 0.795007 0.871222 1.0641 0.621096 0.566375 0.502836 0.501459 0.469676 1.58457 2.11899 1.37355 0.455647 0.59568
threshold=27.750000000000004 1.0000000180025095e-35 2.0000000000000004 5.5000000000000009 1.0000000180025095e-35 6.5000000000000009 6.5000000000000009 33.750000000000007 35.750000000000007 1.0000000180025095e-35 8.5000000000000018 inf 2.5000000000000004 3.5000000000000004 3.5000000000000004 13.500000000000002 4.5000000000000009 2.0000000000000004 30.250000000000004 4.0000000000000009 2.0000000000000004 1.5000000000000002 1.0000000180025095e-35 2.0000000000000004 1.0000000180025095e-35 15.500000000000002 2.0000000000000004 3.5000000000000004 2.0000000000000004 3.5000000000000004 5.5000000000000009 2.0000000000000004 3.5000000000000004 3.0000000000000004 3.5000000000000004 4.0000000000000009 3.0000000000000004 15.500000000000002 2.0000000000000004 1.0000000180025095e-35 3.0000000000000004 3.0000000000000004 2.5000000000000004 2.0000000000000004 2.0000000000000004 3.0000000000000004 2.0000000000000004 3.5000000000000004 15.500000000000002 15.500000000000002 2.0000000000000004 1.0000000180025095e-35 2.5000000000000004 3.5000000000000004 2.0000000000000004 2.5000000000000004 4.5000000000000009 2.5000000000000004 3.5000000000000004 2.5000000000000004 5.5000000000000009 20.500000000000004
decision_type=10 8 2 10 2 2 2 10 10 2 2 8 2 2 2 2 2 2 10 2 2 2 2 2 2 2 2 2 2 2 2 2 2 2 2 2 2 2 2 2 2 2 2 2 2 2 2 2 2 2 2 2 2 2 2 2 2 2 2 2 8 10
left_child=19 2 4 -4 5 -2 16 9 -9 17 -10 -12 13 -13 -15 -16 -3 -8 -19 20 39 22 32 24 -24 26 27 -26 -29 -28 33 -32 -22 56 35 -35 38 -37 -36 60 -41 43 -43 47 45 -45 49 53 52 50 51 -44 55 -42 -48 -46 -21 -58 -59 -60 61 -1
right_child=1 6 3 -5 -6 -7 7 8 10 -11 11 12 -14 14 15 -17 -18 18 -20 30 21 -23 23 -25 25 -27 29 28 -30 -31 31 -33 -34 34 36 37 -38 -39 -40 40 41 42 46 44 48 -47 54 -49 -50 -51 -52 -53 -54 -55 -56 -57 57 58 59 -61 -62 -63
leaf_value=0.00050470933068632793 0.0075140467357067836 -0.0014951022564673622 -0.0069580144300642943 0.0088218640050162448 0.0024542362601668749 0.023496678178863868 -0.00086757897820678503 -0.0089832717013594351 0.0096937321522273124 0.012905711095247949 -0.0072433357582970832 -0.001488375445478596 0.0088126372997922933 -0.0039283776469528674 0.014156892065974799 0.0014781067512021999 0.005288817411288619 0.0014880549681505987 0.010390229221364414 -0.00022903541396551171 0.0041905451606197115 0.012194813697544091 -0.008589454420975277 -0.0087510476884400026 -0.009217610439285635 -0.0059133325548221677 0.0050340101552697331 -0.00078136430782896858 0.011800170377554264 0.017576347081921996 0.0048028279647782997 -0.019785140685575166 0.015510726977317108 -0.018845815480121278 -0.00058647792499798995 0.004920045289866351 -0.007109928769059479 -0.010571450243393581 0.013219421926920336 0.0080019536955902981 0.0012194709413624542 -0.0099945758405903529 0.0034388100018813497 -0.019489352433470965 0.00078182435509833439 -0.0047894067854645688 0.00040990735810154532 0.0069090627730474807 -0.010016958271701109 -0.0016203200799368676 0.0010059583559632302 0.019006110758156235 0.0033122294126672947 -0.0095880695364692001 -0.0084665765502938521 -0.0094749344011338874 -0.0054157943470785636 0.01663702600494479 -0.0070329697004386368 0.0096620266251689346 -5.3425808094034706e-05 0.0082473587486892944
leaf_weight=3913 21 352 36 23 27 21 42 38 20 28 30 112 34 20 22 39 25 35 27 7919 55 34 21 29 25 24 26 31 34 24 27 23 21 28 26 27 40 21 27 30 27 22 21 31 22 37 39 32 34 42 35 23 47 22 27 26 39 33 28 22 14322 25
leaf_count=3913 21 352 36 23 27 21 42 38 20 28 30 112 34 20 22 39 25 35 27 7919 55 34 21 29 25 24 26 31 34 24 27 23 21 28 26 27 40 21 27 30 27 22 21 31 22 37 39 32 34 42 35 23 47 22 27 26 39 33 28 22 14322 25
internal_value=1.01902e-05 0.00104208 0.00523362 -0.000806536 0.0103984 0.0155054 0.000390966 0.00160226 0.000186261 0.00498136 0.00144417 0.000802186 0.00186547 0.000641618 0.00358679 0.00605078 -0.00104524 0.00284788 0.00536481 -2.57134e-05 8.59476e-05 0.00337657 0.00234271 0.000575612 0.00203763 0.00339841 0.00499471 0.00162826 0.00579975 0.0110543 -0.000283926 -0.00650764 0.00731849 -0.000246023 -0.00331103 -0.00811634 0.000615901 -0.00185748 0.00644672 2.91673e-05 -0.00167944 -0.00227583 0.000210616 -0.00414514 -0.00606816 -0.0114909 0.00141123 0.00053183 -0.00320969 0.0039381 0.00689322 0.0115763 -0.000773404 -0.00363289 -0.00322138 -0.00477392 -0.000181605 0.00289711 0.00680317 0.000312829 7.75437e-05 0.000553863
internal_weight=28313 952 128 59 69 42 824 447 315 132 277 257 227 193 81 61 377 104 62 27361 19101 324 290 214 185 164 140 90 65 50 8260 50 76 8210 169 76 93 48 53 18777 517 487 209 278 197 68 187 81 129 121 79 44 95 49 66 48 8041 122 83 50 18260 3938
internal_count=28313 952 128 59 69 42 824 447 315 132 277 257 227 193 81 61 377 104 62 27361 19101 324 290 214 185 164 140 90 65 50 8260 50 76 8210 169 76 93 48 53 18777 517 487 209 278 197 68 187 81 129 121 79 44 95 49 66 48 8041 122 83 50 18260 3938
is_linear=0
shrinkage=0.05


Tree=141
num_leaves=63
num_cat=0
split_feature=109 108 107 71 110 112 100 114 46 66 99 114 109 110 52 109 47 73 114 113 66 104 109 111 53 104 100 114 66 97 110 77 56 61 114 104 19 96 100 113 114 52 114 106 47 114 43 95 48 44 102 72 91 92 110 108 102 104 66 43 114 52
split_gain=0.581675 0.548384 0.463248 0.334399 0.539019 0.40898 1.1378 2.86054 3.02415 1.98995 0.966717 0.792698 0.591312 0.64611 0.562886 0.545213 0.523232 1.37838 0.677788 1.02529 1.42165 1.3641 0.520796 0.496815 0.466766 0.524548 0.889841 1.70775 0.626794 0.682558 0.564063 0.673152 0.508066 0.563837 0.643236 0.457654 0.450125 1.04643 0.495712 4.06284 0.972392 0.714064 0.440434 0.789987 0.415698 0.411024 0.375184 0.372945 0.370141 0.667575 0.731229 0.36106 0.378811 0.360486 0.422842 0.408679 0.532222 0.829476 0.3671 0.352273 0.343044 0.331038
threshold=118.50000000000001 54.500000000000007 61.500000000000007 1.0000000180025095e-35 70.250000000000014 1.0000000180025095e-35 2025.5000000000002 7.5000000000000009 2.0000000000000004 2.0000000000000004 3.0000000000000004 12.500000000000002 4.5000000000000009 4.7500000000000009 3.0000000000000004 14.500000000000002 2.0000000000000004 2.5000000000000004 8.5000000000000018 1.5000000000000002 2.0000000000000004 5.5000000000000009 1.5000000000000002 1.0000000180025095e-35 3.0000000000000004 2.5000000000000004 2025.5000000000002 5.5000000000000009 2.0000000000000004 1.5000000000000002 1.7500000000000002 1.0000000180025095e-35 3.0000000000000004 2.5000000000000004 7.5000000000000009 3.5000000000000004 2.0000000000000004 1.5000000000000002 2025.5000000000002 2.5000000000000004 3.5000000000000004 3.0000000000000004 9.5000000000000018 1.0000000180025095e-35 2.0000000000000004 5.5000000000000009 2.0000000000000004 2.0000000000000004 3.0000000000000004 2.0000000000000004 inf 3.5000000000000004 2.0000000000000004 2.0000000000000004 46.250000000000007 50.500000000000007 1.0000000180025095e-35 6.5000000000000009 2.0000000000000004 2.0000000000000004 15.500000000000002 3.0000000000000004
decision_type=10 10 10 2 10 10 2 2 2 2 2 2 10 10 2 8 2 2 2 2 2 2 10 10 2 2 2 2 2 2 10 2 2 2 2 2 2 2 2 2 2 2 2 2 2 2 2 2 2 2 8 2 2 2 10 8 8 2 2 2 2 2
left_child=1 3 -3 4 5 12 7 8 -7 -9 11 14 23 -14 -8 -16 18 45 -12 -20 21 -21 -22 36 -25 26 27 -26 47 30 35 -32 -31 34 -34 -30 37 42 39 40 41 -38 61 -44 51 46 -18 60 -28 -50 -51 52 -37 55 -55 -15 57 -57 -58 -46 -27 -1
right_child=-2 2 -4 -5 -6 6 10 9 -10 -11 16 -13 13 53 15 -17 17 -19 19 20 22 -23 -24 24 25 28 48 -29 29 32 31 -33 33 -35 -36 44 38 -39 -40 -41 -42 -43 43 -45 59 -47 -48 -49 49 50 -52 -53 -54 54 -56 56 58 -59 -60 -61 -62 -63
leaf_value=-0.0006594844396978478 -0.0083087122162050081 0.0096887088156546713 0.0001415454181066404 -0.00010496503153565611 0.0084706071810796858 -0.00088860816100523588 -0.0031147312376132879 -0.014874721253290774 0.023383189576931977 0.0066901535929545109 0.0014918480850485865 0.0069862563025068353 -0.0096137868343661968 -0.0030109130124067319 0.0069864560111329481 -0.00094136159276849655 -0.0013537462764273746 0.012017238135671333 -0.0017483885089556379 0.022845765643499116 0.0063851895879700098 0.0074124249016366359 -0.004623025522700378 -0.0014513319035380369 -0.0016299223696643658 -0.00037841881755882906 0.00096900189073487967 0.016985646681860089 -0.0025341508002521135 -0.0010679363173118834 0.010234619919709595 -0.00063746646640841693 -0.0001878897222923115 0.012946286227489855 0.011073926587899525 0.0021498754525739587 0.0018927876765911398 0.01186758445818787 -0.00018534492611634382 0.016108203972024577 -0.014540151204611804 -0.010067215973200899 -0.00072550796515618763 0.012553660668033576 -0.0023859899468910068 -0.0038014071803463968 0.0045919214981273776 0.0055172470131232146 -0.0031911734339138049 0.010593374486526717 -0.00048971783461307828 -0.0035461797839961944 0.0081424117915268098 -0.001257602886017159 -0.0079000896246143384 0.0011934433960252339 -0.001994252506184823 0.013349223023523454 0.0057248925307067117 0.0031512680129171947 0.0045143263490014787 0.0034620370528828659
leaf_weight=242 21 27 24 19892 20 21 272 20 33 23 379 27 22 49 29 86 83 21 36 22 22 41 21 213 22 1128 331 28 93 23 35 24 32 29 21 291 26 23 3133 21 37 24 24 21 109 98 39 29 21 46 22 25 29 575 25 36 67 23 20 39 37 61
leaf_count=242 21 27 24 19892 20 21 272 20 33 23 379 27 22 49 29 86 83 21 36 22 22 41 21 213 22 1128 331 28 93 23 35 24 32 29 21 291 26 23 3133 21 37 24 24 21 109 98 39 29 21 46 22 25 29 575 25 36 67 23 20 39 37 61
internal_value=9.68071e-06 1.58551e-05 0.00519593 6.50051e-06 0.000272074 0.000252387 0.00107727 0.0062821 0.0139442 -0.00334002 0.000647955 -0.00129693 0.000103568 -0.0011613 -0.00187482 0.00105783 0.00170462 -0.000221792 0.00259573 0.00554201 0.00801799 0.0128018 0.00100908 0.000269203 0.000792386 0.000990361 0.00248933 0.0087948 0.000627956 0.00176076 0.00115217 0.00581208 0.00549924 0.00734125 0.00427434 0.000683003 -0.000111307 0.00153843 -0.000300154 -0.00363069 -0.00839524 -0.00384801 0.000855758 0.00547144 0.00128989 -0.00139006 0.000546918 -8.36065e-05 0.00173868 0.0046012 0.00700767 0.00224084 0.00269295 -0.000927396 -0.00153437 0.000940227 0.00226629 0.00593214 -0.000219736 -0.000926848 -0.000223027 0.000170261
internal_weight=28313 28292 51 28241 8349 8329 1273 97 54 43 1176 414 7056 817 387 115 762 241 521 142 106 63 43 6239 2627 2414 470 50 1944 750 645 59 105 82 53 586 3612 371 3241 108 87 50 348 45 493 220 122 1194 420 89 68 345 320 795 600 195 146 59 87 148 1165 303
internal_count=28313 28292 51 28241 8349 8329 1273 97 54 43 1176 414 7056 817 387 115 762 241 521 142 106 63 43 6239 2627 2414 470 50 1944 750 645 59 105 82 53 586 3612 371 3241 108 87 50 348 45 493 220 122 1194 420 89 68 345 320 795 600 195 146 59 87 148 1165 303
is_linear=0
shrinkage=0.05


Tree=142
num_leaves=63
num_cat=0
split_feature=109 110 102 14 104 42 14 103 114 99 114 24 114 110 48 109 100 24 91 1 66 110 65 109 107 1 26 96 110 114 114 71 109 107 103 112 111 100 57 114 42 109 102 91 102 57 104 66 95 114 14 110 111 100 42 61 102 97 104 100 19 77
split_gain=0.524962 0.506972 0.879109 1.35103 2.73554 1.4287 0.57072 0.94083 1.51675 0.81543 0.999577 1.83035 0.494345 0.535885 0.498382 0.453109 0.590425 0.784248 0.541548 0.530438 0.430486 0.387521 0.446885 0.596046 0.345537 0.984767 0.758188 0.792888 0.462048 0.292614 0.600728 0.278288 0.563344 0.999649 0.561105 1.82435 0.490622 0.606552 2.22715 1.87714 1.07711 0.561253 0.527091 0.770982 1.63713 0.603728 0.558646 0.732937 1.27893 0.840828 0.987615 0.742045 1.60911 0.892914 1.39675 0.668356 0.663852 0.73196 0.650027 0.843346 0.621967 0.617778
threshold=118.50000000000001 27.750000000000004 1.0000000180025095e-35 2.0000000000000004 6.5000000000000009 2.0000000000000004 4.0000000000000009 1.0000000180025095e-35 7.5000000000000009 3.0000000000000004 14.500000000000002 2.5000000000000004 13.500000000000002 52.250000000000007 3.0000000000000004 26.500000000000004 2025.5000000000002 2.5000000000000004 2.0000000000000004 3.0000000000000004 2.0000000000000004 61.250000000000007 2.0000000000000004 46.500000000000007 15.500000000000002 1.0000000180025095e-35 2.5000000000000004 1.5000000000000002 17.750000000000004 9.5000000000000018 6.5000000000000009 1.0000000180025095e-35 10.500000000000002 8.5000000000000018 1.0000000180025095e-35 1.0000000180025095e-35 1.0000000180025095e-35 2025.5000000000002 4.0000000000000009 3.5000000000000004 2.0000000000000004 4.5000000000000009 inf 2.0000000000000004 1.0000000180025095e-35 4.0000000000000009 2.5000000000000004 2.0000000000000004 2.0000000000000004 12.500000000000002 2.0000000000000004 2.7500000000000004 6.5000000000000009 2025.5000000000002 2.0000000000000004 1.5000000000000002 1.0000000180025095e-35 1.5000000000000002 3.5000000000000004 2025.5000000000002 3.5000000000000004 1.0000000180025095e-35
decision_type=10 10 8 2 2 2 2 8 2 2 2 2 2 10 2 10 2 2 2 2 2 10 2 10 10 2 2 2 10 2 2 2 10 10 10 8 10 2 2 2 2 10 8 2 10 2 2 2 2 2 2 10 10 2 2 2 10 2 2 2 2 2
left_child=1 15 3 4 5 -3 21 8 -8 -10 11 -11 13 -9 -14 24 17 -17 -19 -18 -12 22 29 -24 31 26 27 28 -26 30 -4 32 33 34 36 -36 37 38 39 40 -1 42 43 46 -45 -46 -38 48 49 51 -51 53 -53 54 -48 58 -57 61 -49 -60 -61 -58
right_child=-2 2 6 -5 -6 -7 7 12 9 10 20 -13 14 -15 -16 16 19 18 -20 -21 -22 -23 23 -25 25 -27 -28 -29 -30 -31 -32 -33 -34 -35 35 -37 41 -39 -40 -41 -42 -43 -44 44 45 -47 47 55 -50 50 -52 52 -54 -55 -56 56 57 -59 59 60 -62 -63
leaf_value=0.0066258271783590315 -0.0078932765804763366 0.010111763640048191 -0.0011288705923938806 -0.0019334655834568873 0.024927549306303264 -0.0052697124819342904 -0.00037301217150464137 -0.0015212433166353306 -0.0009892730009076851 0.0025152489901162111 0.008353938317547242 0.019642012905424985 -0.00012633847516207468 0.006973419062463411 -0.010574756036512555 -0.010590270324013173 -0.0012026835535463814 0.003044509590272942 -0.0069597108910481147 0.0070395701853114938 0.00013644523261224523 -0.005032768937526271 0.010461565515392327 -0.0014512727779912808 0.0032502927188761536 0.012708842968568208 -0.0032453895090222961 -0.0017916359397913179 0.013750838179310616 -0.0029236709958962003 0.0070241946710406667 -0.00011758612745741571 -0.0013894259276998127 0.009947685808529734 -0.0037895253414045212 0.016593890947600207 0.0026908379306158133 -2.369683416114942e-05 0.0094878870174288765 -0.014931009844118773 -0.0085435290016572588 -0.0012758558722279782 -0.00019894590233859871 0.013723256187261763 -0.0007411768167525873 0.0055472541093716729 -0.01138294729590416 -0.001218909479212016 0.0099431569177296855 0.0095863206227394665 0.00023922896885041948 0.015313669192520056 -0.0026186928409954596 -0.00061805118916174594 0.001241366574779535 -0.0042186840424935021 0.004736657746668373 0.0095646890501181296 0.010802328733629303 0.0023639366497021481 0.0094482991625280954 -0.0029338041726233704
leaf_weight=25 21 36 117 45 20 26 143 82 28 26 30 39 21 24 25 39 277 31 24 21 34 50 21 21 20 20 62 31 22 116 28 18870 500 27 23 21 397 3487 25 43 22 336 869 37 87 68 50 80 31 44 79 22 29 970 39 75 42 24 38 349 34 70
leaf_count=25 21 36 117 45 20 26 143 82 28 26 30 39 21 24 25 39 277 31 24 21 34 50 21 21 20 20 62 31 22 116 28 18870 500 27 23 21 397 3487 25 43 22 336 869 37 87 68 50 80 31 44 79 22 29 970 39 75 42 24 38 349 34 70
internal_value=9.19667e-06 1.50624e-05 0.00116184 0.005028 0.00884832 0.00366147 0.000551902 0.00172843 0.00335217 0.00674518 0.00842397 0.0127913 -0.00147633 0.000402076 -0.00580483 -2.40019e-05 -0.0017117 -0.00516674 -0.00132097 -0.000621854 0.0039884 -0.000954585 -0.000281617 0.00450515 5.29998e-07 0.00235449 0.000820514 0.00427375 0.00875058 -0.0010519 0.000445514 -1.30777e-05 0.0002352 0.000344338 0.000309375 0.00593892 0.000275775 -0.000141527 -0.00371433 -0.00738162 -0.000474723 0.00067448 0.000865311 0.00122587 0.00427339 0.00201762 0.000979296 0.000635428 -8.73022e-05 -0.000339487 0.0035829 -0.000774131 0.00511684 -0.00105783 -0.00585094 0.00191848 -0.000442064 0.00164063 0.00291264 0.00369773 0.00299284 -5.7381e-05
internal_weight=28313 28292 932 127 82 62 805 452 300 157 129 65 152 106 46 27360 392 94 55 298 64 353 303 42 26968 155 135 73 42 261 145 26813 7943 7443 7416 44 7372 3602 115 90 47 3770 3434 2565 192 155 2373 1976 1264 1233 123 1110 51 1059 89 712 211 136 501 421 383 112
internal_count=28313 28292 932 127 82 62 805 452 300 157 129 65 152 106 46 27360 392 94 55 298 64 353 303 42 26968 155 135 73 42 261 145 26813 7943 7443 7416 44 7372 3602 115 90 47 3770 3434 2565 192 155 2373 1976 1264 1233 123 1110 51 1059 89 712 211 136 501 421 383 112
is_linear=0
shrinkage=0.05


Tree=143
num_leaves=63
num_cat=0
split_feature=70 113 100 100 113 54 71 94 94 114 100 66 114 114 61 28 8 28 62 113 22 40 40 61 94 67 110 102 106 114 107 44 61 103 114 110 63 77 22 114 42 62 11 114 65 66 51 40 113 40 46 59 100 110 29 102 14 100 8 73 110 114
split_gain=0.391748 3.24012 1.52144 1.04224 1.01158 1.40866 1.00289 0.786256 1.35581 1.34618 1.06299 3.06435 2.34506 4.8711 1.9784 1.41106 1.026 0.717539 0.983174 2.27271 0.950601 0.689883 0.674933 0.658538 0.59386 0.561681 0.560292 1.61703 0.98758 0.900682 0.734561 1.12935 0.676965 0.806866 0.849254 1.78243 0.698134 0.513591 0.48439 1.39948 1.49166 0.851349 0.412273 1.03204 2.88407 0.957112 0.930972 1.00132 0.633679 0.401834 0.387668 0.353649 0.349425 0.348183 0.947634 0.3146 0.312916 1.04156 2.67678 2.58126 4.04029 2.35381
threshold=2.0000000000000004 5.5000000000000009 2021.5000000000002 2021.5000000000002 4.5000000000000009 2.0000000000000004 3.0000000000000004 4.0000000000000009 2.0000000000000004 7.5000000000000009 2024.5000000000002 2.0000000000000004 15.500000000000002 13.500000000000002 3.5000000000000004 2.0000000000000004 2.0000000000000004 2.0000000000000004 2.5000000000000004 3.5000000000000004 3.0000000000000004 3.5000000000000004 3.5000000000000004 3.5000000000000004 4.0000000000000009 2.5000000000000004 27.750000000000004 1.0000000180025095e-35 1.0000000180025095e-35 6.5000000000000009 15.500000000000002 2.0000000000000004 1.5000000000000002 1.0000000180025095e-35 6.5000000000000009 33.250000000000007 2.5000000000000004 2.5000000000000004 3.0000000000000004 10.500000000000002 2.0000000000000004 2.5000000000000004 2.0000000000000004 15.500000000000002 2.0000000000000004 2.0000000000000004 2.5000000000000004 3.5000000000000004 4.5000000000000009 3.5000000000000004 2.0000000000000004 -1.0000000180025095e-35 2025.5000000000002 14.250000000000002 3.0000000000000004 1.0000000180025095e-35 4.0000000000000009 2025.5000000000002 2.0000000000000004 2.5000000000000004 6.7500000000000009 12.500000000000002
decision_type=2 2 2 2 2 2 2 2 2 2 2 2 2 2 2 2 2 2 2 2 2 2 2 2 2 2 10 8 2 2 10 2 2 8 2 10 2 2 2 2 2 2 2 2 2 2 2 2 2 2 2 2 2 10 2 10 2 2 2 2 10 2
left_child=2 3 25 -2 38 6 -6 8 26 -10 11 15 13 14 50 37 -14 18 19 -11 22 -22 -19 -20 -7 -1 30 28 29 -28 42 55 -29 34 51 -36 -37 -9 -5 -40 -41 -42 48 44 46 -45 -44 -48 53 -3 -13 -34 -47 56 -55 -32 -4 58 -58 60 -60 -61
right_child=1 49 7 4 5 24 -8 10 9 17 -12 12 16 -15 -16 -17 -18 20 23 -21 21 -23 -24 -25 -26 -27 27 32 -30 -31 31 -33 33 -35 35 36 -38 -39 39 40 41 -43 43 45 -46 52 47 -49 -50 -51 -52 -53 -54 54 -56 -57 57 -59 59 61 -62 -63
leaf_value=0.0037814988809473371 -0.0096209667173439064 -0.019417543038725855 5.0945931567208113e-05 -0.00014342597421540122 0.0056158068186293051 0.0058700770915796367 -0.0079438140336424122 -0.01121601519053397 0.013025571770817302 -5.9133939000523907e-05 -0.00022386249230336837 -0.0083772612556528587 0.01679356613312848 -0.01963526808163699 0.010852845829213038 -0.001602330943569541 0.002015344666964982 -0.0013200482877437027 0.007462843926623464 0.022937025574390733 0.00016960993409156802 -0.011829372786957285 0.010804405740716241 -0.0029206449527771692 0.017243047875606203 0.013441083504369967 0.0068181005084798456 -0.0015461238993654102 0.0017352104462959148 0.021644066446460785 0.006316778492182493 -0.00093088626042405918 0.0043055923422798516 -0.0029665317942910805 0.021328602898865942 -0.0029891445555470207 0.0092234246656298629 -0.021299737938014526 -0.015107732066618546 0.0095221047550439839 0.0011271644038734613 -0.011316381220240146 0.003032594265482658 0.00096175733536559482 0.012181522987789083 -0.016332193501293661 -0.012541525046794844 -0.00027334869293303324 0.0080268109074005719 -0.0093946385756134981 0.00088201886741444467 -0.0043707278071214327 -0.007383637279781397 -0.0018382907682924941 0.0065151251107611625 0.015079051344877199 0.0061943021656159433 0.00028847867312824455 -0.0063578584747083777 0.018467454727867556 0.014082466172320502 -0.0011999338283203544
leaf_weight=34 29 20 5935 12388 30 24 25 23 36 22 4394 26 24 34 40 22 23 24 26 21 25 23 22 37 22 27 21 166 27 20 20 41 24 41 20 22 25 28 21 25 27 28 32 24 38 20 39 29 26 20 20 23 24 412 37 21 269 3101 177 29 28 32
leaf_count=34 29 20 5935 12388 30 24 25 23 36 22 4394 26 24 34 40 22 23 24 26 21 25 23 22 37 22 27 21 166 27 20 20 41 24 41 20 22 25 28 21 25 27 28 32 24 38 20 39 29 26 20 20 23 24 412 37 21 269 3101 177 29 28 32
internal_value=8.73684e-06 -0.000198084 0.000175987 -0.000153047 -0.000131238 0.00485255 -0.000547657 0.000145157 0.000376033 0.00412478 -0.000400846 -0.00364111 9.42803e-05 -0.00361378 0.0027203 -0.0121865 0.00956167 0.00252264 0.00534289 0.0111715 -0.000657655 -0.0055799 0.0044786 0.0013646 0.0113093 0.00805705 0.000293528 0.00215638 0.00916047 0.0140503 0.000223405 0.00493694 0.000672647 0.00304888 0.00521232 0.00882681 0.0035069 -0.0167522 -0.000171543 -0.00362015 -0.000604658 -0.00520773 0.000185704 -0.00202852 0.000455756 -0.00707013 -0.00400004 -0.00730951 0.000231108 -0.0144061 -0.00435149 5.97335e-05 -0.0114512 0.00021088 -0.00114992 0.0108048 0.000274718 0.00063998 0.00267737 -0.000879224 -0.00356601 0.00815014
internal_weight=28313 12659 15654 12619 12590 101 55 15593 10959 236 4634 240 167 120 86 73 47 200 106 43 94 48 46 63 46 61 10723 389 68 41 10334 82 321 155 114 67 47 51 12489 101 80 55 10252 206 138 68 100 68 10046 40 46 47 44 10020 449 41 9571 3636 535 266 205 61
internal_count=28313 12659 15654 12619 12590 101 55 15593 10959 236 4634 240 167 120 86 73 47 200 106 43 94 48 46 63 46 61 10723 389 68 41 10334 82 321 155 114 67 47 51 12489 101 80 55 10252 206 138 68 100 68 10046 40 46 47 44 10020 449 41 9571 3636 535 266 205 61
is_linear=0
shrinkage=0.05


Tree=144
num_leaves=63
num_cat=0
split_feature=109 108 107 70 113 100 100 113 54 71 11 12 46 106 91 25 114 65 85 100 114 109 114 65 63 65 40 43 44 113 17 110 102 106 61 100 110 65 104 95 100 111 100 111 14 114 19 114 54 85 91 100 61 22 14 62 111 106 107 108 11 43
split_gain=0.465628 0.485793 0.409925 0.35623 2.9224 1.37401 0.939759 0.914545 1.27132 0.905109 0.580215 0.55896 0.966503 0.892557 1.83279 1.26747 1.09047 1.43025 1.23652 1.32723 0.874414 0.797409 0.789917 0.654459 0.646475 0.551508 0.72845 0.530486 0.525348 0.617275 0.517571 0.494509 1.15424 1.08654 0.741246 0.742657 1.0147 0.698246 1.31913 0.531693 1.61407 2.70216 0.866643 0.523072 1.51371 2.08199 1.04812 0.518771 0.467748 0.455981 0.726593 0.446249 0.574328 0.436045 1.37557 0.990443 0.433568 0.424742 0.718442 1.54913 0.723424 2.21596
threshold=118.50000000000001 54.500000000000007 61.500000000000007 2.0000000000000004 5.5000000000000009 2021.5000000000002 2021.5000000000002 4.5000000000000009 2.0000000000000004 3.0000000000000004 2.0000000000000004 1.0000000180025095e-35 2.0000000000000004 1.0000000180025095e-35 2.0000000000000004 2.5000000000000004 15.500000000000002 2.0000000000000004 4.0000000000000009 2023.5000000000002 15.500000000000002 12.500000000000002 12.500000000000002 2.0000000000000004 2.5000000000000004 2.0000000000000004 3.5000000000000004 2.0000000000000004 2.0000000000000004 3.5000000000000004 3.0000000000000004 27.750000000000004 1.0000000180025095e-35 1.0000000180025095e-35 1.5000000000000002 2025.5000000000002 32.750000000000007 2.0000000000000004 7.5000000000000009 2.0000000000000004 2025.5000000000002 2.5000000000000004 2024.5000000000002 1.5000000000000002 4.0000000000000009 10.500000000000002 2.0000000000000004 3.5000000000000004 2.0000000000000004 -1.4999999999999998 2.0000000000000004 2022.5000000000002 3.5000000000000004 3.0000000000000004 4.0000000000000009 2.5000000000000004 4.5000000000000009 1.0000000180025095e-35 12.500000000000002 18.500000000000004 1.0000000180025095e-35 2.0000000000000004
decision_type=10 10 10 2 2 2 2 2 2 2 2 2 2 2 2 2 2 2 2 2 2 10 2 2 2 2 2 2 2 2 2 10 8 2 2 2 10 2 2 2 2 10 2 8 2 2 2 2 2 2 2 2 2 2 2 2 8 2 10 8 2 2
left_child=1 3 -3 5 6 27 -5 53 9 -9 31 13 20 15 21 -12 17 18 -17 -20 23 22 24 -13 -15 26 -18 -1 -24 -30 -19 39 33 -33 -34 36 -36 -37 -39 43 41 42 -41 44 45 46 -7 -48 -22 -42 56 52 -45 -8 -55 -56 -51 -53 60 -60 -59 -62
right_child=-2 2 -4 4 -6 10 7 8 -10 -11 11 12 -14 14 -16 16 25 30 19 -21 48 -23 28 -25 -26 -27 -28 -29 29 -31 -32 32 34 -35 35 37 -38 38 -40 40 49 -43 -44 51 -46 -47 47 -49 -50 50 -52 57 -54 54 55 -57 -58 58 59 -61 61 -63
leaf_value=0.011672985782580718 -0.0074342007127900919 0.0091156243967513255 0.00013473135829068878 -0.0091399188249789431 -0.013685786416754126 0.012951823057872909 -0.00014044438954761542 0.0053350166014085217 0.010743857620526917 -0.0075466234418563542 0.0093338569463230683 0.012723994271501022 -0.0036728357738600331 -0.006136572769000417 -0.01690059831124489 0.0013166701067881337 0.013551146355235862 -0.0023642754496034724 -0.0044172815442403875 -0.017912451086033669 -0.0057083148897315063 0.0064989555359352387 -0.0099722313613580943 0.0013253410905599596 0.0050855766868952547 -0.0022394899711278933 0.0010306221576264272 0.0022442962795209426 -0.0085104946823169794 0.0037632348015904427 0.0080287394786719233 0.013416949434107856 -0.0016274596945467321 -4.5294463634490968e-06 0.015971567684953863 -0.0012538943784665723 0.0026607410050928596 0.015827760447282343 -0.00035514051793571156 0.009772634359874896 -0.00078170768243785371 -0.0020063497893073978 0.024137301552331167 -0.010233357622443389 -0.0045744518941948911 0.019931540589424826 -0.0034604923176947376 0.0039308172738495867 0.0040640177475288509 0.0073144094092144358 0.0099838645565406697 -0.0001531071611529408 -0.00035355031064490937 -0.013349635711011405 0.0056662364182748686 -0.0058264783130505607 -0.00049098424172967423 0.00023891031132539466 0.012710420213018856 -0.0019578125845226978 0.00021730403814996992 0.012666612934845035
leaf_weight=35 21 27 24 29 40 21 12360 30 46 25 30 34 65 21 27 29 21 23 38 35 24 20 56 20 33 28 26 26 21 20 25 38 176 25 22 115 41 20 34 21 249 34 21 24 52 21 43 53 25 22 28 8254 38 26 38 37 93 5223 36 36 140 48
leaf_count=35 21 27 24 29 40 21 12360 30 46 25 30 34 65 21 27 29 21 23 38 35 24 20 56 20 33 28 26 26 21 20 25 38 176 25 22 115 41 20 34 21 249 34 21 24 52 21 43 53 25 22 28 8254 38 26 38 37 93 5223 36 36 140 48
internal_value=8.3e-06 1.38243e-05 0.00488932 5.01968e-06 -0.000192394 0.000164759 -0.000149528 -0.000128773 0.00460992 -0.000520274 0.000135378 -0.00136213 0.00110113 -0.00227565 -0.00479435 -0.000319956 -0.00160713 -0.00406846 -0.00741774 -0.0108876 0.00411382 -0.00288284 -0.00412546 0.00850227 0.000721407 0.00331553 0.0066249 0.0076542 -0.00682372 -0.00252331 0.00304875 0.000197673 0.00179203 0.00809097 0.000819398 0.00267564 0.00730897 0.000948418 0.00563853 0.00014573 0.00180353 0.00847227 0.016955 9.02689e-05 0.00269585 0.00543538 0.00283351 0.000620127 -0.000722431 0.000510608 0.00276086 5.43924e-05 -0.00417799 -0.000167181 -0.00343914 -3.50285e-06 0.00100222 7.34946e-05 0.000414617 0.0053763 0.000348595 0.00339585
internal_weight=28313 28292 51 28241 12631 15610 12591 12562 101 55 15549 621 168 453 198 255 225 150 102 73 103 171 151 54 54 75 47 61 97 41 48 14928 471 63 408 232 63 169 54 14457 468 76 42 13989 190 138 117 96 49 392 143 13799 62 12461 101 75 115 13737 5483 72 5411 188
internal_count=28313 28292 51 28241 12631 15610 12591 12562 101 55 15549 621 168 453 198 255 225 150 102 73 103 171 151 54 54 75 47 61 97 41 48 14928 471 63 408 232 63 169 54 14457 468 76 42 13989 190 138 117 96 49 392 143 13799 62 12461 101 75 115 13737 5483 72 5411 188
is_linear=0
shrinkage=0.05


Tree=145
num_leaves=63
num_cat=0
split_feature=100 43 54 46 30 95 110 77 96 26 111 106 114 109 109 70 113 114 110 100 66 65 113 54 100 113 114 44 112 84 47 16 106 17 100 111 94 44 104 46 111 16 51 57 62 100 44 113 108 96 103 63 76 114 114 100 94 99 104 91 108 109
split_gain=0.559457 2.19796 0.713239 0.536581 0.260219 0.778801 0.84089 0.801355 0.5993 0.53848 0.69216 0.557412 0.87333 0.643451 0.536413 0.598071 0.553965 0.532163 0.556576 0.589331 0.446575 0.305662 1.27582 0.706269 1.34434 1.26873 2.16807 1.11255 0.607941 0.729693 0.722694 0.656204 0.578709 0.559969 1.61965 1.23612 1.04898 1.06882 0.805886 0.919092 0.722983 1.51021 1.16817 0.71394 0.644217 0.497512 1.44197 0.872907 0.469059 0.432324 0.946261 0.379352 0.72759 0.612665 0.447768 0.370002 1.26715 1.48766 2.23519 2.67081 1.2703 2.82673
threshold=2021.5000000000002 2.0000000000000004 2.0000000000000004 2.0000000000000004 2.0000000000000004 2.0000000000000004 24.750000000000004 2.5000000000000004 3.5000000000000004 2.5000000000000004 1.5000000000000002 1.0000000180025095e-35 8.5000000000000018 20.500000000000004 14.500000000000002 2.0000000000000004 1.5000000000000002 9.5000000000000018 11.750000000000002 2025.5000000000002 2.0000000000000004 2.0000000000000004 5.5000000000000009 2.0000000000000004 2022.5000000000002 3.5000000000000004 13.500000000000002 2.0000000000000004 1.0000000180025095e-35 1.0000000180025095e-35 2.0000000000000004 3.5000000000000004 1.0000000180025095e-35 3.0000000000000004 2025.5000000000002 5.5000000000000009 2.0000000000000004 2.0000000000000004 7.5000000000000009 2.0000000000000004 4.5000000000000009 4.5000000000000009 2.5000000000000004 4.0000000000000009 2.5000000000000004 2025.5000000000002 2.0000000000000004 3.5000000000000004 3.5000000000000004 3.5000000000000004 1.0000000180025095e-35 2.5000000000000004 3.5000000000000004 16.500000000000004 10.500000000000002 2025.5000000000002 4.0000000000000009 3.0000000000000004 7.5000000000000009 2.0000000000000004 14.500000000000002 22.500000000000004
decision_type=2 2 2 2 2 2 10 2 2 2 10 2 2 8 10 2 2 2 10 2 2 2 2 2 2 2 2 2 10 2 2 2 2 2 2 10 2 2 2 2 10 2 2 2 2 2 2 2 10 2 10 2 2 2 2 2 2 2 2 2 8 8
left_child=1 3 -3 -1 21 6 8 -8 9 10 -6 14 -13 -14 15 16 -12 -11 19 -19 -15 49 23 24 -23 28 -27 -28 48 31 -31 32 -30 34 35 36 37 44 -38 -40 45 42 -42 -43 -26 46 47 -35 -25 55 -51 52 -37 54 -53 56 57 58 60 -60 -2 -62
right_child=4 2 -4 -5 5 -7 7 -9 -10 17 11 12 13 20 -16 -17 -18 18 -20 -21 -22 22 -24 25 33 26 27 -29 29 30 -32 -33 -34 40 -36 51 38 -39 39 -41 41 43 -44 -45 -46 -47 -48 -49 -50 50 -52 53 -54 -55 -56 -57 -58 -59 59 -61 61 -63
leaf_value=0.0059429604560136797 -0.011143256191696441 0.0033362176641821861 -0.0092230656864837959 0.016887027289097509 -0.0058452031495107807 0.0077765594856688191 0.0013867458406214915 0.013039431385695936 0.006837841184178909 9.0925228336739569e-06 0.00076842637995930317 -0.00024981761795330658 0.0007322816457599402 0.0057003768207505344 -0.0070116324917129857 -0.003158505363301989 0.0084911257667200906 -0.010116633240665709 0.0034819675714797566 -0.0027703387031439118 0.015482742474081794 -0.01203111085063859 -0.011193212600968158 0.00032719619139091291 -0.0052056136879504531 -0.0036737951591159358 0.0059129602275788786 0.018920242302720588 0.0014578737627464133 0.013677411920701463 0.0014070758168236355 -0.0031964883239318925 0.01084428421066453 0.015290275746240065 0.00016278067933731593 0.0035906661860644821 -0.0020263135131886778 0.0018808539331491504 -8.8602131232619298e-05 0.013215922388351627 -0.0013058486060217138 0.015397741020946154 0.0050005283329868696 0.0052927240819289267 -0.016454731130506845 -0.0006059111508171604 -0.0035108935897534884 0.0027732595351214213 0.0072549437470734116 -0.00097615722990253338 -0.0097152009123061423 -0.0074392143986187877 -0.0089917919839973808 -0.0020002377642826599 -0.015740039256034476 -0.00015661367752855019 -0.0010249653424355477 0.00041609648171099089 0.01064306983448399 -0.0041298859507629742 0.015246588437620438 -0.00056538585777900327
leaf_weight=21 21 20 26 24 32 39 36 25 31 194 69 54 20 20 23 53 35 42 21 78 28 23 24 1078 35 33 35 31 52 30 20 45 24 26 2640 20 51 35 25 27 178 29 125 44 20 492 44 30 25 505 33 32 27 22 33 18655 935 1345 157 38 33 197
leaf_count=21 21 20 26 24 32 39 36 25 31 194 69 54 20 20 23 53 35 42 21 78 28 23 24 1078 35 33 35 31 52 30 20 45 24 26 2640 20 51 35 25 27 178 29 125 44 20 492 44 30 25 505 33 32 27 22 33 18655 935 1345 157 38 33 197
internal_value=9.16502e-06 0.00392325 -0.00376251 0.0117798 -3.52222e-06 0.000885304 0.000532139 0.00616244 4.14988e-05 -0.000273429 0.00114723 0.00188815 0.00449738 0.00826721 0.000119681 0.0011644 0.00336741 -0.00168985 -0.0040274 -0.00534154 0.0114068 -2.95933e-05 0.000309053 0.000360836 2.18765e-05 0.00133797 0.00679036 0.0120224 0.000914274 0.00368827 0.00876928 0.00158868 0.004422 9.2326e-05 -0.000248363 -0.00356769 -0.00100616 -0.00494957 0.00243954 0.00681952 0.00113657 0.00285117 0.00129579 0.00930705 -0.0092962 4.75631e-05 0.00326266 0.00858473 0.000484217 -0.000112328 -0.0015122 -0.00725706 -0.00363755 -0.00921243 -0.0116535 -7.71033e-05 0.000467014 0.00124591 0.00374837 0.00776424 0.000628478 0.00170329
internal_weight=28165 91 46 45 28074 800 761 61 700 669 334 302 122 68 180 157 104 335 141 120 48 27274 5355 5331 3958 1373 99 66 1274 171 50 121 76 3935 2967 327 193 90 103 52 968 376 303 73 55 592 100 56 1103 21919 538 134 47 87 65 21381 2726 1791 446 195 251 230
internal_count=28165 91 46 45 28074 800 761 61 700 669 334 302 122 68 180 157 104 335 141 120 48 27274 5355 5331 3958 1373 99 66 1274 171 50 121 76 3935 2967 327 193 90 103 52 968 376 303 73 55 592 100 56 1103 21919 538 134 47 87 65 21381 2726 1791 446 195 251 230
is_linear=0
shrinkage=0.05


Tree=146
num_leaves=63
num_cat=0
split_feature=100 43 54 74 110 30 95 110 77 72 113 96 44 110 111 1 114 111 100 40 66 111 100 42 65 113 54 100 85 114 72 113 12 74 106 112 9 67 100 111 72 104 104 114 110 43 16 110 114 100 44 106 111 114 106 74 111 96 103 80 113 100
split_gain=0.50491 1.98366 0.643698 0.484265 0.241001 0.250841 0.693924 0.747679 0.723222 0.64347 0.809784 0.729752 0.468803 0.438061 0.409944 0.389496 1.08878 0.521699 0.408022 0.691146 0.598018 0.420239 0.306178 0.294288 0.284225 1.15482 0.654782 1.21563 1.19575 1.92389 2.14978 3.33797 0.810575 0.53343 1.65739 0.516132 0.478657 0.37192 1.14444 0.875061 1.01721 1.13374 1.07718 1.37166 0.464571 0.837519 0.923814 0.744888 0.651725 1.34676 1.24991 0.693014 0.686671 0.826337 0.600277 0.554649 0.756814 0.36652 0.863739 0.359031 0.356217 0.347249
threshold=2021.5000000000002 2.0000000000000004 2.0000000000000004 2.5000000000000004 0.75000000000000011 2.0000000000000004 2.0000000000000004 24.750000000000004 2.5000000000000004 3.5000000000000004 1.5000000000000002 3.5000000000000004 2.0000000000000004 17.750000000000004 1.5000000000000002 3.0000000000000004 7.5000000000000009 6.5000000000000009 2025.5000000000002 3.5000000000000004 2.0000000000000004 6.5000000000000009 2025.5000000000002 2.0000000000000004 2.0000000000000004 5.5000000000000009 2.0000000000000004 2022.5000000000002 4.0000000000000009 13.500000000000002 3.5000000000000004 2.5000000000000004 1.0000000180025095e-35 2.5000000000000004 1.0000000180025095e-35 1.0000000180025095e-35 1.0000000180025095e-35 2.5000000000000004 2025.5000000000002 4.5000000000000009 3.5000000000000004 5.5000000000000009 5.5000000000000009 11.500000000000002 9.7500000000000018 2.0000000000000004 3.5000000000000004 23.250000000000004 17.500000000000004 2025.5000000000002 2.0000000000000004 1.0000000180025095e-35 3.5000000000000004 10.500000000000002 1.0000000180025095e-35 2.5000000000000004 7.5000000000000009 3.5000000000000004 1.0000000180025095e-35 3.5000000000000004 2.5000000000000004 2025.5000000000002
decision_type=2 2 2 2 8 2 2 10 2 2 2 2 2 10 10 2 2 10 2 2 2 10 2 2 2 2 2 2 2 2 2 2 2 2 2 10 2 2 2 10 2 2 2 2 8 2 2 8 2 2 2 2 10 2 2 2 10 2 10 2 2 2
left_child=1 3 -3 -1 -2 24 7 9 -9 11 12 13 -11 14 -7 16 -16 -18 19 21 -21 -17 -12 -14 57 26 27 -26 36 32 31 -31 35 34 -32 60 -28 38 39 40 41 -29 -42 -44 45 -39 -47 -46 49 50 51 -49 -51 -54 -52 59 -57 61 -59 -55 -30 -6
right_child=4 2 -4 -5 5 6 -8 8 -10 10 22 -13 23 -15 15 18 17 -19 -20 20 -22 -23 -24 -25 25 -27 28 37 29 30 33 -33 -34 -35 -36 -37 -38 44 -40 -41 42 -43 43 -45 47 46 -48 48 -50 52 54 -53 53 55 -56 56 -58 58 -60 -61 -62 -63
leaf_value=0.0056458123737857455 -0.002002153085389485 0.0031694068759679801 -0.0087619121867017116 0.016042676226546367 0.00046164519254655677 -0.0034077867488728469 0.007387731585185975 0.0013174086110666395 0.012387459896504881 -0.0044791570671285242 -0.011339471302926542 0.0093272182662039998 0.0045458736151582947 -0.0051834132708233581 -0.00066307872059821553 0.0017559518668955815 0.015499929760006213 0.005074613967112133 -0.00078914157483198392 -0.0066906317025423045 0.0046123942698944702 0.010451423986391588 -0.0040844429368999879 -0.0014830576425551305 -0.011429555276813715 -0.010633551752835048 -0.0050782979528948263 0.0015605355839296764 -0.0012784154468918557 0.0035693279150026767 0.0095931734926998635 0.030811529234051706 -0.0083541041353865624 0.0085367989493533979 -0.0088020218691478181 0.0077899620658718055 0.00071080445621977441 -0.0013438426595377296 0.00018693765575875467 -0.0053559039232454128 -0.006273167595267296 -0.010744218879904694 -0.0026141129422842736 0.010824667376808214 -0.0047679595565811427 0.0031280503622397333 0.016543109304759475 0.0064574943529441958 -0.00418434282515331 -0.00052796544423472369 0.0064508184542258588 0.019183619514755584 1.2158809690495567e-05 -0.0021028800800974882 -0.0042855960448555976 0.017752445326186719 0.0045829139960308872 -0.00087654896959862079 -0.0092294408855113121 0.0067653192654252058 0.0046454754321732456 -0.0001430858678679066
leaf_weight=21 150 20 26 24 2722 48 39 36 25 42 26 25 48 31 56 24 21 28 195 25 22 33 33 35 23 24 37 36 86 22 25 23 22 37 24 30 1021 38 2619 175 25 39 31 49 60 33 21 20 56 436 30 23 104 21 23 20 24 498 33 25 36 18561
leaf_count=21 150 20 26 24 2722 48 39 36 25 42 26 25 48 31 56 24 21 28 195 25 22 33 33 35 23 24 37 36 86 22 25 23 22 37 24 30 1021 38 2619 175 25 39 31 49 60 33 21 20 56 436 30 23 104 21 23 20 24 498 33 25 36 18561
internal_value=8.70677e-06 0.00372708 -0.00357438 0.0111908 -3.34611e-06 7.39093e-06 0.000884511 0.000547691 0.00585431 7.991e-05 -0.00245349 0.00099752 -0.000174637 0.000566376 0.00096072 0.00147975 0.00409957 0.00954261 0.000559746 0.00308891 -0.00139985 0.00679017 -0.00728157 0.00200355 -1.82127e-05 0.000309546 0.000359155 3.17221e-05 0.0013035 0.00406175 0.00863842 0.0174931 0.000616103 0.00400514 0.000583282 0.00191442 0.00050835 9.91759e-05 -0.000174175 -0.00283827 -0.000390574 -0.00483794 0.00278611 0.00561714 0.000969568 0.0043431 0.00834502 0.000600963 0.0010129 0.00141379 0.00693051 0.0132645 0.000573147 0.00304781 0.00179162 0.00655568 0.0105691 -9.81164e-05 -0.00139566 0.00271679 0.000469618 -6.57435e-05
internal_weight=28165 91 46 45 28074 27924 792 753 61 692 184 508 125 483 452 404 105 49 299 104 47 57 59 83 27132 5318 5294 3931 1363 305 131 45 174 86 49 152 1058 3908 2974 355 180 75 105 80 934 92 54 842 782 726 96 43 630 194 53 90 44 21814 531 46 122 21283
internal_count=28165 91 46 45 28074 27924 792 753 61 692 184 508 125 483 452 404 105 49 299 104 47 57 59 83 27132 5318 5294 3931 1363 305 131 45 174 86 49 152 1058 3908 2974 355 180 75 105 80 934 92 54 842 782 726 96 43 630 194 53 90 44 21814 531 46 122 21283
is_linear=0
shrinkage=0.05


Tree=147
num_leaves=63
num_cat=0
split_feature=100 43 54 74 90 111 107 28 66 55 11 43 67 114 114 64 94 14 103 84 64 14 8 43 40 26 114 114 100 69 85 114 100 100 62 77 100 100 103 41 114 40 65 65 17 100 54 72 51 61 49 109 85 24 69 104 107 77 107 74 24 61
split_gain=0.455681 1.79025 0.580938 0.437049 0.237099 0.284036 0.577533 0.50071 0.869727 1.33605 1.15883 1.13467 0.962455 2.70494 1.64476 1.31357 1.12344 0.663373 0.995117 1.19552 0.605859 0.579001 0.555428 0.761477 1.65866 0.595908 0.573386 1.18428 0.638323 0.544582 0.492039 2.24513 2.81165 0.811483 1.55392 1.01358 0.479695 0.591381 0.457227 1.54194 2.63468 2.10058 0.435733 0.868138 0.824789 0.998879 1.40907 1.65396 0.814844 1.35892 1.16923 0.892295 1.07161 0.615777 0.621217 0.563596 0.485905 1.14675 1.02594 0.795131 0.790093 0.490427
threshold=2021.5000000000002 2.0000000000000004 2.0000000000000004 2.5000000000000004 1.0000000180025095e-35 1.5000000000000002 19.500000000000004 2.0000000000000004 2.0000000000000004 3.0000000000000004 2.0000000000000004 2.0000000000000004 2.5000000000000004 17.500000000000004 10.500000000000002 2.5000000000000004 2.0000000000000004 4.0000000000000009 1.0000000180025095e-35 1.0000000180025095e-35 2.5000000000000004 2.0000000000000004 2.0000000000000004 2.0000000000000004 3.5000000000000004 2.5000000000000004 14.500000000000002 17.500000000000004 2024.5000000000002 3.0000000000000004 4.0000000000000009 9.5000000000000018 2024.5000000000002 2025.5000000000002 2.5000000000000004 2.5000000000000004 2023.5000000000002 2025.5000000000002 1.0000000180025095e-35 2.0000000000000004 10.500000000000002 3.5000000000000004 2.0000000000000004 1.0000000180025095e-35 3.0000000000000004 2025.5000000000002 2.0000000000000004 3.5000000000000004 2.5000000000000004 4.5000000000000009 4.0000000000000009 44.500000000000007 4.0000000000000009 2.5000000000000004 3.0000000000000004 5.5000000000000009 12.500000000000002 2.5000000000000004 23.500000000000004 2.5000000000000004 2.5000000000000004 3.5000000000000004
decision_type=2 2 2 2 2 10 8 2 2 2 2 2 2 2 2 2 2 2 10 2 2 2 2 2 2 2 2 2 2 2 2 2 2 2 2 2 2 2 10 2 2 2 2 2 2 2 2 2 2 2 2 8 2 2 2 2 10 2 10 2 2 2
left_child=1 3 -3 -1 5 6 -2 -8 9 -9 30 -12 14 20 36 17 -17 18 -16 -20 38 -21 23 24 -19 -24 28 -28 -27 -26 33 -32 -33 34 35 -11 -10 -38 -14 40 -40 -42 43 56 45 46 55 -48 49 -46 -50 -52 53 -53 -55 -44 61 58 59 60 -58 -7
right_child=4 2 -4 -5 -6 42 7 8 12 10 11 -13 13 -15 15 16 -18 22 19 21 -22 -23 25 -25 29 26 27 -29 -30 -31 31 32 -34 -35 -36 -37 37 -39 39 -41 41 -43 44 -45 48 -47 47 -49 50 -51 51 52 -54 54 -56 -57 57 -59 -60 -61 -62 -63
leaf_value=0.0053635216539814363 -0.0073168341082886657 0.003010936435312033 -0.0083238166703197818 0.015240542342265448 -0.00083774365783152087 7.6443942902919737e-05 -0.00024826985626796334 0.010054841191743401 -0.0055861988370048098 -0.016899611531146642 -0.012094095233413909 0.0013681244958812992 -0.00046487443172524068 -0.014594312122790144 -0.0023108521906229167 0.020948833555337928 0.0055292121514126111 -0.0018354302341187442 0.018155198380351067 0.00028344542839594427 -0.0074740461484041247 0.0090498532226774842 -0.0053093101728606869 -0.0015354699267434979 0.019473910587839784 0.012634155025589282 -0.0077900999095564822 0.0060958049326602908 0.0018611027652778748 0.0082171110214576838 -0.0060067712869663649 0.023904041830627692 -0.00091300136223435415 -0.00025503888206657919 0.0054003252159981509 -0.0026673294180496175 0.0065375014712723599 -0.00027185002727590042 0.012996428096988078 0.013925667827217176 0.0060405669985339056 -0.012620998499915005 -0.00027145423788439346 -0.00068332828256041753 -0.00072746399288636397 0.00067514705570616848 0.014235985705939433 -0.0041401820182800295 0.012279158152747327 0.0091498658526688818 -0.00078283282393608626 0.00051321433766370083 0.014771170333959164 0.013306975930929187 0.0033069327937882034 -0.006272694751830169 0.016333910560240927 0.012076862992918385 -0.0024153927223475573 -0.00064494708815637314 0.0041912879215905792 0.0011527593486096047
leaf_weight=21 28 20 26 24 826 6784 11497 27 36 29 45 24 154 32 26 21 27 27 25 31 21 48 37 31 22 20 34 28 44 21 38 21 25 378 21 22 36 279 29 28 25 38 54 3015 269 1840 24 25 39 40 98 77 25 25 41 142 21 28 96 39 37 1254
leaf_count=21 28 20 26 24 826 6784 11497 27 36 29 45 24 154 32 26 21 27 27 25 31 21 48 37 31 22 20 34 28 44 21 38 21 25 378 21 22 36 279 29 28 25 38 54 3015 269 1840 24 25 39 40 98 77 25 25 41 142 21 28 96 39 37 1254
internal_value=8.27143e-06 0.00354073 -0.00339566 0.0106313 -3.1788e-06 2.21203e-05 -0.000143501 -0.000128339 0.000659572 -0.000826641 -0.00131387 -0.00741158 0.00149557 -0.000786949 0.00243678 0.00446599 0.0122753 0.0035146 0.00643829 0.00862557 0.000710799 0.00560987 0.00207491 0.00498841 0.00787755 0.000269609 0.00190786 -0.00151905 0.00522768 0.0139764 -0.000525965 0.00298693 0.0104165 -0.00118171 -0.00604671 -0.0107602 -0.000118516 0.000506362 0.0013381 0.00365193 0.000525137 -0.00521562 0.000179468 4.28537e-05 0.000750122 0.000275803 -0.00272336 0.00486039 0.0023608 0.000551155 0.00419418 0.00300879 0.00522057 0.00355088 0.00709483 -0.00461929 0.000307951 0.00262087 0.00124901 0.00487564 0.00858775 0.000244359
internal_weight=28165 91 46 45 28074 27248 13275 13247 1750 630 603 69 1120 327 793 442 48 394 130 104 295 79 264 101 70 163 126 62 64 43 534 84 46 450 72 51 351 315 274 120 92 63 13973 11274 2699 2085 245 49 614 309 305 266 168 143 66 196 8259 221 193 97 58 8038
internal_count=28165 91 46 45 28074 27248 13275 13247 1750 630 603 69 1120 327 793 442 48 394 130 104 295 79 264 101 70 163 126 62 64 43 534 84 46 450 72 51 351 315 274 120 92 63 13973 11274 2699 2085 245 49 614 309 305 266 168 143 66 196 8259 221 193 97 58 8038
is_linear=0
shrinkage=0.05


Tree=148
num_leaves=63
num_cat=0
split_feature=100 43 54 46 19 11 107 114 97 111 109 46 71 107 110 111 43 114 99 19 108 44 18 8 108 108 97 100 52 96 111 109 109 102 26 106 111 111 110 111 26 109 102 114 14 47 24 106 44 29 100 113 100 16 46 100 109 110 67 82 108 77
split_gain=0.411252 1.6157 0.524296 0.394437 0.22907 1.72364 0.504878 0.366548 0.357252 0.801932 0.394729 0.342 0.49635 0.33398 1.19807 0.47436 0.615498 0.74341 0.618478 0.498768 0.382086 0.527295 0.473877 0.375803 0.522132 0.31194 0.449587 0.769332 0.337392 0.286126 0.362037 0.332314 0.317296 0.28947 0.243989 0.241878 0.344426 0.239385 0.224357 0.223334 0.442903 0.631798 0.610124 1.18807 1.0143 1.12037 0.956691 1.11775 0.40538 0.451675 0.447868 0.355685 0.389869 0.343688 1.08222 0.315762 0.299957 0.496534 0.375727 0.479383 0.487549 0.44843
threshold=2021.5000000000002 2.0000000000000004 2.0000000000000004 2.0000000000000004 2.0000000000000004 1.0000000180025095e-35 9.5000000000000018 15.500000000000002 1.5000000000000002 5.5000000000000009 11.500000000000002 2.0000000000000004 3.0000000000000004 12.500000000000002 12.750000000000002 6.5000000000000009 2.0000000000000004 7.5000000000000009 3.0000000000000004 3.5000000000000004 18.500000000000004 2.0000000000000004 1.5000000000000002 2.0000000000000004 25.500000000000004 10.500000000000002 1.5000000000000002 2025.5000000000002 3.0000000000000004 1.5000000000000002 1.5000000000000002 30.500000000000004 46.500000000000007 1.0000000180025095e-35 2.5000000000000004 1.0000000180025095e-35 7.5000000000000009 1.5000000000000002 0.75000000000000011 3.5000000000000004 2.5000000000000004 4.5000000000000009 1.0000000180025095e-35 7.5000000000000009 4.0000000000000009 2.0000000000000004 2.5000000000000004 1.0000000180025095e-35 2.0000000000000004 3.0000000000000004 2025.5000000000002 2.5000000000000004 2025.5000000000002 3.5000000000000004 2.0000000000000004 2025.5000000000002 14.500000000000002 11.750000000000002 2.5000000000000004 2.5000000000000004 1.5000000000000002 2.5000000000000004
decision_type=2 2 2 2 2 2 10 2 2 10 8 2 2 10 10 10 2 2 2 2 10 2 2 2 10 10 2 2 2 2 8 8 8 10 2 2 8 8 8 8 2 10 8 2 2 2 2 2 2 2 2 2 2 2 2 2 8 8 2 2 10 2
left_child=1 3 -3 -1 5 6 7 8 10 -10 -2 12 -9 25 -15 16 17 18 -16 -19 21 -17 -23 -22 -25 37 27 28 -27 30 -12 33 -33 -32 -34 36 -36 -6 -39 40 41 42 43 44 55 -46 -45 -48 50 51 -42 52 -50 -44 -55 -40 58 -58 61 -60 -61 -41
right_child=4 2 -4 -5 13 -7 -8 11 9 -11 29 -13 -14 14 15 20 -18 19 -20 -21 23 22 -24 24 -26 26 -28 -29 -30 -31 31 32 34 -35 35 -37 -38 38 39 56 48 -43 53 46 45 -47 47 -49 49 -51 -52 -53 -54 54 -56 -57 57 -59 59 60 -62 -63
leaf_value=0.0050953457043284465 -0.0032950805713422814 0.0028603892028331757 -0.007907625859101805 0.014478515148706114 -0.0014640774478290328 -0.015182638533879073 -0.0062555516280958226 0.011017334963316503 -0.0004332046415933851 0.0078236407521549943 0.0057505575223610952 -0.0011097030665982387 0.0006297340255949404 0.010935868440015664 0.015009177399232335 0.0059319125123422703 -0.0023692866274532642 -0.0048742182591619589 0.0043930455206838605 0.0051214517810596874 -0.0058310896598933529 0.0027729048432471853 -0.0073864216196604764 -0.005544046215003446 0.0051504322015680374 -0.012140372015535833 0.0037522737758562846 -0.0010543182362077455 -0.0035435690234104792 -0.0022916699266567102 -0.00046526641142138816 -0.0067158623947761956 -0.00071448944886875945 0.0063998734852408661 -0.0044457487617458767 0.0042453957266912288 0.0024557584193833767 -0.0019383033374818386 -0.006655733003502801 0.00070487873255730869 -0.0066533551676771973 -0.0023992972041014583 0.0005346102938562047 0.0017241707353880913 0.00034202256280442946 0.016523024309426548 0.0071914739234166013 0.021933958027511836 0.0075849383920431144 -0.0054375328459822679 -0.00094395445769098136 -0.0040200435376215368 0.001122451410967778 0.010768805307546451 -0.0037314047924651692 0.00010043770759081354 -0.0029179469670683224 -3.08196707550856e-05 -0.0020281233569880114 0.0037471902663899618 -0.0030183080368442463 -0.00074822181524713649
leaf_weight=21 133 20 26 24 266 20 36 23 104 41 26 29 23 31 23 37 42 24 34 26 56 24 22 21 25 25 34 203 21 171 28 20 694 34 29 53 48 142 21 1854 39 102 552 33 23 20 36 20 25 28 288 31 351 31 22 98 150 20713 58 237 30 744
leaf_count=21 133 20 26 24 266 20 36 23 104 41 26 29 23 31 23 37 42 24 34 26 56 24 22 21 25 25 34 203 21 171 28 20 694 34 29 53 48 142 21 1854 39 102 552 33 23 20 36 20 25 28 288 31 351 31 22 98 150 20713 58 237 30 744
internal_value=7.85786e-06 0.00336369 -0.00322588 0.0100997 -3.01986e-06 -0.000601648 -0.000406192 -0.000261565 -0.000446444 0.00190149 -0.00072189 0.00314268 0.00582353 3.10561e-05 0.00153309 0.000660375 0.00276001 0.00477338 0.00867675 0.00032353 -0.00103068 0.0014883 -0.0020859 -0.00308044 0.00026817 1.01284e-05 -0.0016409 -0.00237731 -0.00821574 -0.000411614 -6.66679e-05 -0.000233608 -0.000493148 0.00329949 -0.000342112 0.00164581 -0.000143511 2.81588e-05 4.36351e-05 5.46692e-05 0.000604872 0.00132045 0.00176369 0.00383613 0.00128642 0.00786807 0.00847719 0.0124566 -0.000294761 0.00070513 -0.00162489 0.00112772 0.00155214 0.000903879 0.00474985 -0.00109183 1.48832e-05 -5.15774e-05 0.000489248 0.00209201 0.00298702 0.000288748
internal_weight=28165 91 46 45 28074 1512 1492 1456 1381 145 1236 75 46 26562 365 334 149 107 57 50 185 83 46 102 46 26197 283 249 46 1103 932 906 844 62 824 130 77 25914 25648 25506 1720 958 856 251 162 43 89 56 762 435 327 407 376 605 53 119 23786 20863 2923 325 267 2598
internal_count=28165 91 46 45 28074 1512 1492 1456 1381 145 1236 75 46 26562 365 334 149 107 57 50 185 83 46 102 46 26197 283 249 46 1103 932 906 844 62 824 130 77 25914 25648 25506 1720 958 856 251 162 43 89 56 762 435 327 407 376 605 53 119 23786 20863 2923 325 267 2598
is_linear=0
shrinkage=0.05


Tree=149
num_leaves=63
num_cat=0
split_feature=100 43 54 46 109 42 90 111 107 88 57 65 113 109 85 48 21 67 100 109 109 43 16 104 21 114 112 112 54 107 77 107 112 114 104 49 16 51 113 44 65 51 114 112 109 100 79 94 110 113 114 57 96 110 110 104 100 44 55 70 100 110
split_gain=0.371155 1.45817 0.473177 0.355979 0.211387 0.479765 0.213086 0.274295 0.512111 0.449018 1.01094 0.413596 0.761225 2.65566 1.25075 0.845766 0.726891 0.634992 1.08586 0.724429 0.700951 0.653434 0.533617 0.931701 0.530215 0.647843 0.525947 0.495186 0.465938 0.465337 0.977769 0.839051 1.09647 0.457544 0.438924 0.424929 0.395437 0.694382 0.395259 2.06229 1.38854 0.386766 0.380539 0.512704 0.594854 1.22617 0.587025 0.564475 0.430249 0.372848 0.368305 1.41945 0.380635 0.360674 0.349905 0.594191 0.797613 0.467139 0.418033 0.348407 0.350535 0.79038
threshold=2021.5000000000002 2.0000000000000004 2.0000000000000004 2.0000000000000004 93.500000000000014 2.0000000000000004 1.0000000180025095e-35 1.5000000000000002 19.500000000000004 1.0000000180025095e-35 4.0000000000000009 2.0000000000000004 2.5000000000000004 11.500000000000002 4.0000000000000009 3.0000000000000004 1.0000000180025095e-35 2.5000000000000004 2025.5000000000002 42.500000000000007 14.500000000000002 2.0000000000000004 3.5000000000000004 6.5000000000000009 2.5000000000000004 14.500000000000002 1.0000000180025095e-35 1.0000000180025095e-35 2.0000000000000004 12.500000000000002 2.5000000000000004 23.500000000000004 1.0000000180025095e-35 12.500000000000002 5.5000000000000009 4.0000000000000009 2.5000000000000004 2.5000000000000004 5.5000000000000009 2.0000000000000004 2.0000000000000004 2.5000000000000004 3.5000000000000004 1.0000000180025095e-35 15.500000000000002 2025.5000000000002 2.0000000000000004 2.0000000000000004 9.2500000000000018 1.5000000000000002 19.500000000000004 4.0000000000000009 1.5000000000000002 15.250000000000002 19.250000000000004 7.5000000000000009 2025.5000000000002 2.0000000000000004 3.0000000000000004 2.0000000000000004 2025.5000000000002 18.250000000000004
decision_type=2 2 2 2 10 2 2 10 8 2 2 2 2 10 2 2 2 2 2 10 10 2 2 2 2 2 10 10 2 10 2 10 10 2 2 2 2 2 2 2 2 2 2 10 8 2 2 2 8 2 2 2 2 10 8 2 2 2 2 2 2 8
left_child=1 3 -3 -1 6 -6 7 8 -2 38 -11 16 17 15 -15 -14 29 18 24 20 21 35 28 -24 25 34 -22 -25 36 50 31 32 49 -17 -13 -19 37 -23 -10 40 -40 -35 59 48 46 -46 47 -45 -44 -31 -9 52 -52 -20 55 -50 -57 -58 -56 60 61 -18
right_child=4 2 -4 -5 5 -7 -8 11 9 10 -12 12 13 14 -16 33 42 19 53 -21 26 22 23 27 -26 -27 -28 -29 -30 30 -32 -33 -34 41 -36 -37 -38 -39 39 -41 -42 -43 43 44 45 -47 -48 -49 54 -51 51 -53 -54 -55 58 56 57 -59 -60 -61 -62 -63
leaf_value=0.004840578511357308 -0.0068898732191883033 0.0027173698507249357 -0.007512244593817741 0.013754589530193094 0.00075216445127605563 -0.0082641256228089335 -0.00078810897117320136 0.00019820982581822625 -7.1072646327742506e-05 -0.00082944719146063421 -0.012105471123009921 0.008549159149760786 -0.0056615086420007598 0.0061128148301081223 0.022972894578494812 0.0086328326867750067 0.011724553079060887 0.0070440483877609959 0.00082605284915829411 0.01035966612433549 -8.8876193581983974e-05 -0.0013064490227193079 0.00053483304751959326 0.0070226496087056334 -0.0048714523569991196 -0.006540300646641602 -0.009024102188160887 0.016083370813168584 0.006726058617156621 -0.0018111817876342686 0.011294356550622199 -0.0021073239717772732 0.013560980275273325 0.004702184181660414 -0.00070002571005245732 -0.00067821733887090231 -0.0026357206673800157 0.0096706062545999887 0.0072777085887217848 -0.016243959250657455 -0.0088195898304028169 -0.004282048641218116 -0.0023207975322212505 0.00052651575685519242 -0.014946014837600656 -0.0027670744238149914 -0.0024495151207741838 0.010264219555326484 -0.0019596401050400278 0.0054297952548949986 0.0047660409286618237 0.015104831792414189 -0.0040813195729447948 -0.0012281999879121715 0.0047742306073713632 0.012579598227007825 0.0060307590390688611 -0.00094493437874396992 -0.00072769871281219082 -0.00080887360754066772 0.00057900428941366463 -0.0011186914443969728
leaf_weight=21 28 20 26 24 36 25 825 7945 13043 97 25 23 41 22 22 26 23 20 1506 25 58 34 36 38 150 24 23 25 42 40 28 93 25 25 29 163 52 25 37 23 21 23 270 46 22 341 92 22 65 32 20 20 31 249 36 22 42 56 842 548 547 25
leaf_count=21 28 20 26 24 36 25 825 7945 13043 97 25 23 41 22 22 26 23 20 1506 25 58 34 36 38 150 24 23 25 42 40 28 93 25 25 29 163 52 25 37 23 21 23 270 46 22 341 92 22 65 32 20 20 31 249 36 22 42 56 842 548 547 25
internal_value=7.46496e-06 0.00319551 -0.00306459 0.00959472 -2.86887e-06 -0.00294304 3.53352e-06 2.75553e-05 -0.000135043 -0.000120764 -0.00314011 0.000182674 0.000740671 0.00409613 0.0145429 9.91242e-05 4.94963e-05 0.000529125 0.000114517 0.00204731 0.00164458 0.0024398 0.0040912 0.0069515 -0.00314759 0.000254772 -0.00262604 0.0106182 0.00224041 0.000292235 0.00257152 0.00128605 0.00453949 0.00329083 0.00339096 0.000165746 0.000543139 0.00334485 -9.26964e-05 -0.00357466 0.00144938 0.000397239 -0.000616963 -0.00105896 -0.00238567 -0.00350519 0.000154232 0.00367695 -0.000538421 0.00140703 0.000230249 0.00381544 -0.000611766 0.000534595 -8.57008e-05 0.00189054 0.00397606 0.00204465 -0.000502107 0.000100744 0.000938509 0.00503536
internal_weight=28165 91 46 45 28074 61 28013 27188 13274 13246 122 13914 2681 159 44 115 11233 2522 1981 541 516 435 252 99 226 76 81 63 153 8234 218 190 97 74 52 183 111 59 13124 81 58 48 2999 1856 523 363 160 68 1333 72 8016 71 51 1755 1063 185 120 98 878 1143 595 48
internal_count=28165 91 46 45 28074 61 28013 27188 13274 13246 122 13914 2681 159 44 115 11233 2522 1981 541 516 435 252 99 226 76 81 63 153 8234 218 190 97 74 52 183 111 59 13124 81 58 48 2999 1856 523 363 160 68 1333 72 8016 71 51 1755 1063 185 120 98 878 1143 595 48
is_linear=0
shrinkage=0.05


Tree=150
num_leaves=63
num_cat=0
split_feature=100 97 47 66 114 73 42 16 11 63 11 62 48 40 22 77 106 16 110 113 110 110 114 40 108 88 100 94 106 103 110 10 104 112 106 61 102 100 114 24 108 103 52 94 112 79 61 70 100 77 12 28 114 104 67 49 28 87 19 110 103 113
split_gain=0.936854 1.7759 1.15591 2.19615 2.18708 1.47209 1.30776 1.50283 2.32154 1.48135 1.21669 1.20035 1.06937 1.6714 1.54299 1.76838 0.884687 0.522595 0.264677 1.11723 0.380891 0.695117 0.488315 0.57601 0.298696 0.269453 0.872061 0.246257 0.230585 0.221052 0.196962 0.186803 0.607982 0.394217 0.340663 0.164904 0.753505 1.16077 0.430771 0.775487 0.886531 0.839497 1.14631 1.74059 2.86847 2.17608 1.20274 1.08443 1.71294 1.58558 1.15438 0.927223 0.801056 0.686616 0.660791 0.524629 0.510296 0.659937 0.572291 0.545489 0.513808 0.74164
threshold=2023.5000000000002 1.5000000000000002 2.0000000000000004 2.0000000000000004 12.500000000000002 2.5000000000000004 2.0000000000000004 4.5000000000000009 2.0000000000000004 2.5000000000000004 2.0000000000000004 2.5000000000000004 3.0000000000000004 3.5000000000000004 3.0000000000000004 2.5000000000000004 1.0000000180025095e-35 3.5000000000000004 91.500000000000014 1.5000000000000002 61.750000000000007 57.250000000000007 12.500000000000002 3.5000000000000004 47.500000000000007 1.0000000180025095e-35 2025.5000000000002 4.0000000000000009 1.0000000180025095e-35 1.0000000180025095e-35 70.250000000000014 1.0000000180025095e-35 5.5000000000000009 1.0000000180025095e-35 1.0000000180025095e-35 3.5000000000000004 1.0000000180025095e-35 2025.5000000000002 13.500000000000002 2.5000000000000004 36.500000000000007 1.0000000180025095e-35 3.0000000000000004 4.0000000000000009 1.0000000180025095e-35 2.0000000000000004 4.5000000000000009 2.0000000000000004 2025.5000000000002 2.5000000000000004 1.0000000180025095e-35 2.0000000000000004 17.500000000000004 7.5000000000000009 2.5000000000000004 4.0000000000000009 1.0000000180025095e-35 1.0000000180025095e-35 3.5000000000000004 32.750000000000007 1.0000000180025095e-35 2.5000000000000004
decision_type=2 2 2 2 2 2 2 2 2 2 2 2 2 2 2 2 2 2 10 2 10 10 2 2 10 2 2 2 2 10 10 2 2 8 2 2 8 2 2 2 8 8 2 2 8 2 2 2 2 2 2 2 2 2 2 2 2 2 2 10 8 2
left_child=1 2 5 -4 -5 -1 7 8 9 -7 -9 -8 13 -10 15 -14 -11 -18 20 -20 21 24 23 -22 25 31 -27 -3 -26 -28 -25 35 -33 -34 -35 -2 37 -37 56 -40 -41 42 46 44 53 -46 51 -43 49 -49 -51 -42 55 -44 -50 -45 57 58 -38 -58 61 -60
right_child=18 27 3 4 -6 6 11 10 12 16 -12 -13 14 -15 -16 -17 17 -19 19 -21 22 -23 -24 30 28 26 29 -29 -30 -31 -32 32 33 34 -36 36 38 -39 39 40 41 47 43 52 45 -47 -48 48 54 50 -52 -53 -54 -55 -56 -57 59 -59 60 -61 -62 -63
leaf_value=0.01305400025099516 -4.4127634378930144e-05 0.015627566890113735 0.005635793758685597 -0.020334534352231357 -1.695252095277493e-05 -0.0027989053349618035 0.016915554692968727 -0.013555761797761079 0.0099564100209719106 0.0037918574095744152 0.00085639058163872487 0.0027713827793922974 0.0063551159575581558 -0.0053328641020043786 -0.016090351090679179 -0.0094283461496317104 0.010373549049963123 0.020920626943310105 -0.0041833722720011363 0.012126320463028693 -0.006091224347405574 0.0069546313555393785 -0.0084744346183564141 -0.00038438645311661304 -0.00049447315660389993 -0.0095957844673345491 8.4231671923404178e-05 0.0079616715759038923 -0.0077336461177434437 -0.00406613620426996 0.0057224018048778504 -0.0055522008775733414 0.0085903787865273425 -0.002478407663651384 0.0062013874055264753 -0.013980352245271206 0.0075288049580360013 -0.0014130543929780216 -0.00036259272964016807 -0.0038369666326974259 0.0001348608239953007 -0.0014050939050430618 0.0084763662237673995 0.006116822540760041 0.029579890009177767 0.010875128283320616 0.0059508939307317682 -0.0011467369133606553 -0.0031803587862612825 0.024652079750667327 0.0080545720877125866 -0.011092928170480512 0.0096362758220897779 -0.003483774693061908 0.0046508334688437373 -0.0023055137226908979 -0.00049389606276824889 -0.0059288821547358699 0.0010457770729105453 0.0051945195504569802 -0.00043049016721645965 0.005524166384360419
leaf_weight=30 21736 22 36 27 26 23 24 32 39 23 27 40 36 33 24 35 23 24 21 21 34 36 29 31 22 30 206 20 22 38 23 20 31 26 20 20 33 226 559 61 112 241 20 25 23 48 83 20 65 20 22 22 27 30 46 71 2119 35 723 43 485 106
leaf_count=30 21736 22 36 27 26 23 24 32 39 23 27 40 36 33 24 35 23 24 21 21 34 36 29 31 22 30 206 20 22 38 23 20 31 26 20 20 33 226 559 61 112 241 20 25 23 48 83 20 65 20 22 22 27 30 46 71 2119 35 723 43 485 106
internal_value=4.57463e-05 0.00210056 0.00127423 -0.00389421 -0.0103674 0.00238802 0.00155256 0.000243893 0.00187871 0.00820994 -0.00696037 0.00807545 -0.00164707 0.00294883 -0.00513028 -0.00142546 0.0118271 0.0157593 5.29099e-06 0.00397147 -7.46914e-07 1.13772e-05 -0.00284753 -0.000993209 2.26664e-06 8.87873e-06 -0.00155122 0.0119771 -0.00411406 -0.000562137 0.00221665 2.4642e-05 0.00221492 0.00423235 0.00129542 1.67793e-05 0.000267276 -0.00243479 0.000399188 0.00111097 0.00199102 0.00239731 0.00386497 0.00621626 0.010474 0.0169344 0.00122113 0.000763031 0.00378337 0.0104404 0.0159581 -0.00170851 0.00202771 0.00130028 6.50002e-05 -0.000112197 9.89303e-05 0.000849356 0.00102548 -0.000380759 0.000862154 0.00161841
internal_weight=28175 544 502 89 53 413 383 319 260 93 59 64 167 72 95 71 70 47 27631 42 27589 27472 117 88 27436 27392 274 42 44 244 54 27118 97 77 46 27021 5285 246 5039 1495 936 875 461 244 121 71 217 414 173 62 42 134 123 50 111 96 3544 1382 1347 2162 1314 829
internal_count=28175 544 502 89 53 413 383 319 260 93 59 64 167 72 95 71 70 47 27631 42 27589 27472 117 88 27436 27392 274 42 44 244 54 27118 97 77 46 27021 5285 246 5039 1495 936 875 461 244 121 71 217 414 173 62 42 134 123 50 111 96 3544 1382 1347 2162 1314 829
is_linear=0
shrinkage=0.05


Tree=151
num_leaves=63
num_cat=0
split_feature=100 97 47 85 66 114 21 61 8 43 91 22 46 114 61 114 62 48 40 109 109 42 109 104 50 88 100 8 29 103 114 109 31 1 114 91 109 97 100 15 58 100 109 61 92 109 79 106 47 100 43 106 8 111 104 100 63 109 40 3 85 67
split_gain=0.845511 1.60275 1.04321 2.62374 1.98203 1.97384 1.1567 0.779514 1.17434 1.02237 3.18629 1.20473 1.16557 1.66 0.886213 0.793846 0.698865 0.661455 0.596887 0.286678 0.282387 0.581505 0.357232 0.44516 0.437811 0.245929 0.786391 0.243899 0.211468 1.00941 0.785673 0.790688 0.684372 1.69408 0.609021 1.07948 1.09694 0.593284 0.545977 0.518856 1.3721 1.93715 0.922685 0.661674 0.594561 0.491887 0.636817 0.417964 0.412352 0.519652 0.37943 0.334944 0.273929 0.413388 1.23946 0.395831 0.692604 0.394948 0.259521 0.349326 0.256008 0.786352
threshold=2023.5000000000002 1.5000000000000002 2.0000000000000004 -1.4999999999999998 2.0000000000000004 12.500000000000002 2.5000000000000004 4.5000000000000009 2.0000000000000004 2.0000000000000004 2.0000000000000004 3.0000000000000004 2.0000000000000004 10.500000000000002 3.5000000000000004 15.500000000000002 2.5000000000000004 3.0000000000000004 3.5000000000000004 118.50000000000001 90.500000000000014 2.0000000000000004 66.500000000000014 4.5000000000000009 2.0000000000000004 1.0000000180025095e-35 2025.5000000000002 2.0000000000000004 3.0000000000000004 1.0000000180025095e-35 13.500000000000002 27.500000000000004 2.5000000000000004 3.0000000000000004 16.500000000000004 2.0000000000000004 5.5000000000000009 1.5000000000000002 2025.5000000000002 1.0000000180025095e-35 3.0000000000000004 2025.5000000000002 21.500000000000004 4.5000000000000009 2.0000000000000004 20.500000000000004 2.0000000000000004 1.0000000180025095e-35 2.0000000000000004 2025.5000000000002 2.0000000000000004 1.0000000180025095e-35 2.0000000000000004 5.5000000000000009 4.5000000000000009 2025.5000000000002 2.5000000000000004 6.5000000000000009 3.5000000000000004 3.0000000000000004 4.0000000000000009 2.5000000000000004
decision_type=2 2 2 2 2 2 2 2 2 2 2 2 2 2 2 2 2 2 2 10 10 2 10 2 2 2 2 2 2 10 2 10 2 2 2 2 10 2 2 2 2 2 10 2 2 8 2 2 2 2 2 2 2 8 2 2 2 10 2 2 2 2
left_child=1 2 3 -1 -4 -6 -5 9 -9 10 11 15 13 -11 -14 16 18 -13 -8 20 22 -22 25 -24 -25 28 -27 -3 60 30 37 32 34 -34 35 -32 -37 39 -39 40 43 -42 52 44 50 -35 -47 -44 49 -46 -30 -43 55 54 -54 56 -41 58 -55 -60 -2 -62
right_child=19 27 4 6 5 -7 7 8 -10 12 -12 17 14 -15 -16 -17 -18 -19 -20 -21 21 -23 23 24 -26 26 -28 -29 29 -31 31 -33 33 45 -36 36 -38 38 -40 42 41 51 47 -45 48 46 -48 -49 -50 -51 -52 -53 53 57 -56 -57 -58 -59 59 -61 61 -63
leaf_value=0.0162582510624141 -4.4686908448300491e-05 0.0075680624161447805 0.0053540042588590755 0.010391433426599589 -0.019317807222682018 -1.6104179219557689e-05 -0.01221640696404157 0.0030986814551787183 -0.010473335273815571 0.021106551658539547 -0.016373125405932245 0.013754817420760027 -0.0080836956685578273 0.0039563086620250411 0.0061082736970010133 0.0070400423031638975 0.0030643527149222792 0.002581311320817029 -0.0012552797531142183 -0.0055748225068268575 0.0076013349941657753 -0.0031432359572499992 0.0036028350728725938 -0.0069969692144935067 -0.0003578564361139963 -0.0091159950653673157 -0.00053561108614531827 0.01518850445836073 0.001815861075940322 -0.0096325117203852409 -0.0040873638012756909 0.012327302518078006 0.010992829367518426 -0.0099198395502753563 0.013023057859390974 0.013381670456323208 -0.001458100148010999 -0.010099915632357201 -0.0012377253662894615 -0.0005373836494982243 0.019260751255429712 -0.0019174061305723929 0.011873393643181771 -0.0083568620344158275 -0.0079125042206474715 -0.0054813177140792561 0.0057626500562764707 0.0020864936193296063 0.0049048670870923579 0.00023514113735962803 0.010555126656697174 0.006729228917365185 -0.0019307651545615028 -0.0054133943006405083 0.010746558251670533 -0.00068313194387140976 -0.010940239319461399 0.0035548446609848933 -0.0039500241933061132 0.0029046188005903625 0.0010959446549902981 -0.0011127743202900516
leaf_weight=31 23997 21 36 31 27 26 27 28 37 21 28 26 22 43 22 22 25 27 23 23 34 20 23 57 44 30 243 21 27 23 30 23 25 24 21 33 20 24 63 32 26 24 20 20 28 34 20 24 26 65 23 21 51 53 31 98 32 31 41 34 1571 542
leaf_count=31 23997 21 36 31 27 26 27 28 37 21 28 26 22 43 22 22 25 27 23 23 34 20 23 57 44 30 243 21 27 23 30 23 25 24 21 33 20 24 63 32 26 24 20 20 28 34 20 24 26 65 23 21 51 53 31 98 32 31 41 34 1571 542
internal_value=4.3459e-05 0.00199553 0.00121052 0.00226861 -0.0036995 -0.00984905 0.00113333 0.000315663 -0.00462693 0.00143898 -0.000889615 0.00200064 0.00527685 0.00958373 -0.000987711 -0.00131159 -0.00376141 0.00806265 -0.00717429 5.02644e-06 9.67497e-06 0.00362186 2.59584e-06 -0.00267506 -0.00410468 1.47005e-05 -0.00147851 0.0113783 2.97112e-05 0.000726469 0.000959142 0.00353242 0.00255521 -0.000333662 0.00541631 0.00349171 0.00778176 0.000213733 -0.00368247 0.00069318 0.00246921 0.00839543 -0.000339858 0.00024296 0.00126069 -0.00396395 -0.00131689 0.00653508 -0.000661676 -0.00221791 0.00583592 0.00211769 -0.00109047 -2.16987e-05 0.00286188 -0.00268044 -0.00573881 -0.00150883 -0.00273519 -0.000842586 1.77149e-06 0.000529392
internal_weight=28175 544 502 413 89 53 382 351 65 286 178 150 108 64 44 97 75 53 50 27631 27608 54 27554 124 101 27430 273 42 27157 1047 1024 230 207 103 104 83 53 794 87 707 260 71 447 189 169 78 54 44 119 93 50 45 403 241 82 162 64 159 128 75 26110 2113
internal_count=28175 544 502 413 89 53 382 351 65 286 178 150 108 64 44 97 75 53 50 27631 27608 54 27554 124 101 27430 273 42 27157 1047 1024 230 207 103 104 83 53 794 87 707 260 71 447 189 169 78 54 44 119 93 50 45 403 241 82 162 64 159 128 75 26110 2113
is_linear=0
shrinkage=0.05


Tree=152
num_leaves=63
num_cat=0
split_feature=100 97 47 85 43 114 21 66 16 113 91 22 113 93 63 52 69 94 40 94 109 110 109 8 16 114 109 102 109 109 8 88 100 103 110 110 102 100 52 97 41 65 28 107 91 110 110 107 61 111 18 69 107 110 108 66 100 70 104 14 109 31
split_gain=0.763074 1.44648 0.941494 2.36793 1.90766 1.16135 1.04392 0.994522 0.703511 1.10522 1.36144 1.06544 0.770654 0.584712 0.691929 1.38301 0.60361 1.29947 0.450174 0.342003 0.258727 0.277429 0.22388 0.618937 0.632223 0.590701 0.481632 0.424225 0.263688 0.259487 0.220119 0.216452 0.712014 0.209792 0.156929 0.168328 0.773513 0.902536 0.890444 0.794284 0.743645 0.995726 1.48374 1.56678 1.11312 2.26287 0.801923 0.933879 0.709957 0.779847 0.6969 0.677059 0.71567 1.24972 0.671256 0.623907 1.32718 0.813341 0.737707 0.541707 0.485756 0.50331
threshold=2023.5000000000002 1.5000000000000002 2.0000000000000004 -1.4999999999999998 2.0000000000000004 12.500000000000002 2.5000000000000004 2.0000000000000004 4.5000000000000009 2.5000000000000004 2.0000000000000004 3.0000000000000004 5.5000000000000009 3.0000000000000004 2.5000000000000004 3.0000000000000004 3.0000000000000004 4.0000000000000009 3.5000000000000004 4.0000000000000009 118.50000000000001 91.500000000000014 59.500000000000007 2.0000000000000004 3.5000000000000004 7.5000000000000009 68.500000000000014 1.0000000180025095e-35 57.500000000000007 80.500000000000014 2.0000000000000004 1.0000000180025095e-35 2025.5000000000002 1.0000000180025095e-35 0.75000000000000011 10.750000000000002 1.0000000180025095e-35 2025.5000000000002 3.0000000000000004 1.5000000000000002 3.5000000000000004 2.0000000000000004 2.0000000000000004 3.5000000000000004 2.0000000000000004 4.7500000000000009 8.7500000000000018 9.5000000000000018 3.5000000000000004 6.5000000000000009 3.5000000000000004 3.0000000000000004 4.5000000000000009 3.7500000000000004 5.5000000000000009 2.0000000000000004 2025.5000000000002 2.0000000000000004 7.5000000000000009 4.0000000000000009 7.5000000000000009 2.5000000000000004
decision_type=2 2 2 2 2 2 2 2 2 2 2 2 2 2 2 2 2 2 2 2 10 10 10 2 2 2 10 8 10 10 2 2 2 10 8 8 10 2 2 2 2 2 2 10 2 10 10 8 2 10 2 2 8 10 10 2 2 2 2 2 10 2
left_child=1 2 3 -1 7 -6 -5 -4 9 -8 12 -10 13 -11 -15 -16 19 18 -18 -17 21 22 28 25 26 27 -25 -24 31 -28 -3 34 -33 -34 -2 36 37 38 -36 40 41 46 43 44 50 -46 51 -48 49 -49 -43 54 53 -53 60 56 -41 -58 -59 -51 61 -38
right_child=20 30 4 6 5 -7 8 -9 11 10 -12 -13 -14 14 15 16 17 -19 -20 -21 -22 -23 23 24 -26 -27 29 -29 -30 -31 -32 32 33 -35 35 -37 39 -39 -40 55 -42 42 -44 -45 45 -47 47 48 -50 59 -52 52 -54 -55 -56 -57 57 58 -60 -61 -62 -63
leaf_value=0.015445338414921876 -0.0015218386873191306 0.0071896592155098922 0.011945416890084744 0.0098718618703705647 -0.01874827311941139 -0.0022739810869097711 0.01163668913456301 -0.002885040218153825 0.00083118607140838716 -0.0060971367674378246 -0.0089072357464294108 -0.012235733644606976 0.011192658408544958 -0.0041843393397504921 0.014722481167510801 0.0096576791795087054 -0.011279824070632459 0.0064968701512102163 -0.0012155757029540838 0.00096082475502043971 -0.0052960813936332 0.0048148119954081877 0.0051215470014583505 0.0048605762285660603 0.0091707826259412942 -0.0077521032234653831 -0.0079486270540482587 -0.0033988995054338982 0.0042928705936194295 -8.8435636522869274e-05 0.014429079164706527 -0.008660195291352769 0.00014107334893483558 -0.0039526784677700313 -0.013240242865867913 -1.0231482624533766e-05 0.0025383733097732683 -0.00039559823982017413 -0.00073958986021321405 0.017001394097777931 -0.00082919797033071524 0.0058972319588065153 -0.0049858344323707353 0.019751000311225654 0.0025647325228367532 0.023647695556282999 0.012397593219897578 -0.007774207993255307 0.0092655024849451519 -0.0012555195859843685 -0.0034478647678735709 -0.0017403837782330811 -0.0021782397967049839 0.012886518499125605 0.0098202113952973614 0.0007353166860025541 -0.0002451266802381724 0.00057151798497546806 0.012076458957438406 0.0088720249983927479 -0.0024220628732884372 -0.004369070297428247
leaf_weight=31 163 21 20 31 23 20 24 26 39 26 34 26 20 37 23 26 25 31 20 20 23 30 21 24 21 55 21 48 36 21 21 30 203 37 28 23876 291 915 29 22 625 38 33 20 35 20 28 24 26 31 42 40 359 23 23 113 64 22 38 23 81 29
leaf_count=31 163 21 20 31 23 20 24 26 39 26 34 26 20 37 23 26 25 31 20 20 23 30 21 24 21 55 21 48 36 21 21 30 203 37 28 23876 291 915 29 22 625 38 33 20 35 20 28 24 26 31 42 40 359 23 23 113 64 22 38 23 81 29
internal_value=4.1286e-05 0.00189576 0.00115 0.00215518 -0.00351452 -0.0110858 0.00107666 0.00356298 0.00029988 0.00136703 0.000426298 -0.00439558 0.00181814 0.000916745 0.00191873 0.00347606 0.00135584 -0.00138032 -0.00680682 0.00587644 4.77512e-06 9.19122e-06 3.96356e-06 -0.00161848 0.00161451 -0.00388678 -0.000789765 -0.00080572 1.64726e-05 -0.00401853 0.0108094 1.08398e-05 -0.00139784 -0.000490047 2.48948e-05 3.42679e-05 0.000385846 -0.000775872 -0.00688026 0.00093667 0.000562401 0.00130833 0.00464091 0.00669048 0.00475559 0.0102313 0.000667708 0.00429235 0.00211017 -0.000274943 0.000991056 0.000102161 -0.00131567 0.0035996 0.00151331 0.00352476 0.00568371 0.00367573 0.00785798 0.00305806 0.00103685 0.00191239
internal_weight=28175 544 502 413 89 43 382 46 351 286 262 65 228 208 182 145 122 76 45 46 27631 27608 27578 211 87 124 66 69 27367 42 42 27331 270 240 27061 26898 3022 972 57 2050 1791 1166 188 155 135 55 978 132 104 78 80 846 422 63 424 259 146 124 60 54 401 320
internal_count=28175 544 502 413 89 43 382 46 351 286 262 65 228 208 182 145 122 76 45 46 27631 27608 27578 211 87 124 66 69 27367 42 42 27331 270 240 27061 26898 3022 972 57 2050 1791 1166 188 155 135 55 978 132 104 78 80 846 422 63 424 259 146 124 60 54 401 320
is_linear=0
shrinkage=0.05


Tree=153
num_leaves=63
num_cat=0
split_feature=101 97 106 66 114 44 68 62 114 54 11 16 64 54 44 46 114 46 46 54 109 110 94 109 8 16 114 114 102 109 44 88 101 102 109 71 110 110 102 101 52 97 77 107 101 110 71 50 110 104 52 110 24 51 66 101 70 104 101 9 114 94
split_gain=0.688674 1.30545 0.82326 2.18197 1.81579 1.72191 1.54239 1.81629 3.16739 1.4815 1.43529 2.4252 0.813658 1.07783 1.50724 1.86543 0.590525 0.389983 0.384858 0.373077 0.233501 0.25038 0.209451 0.202052 0.55859 0.581403 0.533107 0.392563 0.382863 0.237978 0.215141 0.195347 0.642593 0.193515 0.156454 0.150833 0.141628 0.151916 0.698096 0.814539 0.803626 0.716842 0.693531 0.950949 1.39795 0.825848 0.786255 0.785677 0.720166 0.689592 0.705544 1.02637 0.922543 0.747796 0.563076 1.19778 0.73404 0.66578 0.48443 0.466506 0.816133 1.86663
threshold=2.5000000000000004 1.5000000000000002 1.0000000180025095e-35 2.0000000000000004 8.5000000000000018 2.0000000000000004 2.0000000000000004 2.5000000000000004 9.5000000000000018 2.0000000000000004 2.0000000000000004 3.5000000000000004 2.5000000000000004 2.0000000000000004 2.0000000000000004 2.0000000000000004 13.500000000000002 2.0000000000000004 2.0000000000000004 2.0000000000000004 118.50000000000001 91.500000000000014 4.0000000000000009 59.500000000000007 2.0000000000000004 2.5000000000000004 7.5000000000000009 7.5000000000000009 1.0000000180025095e-35 57.500000000000007 2.0000000000000004 1.0000000180025095e-35 1.0000000180025095e-35 1.0000000180025095e-35 79.500000000000014 1.0000000180025095e-35 0.75000000000000011 10.750000000000002 1.0000000180025095e-35 1.0000000180025095e-35 3.0000000000000004 1.5000000000000002 1.5000000000000002 3.5000000000000004 1.0000000180025095e-35 4.7500000000000009 1.0000000180025095e-35 1.0000000180025095e-35 6.2500000000000009 7.5000000000000009 3.0000000000000004 3.2500000000000004 2.5000000000000004 2.5000000000000004 2.0000000000000004 1.0000000180025095e-35 2.0000000000000004 7.5000000000000009 1.0000000180025095e-35 1.0000000180025095e-35 13.500000000000002 2.0000000000000004
decision_type=2 2 2 2 2 2 2 2 2 2 2 2 2 2 2 2 2 2 2 2 10 10 2 10 2 2 2 2 8 10 2 2 2 10 10 2 8 8 10 2 2 2 2 10 2 10 2 2 10 2 2 10 2 2 2 2 2 2 2 2 2 2
left_child=20 2 4 5 -2 9 19 8 18 -4 -10 -12 13 14 15 -6 -15 -18 -8 -5 21 23 -3 29 26 27 28 -26 -25 31 -27 36 33 35 -28 -33 -1 38 39 -38 -41 42 43 49 45 -45 -47 -46 58 -40 53 -52 -53 -51 55 56 -43 -58 -44 60 61 -50
right_child=1 22 3 6 12 -7 7 -9 10 -11 11 -13 -14 16 -16 -17 17 -19 -20 -21 -22 -23 -24 24 25 30 34 -29 -30 -31 -32 32 -34 -35 -36 -37 37 -39 41 40 -42 54 48 44 47 46 -48 -49 59 50 51 52 -54 -55 -56 -57 57 -59 -60 -61 -62 -63
leaf_value=-0.0014457467550796064 -0.011643385557191714 0.013635488354008308 0.023115492978000217 0.0040919032139104927 0.0022357555106282236 0.00073396028654480533 0.00052152097690850497 0.0066438272947561931 -0.00089118249248713258 0.005989217899901712 -0.026500656302752241 -0.0043167394458908928 -0.0076128784045577051 0.011510370735777542 0.006138555587762419 -0.017477977974340319 0.0072694518522399935 -0.0019380928381629613 0.010330415815114976 0.013033099113963546 -0.0050312771907319196 0.004574071470609245 0.0065656542126089337 0.0048654700496367047 0.0016958715825307149 0.0096313541778363307 -0.0053486290081803285 -0.00754635356599465 -0.0032289545485885661 0.0040782271155371244 0.002297515036771074 0.0040858443161899535 -0.0082271855355550844 -0.0017936305637135776 -0.010892268742318266 -5.7576549886839424e-05 -0.00037581833387194505 -9.7199145726561937e-06 -0.0010949555400086668 -0.012578230504212634 -0.00070261057337810259 -0.00023287019575946033 -0.0010674450264748518 0.0096758937784310051 0.0059382610581815249 0.0084406749260696502 -0.0022620201612321231 0.019953228039667009 0.0119573587551713 -0.00016775656979992686 -0.00013068739112608041 0.01517162736106132 0.0046918110545015055 0.0078203085635323074 0.00069855087461461016 0.016151324388655752 0.00054294201968745754 0.011472635843644018 -0.0052906216474295394 0.00027269986881451176 0.013328610005832853 -0.0096449200157076118
leaf_weight=163 35 22 28 28 24 33 20 40 20 23 28 22 25 32 34 24 23 23 20 20 23 30 20 21 27 20 35 20 48 36 20 30 30 128 20 82 915 23876 338 28 29 64 395 29 20 22 78 20 20 347 79 28 84 32 113 22 22 38 82 176 21 20
leaf_count=163 35 22 28 28 24 33 20 40 20 23 28 22 25 32 34 24 23 23 20 20 23 30 20 21 27 20 35 20 48 36 20 30 30 128 20 82 915 23876 338 28 29 64 395 29 20 22 78 20 20 347 79 28 84 32 113 22 22 38 82 176 21 20
internal_value=3.92217e-05 0.00180097 0.0010925 0.00288093 -0.00119995 0.00963341 1.62465e-05 -0.00248012 -0.00579792 0.0153919 -0.0122116 -0.0167397 0.000775831 0.00208657 -0.00191588 -0.00762111 0.00629427 0.00266568 0.00542597 0.0078174 4.53636e-06 8.73166e-06 0.0102689 3.76537e-06 -0.00153755 0.00153378 -0.00369244 -0.00223699 -0.000765434 1.5649e-05 0.00596443 1.02978e-05 -0.00132795 -0.000465544 -0.0073645 0.00105227 2.36501e-05 3.25545e-05 0.000366553 -0.000737078 -0.00653625 0.000889836 0.000534281 0.0013354 0.00477922 0.00224696 9.25728e-05 0.0129457 -0.000674127 0.000694424 0.00175549 0.00423347 0.00731177 0.000506697 0.00334852 0.00539952 0.00349195 0.00746508 -0.00179344 0.00157867 0.00534671 0.00115622
internal_weight=28175 544 502 282 220 84 198 150 110 51 70 50 185 160 82 48 78 46 40 48 27631 27608 42 27578 211 87 124 47 69 27367 40 27331 270 240 55 112 27061 26898 3022 972 57 2050 1791 1077 169 129 100 40 714 908 570 191 112 379 259 146 124 60 477 237 61 40
internal_count=28175 544 502 282 220 84 198 150 110 51 70 50 185 160 82 48 78 46 40 48 27631 27608 42 27578 211 87 124 47 69 27367 40 27331 270 240 55 112 27061 26898 3022 972 57 2050 1791 1077 169 129 100 40 714 908 570 191 112 379 259 146 124 60 477 237 61 40
is_linear=0
shrinkage=0.05


Tree=154
num_leaves=63
num_cat=0
split_feature=100 106 61 68 100 28 14 14 113 114 40 22 14 113 113 79 65 67 54 46 100 109 109 42 114 109 100 40 104 88 100 103 94 62 113 100 70 22 100 87 40 65 77 67 46 96 100 100 73 22 24 113 61 114 106 63 71 114 111 77 1 91
split_gain=0.621528 1.00485 1.60465 1.85684 2.52049 2.03788 1.30102 2.146 1.09965 1.09037 0.849793 1.11449 0.847626 1.26575 0.986668 0.79835 0.766449 0.648469 0.464953 0.427731 0.345768 0.210735 0.242653 0.726179 1.50088 0.454342 0.57502 0.207129 0.280999 0.181439 0.57761 0.173548 0.153238 0.377354 0.725235 1.62901 1.02839 0.759115 0.592252 0.550482 1.29301 1.20145 1.00769 0.751552 0.572475 0.498265 2.02178 0.64899 1.47932 1.15 0.886861 1.58063 1.2537 1.16323 2.05192 0.999388 0.762879 1.07584 0.753048 1.00577 2.08844 1.02823
threshold=2023.5000000000002 1.0000000180025095e-35 3.5000000000000004 2.0000000000000004 2022.5000000000002 2.0000000000000004 4.0000000000000009 2.0000000000000004 4.5000000000000009 15.500000000000002 3.5000000000000004 3.0000000000000004 4.0000000000000009 3.5000000000000004 3.5000000000000004 2.0000000000000004 2.0000000000000004 2.5000000000000004 2.0000000000000004 2.0000000000000004 2022.5000000000002 118.50000000000001 84.500000000000014 2.0000000000000004 10.500000000000002 66.500000000000014 2025.5000000000002 3.5000000000000004 6.5000000000000009 1.0000000180025095e-35 2025.5000000000002 1.0000000180025095e-35 4.0000000000000009 2.5000000000000004 4.5000000000000009 2024.5000000000002 2.0000000000000004 3.0000000000000004 2024.5000000000002 1.0000000180025095e-35 3.5000000000000004 2.0000000000000004 1.5000000000000002 2.5000000000000004 2.0000000000000004 3.5000000000000004 2025.5000000000002 2025.5000000000002 2.5000000000000004 1.0000000180025095e-35 2.5000000000000004 2.5000000000000004 2.5000000000000004 15.500000000000002 1.0000000180025095e-35 2.5000000000000004 3.0000000000000004 13.500000000000002 7.5000000000000009 1.5000000000000002 1.0000000180025095e-35 2.0000000000000004
decision_type=2 2 2 2 2 2 2 2 2 2 2 2 2 2 2 2 2 2 2 2 2 10 10 2 2 10 2 2 2 2 2 10 2 2 2 2 2 2 2 2 2 2 2 2 2 2 2 2 2 2 2 2 2 2 2 2 2 2 10 2 2 2
left_child=1 6 3 -3 5 -5 7 -1 12 -10 11 18 14 -14 -4 -12 20 -15 -8 -6 -17 22 25 24 -24 29 -27 -28 -29 32 -31 -32 -2 39 35 36 -35 -37 -36 45 42 44 -41 -44 -42 47 -47 48 49 50 -34 52 55 58 -55 -52 -50 -58 59 60 -54 -61
right_child=21 2 8 4 19 -7 10 -9 9 -11 15 -13 13 17 -16 16 -18 -19 -20 -21 -22 -23 23 -25 -26 26 27 28 -30 30 31 -33 33 34 38 37 -38 -39 -40 40 41 -43 43 -45 -46 46 -48 -49 56 -51 51 -53 53 54 -56 -57 57 -59 -60 61 -62 -63
leaf_value=-0.00017573186070532411 0.00010234024223318259 0.010274331277857224 0.022579379557547245 -0.0024127902889934678 0.0082609810885041959 -0.023480683570431378 -0.013521581329405308 -0.020504277842119337 -0.0039103831850776545 0.00953475633636117 0.0122876411699943 0.0055034771779901353 -0.0022351822125966903 0.0051246723579242833 0.0076046426362485035 0.0015479721668127337 0.0082744750930296811 0.017564459500665014 -0.0030976929418418723 -0.00073698374575802269 -0.0062193518038839105 -0.004779713617070862 -0.00090305115626161463 -0.0032715433389849721 0.016648669681689217 -0.010739245630490285 -0.0051202498339116579 0.0048714528830411533 -0.0026696875873797885 -0.0078158264001831415 0.00011315582143563407 -0.0035657129244339707 0.0016682024533842125 -0.016280060502079627 0.012378209659999069 0.00030094075437390463 -0.00092841972596943386 0.007938459224886063 0.0018497088985681973 0.0047692043008282781 0.0076791532266025364 0.015993323995043402 -0.0019516556756570937 -0.013632515445351601 -0.00043903572902995712 0.016385617818344723 -0.00016990036934945048 -0.0003442639390966992 -0.013942436585202814 0.0098101905830528437 -0.0095992054188003152 -0.012646570995550705 -0.011944909798723924 -0.0024465584806327165 0.017100328937172889 0.00018725080299191179 0.0041310499366816319 -0.011521928101454092 -0.005909976044642753 0.0096592911064806511 0.0067621695399284372 -0.0014077009128942697
leaf_weight=37 19104 30 22 24 25 22 20 20 38 25 23 24 27 20 22 38 31 22 23 28 23 23 29 31 21 21 25 21 30 30 205 38 153 24 22 2306 20 33 34 34 39 23 40 21 49 22 114 4596 35 23 75 37 37 29 25 40 21 23 69 41 25 43
leaf_count=37 19104 30 22 24 25 22 20 20 38 25 23 24 27 20 22 38 31 22 23 28 23 23 29 31 21 21 25 21 30 30 205 38 153 24 22 2306 20 33 34 34 39 23 40 21 49 22 114 4596 35 23 75 37 37 29 25 40 21 23 69 41 25 43
internal_value=3.72606e-05 0.00171092 0.00361318 -0.00062297 -0.00392518 -0.0124887 -0.000716654 -0.00730856 0.00671809 0.00142499 0.00134784 -0.00312829 0.00966912 0.00621104 0.015092 0.00395567 0.00187268 0.0116408 -0.00794601 0.00350734 -0.00138069 4.30955e-06 8.29508e-06 0.00274094 0.00646867 2.54104e-07 -0.00341568 -0.00139206 0.000435488 1.23338e-05 -0.00127024 -0.000462141 2.5227e-05 -0.000157707 0.000361566 0.000229395 -0.00930204 0.000408695 0.00598591 -0.000383306 0.00215352 0.0058182 -0.00212838 -0.00597294 0.0031588 -0.000479937 0.0025082 -0.000557021 -0.00200352 -0.00115267 -0.00159195 -0.00277675 -0.00182575 4.22381e-05 0.00660293 -0.00619522 -0.00843339 -0.00405119 -0.00160556 0.000428715 -0.00440173 0.00399405
internal_weight=28175 544 305 129 99 46 239 57 176 63 182 67 113 69 44 115 92 42 43 53 61 27631 27608 81 50 27527 97 76 51 27430 273 243 27157 8053 2439 2383 44 2339 56 5614 206 111 95 61 88 5408 136 5272 676 597 574 421 384 269 54 115 79 44 215 146 62 84
internal_count=28175 544 305 129 99 46 239 57 176 63 182 67 113 69 44 115 92 42 43 53 61 27631 27608 81 50 27527 97 76 51 27430 273 243 27157 8053 2439 2383 44 2339 56 5614 206 111 95 61 88 5408 136 5272 676 597 574 421 384 269 54 115 79 44 215 146 62 84
is_linear=0
shrinkage=0.05


Tree=155
num_leaves=63
num_cat=0
split_feature=104 111 8 43 113 50 10 88 100 81 109 14 94 94 42 95 114 114 114 100 113 67 99 114 100 74 100 113 65 28 17 109 100 97 9 52 28 113 8 114 81 113 109 91 16 106 74 79 102 67 61 113 24 114 84 26 16 100 114 100 8 114
split_gain=0.403485 0.620031 0.897882 1.02569 1.33603 0.850833 0.731977 0.48919 0.913971 0.468358 0.424867 0.601656 0.404712 1.30045 1.01901 1.50101 1.24066 1.66516 1.86532 1.15227 0.900492 0.771521 0.716844 0.800295 1.66567 0.709549 0.879251 3.28801 2.05287 1.00977 1.06307 0.726557 0.701486 0.616429 1.24094 0.696141 0.608428 0.574898 0.572415 0.521353 0.518178 0.622193 0.46196 0.470413 0.526254 1.02702 1.18291 0.485626 0.461726 0.498386 0.637796 1.11092 0.602484 0.433871 0.648976 2.10331 0.519813 1.06163 0.492991 0.415055 0.409092 0.859807
threshold=7.5000000000000009 6.5000000000000009 2.0000000000000004 2.0000000000000004 1.5000000000000002 1.0000000180025095e-35 -1.4999999999999998 1.0000000180025095e-35 2025.5000000000002 -1.0000000180025095e-35 7.5000000000000009 2.0000000000000004 4.0000000000000009 2.0000000000000004 2.0000000000000004 2.0000000000000004 7.5000000000000009 13.500000000000002 16.500000000000004 2024.5000000000002 3.5000000000000004 2.5000000000000004 3.0000000000000004 16.500000000000004 2021.5000000000002 2.5000000000000004 2024.5000000000002 2.5000000000000004 2.0000000000000004 2.0000000000000004 3.0000000000000004 18.500000000000004 2025.5000000000002 1.5000000000000002 1.0000000180025095e-35 3.0000000000000004 2.0000000000000004 5.5000000000000009 2.0000000000000004 19.500000000000004 -1.0000000180025095e-35 4.5000000000000009 15.500000000000002 2.0000000000000004 2.5000000000000004 1.0000000180025095e-35 2.5000000000000004 2.0000000000000004 1.0000000180025095e-35 2.5000000000000004 3.5000000000000004 1.5000000000000002 2.5000000000000004 11.500000000000002 1.0000000180025095e-35 2.5000000000000004 3.5000000000000004 2025.5000000000002 13.500000000000002 2023.5000000000002 2.0000000000000004 13.500000000000002
decision_type=2 8 2 2 2 2 2 2 2 2 10 2 2 2 2 2 2 2 2 2 2 2 2 2 2 2 2 2 2 2 2 8 2 2 2 2 2 2 2 2 2 2 10 2 2 2 2 2 10 2 2 2 2 2 2 2 2 2 2 2 2 2
left_child=-1 2 5 4 9 10 -5 12 -9 -4 11 -2 13 37 15 16 -15 20 19 -19 -18 -16 32 24 -24 26 27 -26 29 30 -29 36 38 35 -35 39 48 60 -14 -25 -37 42 43 44 -42 -46 -47 -45 -27 50 51 52 -50 -28 -55 -56 57 -57 -59 -22 61 -3
right_child=1 7 3 6 -6 -7 -8 8 -10 -11 -12 -13 22 14 21 -17 17 18 -20 -21 59 -23 23 33 25 31 53 28 -30 -31 -32 -33 -34 34 -36 40 -38 -39 -40 -41 41 -43 -44 47 45 46 -48 -49 49 -51 -52 -53 -54 54 55 56 -58 58 -60 -61 -62 -63
leaf_value=-0.00020649784574769452 0.011901861249299889 0.0001369778785786564 0.013186568766832352 0.0026813458930701022 -0.0054525228424204724 -0.0050793558034846302 0.014498854850075746 -0.011239502331815088 -0.00092889224361281412 0.00282644952822011 -0.0023790312639903281 0.00085245692670079219 -0.0017777358203433281 0.013251575032762928 0.013542265972743432 -0.007401479296903643 0.0037284851022478614 0.003481451492934 -0.0038820829391479489 0.018463693831511068 -0.010420158592363199 0.0028769044826428098 -0.01431981549110441 0.00048124951776117085 -0.021137823734432459 -0.00011184110825760636 3.4023878732848723e-05 0.0051830927232423656 -0.012805877535396982 0.010191806195484054 -0.010149931320920588 8.4312444172175943e-05 -0.0011303686493783437 0.016754563684808092 0.0015008577797561884 -0.0037151295598596337 -0.0024798981231552632 0.0072656203189800529 -0.0097208574385149408 -0.0057718647839501503 0.0013045499264262618 -0.0025058476582294469 -0.0018916261083047306 0.0063975789685450177 0.012976548708975317 0.011361828542731961 -0.0020470643219979187 -0.0031914179318494372 -0.0026701344110603847 0.011563923983619764 -0.0014377501148443957 0.015521968932201466 0.0062122483960896117 -0.0025822976431033266 0.014459944989066571 -0.012464316848665476 0.0028081106357709614 -0.0049425366699047714 0.0053014493392159545 -0.0018750499675257342 -0.00025126183848989846 0.0016808346934752132
leaf_weight=14915 22 4040 20 20 36 56 38 26 124 24 24 28 43 29 39 36 36 21 25 33 30 30 21 100 25 54 1061 26 27 31 20 1323 425 20 40 30 44 29 48 50 40 41 28 23 55 29 38 31 28 26 39 24 60 450 25 25 43 23 24 27 3004 1161
leaf_count=14915 22 4040 20 20 36 56 38 26 124 24 24 28 43 29 39 36 36 21 25 33 30 30 21 100 25 54 1061 26 27 31 20 1323 425 20 40 30 44 29 48 50 40 41 28 23 55 29 38 31 28 26 39 24 60 450 25 25 43 23 24 27 3004 1161
internal_value=-2.76025e-05 0.000171548 0.00255234 0.0053613 0.00169094 -0.000429469 0.0104239 0.000122953 -0.00271606 0.00753559 0.00308936 0.00571419 0.000155762 0.000357073 0.00355769 0.00200083 0.00368483 0.00207183 0.00740962 0.0126373 -0.00246243 0.00890515 -0.000231445 -1.06205e-06 -0.000281692 -0.000194422 -0.000881031 -0.00485656 -0.000942797 0.00321698 -0.00148344 0.000570387 -0.00198343 0.00181582 0.00658543 0.00120039 0.00290885 0.000238129 -0.00596751 -0.00160312 0.00253539 0.00319334 0.00415099 0.00493429 0.00628146 0.00791324 0.00375678 0.000892784 0.00393528 0.00516999 0.00406905 0.00598659 0.00338604 -0.000570405 -0.00165735 0.00131569 -0.00154176 -0.0041396 0.000288435 -0.00637248 0.000213291 0.000481607
internal_weight=28313 13398 268 138 80 130 58 13130 150 44 74 50 12980 8540 306 237 201 172 79 54 93 69 4440 3924 3399 3378 1780 129 104 77 46 1598 516 525 60 465 275 8234 91 150 315 285 244 216 162 122 67 54 231 177 151 112 88 1651 590 140 115 72 47 57 8205 5201
internal_count=28313 13398 268 138 80 130 58 13130 150 44 74 50 12980 8540 306 237 201 172 79 54 93 69 4440 3924 3399 3378 1780 129 104 77 46 1598 516 525 60 465 275 8234 91 150 315 285 244 216 162 122 67 54 231 177 151 112 88 1651 590 140 115 72 47 57 8205 5201
is_linear=0
shrinkage=0.05


Tree=156
num_leaves=63
num_cat=0
split_feature=100 47 43 113 42 49 77 113 72 113 106 85 88 18 112 114 54 25 113 103 58 113 58 43 17 46 64 67 103 65 114 109 113 40 42 114 67 18 61 114 70 68 106 77 67 8 47 52 100 113 42 66 14 114 79 70 100 17 65 102 62 18
split_gain=0.214315 1.51007 3.46843 1.59509 1.62741 1.94763 1.21481 0.801497 0.894532 0.941612 1.31626 0.338199 1.07083 1.06318 0.810826 1.12374 1.49514 2.08792 1.95102 2.30901 2.0914 1.70376 1.70318 1.41464 2.96057 1.27438 1.20881 1.09381 1.07873 1.20507 1.65233 1.68641 0.985498 4.01272 0.738901 2.15444 1.11148 0.825805 0.955019 1.01584 1.01212 1.14468 1.17439 0.87527 0.856047 0.723502 0.733054 0.699978 1.16027 3.43475 1.40691 1.42826 1.62996 0.996435 0.920268 1.11276 1.60437 0.884768 0.683705 0.655285 0.712806 1.04048
threshold=2022.5000000000002 2.0000000000000004 2.0000000000000004 5.5000000000000009 2.0000000000000004 4.0000000000000009 2.5000000000000004 2.5000000000000004 3.5000000000000004 3.5000000000000004 1.0000000180025095e-35 4.0000000000000009 1.0000000180025095e-35 1.5000000000000002 inf 11.500000000000002 2.0000000000000004 2.5000000000000004 3.5000000000000004 1.0000000180025095e-35 3.0000000000000004 2.5000000000000004 3.0000000000000004 2.0000000000000004 3.0000000000000004 2.0000000000000004 2.5000000000000004 2.5000000000000004 1.0000000180025095e-35 2.0000000000000004 14.500000000000002 3.5000000000000004 4.5000000000000009 3.5000000000000004 2.0000000000000004 15.500000000000002 2.5000000000000004 3.5000000000000004 2.5000000000000004 14.500000000000002 2.0000000000000004 2.0000000000000004 1.0000000180025095e-35 2.5000000000000004 2.5000000000000004 2.0000000000000004 2.0000000000000004 3.0000000000000004 2025.5000000000002 3.5000000000000004 2.0000000000000004 2.0000000000000004 4.0000000000000009 9.5000000000000018 2.0000000000000004 2.0000000000000004 2025.5000000000002 3.0000000000000004 2.0000000000000004 inf 2.5000000000000004 3.5000000000000004
decision_type=2 2 2 2 2 2 2 2 2 2 2 2 2 2 8 2 2 2 2 10 2 2 2 2 2 2 2 2 10 2 2 10 2 2 2 2 2 2 2 2 2 2 2 2 2 2 2 2 2 2 2 2 2 2 2 2 2 2 2 8 2 2
left_child=1 3 -3 4 5 6 -1 -7 -9 -10 -11 -2 14 -14 28 47 17 21 19 -18 -21 25 -23 -22 -25 -17 34 -20 45 -30 -31 -32 33 -29 37 36 -36 38 39 -19 41 43 -43 -40 -44 -13 59 54 49 57 51 -51 -53 -50 58 56 -56 -49 -16 60 61 -47
right_child=11 2 -4 -5 -6 7 -8 8 9 10 -12 12 13 -15 15 16 18 26 27 20 23 22 -24 24 -26 -27 -28 32 29 30 31 -33 -34 -35 35 -37 -38 -39 40 -41 -42 42 44 -45 -46 46 -48 48 53 50 -52 52 -54 -55 55 -57 -58 -59 -60 -61 -62 -63
leaf_value=-0.0013490872829043795 -6.6277734123714743e-05 0.0025976466946303848 -0.021735901009567359 0.012891404776145582 0.0079202890959243454 -0.0087389698074687092 -0.016644352608743838 -0.0065815246179699903 0.011381605279942355 0.0082010017527687946 -0.0059471058226855736 -0.0014051951667637254 -0.015301466176169926 -0.0016612417433643713 -0.0073200759499961743 -0.0045747903080718107 -0.0011388193815946579 -0.00046878136694431303 0.0045699491629687455 0.021697959602356723 0.0011002399659316455 0.023799462720663064 0.0062891488735813926 0.026324159318270784 0.0023924013915737827 0.0098683446835517927 0.006995942227409355 -0.019233878312322001 -0.006865136754845293 -0.0057220438768601292 -0.0020241804154855865 0.018013944951373907 0.0036196437410332943 0.0064176363254626924 -0.017366646786353419 0.0035815059771075065 -0.0033962809861501834 0.0060138762352289635 0.012634659884497523 -0.013275644607711003 0.0081820884108310572 0.0043946833172813062 -0.0040010982895605706 -0.0012782623525708914 -0.015636167370714247 0.012141584508644884 -0.0015556556254829306 -0.008686980611334244 -0.00042954124880111998 -0.012451152617480451 0.011986670253629034 -0.0087881804484641179 0.0095200869645322532 0.0096953733858686914 0.020008341959961082 -0.00071405323479152485 0.0032769703734773338 -0.021163106068140931 0.0043956819525919856 -0.00085472971571820186 0.00098695843087801016 0.0030874639078974728
leaf_weight=21 25459 32 27 23 43 21 34 25 30 31 35 296 20 50 33 42 45 30 150 39 42 21 41 24 28 24 42 30 121 46 21 21 44 31 35 38 24 40 20 32 32 25 43 26 25 55 113 30 243 24 22 20 31 27 23 46 38 27 20 74 83 75
leaf_count=21 25459 32 27 23 43 21 34 25 30 31 35 296 20 50 33 42 45 30 150 39 42 21 41 24 28 24 42 30 121 46 21 21 44 31 35 38 24 40 20 32 32 25 43 26 25 55 113 30 243 24 22 20 31 27 23 46 38 27 20 74 83 75
internal_value=-2.62224e-05 -0.0013088 -0.00853804 0.000312966 -0.000892468 -0.00281606 -0.0108043 0.000277986 0.00184291 0.00403678 0.000698217 -1.1468e-05 0.000539638 -0.00555845 0.00071302 0.0014048 0.00244546 0.000690367 0.00463427 0.00865141 0.0119639 0.0062683 0.0122201 0.00792529 0.0134378 0.000677259 -0.00104258 0.00183015 -0.000477152 -0.00362732 0.000824671 0.00799488 -0.00208386 -0.00619786 -0.00195507 -0.00570357 -0.0116838 -0.00062318 -0.00176259 -0.00707878 0.000164917 -0.00168076 -0.00487187 0.00477083 -0.0082787 0.000468804 0.00185556 -0.000329036 -0.0013924 -0.00485568 0.000868435 -0.00239291 0.00234037 0.00058295 0.00248888 0.00515767 0.00958552 -0.0145967 -0.00289904 0.00319866 0.00460688 0.00691805
internal_weight=28313 322 59 263 240 197 55 142 121 96 66 27991 2532 70 2462 1557 973 540 433 178 133 128 62 94 52 66 412 255 905 209 88 42 105 61 370 97 59 273 233 62 171 139 93 46 68 696 400 584 424 154 97 75 51 270 160 107 61 57 53 287 213 130
internal_count=28313 322 59 263 240 197 55 142 121 96 66 27991 2532 70 2462 1557 973 540 433 178 133 128 62 94 52 66 412 255 905 209 88 42 105 61 370 97 59 273 233 62 171 139 93 46 68 696 400 584 424 154 97 75 51 270 160 107 61 57 53 287 213 130
is_linear=0
shrinkage=0.05


Tree=157
num_leaves=63
num_cat=0
split_feature=104 111 8 43 70 77 10 40 88 100 94 94 54 40 95 114 114 114 100 113 114 65 22 72 69 106 16 46 28 103 22 69 77 114 16 114 66 114 16 49 28 100 62 12 52 110 77 110 16 58 8 17 70 110 111 110 66 49 113 54 16 100
split_gain=0.354355 0.561719 0.805843 0.927187 1.40764 0.791107 0.666708 0.598592 0.408785 0.795603 0.369805 1.1788 1.36305 2.6169 1.70622 1.18283 1.19618 1.0419 1.00874 0.638975 1.13148 0.59155 0.544848 1.23026 1.4316 0.990797 0.670305 0.568854 0.833011 1.33328 1.18425 0.955133 1.32817 1.03956 0.641095 0.835899 1.4989 1.44886 2.70364 0.836569 0.631084 1.40782 1.65 1.13966 1.062 0.62719 0.757878 0.641224 0.591192 1.19349 1.01463 0.702418 0.572434 1.48398 0.520353 0.644124 0.48422 0.482444 0.480238 0.462754 0.462074 1.78306
threshold=7.5000000000000009 6.5000000000000009 2.0000000000000004 2.0000000000000004 2.0000000000000004 1.0000000180025095e-35 -1.4999999999999998 3.5000000000000004 1.0000000180025095e-35 2025.5000000000002 4.0000000000000009 2.0000000000000004 2.0000000000000004 3.5000000000000004 2.0000000000000004 16.500000000000004 13.500000000000002 7.5000000000000009 2024.5000000000002 5.5000000000000009 15.500000000000002 2.0000000000000004 3.0000000000000004 3.5000000000000004 3.0000000000000004 1.0000000180025095e-35 3.5000000000000004 2.0000000000000004 2.0000000000000004 1.0000000180025095e-35 1.0000000180025095e-35 3.0000000000000004 2.5000000000000004 14.500000000000002 2.5000000000000004 16.500000000000004 2.0000000000000004 13.500000000000002 3.5000000000000004 4.0000000000000009 2.0000000000000004 2023.5000000000002 2.5000000000000004 1.0000000180025095e-35 3.0000000000000004 17.250000000000004 2.5000000000000004 25.750000000000004 3.5000000000000004 3.0000000000000004 2.0000000000000004 3.0000000000000004 2.0000000000000004 6.7500000000000009 7.5000000000000009 37.250000000000007 2.0000000000000004 4.0000000000000009 5.5000000000000009 2.0000000000000004 2.5000000000000004 2025.5000000000002
decision_type=2 8 2 2 2 2 2 2 2 2 2 2 2 2 2 2 2 2 2 2 2 2 2 2 2 2 2 2 2 10 2 2 2 2 2 2 2 2 2 2 2 2 2 2 2 8 2 8 2 2 2 2 2 10 8 8 2 2 2 2 2 2
left_child=-1 2 5 4 -4 7 -5 -2 10 -10 11 58 14 -14 15 16 17 -13 -18 22 -21 57 27 -24 26 -26 -25 40 30 -30 45 32 -31 -33 -32 37 -37 39 -39 -36 41 42 -12 48 -45 46 52 -47 49 -42 -51 56 53 -29 -49 -56 -50 -19 -3 -52 61 -43
right_child=1 8 3 6 -6 -7 -8 -9 9 -11 19 12 13 -15 -16 -17 18 21 -20 20 -22 -23 23 24 25 -27 -28 28 29 31 34 33 -34 -35 35 36 -38 38 -40 -41 43 60 -44 44 -46 47 -48 54 51 50 59 -53 -54 -55 55 -57 -58 -59 -60 -61 -62 -63
leaf_value=-0.00019256163664882239 -0.0025274561027642983 0.00020194700243269522 -0.0041028205912722196 0.0025129599845968189 0.0093137688469141725 -0.0048111321294288106 0.013791292846987123 0.0067253088335167957 -0.010432141304437001 -0.00081233536411380028 -0.018700499572635941 0.0096110477647698648 -0.00067630718900438616 0.018417773643312485 -0.0090030414884853544 -0.0076767565682530408 0.0037115247713194952 0.006822155533289468 0.017141441535204648 -0.014259099604731257 0.0016016911815550765 -0.0070847008722247909 -0.011331648649647834 -0.00052706251001876335 -0.0014314866746249408 -0.014761803867295385 0.011088635332244277 0.00218787248174114 0.00027065153146382299 -0.0037271155666530834 0.01176498451137117 -0.0086101164898047082 -0.018941338546574118 0.005158512904469309 0.014449286970987239 0.00015344580348867638 0.016973450459125971 -0.017226935188712864 0.0049733064576685145 0.0017005677665433577 -0.0017447883589975851 -0.0073132064209272298 -0.0005200454571212714 0.0020607883390039209 0.016523883905855737 -0.0050070408824831256 0.00015971679788743777 0.0053385726542672981 -0.0012672880858008283 0.015211985008896922 -0.00071059396171058793 0.0021842192860221433 0.0029203320740634809 0.019640489869994955 0.0072749056843652701 -0.00016503325208382018 -0.011380182067735186 -0.0019680857041699663 0.0066475771752924758 0.0075493434227731394 -3.0833615480062465e-05 -0.0006697363472197499
leaf_weight=14915 29 8205 46 20 34 57 38 44 26 124 24 32 34 38 33 22 27 27 29 22 23 27 35 23 46 20 27 29 311 32 28 26 26 29 22 26 27 24 32 31 119 118 26 30 22 60 155 49 20 22 39 33 96 21 30 961 29 37 29 30 1016 701
leaf_count=14915 29 8205 46 20 34 57 38 44 26 124 24 32 34 38 33 22 27 27 29 22 23 27 35 23 46 20 27 29 311 32 28 26 26 29 22 26 27 24 32 31 119 118 26 30 22 60 155 49 20 22 39 33 96 21 30 961 29 37 29 30 1016 701
internal_value=-2.49113e-05 0.000161721 0.0024278 0.00508889 0.00159923 -0.000397055 0.00990221 0.00304955 0.000115468 -0.00247977 0.000145459 0.000337893 0.00338513 0.00940112 0.00153406 0.00326403 0.00460871 0.00185078 0.0106663 -0.000224673 -0.00615247 -0.000878109 -0.000163978 -0.00311537 -0.000636325 -0.00547098 0.00574541 -5.89688e-05 0.000549867 -0.00141942 0.00107468 -0.00607087 -0.0105473 -0.00135029 0.00477891 0.00357144 0.00872213 0.00106698 -0.00454108 0.00699249 -0.000609352 -0.000968755 -0.00924666 0.00136005 0.00817979 0.000572323 0.00259471 1.89253e-05 0.000145579 0.00155143 0.00586188 -0.00345478 0.0051798 0.00951797 0.000308885 6.01919e-05 -0.00725247 0.0017403 0.000224648 0.00288068 -0.000743199 -0.00162692
internal_weight=28313 13398 268 138 80 130 58 73 13130 150 12980 8540 306 72 234 201 179 123 56 4440 45 91 4395 151 116 66 50 4244 2015 424 1591 113 58 55 190 162 53 109 56 53 2229 1885 50 344 52 1401 301 1100 292 210 91 82 146 50 1040 991 49 64 8234 69 1835 819
internal_count=28313 13398 268 138 80 130 58 73 13130 150 12980 8540 306 72 234 201 179 123 56 4440 45 91 4395 151 116 66 50 4244 2015 424 1591 113 58 55 190 162 53 109 56 53 2229 1885 50 344 52 1401 301 1100 292 210 91 82 146 50 1040 991 49 64 8234 69 1835 819
is_linear=0
shrinkage=0.05


Tree=158
num_leaves=63
num_cat=0
split_feature=94 94 62 49 16 54 43 85 100 46 46 65 91 46 19 100 113 28 63 67 106 14 113 22 40 100 48 100 62 25 66 16 11 28 16 62 17 110 99 11 11 16 107 108 43 57 16 63 106 113 43 17 42 67 44 22 67 25 103 106 91 110
split_gain=0.246766 1.18909 1.04316 1.6529 1.82349 1.70593 1.71465 0.984053 0.929108 3.77892 0.916329 1.05037 0.895501 0.491294 1.42309 0.738174 1.84281 2.10758 2.50544 0.791819 0.785878 0.579286 0.460277 0.518572 1.26362 0.914658 2.05422 0.693245 0.723374 2.75213 1.17311 1.09758 0.67765 0.567716 0.831859 0.4769 0.46336 0.412259 0.385039 0.467617 0.35387 1.17826 0.438701 0.469507 0.429667 0.641227 0.381609 1.09537 1.06028 0.823884 0.753819 0.634123 0.628734 0.526576 2.34127 0.352583 0.331209 0.669606 1.05401 0.955569 1.29899 0.450189
threshold=4.0000000000000009 2.0000000000000004 2.5000000000000004 4.0000000000000009 3.5000000000000004 2.0000000000000004 2.0000000000000004 1.0000000180025095e-35 2021.5000000000002 2.0000000000000004 2.0000000000000004 2.0000000000000004 2.0000000000000004 2.0000000000000004 2.0000000000000004 2024.5000000000002 2.5000000000000004 2.0000000000000004 2.5000000000000004 2.5000000000000004 1.0000000180025095e-35 4.0000000000000009 5.5000000000000009 3.0000000000000004 3.5000000000000004 2022.5000000000002 3.0000000000000004 2024.5000000000002 2.5000000000000004 2.5000000000000004 2.0000000000000004 2.5000000000000004 2.0000000000000004 2.0000000000000004 3.5000000000000004 2.5000000000000004 3.0000000000000004 51.250000000000007 3.0000000000000004 1.0000000180025095e-35 2.0000000000000004 4.5000000000000009 3.5000000000000004 29.500000000000004 2.0000000000000004 4.0000000000000009 2.5000000000000004 2.5000000000000004 1.0000000180025095e-35 3.5000000000000004 2.0000000000000004 3.0000000000000004 2.0000000000000004 2.5000000000000004 2.0000000000000004 3.0000000000000004 2.5000000000000004 2.5000000000000004 1.0000000180025095e-35 1.0000000180025095e-35 2.0000000000000004 5.7500000000000009
decision_type=2 2 2 2 2 2 2 2 2 2 2 2 2 2 2 2 2 2 2 2 2 2 2 2 2 2 2 2 2 2 2 2 2 2 2 2 2 10 2 2 2 2 10 8 2 2 2 2 2 2 2 2 2 2 2 2 2 2 8 2 2 10
left_child=1 22 3 4 -3 6 7 -5 9 -2 11 55 -12 15 -15 16 -10 18 -18 20 -20 -19 23 25 33 26 -1 28 29 -27 -30 -31 -26 34 -25 -28 -33 -17 39 -16 42 46 43 -40 45 -44 52 51 53 -50 -51 -48 -42 54 -49 -4 61 -58 59 -59 -61 -45
right_child=8 2 10 5 -6 -7 -8 -9 13 -11 12 -13 -14 14 38 37 17 21 19 -21 -22 -23 -24 24 32 27 35 -29 30 31 -32 36 -34 -35 -36 -37 -38 -39 40 -41 41 -43 44 56 -46 -47 47 48 49 50 -52 -53 -54 -55 -56 -57 57 58 -60 60 -62 -63
leaf_value=-0.017889196344691775 0.0062537043208808268 0.0041045692546860029 -0.0047779058632643331 -0.0013362434352389896 0.02423963393931362 0.013519271296159974 -0.01026123758715888 0.010494204255519436 -0.013788323145773676 -0.020453193343172856 9.3384818748047915e-05 0.011491580824217489 -0.010292478194781419 -0.010276128811347008 -0.00061652848342239064 -0.00045642161745139924 -0.020060916548675818 7.558829106745266e-05 -0.0038025173177279967 -0.0090650744969025254 0.0086133186798542736 0.010637651414007826 0.0063151982323876744 0.005147535335272551 -0.014939090454330048 0.013272439193679021 0.0063232631050050255 2.5085064903343372e-05 -0.0007562814373522997 -0.012089307253648129 0.015098676037242903 -0.0045569307805800978 -0.0040925411956979794 0.0075419318401254709 -0.009273444488644601 -0.0045957558928057555 0.0057050933384082542 0.005424211356924692 -0.0039585527924534221 -0.0069790219016853845 0.0018757719403276079 -0.0061032348948002269 0.00018077161817234896 -0.00017600882340521791 -0.00073421646908779323 0.011653117196441725 0.0033219083677977325 -0.0029714084005368372 -0.011899659443985333 0.0054358161985874178 -0.006613247714936734 0.015762017402587283 0.012981115421280266 -0.0013247916586697102 0.018458695113658906 0.0037207107955160054 -0.00085285474593451674 0.0027951983766714961 -0.00070176001692391675 0.0023452811807926216 0.016888178092502881 0.0019463171045706414
leaf_weight=23 27 23 23 39 22 29 30 32 36 26 73 31 29 32 422 4542 23 21 26 22 25 34 29 20 24 32 20 19046 20 28 28 22 36 25 20 20 22 30 65 31 26 37 21 2027 30 29 20 26 22 27 25 21 25 25 25 26 190 132 124 28 34 285
leaf_count=23 27 23 23 39 22 29 30 32 36 26 73 31 29 32 422 4542 23 21 26 22 25 34 29 20 24 32 20 19046 20 28 28 22 36 25 20 20 22 30 65 31 26 37 21 2027 30 29 20 26 22 27 25 21 25 25 25 26 190 132 124 28 34 285
internal_value=-2.36657e-05 7.33515e-05 0.00293283 0.00568914 0.0139484 0.00283018 -0.000238971 0.00399579 -0.000248256 -0.00684779 0.000282532 0.00428857 -0.00285946 -0.000207048 0.000222687 -0.000543773 -0.00362287 -0.00119932 -0.00567047 -0.00113649 0.00228368 0.00660486 2.07718e-05 1.13558e-05 -0.00319872 3.21885e-05 -0.00598256 5.19265e-05 0.00341523 0.00107189 0.00849244 -0.00435057 -0.00843116 0.00163123 -0.00206295 0.000863754 0.000574081 -0.000417835 0.000313561 -0.00105193 0.000504241 0.00220664 0.000344049 0.000242772 0.00399638 0.00683473 0.00347716 0.00245118 0.000471562 -0.0037886 -0.000357003 0.00969367 0.00731957 0.00461962 0.00753354 -0.000268436 0.000339611 0.00149561 0.00289879 0.00520017 0.0103204 8.56101e-05
internal_weight=28313 19772 357 175 45 130 101 71 8541 53 182 80 102 8488 3729 4759 187 151 96 73 51 55 19415 19386 125 19261 63 19198 152 104 48 72 60 65 40 40 44 4572 3697 453 3244 279 2965 2885 80 50 242 191 150 74 52 41 51 76 51 49 2820 508 318 194 62 2312
internal_count=28313 19772 357 175 45 130 101 71 8541 53 182 80 102 8488 3729 4759 187 151 96 73 51 55 19415 19386 125 19261 63 19198 152 104 48 72 60 65 40 40 44 4572 3697 453 3244 279 2965 2885 80 50 242 191 150 74 52 41 51 76 51 49 2820 508 318 194 62 2312
is_linear=0
shrinkage=0.05


Tree=159
num_leaves=63
num_cat=0
split_feature=94 94 62 49 16 114 25 42 113 85 65 114 22 16 109 113 22 16 63 114 40 113 70 22 49 40 69 77 74 19 114 28 87 16 58 72 17 109 8 109 28 11 103 67 57 49 16 65 114 114 111 67 25 114 111 17 16 21 42 114 114 62
split_gain=0.222706 1.07316 0.941453 1.49174 1.6457 1.17082 0.990156 0.894781 0.774356 1.40707 0.712313 0.954602 0.790202 0.684495 0.418813 0.4154 0.468011 1.19018 1.09333 1.53519 1.14145 0.38822 2.01575 0.48903 1.22291 3.41695 1.17462 0.480529 0.385929 0.99012 0.512963 0.604304 1.04811 0.628408 1.3436 0.88113 0.599276 0.383948 0.631723 0.668054 0.357784 2.00889 1.74694 1.89014 1.29776 2.36496 1.46446 1.09327 0.859661 0.743066 0.553625 0.49943 0.657095 0.695866 0.452484 0.447437 0.433178 0.410999 0.527573 0.499388 0.488838 0.374127
threshold=4.0000000000000009 2.0000000000000004 2.5000000000000004 4.0000000000000009 3.5000000000000004 8.5000000000000018 2.5000000000000004 2.0000000000000004 3.5000000000000004 1.0000000180025095e-35 2.0000000000000004 14.500000000000002 3.0000000000000004 3.5000000000000004 82.500000000000014 5.5000000000000009 3.0000000000000004 4.5000000000000009 2.5000000000000004 11.500000000000002 3.5000000000000004 5.5000000000000009 2.0000000000000004 3.0000000000000004 4.0000000000000009 3.5000000000000004 3.0000000000000004 2.5000000000000004 2.5000000000000004 2.0000000000000004 11.500000000000002 2.0000000000000004 1.0000000180025095e-35 3.5000000000000004 3.0000000000000004 3.5000000000000004 3.0000000000000004 79.500000000000014 2.0000000000000004 98.500000000000014 2.0000000000000004 1.0000000180025095e-35 1.0000000180025095e-35 2.5000000000000004 4.0000000000000009 4.0000000000000009 3.5000000000000004 2.0000000000000004 16.500000000000004 15.500000000000002 4.5000000000000009 2.5000000000000004 2.5000000000000004 16.500000000000004 6.5000000000000009 3.0000000000000004 3.5000000000000004 2.5000000000000004 2.0000000000000004 8.5000000000000018 10.500000000000002 2.5000000000000004
decision_type=2 2 2 2 2 2 2 2 2 2 2 2 2 2 10 2 2 2 2 2 2 2 2 2 2 2 2 2 2 2 2 2 2 2 2 2 2 10 2 10 2 2 10 2 2 2 2 2 2 2 8 2 2 2 10 2 2 2 2 2 2 2
left_child=1 15 3 4 -3 -4 -7 8 9 -5 12 -12 -8 -14 21 16 37 18 -18 -20 -21 23 -23 28 25 -25 27 -26 30 -30 -2 -32 33 34 -33 -36 -35 -1 39 -39 41 51 50 47 -43 46 -46 49 56 -44 -42 54 -53 57 -31 -48 -47 59 60 -54 -59 -52
right_child=14 2 5 7 -6 6 10 -9 -10 -11 11 -13 13 -15 -16 -17 17 -19 19 20 -22 22 -24 24 26 -27 -28 -29 29 40 31 32 -34 36 35 -37 -38 38 -40 -41 42 44 43 -45 45 48 55 -49 -50 -51 61 52 53 -55 -56 -57 -58 58 -60 -61 -62 -63
leaf_value=4.5959804946364377e-05 -4.0149326048112267e-05 0.0038993406959849856 -0.010275824300175452 -0.0022440867032855749 0.023027651909400117 0.011908374010540901 0.0041346824603776143 0.0093916672294855966 -0.0060484301595186652 0.013570190657099541 -0.00085891534028382133 0.013138810483117901 0.00060425021996100749 -0.010424441307344857 0.0063598956214264042 0.0059994383554520282 -0.010206257935351459 -0.013896245628018819 -0.0077427053344392878 0.013580454150535937 -0.0011606810105149635 0.0041258444966472407 -0.01681722093388089 -0.021793593336434033 0.00095115290489047779 0.0056958881020545962 -0.0042989435306561618 0.010337151786312462 -0.0088329697427495073 -0.00061626962341773802 -0.0015035340041063031 -0.0020343883454442282 0.0083573560752883188 -0.0082859583001118151 0.014016104485839606 0.0026285796044042934 0.0019880061376501214 -0.0050703428000869119 -0.0093008045026839806 0.005358909901146295 0.0076528389855341702 -0.0037249505081597498 -0.0031698808937174524 -0.015495666430482792 0.019439605942948961 -0.0065822139382362369 0.011725430302321913 -0.010912495337498303 0.0083334866732669381 0.0073967663895538344 -0.00085490368852189278 -0.00058796214630641276 0.0020343709320715989 0.010072170468800538 0.00086150246889128983 0.0013922425410286949 0.0018158815058139975 0.0013514683484800118 -0.00084933568375870699 0.012458529407158496 0.011169075761877355 0.0020612046221874245
leaf_weight=19170 2763 23 23 39 22 21 30 36 33 22 29 21 24 34 24 29 24 21 27 29 24 27 20 26 30 20 79 25 30 1558 1584 129 41 40 25 53 22 34 29 28 26 34 41 37 43 28 20 26 30 28 315 174 27 34 776 22 34 32 108 20 21 169
leaf_count=19170 2763 23 23 39 22 21 30 36 33 22 29 21 24 34 24 29 24 21 27 29 24 27 20 26 30 20 79 25 30 1558 1584 129 41 40 25 53 22 34 29 28 26 34 41 37 43 28 20 26 30 28 315 174 27 34 776 22 34 32 108 20 21 169
internal_value=-2.24824e-05 6.96839e-05 0.00278619 0.00540468 0.013251 0.000268406 0.00179367 0.00268867 0.00012156 0.00345942 0.000254478 0.00502013 -0.00245328 -0.00586084 -0.000235843 1.97332e-05 1.0788e-05 -0.00303878 -0.000846408 0.00196155 0.00690522 -0.000254429 -0.0047861 -0.000229283 -0.0028076 -0.00984164 -0.000392934 0.00521752 -0.0001733 0.000212949 -0.000474619 -0.00110843 0.000910421 -0.000224613 0.00109798 0.00627843 -0.00464036 3.05791e-05 -0.00320951 -0.000360358 0.000288269 0.000520273 -0.000781772 -0.00590849 0.00522197 0.00694059 0.0129534 -0.00217453 0.00138525 0.00111803 0.000545143 0.000159525 0.00175557 0.00344059 -0.000124945 0.00631281 -0.00197681 0.00235658 0.00115571 0.00647018 0.00524146 0.000163324
internal_weight=28313 19772 357 175 45 182 159 130 94 61 138 50 88 58 8541 19415 19386 125 104 80 53 8517 47 8470 180 46 134 55 8290 3633 4657 1894 310 269 207 78 62 19261 91 62 3603 2961 642 132 211 177 85 95 92 69 510 2750 416 242 2334 42 62 208 161 47 53 484
internal_count=28313 19772 357 175 45 182 159 130 94 61 138 50 88 58 8541 19415 19386 125 104 80 53 8517 47 8470 180 46 134 55 8290 3633 4657 1894 310 269 207 78 62 19261 91 62 3603 2961 642 132 211 177 85 95 92 69 510 2750 416 242 2334 42 62 208 161 47 53 484
is_linear=0
shrinkage=0.05


end of trees

feature_importances:
Column_114=770
Column_100=583
Column_113=466
Column_16=287
Column_94=281
Column_111=256
Column_110=245
Column_104=210
Column_106=199
Column_14=193
Column_8=192
Column_109=192
Column_77=188
Column_61=186
Column_28=171
Column_40=169
Column_54=164
Column_43=163
Column_44=163
Column_46=163
Column_70=159
Column_11=157
Column_48=157
Column_62=155
Column_66=152
Column_65=133
Column_112=131
Column_52=129
Column_101=127
Column_17=122
Column_102=122
Column_103=122
Column_72=117
Column_42=115
Column_49=111
Column_67=111
Column_22=109
Column_63=106
Column_12=103
Column_68=102
Column_107=98
Column_85=97
Column_79=87
Column_18=83
Column_15=82
Column_24=76
Column_55=74
Column_57=72
Column_47=66
Column_51=61
Column_58=58
Column_41=56
Column_91=55
Column_87=54
Column_25=52
Column_108=51
Column_26=50
Column_97=50
Column_73=45
Column_9=44
Column_64=43
Column_19=42
Column_21=41
Column_84=41
Column_76=39
Column_99=38
Column_10=37
Column_56=37
Column_71=37
Column_74=37
Column_69=36
Column_50=33
Column_96=33
Column_82=28
Column_88=28
Column_95=27
Column_59=20
Column_30=19
Column_0=18
Column_1=14
Column_27=14
Column_80=14
Column_93=14
Column_2=13
Column_29=13
Column_92=13
Column_20=11
Column_83=10
Column_89=9
Column_90=9
Column_3=8
Column_31=8
Column_5=7
Column_53=5
Column_81=5
Column_32=4
Column_98=4
Column_6=3
Column_7=3
Column_75=3
Column_105=3
Column_4=2
Column_60=2
Column_34=1
Column_35=1
Column_78=1

parameters:
[boosting: gbdt]
[objective: regression]
[metric: l1]
[tree_learner: serial]
[device_type: cpu]
[data_sample_strategy: bagging]
[data: ]
[valid: ]
[num_iterations: 2000]
[learning_rate: 0.05]
[num_leaves: 63]
[num_threads: 0]
[seed: 0]
[deterministic: 0]
[force_col_wise: 0]
[force_row_wise: 0]
[histogram_pool_size: -1]
[max_depth: -1]
[min_data_in_leaf: 20]
[min_sum_hessian_in_leaf: 0.001]
[bagging_fraction: 0.8]
[pos_bagging_fraction: 1]
[neg_bagging_fraction: 1]
[bagging_freq: 5]
[bagging_seed: 3]
[bagging_by_query: 0]
[feature_fraction: 0.8]
[feature_fraction_bynode: 1]
[feature_fraction_seed: 2]
[extra_trees: 0]
[extra_seed: 6]
[early_stopping_round: 0]
[early_stopping_min_delta: 0]
[first_metric_only: 0]
[max_delta_step: 0]
[lambda_l1: 0]
[lambda_l2: 0]
[linear_lambda: 0]
[min_gain_to_split: 0]
[drop_rate: 0.1]
[max_drop: 50]
[skip_drop: 0.5]
[xgboost_dart_mode: 0]
[uniform_drop: 0]
[drop_seed: 4]
[top_rate: 0.2]
[other_rate: 0.1]
[min_data_per_group: 100]
[max_cat_threshold: 32]
[cat_l2: 10]
[cat_smooth: 10]
[max_cat_to_onehot: 4]
[top_k: 20]
[monotone_constraints: ]
[monotone_constraints_method: basic]
[monotone_penalty: 0]
[feature_contri: ]
[forcedsplits_filename: ]
[refit_decay_rate: 0.9]
[cegb_tradeoff: 1]
[cegb_penalty_split: 0]
[cegb_penalty_feature_lazy: ]
[cegb_penalty_feature_coupled: ]
[path_smooth: 0]
[interaction_constraints: ]
[verbosity: -1]
[saved_feature_importance_type: 0]
[use_quantized_grad: 0]
[num_grad_quant_bins: 4]
[quant_train_renew_leaf: 0]
[stochastic_rounding: 1]
[linear_tree: 0]
[max_bin: 255]
[max_bin_by_feature: ]
[min_data_in_bin: 3]
[bin_construct_sample_cnt: 200000]
[data_random_seed: 1]
[is_enable_sparse: 1]
[enable_bundle: 1]
[use_missing: 1]
[zero_as_missing: 0]
[feature_pre_filter: 1]
[pre_partition: 0]
[two_round: 0]
[header: 0]
[label_column: ]
[weight_column: ]
[group_column: ]
[ignore_column: ]
[categorical_feature: ]
[forcedbins_filename: ]
[precise_float_parser: 0]
[parser_config_file: ]
[objective_seed: 5]
[num_class: 1]
[is_unbalance: 0]
[scale_pos_weight: 1]
[sigmoid: 1]
[boost_from_average: 1]
[reg_sqrt: 0]
[alpha: 0.9]
[fair_c: 1]
[poisson_max_delta_step: 0.7]
[tweedie_variance_power: 1.5]
[lambdarank_truncation_level: 30]
[lambdarank_norm: 1]
[label_gain: ]
[lambdarank_position_bias_regularization: 0]
[eval_at: ]
[multi_error_top_k: 1]
[auc_mu_weights: ]
[num_machines: 1]
[local_listen_port: 12400]
[time_out: 120]
[machine_list_filename: ]
[machines: ]
[gpu_platform_id: -1]
[gpu_device_id: -1]
[gpu_use_dp: 0]
[num_gpu: 1]

end of parameters

pandas_categorical:null
